[17:10:36] run_dir=EXPERIMENTSRESULT\REVISION_5090\SUPP_ABLATION\SCHED_fixednarrow_ACR\seed31415
[17:10:36] device=cuda
[17:10:36] backbone=vit_large_patch16_dinov3.lvd1689m
[17:10:36] env: manifest_dir=G:\zhanghe\Letter journal\tasks\known_people_unknown_freq\manifest dataset_root=G:\zhanghe\Letter journal use_dann=False selection=source_val_acc_ema adapter_mode=lora
[17:10:36] set_seed(31415)
[17:10:37] [fast_gpu] source cache 644 imgs (0.39GB) on cuda
[17:10:37] train_source=644 train_src_rows=10:302 24:342 source_steps/epoch=40 val_all=162 heldout77_unused=140 test77_final=278
[17:10:37] [test77_split] seed=42 dev_per_class=20
[17:10:45] trainable params=2444546 (encoder_lora+neck+head + miro_proj+v15_falsification+v13_residual_split+v13_grl_carrier_adv)
[17:10:45] logit_prior=[-1.9678890705108643, -1.913821816444397, -1.8427258729934692, -1.9678890705108643, -2.0133514404296875, -1.8929877281188965, -2.036881923675537]
[17:10:45] use_dann=False
[17:10:45] use_das=True
[17:10:45] das_mode=fixed_narrow initial_stage={'name': 'fixed_narrow', 'p': 1.0, 'f_low': 10.0, 'f_high': 30.0}
[17:10:45] aug_flags: USE_HFT=True USE_SPEC_AUGMENT=True
[17:10:45] adapter_mode=lora
[17:10:45] schedule: epochs=100 steps/epoch=40 imgs/step=16 total_steps=4000 total_imgs=64000 warmup_steps=120
[17:10:45] source_qualified_policy: val_acc_ema>=0.00 candidates are recorded; best candidate by 77GHz F1 is saved as diagnostic
[17:10:45] [pool] init threshold=0.90 period=10 selection=dev77_f1
[17:10:45] [train] epoch 1/100 steps=40 use_dann=0 das=fixed_narrow f=[10.0,30.0] p=1.00 gpu=3.0/3.0GB
[17:10:46] [train] ep=01 step=001/40 ce=7.9152 sc=3.0890 mi=1.0248 dn=0.0000 v13=0.0268 grl=2.4690 v15=0.0000 v15r=0.0000 v16=0.0000 v17=0.0000 v18=0.0000 acc=0.1875 lr=2.50e-06 lambda=0.000 grl_lambda=0.000 v18_lambda=0.000 gpu=3.0/11.8GB
[17:10:48] [train] ep=01 step=010/40 ce=7.9356 sc=2.7774 mi=1.0129 dn=0.0000 v13=0.0095 grl=2.3525 v15=0.0000 v15r=0.0000 v16=0.0000 v17=0.0000 v18=0.0000 acc=0.1562 lr=2.50e-05 lambda=0.000 grl_lambda=0.011 v18_lambda=0.000 gpu=3.0/11.8GB
[17:10:50] [train] ep=01 step=020/40 ce=7.8533 sc=2.7898 mi=0.9622 dn=0.0000 v13=0.0090 grl=2.1955 v15=0.0000 v15r=0.0000 v16=0.0000 v17=0.0000 v18=0.0000 acc=0.1594 lr=5.00e-05 lambda=0.000 grl_lambda=0.024 v18_lambda=0.000 gpu=3.0/11.8GB
[17:10:52] [train] ep=01 step=030/40 ce=7.8107 sc=2.8001 mi=0.8910 dn=0.0000 v13=0.0077 grl=1.9989 v15=0.0000 v15r=0.0000 v16=0.0000 v17=0.0000 v18=0.0000 acc=0.1688 lr=7.50e-05 lambda=0.000 grl_lambda=0.036 v18_lambda=0.000 gpu=3.0/11.8GB
[17:10:54] [train] ep=01 step=040/40 ce=7.7325 sc=2.7857 mi=0.8065 dn=0.0000 v13=0.0066 grl=1.7395 v15=0.0000 v15r=0.0000 v16=0.0000 v17=0.0000 v18=0.0000 acc=0.1875 lr=1.00e-04 lambda=0.000 grl_lambda=0.049 v18_lambda=0.000 gpu=3.0/11.8GB
[17:10:55] [ep_summary] ep=01/100 val_live=0.1481/0.0373 val_ema=0.0000/0.0000 test77_live=0.1978/0.0944 test77_diag_ema=0.0000/0.0000 v13=0.0066 grl=1.7395 v15=0.0000 v15r=0.0000 v16=0.0000 v17=0.0000 v18=0.0000 das=fixed_narrow[10,30] p=1.00 ep_time=9.9s
[17:10:55] [train] epoch 2/100 steps=40 use_dann=0 das=fixed_narrow f=[10.0,30.0] p=1.00 gpu=3.0/15.8GB
[17:10:55] [train] ep=02 step=001/40 ce=7.7147 sc=2.8991 mi=0.4656 dn=0.0000 v13=0.0031 grl=0.4963 v15=0.0000 v15r=0.0000 v16=0.0000 v17=0.0000 v18=0.0000 acc=0.1875 lr=1.02e-04 lambda=0.000 grl_lambda=0.050 v18_lambda=0.000 gpu=3.0/15.8GB
[17:10:57] [train] ep=02 step=010/40 ce=7.4723 sc=2.7709 mi=0.3850 dn=0.0000 v13=0.0025 grl=0.2251 v15=0.0000 v15r=0.0000 v16=0.0000 v17=0.0000 v18=0.0000 acc=0.2625 lr=1.25e-04 lambda=0.000 grl_lambda=0.061 v18_lambda=0.000 gpu=3.0/15.8GB
[17:10:59] [train] ep=02 step=020/40 ce=7.3808 sc=2.7455 mi=0.3313 dn=0.0000 v13=0.0021 grl=0.1968 v15=0.0000 v15r=0.0000 v16=0.0000 v17=0.0000 v18=0.0000 acc=0.2781 lr=1.50e-04 lambda=0.000 grl_lambda=0.074 v18_lambda=0.000 gpu=3.0/15.8GB
[17:11:01] [train] ep=02 step=030/40 ce=7.2918 sc=2.7408 mi=0.2907 dn=0.0000 v13=0.0021 grl=0.1706 v15=0.0000 v15r=0.0000 v16=0.0000 v17=0.0000 v18=0.0000 acc=0.2917 lr=1.75e-04 lambda=0.000 grl_lambda=0.086 v18_lambda=0.000 gpu=3.0/15.8GB
[17:11:03] [train] ep=02 step=040/40 ce=7.1593 sc=2.7114 mi=0.2636 dn=0.0000 v13=0.0020 grl=0.1577 v15=0.0000 v15r=0.0000 v16=0.0000 v17=0.0000 v18=0.0000 acc=0.3250 lr=2.00e-04 lambda=0.000 grl_lambda=0.098 v18_lambda=0.000 gpu=3.0/15.8GB
[17:11:04] [ep_summary] ep=02/100 val_live=0.5370/0.4872 val_ema=0.0000/0.0000 test77_live=0.3129/0.2231 test77_diag_ema=0.0000/0.0000 v13=0.0020 grl=0.1577 v15=0.0000 v15r=0.0000 v16=0.0000 v17=0.0000 v18=0.0000 das=fixed_narrow[10,30] p=1.00 ep_time=9.3s
[17:11:04] [train] epoch 3/100 steps=40 use_dann=0 das=fixed_narrow f=[10.0,30.0] p=1.00 gpu=3.0/15.8GB
[17:11:05] [train] ep=03 step=001/40 ce=5.7442 sc=2.6631 mi=0.2060 dn=0.0000 v13=0.0020 grl=0.2226 v15=0.0000 v15r=0.0000 v16=0.0000 v17=0.0000 v18=0.0000 acc=0.6250 lr=2.02e-04 lambda=0.000 grl_lambda=0.100 v18_lambda=0.000 gpu=3.0/15.8GB
[17:11:06] [train] ep=03 step=010/40 ce=6.0813 sc=2.4499 mi=0.1888 dn=0.0000 v13=0.0015 grl=0.1472 v15=0.0000 v15r=0.0000 v16=0.0000 v17=0.0000 v18=0.0000 acc=0.4875 lr=2.25e-04 lambda=0.000 grl_lambda=0.111 v18_lambda=0.000 gpu=3.0/15.8GB
[17:11:08] [train] ep=03 step=020/40 ce=5.8318 sc=2.3761 mi=0.1785 dn=0.0000 v13=0.0017 grl=0.1260 v15=0.0000 v15r=0.0000 v16=0.0000 v17=0.0000 v18=0.0000 acc=0.5156 lr=2.50e-04 lambda=0.000 grl_lambda=0.123 v18_lambda=0.000 gpu=3.0/15.8GB
[17:11:11] [train] ep=03 step=030/40 ce=5.2072 sc=2.2457 mi=0.1818 dn=0.0000 v13=0.0017 grl=0.1327 v15=0.0000 v15r=0.0000 v16=0.0000 v17=0.0000 v18=0.0000 acc=0.5917 lr=2.75e-04 lambda=0.000 grl_lambda=0.135 v18_lambda=0.000 gpu=3.0/15.8GB
[17:11:13] [train] ep=03 step=040/40 ce=4.9563 sc=2.2053 mi=0.1845 dn=0.0000 v13=0.0018 grl=0.1411 v15=0.0000 v15r=0.0000 v16=0.0000 v17=0.0000 v18=0.0000 acc=0.6203 lr=3.00e-04 lambda=0.000 grl_lambda=0.148 v18_lambda=0.000 gpu=3.0/15.8GB
[17:11:14] [ep_summary] ep=03/100 val_live=0.7037/0.6547 val_ema=0.0000/0.0000 test77_live=0.5576/0.4809 test77_diag_ema=0.0000/0.0000 v13=0.0018 grl=0.1411 v15=0.0000 v15r=0.0000 v16=0.0000 v17=0.0000 v18=0.0000 das=fixed_narrow[10,30] p=1.00 ep_time=9.9s
[17:11:14] [train] epoch 4/100 steps=40 use_dann=0 das=fixed_narrow f=[10.0,30.0] p=1.00 gpu=3.0/15.8GB
[17:11:14] [train] ep=04 step=001/40 ce=4.3762 sc=1.3604 mi=0.1918 dn=0.0000 v13=0.0009 grl=0.1992 v15=0.0000 v15r=0.0000 v16=0.0000 v17=0.0000 v18=0.0000 acc=0.7500 lr=3.00e-04 lambda=0.000 grl_lambda=0.149 v18_lambda=0.000 gpu=3.0/15.8GB
[17:11:16] [train] ep=04 step=010/40 ce=4.2559 sc=1.9099 mi=0.1687 dn=0.0000 v13=0.0017 grl=0.1486 v15=0.0000 v15r=0.0000 v16=0.0000 v17=0.0000 v18=0.0000 acc=0.7125 lr=3.00e-04 lambda=0.000 grl_lambda=0.160 v18_lambda=0.000 gpu=3.0/15.8GB
[17:11:18] [train] ep=04 step=020/40 ce=3.7127 sc=1.6557 mi=0.1612 dn=0.0000 v13=0.0014 grl=0.1496 v15=0.0000 v15r=0.0000 v16=0.0000 v17=0.0000 v18=0.0000 acc=0.7469 lr=3.00e-04 lambda=0.000 grl_lambda=0.172 v18_lambda=0.000 gpu=3.0/15.8GB
[17:11:20] [train] ep=04 step=030/40 ce=3.6636 sc=1.6496 mi=0.1481 dn=0.0000 v13=0.0013 grl=0.1362 v15=0.0000 v15r=0.0000 v16=0.0000 v17=0.0000 v18=0.0000 acc=0.7479 lr=3.00e-04 lambda=0.000 grl_lambda=0.184 v18_lambda=0.000 gpu=3.0/15.8GB
[17:11:22] [train] ep=04 step=040/40 ce=3.5367 sc=1.6408 mi=0.1374 dn=0.0000 v13=0.0013 grl=0.1364 v15=0.0000 v15r=0.0000 v16=0.0000 v17=0.0000 v18=0.0000 acc=0.7547 lr=3.00e-04 lambda=0.000 grl_lambda=0.196 v18_lambda=0.000 gpu=3.0/15.8GB
[17:11:24] [ep_summary] ep=04/100 val_live=0.7963/0.7468 val_ema=0.0000/0.0000 test77_live=0.5540/0.4428 test77_diag_ema=0.0000/0.0000 v13=0.0013 grl=0.1364 v15=0.0000 v15r=0.0000 v16=0.0000 v17=0.0000 v18=0.0000 das=fixed_narrow[10,30] p=1.00 ep_time=9.4s
[17:11:24] [train] epoch 5/100 steps=40 use_dann=0 das=fixed_narrow f=[10.0,30.0] p=1.00 gpu=3.0/15.8GB
[17:11:24] [train] ep=05 step=001/40 ce=2.9041 sc=1.6930 mi=0.1089 dn=0.0000 v13=0.0013 grl=0.2162 v15=0.0000 v15r=0.0000 v16=0.0000 v17=0.0000 v18=0.0000 acc=0.8125 lr=3.00e-04 lambda=0.000 grl_lambda=0.197 v18_lambda=0.000 gpu=3.0/15.8GB
[17:11:25] [train] ep=05 step=010/40 ce=3.2384 sc=1.6163 mi=0.1027 dn=0.0000 v13=0.0010 grl=0.1114 v15=0.0000 v15r=0.0000 v16=0.0000 v17=0.0000 v18=0.0000 acc=0.7812 lr=3.00e-04 lambda=0.000 grl_lambda=0.208 v18_lambda=0.000 gpu=3.0/15.8GB
[17:11:27] [train] ep=05 step=020/40 ce=3.0611 sc=1.5448 mi=0.0974 dn=0.0000 v13=0.0010 grl=0.1004 v15=0.0000 v15r=0.0000 v16=0.0000 v17=0.0000 v18=0.0000 acc=0.7937 lr=3.00e-04 lambda=0.000 grl_lambda=0.220 v18_lambda=0.000 gpu=3.0/15.8GB
[17:11:29] [train] ep=05 step=030/40 ce=3.0382 sc=1.5019 mi=0.0947 dn=0.0000 v13=0.0010 grl=0.1002 v15=0.0000 v15r=0.0000 v16=0.0000 v17=0.0000 v18=0.0000 acc=0.7937 lr=3.00e-04 lambda=0.000 grl_lambda=0.232 v18_lambda=0.000 gpu=3.0/15.8GB
[17:11:31] [train] ep=05 step=040/40 ce=2.9679 sc=1.5147 mi=0.0924 dn=0.0000 v13=0.0011 grl=0.0985 v15=0.0000 v15r=0.0000 v16=0.0000 v17=0.0000 v18=0.0000 acc=0.7984 lr=3.00e-04 lambda=0.000 grl_lambda=0.244 v18_lambda=0.000 gpu=3.0/15.8GB
[17:11:34] [ep_summary] ep=05/100 val_live=0.8704/0.8779 val_ema=0.1296/0.0377 test77_live=0.5863/0.5204 test77_diag_ema=0.1619/0.0776 v13=0.0011 grl=0.0985 v15=0.0000 v15r=0.0000 v16=0.0000 v17=0.0000 v18=0.0000 das=fixed_narrow[10,30] p=1.00 ep_time=10.4s
[17:11:34] [save] best_sourceval_ema val_acc_ema=0.1296 source_val_live=0.8704/0.8779 source_val_ema=0.1296/0.0377 ep=5
[17:11:34] [save] best_sourcequalified77_ema ep=5 source_val_live=0.8704/0.8779 source_val_ema=0.1296/0.0377 test77_ema=0.1619/0.0776
[17:11:34] [train] epoch 6/100 steps=40 use_dann=0 das=fixed_narrow f=[10.0,30.0] p=1.00 gpu=3.0/15.8GB
[17:11:34] [train] ep=06 step=001/40 ce=2.0464 sc=1.1596 mi=0.0949 dn=0.0000 v13=0.0009 grl=0.0781 v15=0.0000 v15r=0.0000 v16=0.0000 v17=0.0000 v18=0.0000 acc=0.8750 lr=3.00e-04 lambda=0.000 grl_lambda=0.245 v18_lambda=0.000 gpu=3.0/15.8GB
[17:11:36] [train] ep=06 step=010/40 ce=2.4674 sc=1.4194 mi=0.0859 dn=0.0000 v13=0.0012 grl=0.1260 v15=0.0000 v15r=0.0000 v16=0.0000 v17=0.0000 v18=0.0000 acc=0.8750 lr=3.00e-04 lambda=0.000 grl_lambda=0.255 v18_lambda=0.000 gpu=3.0/15.8GB
[17:11:38] [train] ep=06 step=020/40 ce=2.4776 sc=1.3902 mi=0.0834 dn=0.0000 v13=0.0011 grl=0.1138 v15=0.0000 v15r=0.0000 v16=0.0000 v17=0.0000 v18=0.0000 acc=0.8406 lr=3.00e-04 lambda=0.000 grl_lambda=0.267 v18_lambda=0.000 gpu=3.0/15.8GB
[17:11:41] [train] ep=06 step=030/40 ce=2.5347 sc=1.4934 mi=0.0811 dn=0.0000 v13=0.0009 grl=0.1015 v15=0.0000 v15r=0.0000 v16=0.0000 v17=0.0000 v18=0.0000 acc=0.8313 lr=2.99e-04 lambda=0.000 grl_lambda=0.279 v18_lambda=0.000 gpu=3.0/15.8GB
[17:11:43] [train] ep=06 step=040/40 ce=2.4011 sc=1.4328 mi=0.0793 dn=0.0000 v13=0.0009 grl=0.0961 v15=0.0000 v15r=0.0000 v16=0.0000 v17=0.0000 v18=0.0000 acc=0.8438 lr=2.99e-04 lambda=0.000 grl_lambda=0.290 v18_lambda=0.000 gpu=3.0/15.8GB
[17:11:46] [ep_summary] ep=06/100 val_live=0.9012/0.9002 val_ema=0.1605/0.0750 test77_live=0.6942/0.5941 test77_diag_ema=0.1655/0.0728 v13=0.0009 grl=0.0961 v15=0.0000 v15r=0.0000 v16=0.0000 v17=0.0000 v18=0.0000 das=fixed_narrow[10,30] p=1.00 ep_time=11.6s
[17:11:46] [save] best_sourceval_ema val_acc_ema=0.1605 source_val_live=0.9012/0.9002 source_val_ema=0.1605/0.0750 ep=6
[17:11:46] [train] epoch 7/100 steps=40 use_dann=0 das=fixed_narrow f=[10.0,30.0] p=1.00 gpu=3.0/15.8GB
[17:11:46] [train] ep=07 step=001/40 ce=1.3015 sc=1.2637 mi=0.0789 dn=0.0000 v13=0.0007 grl=0.0792 v15=0.0000 v15r=0.0000 v16=0.0000 v17=0.0000 v18=0.0000 acc=0.9375 lr=2.99e-04 lambda=0.000 grl_lambda=0.291 v18_lambda=0.000 gpu=3.0/15.8GB
[17:11:48] [train] ep=07 step=010/40 ce=1.5039 sc=1.1614 mi=0.0756 dn=0.0000 v13=0.0009 grl=0.0968 v15=0.0000 v15r=0.0000 v16=0.0000 v17=0.0000 v18=0.0000 acc=0.9437 lr=2.99e-04 lambda=0.000 grl_lambda=0.302 v18_lambda=0.000 gpu=3.0/15.8GB
[17:11:50] [train] ep=07 step=020/40 ce=1.7498 sc=1.1750 mi=0.0771 dn=0.0000 v13=0.0008 grl=0.0939 v15=0.0000 v15r=0.0000 v16=0.0000 v17=0.0000 v18=0.0000 acc=0.9250 lr=2.99e-04 lambda=0.000 grl_lambda=0.313 v18_lambda=0.000 gpu=3.0/15.8GB
[17:11:52] [train] ep=07 step=030/40 ce=1.6675 sc=1.1217 mi=0.0789 dn=0.0000 v13=0.0009 grl=0.0945 v15=0.0000 v15r=0.0000 v16=0.0000 v17=0.0000 v18=0.0000 acc=0.9250 lr=2.99e-04 lambda=0.000 grl_lambda=0.324 v18_lambda=0.000 gpu=3.0/15.8GB
[17:11:54] [train] ep=07 step=040/40 ce=1.7228 sc=1.1396 mi=0.0800 dn=0.0000 v13=0.0009 grl=0.0956 v15=0.0000 v15r=0.0000 v16=0.0000 v17=0.0000 v18=0.0000 acc=0.9141 lr=2.99e-04 lambda=0.000 grl_lambda=0.335 v18_lambda=0.000 gpu=3.0/15.8GB
[17:11:57] [ep_summary] ep=07/100 val_live=0.9198/0.9211 val_ema=0.1914/0.1055 test77_live=0.6906/0.5901 test77_diag_ema=0.1619/0.0663 v13=0.0009 grl=0.0956 v15=0.0000 v15r=0.0000 v16=0.0000 v17=0.0000 v18=0.0000 das=fixed_narrow[10,30] p=1.00 ep_time=11.3s
[17:11:57] [save] best_sourceval_ema val_acc_ema=0.1914 source_val_live=0.9198/0.9211 source_val_ema=0.1914/0.1055 ep=7
[17:11:57] [train] epoch 8/100 steps=40 use_dann=0 das=fixed_narrow f=[10.0,30.0] p=1.00 gpu=3.0/15.8GB
[17:11:57] [train] ep=08 step=001/40 ce=1.9930 sc=1.3162 mi=0.0741 dn=0.0000 v13=0.0008 grl=0.0642 v15=0.0000 v15r=0.0000 v16=0.0000 v17=0.0000 v18=0.0000 acc=0.8750 lr=2.99e-04 lambda=0.000 grl_lambda=0.336 v18_lambda=0.000 gpu=3.0/15.8GB
[17:11:59] [train] ep=08 step=010/40 ce=1.5452 sc=1.1690 mi=0.0816 dn=0.0000 v13=0.0009 grl=0.0932 v15=0.0000 v15r=0.0000 v16=0.0000 v17=0.0000 v18=0.0000 acc=0.9000 lr=2.99e-04 lambda=0.000 grl_lambda=0.346 v18_lambda=0.000 gpu=3.0/15.8GB
[17:12:01] [train] ep=08 step=020/40 ce=1.5937 sc=1.1937 mi=0.0825 dn=0.0000 v13=0.0010 grl=0.0930 v15=0.0000 v15r=0.0000 v16=0.0000 v17=0.0000 v18=0.0000 acc=0.9062 lr=2.98e-04 lambda=0.000 grl_lambda=0.357 v18_lambda=0.000 gpu=3.0/15.8GB
[17:12:03] [train] ep=08 step=030/40 ce=1.6636 sc=1.1992 mi=0.0795 dn=0.0000 v13=0.0009 grl=0.0919 v15=0.0000 v15r=0.0000 v16=0.0000 v17=0.0000 v18=0.0000 acc=0.8958 lr=2.98e-04 lambda=0.000 grl_lambda=0.368 v18_lambda=0.000 gpu=3.0/15.8GB
[17:12:06] [train] ep=08 step=040/40 ce=1.6603 sc=1.2141 mi=0.0775 dn=0.0000 v13=0.0008 grl=0.0885 v15=0.0000 v15r=0.0000 v16=0.0000 v17=0.0000 v18=0.0000 acc=0.8984 lr=2.98e-04 lambda=0.000 grl_lambda=0.379 v18_lambda=0.000 gpu=3.0/15.8GB
[17:12:09] [ep_summary] ep=08/100 val_live=0.9074/0.9071 val_ema=0.2160/0.1288 test77_live=0.6511/0.5908 test77_diag_ema=0.1547/0.0600 v13=0.0008 grl=0.0885 v15=0.0000 v15r=0.0000 v16=0.0000 v17=0.0000 v18=0.0000 das=fixed_narrow[10,30] p=1.00 ep_time=11.5s
[17:12:09] [save] best_sourceval_ema val_acc_ema=0.2160 source_val_live=0.9074/0.9071 source_val_ema=0.2160/0.1288 ep=8
[17:12:09] [train] epoch 9/100 steps=40 use_dann=0 das=fixed_narrow f=[10.0,30.0] p=1.00 gpu=3.0/15.8GB
[17:12:09] [train] ep=09 step=001/40 ce=0.9777 sc=1.1738 mi=0.0892 dn=0.0000 v13=0.0008 grl=0.0581 v15=0.0000 v15r=0.0000 v16=0.0000 v17=0.0000 v18=0.0000 acc=0.9375 lr=2.98e-04 lambda=0.000 grl_lambda=0.380 v18_lambda=0.000 gpu=3.0/15.8GB
[17:12:11] [train] ep=09 step=010/40 ce=1.1312 sc=1.2763 mi=0.0753 dn=0.0000 v13=0.0009 grl=0.1019 v15=0.0000 v15r=0.0000 v16=0.0000 v17=0.0000 v18=0.0000 acc=0.9375 lr=2.98e-04 lambda=0.000 grl_lambda=0.390 v18_lambda=0.000 gpu=3.0/15.8GB
[17:12:13] [train] ep=09 step=020/40 ce=1.0944 sc=1.1606 mi=0.0723 dn=0.0000 v13=0.0009 grl=0.0842 v15=0.0000 v15r=0.0000 v16=0.0000 v17=0.0000 v18=0.0000 acc=0.9437 lr=2.98e-04 lambda=0.000 grl_lambda=0.400 v18_lambda=0.000 gpu=3.0/15.8GB
[17:12:15] [train] ep=09 step=030/40 ce=1.1132 sc=1.0930 mi=0.0721 dn=0.0000 v13=0.0009 grl=0.0848 v15=0.0000 v15r=0.0000 v16=0.0000 v17=0.0000 v18=0.0000 acc=0.9479 lr=2.97e-04 lambda=0.000 grl_lambda=0.411 v18_lambda=0.000 gpu=3.0/15.8GB
[17:12:17] [train] ep=09 step=040/40 ce=1.0403 sc=1.0792 mi=0.0716 dn=0.0000 v13=0.0009 grl=0.0857 v15=0.0000 v15r=0.0000 v16=0.0000 v17=0.0000 v18=0.0000 acc=0.9531 lr=2.97e-04 lambda=0.000 grl_lambda=0.421 v18_lambda=0.000 gpu=3.0/15.8GB
[17:12:20] [ep_summary] ep=09/100 val_live=0.9506/0.9517 val_ema=0.2222/0.1303 test77_live=0.7806/0.7319 test77_diag_ema=0.1475/0.0474 v13=0.0009 grl=0.0857 v15=0.0000 v15r=0.0000 v16=0.0000 v17=0.0000 v18=0.0000 das=fixed_narrow[10,30] p=1.00 ep_time=11.4s
[17:12:20] [save] best_sourceval_ema val_acc_ema=0.2222 source_val_live=0.9506/0.9517 source_val_ema=0.2222/0.1303 ep=9
[17:12:20] [train] epoch 10/100 steps=40 use_dann=0 das=fixed_narrow f=[10.0,30.0] p=1.00 gpu=3.0/15.8GB
[17:12:20] [train] ep=10 step=001/40 ce=1.0629 sc=0.7437 mi=0.0665 dn=0.0000 v13=0.0007 grl=0.0735 v15=0.0000 v15r=0.0000 v16=0.0000 v17=0.0000 v18=0.0000 acc=0.9375 lr=2.97e-04 lambda=0.000 grl_lambda=0.422 v18_lambda=0.000 gpu=3.0/15.8GB
[17:12:22] [train] ep=10 step=010/40 ce=1.0274 sc=1.1011 mi=0.0732 dn=0.0000 v13=0.0009 grl=0.0750 v15=0.0000 v15r=0.0000 v16=0.0000 v17=0.0000 v18=0.0000 acc=0.9563 lr=2.97e-04 lambda=0.000 grl_lambda=0.431 v18_lambda=0.000 gpu=3.0/15.8GB
[17:12:24] [train] ep=10 step=020/40 ce=1.0963 sc=1.1665 mi=0.0728 dn=0.0000 v13=0.0009 grl=0.0826 v15=0.0000 v15r=0.0000 v16=0.0000 v17=0.0000 v18=0.0000 acc=0.9469 lr=2.97e-04 lambda=0.000 grl_lambda=0.441 v18_lambda=0.000 gpu=3.0/15.8GB
[17:12:26] [train] ep=10 step=030/40 ce=1.2000 sc=1.1553 mi=0.0730 dn=0.0000 v13=0.0009 grl=0.0839 v15=0.0000 v15r=0.0000 v16=0.0000 v17=0.0000 v18=0.0000 acc=0.9437 lr=2.96e-04 lambda=0.000 grl_lambda=0.451 v18_lambda=0.000 gpu=3.0/15.8GB
[17:12:27] [train] ep=10 step=040/40 ce=1.1110 sc=1.1110 mi=0.0718 dn=0.0000 v13=0.0009 grl=0.0845 v15=0.0000 v15r=0.0000 v16=0.0000 v17=0.0000 v18=0.0000 acc=0.9516 lr=2.96e-04 lambda=0.000 grl_lambda=0.461 v18_lambda=0.000 gpu=3.0/15.8GB
[17:12:30] [pool] check ep=010/100 source_val_acc_ema=0.2593 threshold=0.90
[17:12:30] [pool] ep=010 SKIP (source_val_acc_ema=0.2593 < 0.90)
[17:12:30] [ep_summary] ep=10/100 val_live=0.9259/0.9248 val_ema=0.2593/0.1742 test77_live=0.7950/0.7624 test77_diag_ema=0.1403/0.0391 v13=0.0009 grl=0.0845 v15=0.0000 v15r=0.0000 v16=0.0000 v17=0.0000 v18=0.0000 das=fixed_narrow[10,30] p=1.00 ep_time=10.2s
[17:12:30] [save] best_sourceval_ema val_acc_ema=0.2593 source_val_live=0.9259/0.9248 source_val_ema=0.2593/0.1742 ep=10
[17:12:30] [strict77_monitor] ep=10 best_source_epoch=10 source_val_ema=0.2593/0.1742 test77_ema_diag=0.1403/0.0391 sourcequalified_count=10 best_sourcequalified77_epoch=5 source_val_ema=0.1296/0.0377 test77_ema=0.1619/0.0776
[17:12:30] [train] epoch 11/100 steps=40 use_dann=0 das=fixed_narrow f=[10.0,30.0] p=1.00 gpu=3.0/15.8GB
[17:12:31] [train] ep=11 step=001/40 ce=0.9569 sc=0.7622 mi=0.0594 dn=0.0000 v13=0.0010 grl=0.1127 v15=0.0000 v15r=0.0000 v16=0.0000 v17=0.0000 v18=0.0000 acc=0.9375 lr=2.96e-04 lambda=0.000 grl_lambda=0.462 v18_lambda=0.000 gpu=3.0/15.8GB
[17:12:32] [train] ep=11 step=010/40 ce=1.0213 sc=0.9765 mi=0.0684 dn=0.0000 v13=0.0009 grl=0.0880 v15=0.0000 v15r=0.0000 v16=0.0000 v17=0.0000 v18=0.0000 acc=0.9563 lr=2.96e-04 lambda=0.000 grl_lambda=0.471 v18_lambda=0.000 gpu=3.0/15.8GB
[17:12:34] [train] ep=11 step=020/40 ce=0.8833 sc=0.9700 mi=0.0669 dn=0.0000 v13=0.0008 grl=0.0826 v15=0.0000 v15r=0.0000 v16=0.0000 v17=0.0000 v18=0.0000 acc=0.9656 lr=2.96e-04 lambda=0.000 grl_lambda=0.481 v18_lambda=0.000 gpu=3.0/15.8GB
[17:12:36] [train] ep=11 step=030/40 ce=0.8463 sc=0.9593 mi=0.0656 dn=0.0000 v13=0.0008 grl=0.0889 v15=0.0000 v15r=0.0000 v16=0.0000 v17=0.0000 v18=0.0000 acc=0.9667 lr=2.95e-04 lambda=0.000 grl_lambda=0.490 v18_lambda=0.000 gpu=3.0/15.8GB
[17:12:38] [train] ep=11 step=040/40 ce=0.8938 sc=0.9824 mi=0.0662 dn=0.0000 v13=0.0007 grl=0.0850 v15=0.0000 v15r=0.0000 v16=0.0000 v17=0.0000 v18=0.0000 acc=0.9625 lr=2.95e-04 lambda=0.000 grl_lambda=0.500 v18_lambda=0.000 gpu=3.0/15.8GB
[17:12:41] [ep_summary] ep=11/100 val_live=0.9198/0.9210 val_ema=0.2963/0.2240 test77_live=0.7482/0.6930 test77_diag_ema=0.1403/0.0383 v13=0.0007 grl=0.0850 v15=0.0000 v15r=0.0000 v16=0.0000 v17=0.0000 v18=0.0000 das=fixed_narrow[10,30] p=1.00 ep_time=10.3s
[17:12:41] [save] best_sourceval_ema val_acc_ema=0.2963 source_val_live=0.9198/0.9210 source_val_ema=0.2963/0.2240 ep=11
[17:12:41] [train] epoch 12/100 steps=40 use_dann=0 das=fixed_narrow f=[10.0,30.0] p=1.00 gpu=3.0/15.8GB
[17:12:41] [train] ep=12 step=001/40 ce=0.5031 sc=0.7831 mi=0.0561 dn=0.0000 v13=0.0009 grl=0.0856 v15=0.0000 v15r=0.0000 v16=0.0000 v17=0.0000 v18=0.0000 acc=1.0000 lr=2.95e-04 lambda=0.000 grl_lambda=0.501 v18_lambda=0.000 gpu=3.0/15.8GB
[17:12:43] [train] ep=12 step=010/40 ce=0.6487 sc=0.8994 mi=0.0674 dn=0.0000 v13=0.0006 grl=0.0708 v15=0.0000 v15r=0.0000 v16=0.0000 v17=0.0000 v18=0.0000 acc=0.9812 lr=2.95e-04 lambda=0.000 grl_lambda=0.509 v18_lambda=0.000 gpu=3.0/15.8GB
[17:12:44] [train] ep=12 step=020/40 ce=0.7139 sc=0.9286 mi=0.0661 dn=0.0000 v13=0.0007 grl=0.0745 v15=0.0000 v15r=0.0000 v16=0.0000 v17=0.0000 v18=0.0000 acc=0.9688 lr=2.94e-04 lambda=0.000 grl_lambda=0.518 v18_lambda=0.000 gpu=3.0/15.8GB
[17:12:46] [train] ep=12 step=030/40 ce=0.7406 sc=0.9549 mi=0.0669 dn=0.0000 v13=0.0007 grl=0.0720 v15=0.0000 v15r=0.0000 v16=0.0000 v17=0.0000 v18=0.0000 acc=0.9667 lr=2.94e-04 lambda=0.000 grl_lambda=0.527 v18_lambda=0.000 gpu=3.0/15.8GB
[17:12:48] [train] ep=12 step=040/40 ce=0.8350 sc=0.9878 mi=0.0663 dn=0.0000 v13=0.0007 grl=0.0760 v15=0.0000 v15r=0.0000 v16=0.0000 v17=0.0000 v18=0.0000 acc=0.9641 lr=2.94e-04 lambda=0.000 grl_lambda=0.536 v18_lambda=0.000 gpu=3.0/15.8GB
[17:12:51] [ep_summary] ep=12/100 val_live=0.9506/0.9509 val_ema=0.3333/0.2525 test77_live=0.7662/0.7107 test77_diag_ema=0.1403/0.0364 v13=0.0007 grl=0.0760 v15=0.0000 v15r=0.0000 v16=0.0000 v17=0.0000 v18=0.0000 das=fixed_narrow[10,30] p=1.00 ep_time=10.1s
[17:12:51] [save] best_sourceval_ema val_acc_ema=0.3333 source_val_live=0.9506/0.9509 source_val_ema=0.3333/0.2525 ep=12
[17:12:51] [train] epoch 13/100 steps=40 use_dann=0 das=fixed_narrow f=[10.0,30.0] p=1.00 gpu=3.0/15.8GB
[17:12:51] [train] ep=13 step=001/40 ce=0.3049 sc=1.0414 mi=0.0650 dn=0.0000 v13=0.0008 grl=0.0686 v15=0.0000 v15r=0.0000 v16=0.0000 v17=0.0000 v18=0.0000 acc=1.0000 lr=2.94e-04 lambda=0.000 grl_lambda=0.537 v18_lambda=0.000 gpu=3.0/15.8GB
[17:12:53] [train] ep=13 step=010/40 ce=0.8657 sc=0.9522 mi=0.0681 dn=0.0000 v13=0.0008 grl=0.0899 v15=0.0000 v15r=0.0000 v16=0.0000 v17=0.0000 v18=0.0000 acc=0.9688 lr=2.93e-04 lambda=0.000 grl_lambda=0.545 v18_lambda=0.000 gpu=3.0/15.8GB
[17:12:55] [train] ep=13 step=020/40 ce=0.7422 sc=0.9206 mi=0.0672 dn=0.0000 v13=0.0008 grl=0.0904 v15=0.0000 v15r=0.0000 v16=0.0000 v17=0.0000 v18=0.0000 acc=0.9688 lr=2.93e-04 lambda=0.000 grl_lambda=0.554 v18_lambda=0.000 gpu=3.0/15.8GB
[17:12:57] [train] ep=13 step=030/40 ce=0.7743 sc=0.9131 mi=0.0660 dn=0.0000 v13=0.0007 grl=0.0841 v15=0.0000 v15r=0.0000 v16=0.0000 v17=0.0000 v18=0.0000 acc=0.9688 lr=2.93e-04 lambda=0.000 grl_lambda=0.562 v18_lambda=0.000 gpu=3.0/15.8GB
[17:12:59] [train] ep=13 step=040/40 ce=0.7234 sc=0.8945 mi=0.0658 dn=0.0000 v13=0.0007 grl=0.0845 v15=0.0000 v15r=0.0000 v16=0.0000 v17=0.0000 v18=0.0000 acc=0.9719 lr=2.92e-04 lambda=0.000 grl_lambda=0.571 v18_lambda=0.000 gpu=3.0/15.8GB
[17:13:02] [ep_summary] ep=13/100 val_live=0.9568/0.9556 val_ema=0.3827/0.3047 test77_live=0.8022/0.7560 test77_diag_ema=0.1439/0.0420 v13=0.0007 grl=0.0845 v15=0.0000 v15r=0.0000 v16=0.0000 v17=0.0000 v18=0.0000 das=fixed_narrow[10,30] p=1.00 ep_time=11.2s
[17:13:02] [save] best_sourceval_ema val_acc_ema=0.3827 source_val_live=0.9568/0.9556 source_val_ema=0.3827/0.3047 ep=13
[17:13:02] [train] epoch 14/100 steps=40 use_dann=0 das=fixed_narrow f=[10.0,30.0] p=1.00 gpu=3.0/15.8GB
[17:13:02] [train] ep=14 step=001/40 ce=1.7724 sc=0.9117 mi=0.0666 dn=0.0000 v13=0.0003 grl=0.0664 v15=0.0000 v15r=0.0000 v16=0.0000 v17=0.0000 v18=0.0000 acc=0.8750 lr=2.92e-04 lambda=0.000 grl_lambda=0.572 v18_lambda=0.000 gpu=3.0/15.8GB
[17:13:04] [train] ep=14 step=010/40 ce=0.9533 sc=1.0160 mi=0.0693 dn=0.0000 v13=0.0008 grl=0.0772 v15=0.0000 v15r=0.0000 v16=0.0000 v17=0.0000 v18=0.0000 acc=0.9500 lr=2.92e-04 lambda=0.000 grl_lambda=0.579 v18_lambda=0.000 gpu=3.0/15.8GB
[17:13:06] [train] ep=14 step=020/40 ce=0.8897 sc=1.0135 mi=0.0664 dn=0.0000 v13=0.0008 grl=0.0772 v15=0.0000 v15r=0.0000 v16=0.0000 v17=0.0000 v18=0.0000 acc=0.9563 lr=2.91e-04 lambda=0.000 grl_lambda=0.587 v18_lambda=0.000 gpu=3.0/15.8GB
[17:13:08] [train] ep=14 step=030/40 ce=0.8344 sc=1.0173 mi=0.0663 dn=0.0000 v13=0.0009 grl=0.0763 v15=0.0000 v15r=0.0000 v16=0.0000 v17=0.0000 v18=0.0000 acc=0.9625 lr=2.91e-04 lambda=0.000 grl_lambda=0.596 v18_lambda=0.000 gpu=3.0/15.8GB
[17:13:10] [train] ep=14 step=040/40 ce=0.8420 sc=1.0001 mi=0.0655 dn=0.0000 v13=0.0008 grl=0.0749 v15=0.0000 v15r=0.0000 v16=0.0000 v17=0.0000 v18=0.0000 acc=0.9625 lr=2.91e-04 lambda=0.000 grl_lambda=0.604 v18_lambda=0.000 gpu=3.0/15.8GB
[17:13:13] [ep_summary] ep=14/100 val_live=0.9630/0.9622 val_ema=0.4136/0.3497 test77_live=0.7914/0.7279 test77_diag_ema=0.1439/0.0421 v13=0.0008 grl=0.0749 v15=0.0000 v15r=0.0000 v16=0.0000 v17=0.0000 v18=0.0000 das=fixed_narrow[10,30] p=1.00 ep_time=10.6s
[17:13:13] [save] best_sourceval_ema val_acc_ema=0.4136 source_val_live=0.9630/0.9622 source_val_ema=0.4136/0.3497 ep=14
[17:13:13] [train] epoch 15/100 steps=40 use_dann=0 das=fixed_narrow f=[10.0,30.0] p=1.00 gpu=3.0/15.8GB
[17:13:13] [train] ep=15 step=001/40 ce=0.9803 sc=0.7756 mi=0.0542 dn=0.0000 v13=0.0007 grl=0.0525 v15=0.0000 v15r=0.0000 v16=0.0000 v17=0.0000 v18=0.0000 acc=0.9375 lr=2.91e-04 lambda=0.000 grl_lambda=0.604 v18_lambda=0.000 gpu=3.0/15.8GB
[17:13:15] [train] ep=15 step=010/40 ce=0.8605 sc=0.8456 mi=0.0627 dn=0.0000 v13=0.0007 grl=0.0702 v15=0.0000 v15r=0.0000 v16=0.0000 v17=0.0000 v18=0.0000 acc=0.9563 lr=2.90e-04 lambda=0.000 grl_lambda=0.611 v18_lambda=0.000 gpu=3.0/15.8GB
[17:13:17] [train] ep=15 step=020/40 ce=0.8917 sc=0.8502 mi=0.0629 dn=0.0000 v13=0.0007 grl=0.0692 v15=0.0000 v15r=0.0000 v16=0.0000 v17=0.0000 v18=0.0000 acc=0.9563 lr=2.90e-04 lambda=0.000 grl_lambda=0.619 v18_lambda=0.000 gpu=3.0/15.8GB
[17:13:19] [train] ep=15 step=030/40 ce=0.8554 sc=0.8742 mi=0.0634 dn=0.0000 v13=0.0007 grl=0.0713 v15=0.0000 v15r=0.0000 v16=0.0000 v17=0.0000 v18=0.0000 acc=0.9604 lr=2.89e-04 lambda=0.000 grl_lambda=0.627 v18_lambda=0.000 gpu=3.0/15.8GB
[17:13:21] [train] ep=15 step=040/40 ce=0.7638 sc=0.8774 mi=0.0637 dn=0.0000 v13=0.0007 grl=0.0731 v15=0.0000 v15r=0.0000 v16=0.0000 v17=0.0000 v18=0.0000 acc=0.9672 lr=2.89e-04 lambda=0.000 grl_lambda=0.634 v18_lambda=0.000 gpu=3.0/15.8GB
[17:13:24] [ep_summary] ep=15/100 val_live=0.9568/0.9563 val_ema=0.4506/0.4066 test77_live=0.8381/0.8163 test77_diag_ema=0.1439/0.0421 v13=0.0007 grl=0.0731 v15=0.0000 v15r=0.0000 v16=0.0000 v17=0.0000 v18=0.0000 das=fixed_narrow[10,30] p=1.00 ep_time=11.0s
[17:13:24] [save] best_sourceval_ema val_acc_ema=0.4506 source_val_live=0.9568/0.9563 source_val_ema=0.4506/0.4066 ep=15
[17:13:24] [train] epoch 16/100 steps=40 use_dann=0 das=fixed_narrow f=[10.0,30.0] p=1.00 gpu=3.0/15.8GB
[17:13:24] [train] ep=16 step=001/40 ce=0.7808 sc=1.0106 mi=0.0761 dn=0.0000 v13=0.0009 grl=0.0646 v15=0.0000 v15r=0.0000 v16=0.0000 v17=0.0000 v18=0.0000 acc=0.9375 lr=2.89e-04 lambda=0.000 grl_lambda=0.635 v18_lambda=0.000 gpu=3.0/15.8GB
[17:13:26] [train] ep=16 step=010/40 ce=0.5313 sc=0.8681 mi=0.0661 dn=0.0000 v13=0.0009 grl=0.0865 v15=0.0000 v15r=0.0000 v16=0.0000 v17=0.0000 v18=0.0000 acc=0.9875 lr=2.88e-04 lambda=0.000 grl_lambda=0.642 v18_lambda=0.000 gpu=3.0/15.8GB
[17:13:28] [train] ep=16 step=020/40 ce=0.5947 sc=0.7559 mi=0.0657 dn=0.0000 v13=0.0007 grl=0.0805 v15=0.0000 v15r=0.0000 v16=0.0000 v17=0.0000 v18=0.0000 acc=0.9812 lr=2.88e-04 lambda=0.000 grl_lambda=0.649 v18_lambda=0.000 gpu=3.0/15.8GB
[17:13:30] [train] ep=16 step=030/40 ce=0.5652 sc=0.8339 mi=0.0657 dn=0.0000 v13=0.0007 grl=0.0793 v15=0.0000 v15r=0.0000 v16=0.0000 v17=0.0000 v18=0.0000 acc=0.9833 lr=2.87e-04 lambda=0.000 grl_lambda=0.656 v18_lambda=0.000 gpu=3.0/15.8GB
[17:13:32] [train] ep=16 step=040/40 ce=0.5927 sc=0.8488 mi=0.0647 dn=0.0000 v13=0.0008 grl=0.0779 v15=0.0000 v15r=0.0000 v16=0.0000 v17=0.0000 v18=0.0000 acc=0.9797 lr=2.87e-04 lambda=0.000 grl_lambda=0.663 v18_lambda=0.000 gpu=3.0/15.8GB
[17:13:34] [ep_summary] ep=16/100 val_live=0.9568/0.9565 val_ema=0.4877/0.4489 test77_live=0.7986/0.7494 test77_diag_ema=0.1439/0.0422 v13=0.0008 grl=0.0779 v15=0.0000 v15r=0.0000 v16=0.0000 v17=0.0000 v18=0.0000 das=fixed_narrow[10,30] p=1.00 ep_time=10.7s
[17:13:34] [save] best_sourceval_ema val_acc_ema=0.4877 source_val_live=0.9568/0.9565 source_val_ema=0.4877/0.4489 ep=16
[17:13:34] [train] epoch 17/100 steps=40 use_dann=0 das=fixed_narrow f=[10.0,30.0] p=1.00 gpu=3.0/15.8GB
[17:13:35] [train] ep=17 step=001/40 ce=0.3231 sc=1.0659 mi=0.0680 dn=0.0000 v13=0.0005 grl=0.0884 v15=0.0000 v15r=0.0000 v16=0.0000 v17=0.0000 v18=0.0000 acc=1.0000 lr=2.87e-04 lambda=0.000 grl_lambda=0.664 v18_lambda=0.000 gpu=3.0/15.8GB
[17:13:36] [train] ep=17 step=010/40 ce=0.5885 sc=0.8402 mi=0.0653 dn=0.0000 v13=0.0008 grl=0.0691 v15=0.0000 v15r=0.0000 v16=0.0000 v17=0.0000 v18=0.0000 acc=0.9812 lr=2.86e-04 lambda=0.000 grl_lambda=0.670 v18_lambda=0.000 gpu=3.0/15.8GB
[17:13:39] [train] ep=17 step=020/40 ce=0.6280 sc=0.8627 mi=0.0648 dn=0.0000 v13=0.0008 grl=0.0741 v15=0.0000 v15r=0.0000 v16=0.0000 v17=0.0000 v18=0.0000 acc=0.9750 lr=2.86e-04 lambda=0.000 grl_lambda=0.677 v18_lambda=0.000 gpu=3.0/15.8GB
[17:13:41] [train] ep=17 step=030/40 ce=0.6169 sc=0.9004 mi=0.0647 dn=0.0000 v13=0.0008 grl=0.0752 v15=0.0000 v15r=0.0000 v16=0.0000 v17=0.0000 v18=0.0000 acc=0.9771 lr=2.85e-04 lambda=0.000 grl_lambda=0.684 v18_lambda=0.000 gpu=3.0/15.8GB
[17:13:43] [train] ep=17 step=040/40 ce=0.5854 sc=0.8865 mi=0.0637 dn=0.0000 v13=0.0007 grl=0.0749 v15=0.0000 v15r=0.0000 v16=0.0000 v17=0.0000 v18=0.0000 acc=0.9812 lr=2.85e-04 lambda=0.000 grl_lambda=0.690 v18_lambda=0.000 gpu=3.0/15.8GB
[17:13:46] [ep_summary] ep=17/100 val_live=0.9691/0.9692 val_ema=0.5309/0.5007 test77_live=0.7626/0.7117 test77_diag_ema=0.1475/0.0488 v13=0.0007 grl=0.0749 v15=0.0000 v15r=0.0000 v16=0.0000 v17=0.0000 v18=0.0000 das=fixed_narrow[10,30] p=1.00 ep_time=11.5s
[17:13:46] [save] best_sourceval_ema val_acc_ema=0.5309 source_val_live=0.9691/0.9692 source_val_ema=0.5309/0.5007 ep=17
[17:13:46] [train] epoch 18/100 steps=40 use_dann=0 das=fixed_narrow f=[10.0,30.0] p=1.00 gpu=3.0/15.8GB
[17:13:46] [train] ep=18 step=001/40 ce=0.2855 sc=0.5796 mi=0.0570 dn=0.0000 v13=0.0005 grl=0.0903 v15=0.0000 v15r=0.0000 v16=0.0000 v17=0.0000 v18=0.0000 acc=1.0000 lr=2.85e-04 lambda=0.000 grl_lambda=0.691 v18_lambda=0.000 gpu=3.0/15.8GB
[17:13:48] [train] ep=18 step=010/40 ce=0.6784 sc=0.9181 mi=0.0631 dn=0.0000 v13=0.0006 grl=0.0842 v15=0.0000 v15r=0.0000 v16=0.0000 v17=0.0000 v18=0.0000 acc=0.9688 lr=2.84e-04 lambda=0.000 grl_lambda=0.697 v18_lambda=0.000 gpu=3.0/15.8GB
[17:13:50] [train] ep=18 step=020/40 ce=0.6755 sc=0.9124 mi=0.0624 dn=0.0000 v13=0.0006 grl=0.0775 v15=0.0000 v15r=0.0000 v16=0.0000 v17=0.0000 v18=0.0000 acc=0.9750 lr=2.84e-04 lambda=0.000 grl_lambda=0.703 v18_lambda=0.000 gpu=3.0/15.8GB
[17:13:52] [train] ep=18 step=030/40 ce=0.5811 sc=0.9397 mi=0.0634 dn=0.0000 v13=0.0006 grl=0.0810 v15=0.0000 v15r=0.0000 v16=0.0000 v17=0.0000 v18=0.0000 acc=0.9812 lr=2.83e-04 lambda=0.000 grl_lambda=0.710 v18_lambda=0.000 gpu=3.0/15.8GB
[17:13:54] [train] ep=18 step=040/40 ce=0.5809 sc=0.9265 mi=0.0629 dn=0.0000 v13=0.0006 grl=0.0805 v15=0.0000 v15r=0.0000 v16=0.0000 v17=0.0000 v18=0.0000 acc=0.9797 lr=2.83e-04 lambda=0.000 grl_lambda=0.716 v18_lambda=0.000 gpu=3.0/15.8GB
[17:13:56] [ep_summary] ep=18/100 val_live=0.9630/0.9619 val_ema=0.5802/0.5537 test77_live=0.7914/0.7396 test77_diag_ema=0.1475/0.0488 v13=0.0006 grl=0.0805 v15=0.0000 v15r=0.0000 v16=0.0000 v17=0.0000 v18=0.0000 das=fixed_narrow[10,30] p=1.00 ep_time=10.5s
[17:13:56] [save] best_sourceval_ema val_acc_ema=0.5802 source_val_live=0.9630/0.9619 source_val_ema=0.5802/0.5537 ep=18
[17:13:57] [train] epoch 19/100 steps=40 use_dann=0 das=fixed_narrow f=[10.0,30.0] p=1.00 gpu=3.0/15.8GB
[17:13:57] [train] ep=19 step=001/40 ce=0.3380 sc=0.5566 mi=0.0598 dn=0.0000 v13=0.0003 grl=0.0818 v15=0.0000 v15r=0.0000 v16=0.0000 v17=0.0000 v18=0.0000 acc=1.0000 lr=2.83e-04 lambda=0.000 grl_lambda=0.716 v18_lambda=0.000 gpu=3.0/15.8GB
[17:13:58] [train] ep=19 step=010/40 ce=0.5097 sc=0.8212 mi=0.0601 dn=0.0000 v13=0.0006 grl=0.0913 v15=0.0000 v15r=0.0000 v16=0.0000 v17=0.0000 v18=0.0000 acc=0.9812 lr=2.82e-04 lambda=0.000 grl_lambda=0.722 v18_lambda=0.000 gpu=3.0/15.8GB
[17:14:00] [train] ep=19 step=020/40 ce=0.4978 sc=0.8229 mi=0.0620 dn=0.0000 v13=0.0007 grl=0.0861 v15=0.0000 v15r=0.0000 v16=0.0000 v17=0.0000 v18=0.0000 acc=0.9875 lr=2.82e-04 lambda=0.000 grl_lambda=0.728 v18_lambda=0.000 gpu=3.0/15.8GB
[17:14:02] [train] ep=19 step=030/40 ce=0.5328 sc=0.8541 mi=0.0622 dn=0.0000 v13=0.0006 grl=0.0835 v15=0.0000 v15r=0.0000 v16=0.0000 v17=0.0000 v18=0.0000 acc=0.9833 lr=2.81e-04 lambda=0.000 grl_lambda=0.733 v18_lambda=0.000 gpu=3.0/15.8GB
[17:14:04] [train] ep=19 step=040/40 ce=0.5197 sc=0.8454 mi=0.0621 dn=0.0000 v13=0.0006 grl=0.0850 v15=0.0000 v15r=0.0000 v16=0.0000 v17=0.0000 v18=0.0000 acc=0.9844 lr=2.80e-04 lambda=0.000 grl_lambda=0.739 v18_lambda=0.000 gpu=3.0/15.8GB
[17:14:07] [ep_summary] ep=19/100 val_live=0.9568/0.9558 val_ema=0.6296/0.6053 test77_live=0.7410/0.7121 test77_diag_ema=0.1475/0.0490 v13=0.0006 grl=0.0850 v15=0.0000 v15r=0.0000 v16=0.0000 v17=0.0000 v18=0.0000 das=fixed_narrow[10,30] p=1.00 ep_time=10.2s
[17:14:07] [save] best_sourceval_ema val_acc_ema=0.6296 source_val_live=0.9568/0.9558 source_val_ema=0.6296/0.6053 ep=19
[17:14:07] [train] epoch 20/100 steps=40 use_dann=0 das=fixed_narrow f=[10.0,30.0] p=1.00 gpu=3.0/15.8GB
[17:14:07] [train] ep=20 step=001/40 ce=0.4857 sc=0.8618 mi=0.0535 dn=0.0000 v13=0.0005 grl=0.0437 v15=0.0000 v15r=0.0000 v16=0.0000 v17=0.0000 v18=0.0000 acc=1.0000 lr=2.80e-04 lambda=0.000 grl_lambda=0.740 v18_lambda=0.000 gpu=3.0/15.8GB
[17:14:09] [train] ep=20 step=010/40 ce=0.5131 sc=0.8277 mi=0.0579 dn=0.0000 v13=0.0005 grl=0.0685 v15=0.0000 v15r=0.0000 v16=0.0000 v17=0.0000 v18=0.0000 acc=0.9875 lr=2.80e-04 lambda=0.000 grl_lambda=0.745 v18_lambda=0.000 gpu=3.0/15.8GB
[17:14:10] [train] ep=20 step=020/40 ce=0.4967 sc=0.8057 mi=0.0598 dn=0.0000 v13=0.0005 grl=0.0725 v15=0.0000 v15r=0.0000 v16=0.0000 v17=0.0000 v18=0.0000 acc=0.9875 lr=2.79e-04 lambda=0.000 grl_lambda=0.750 v18_lambda=0.000 gpu=3.0/15.8GB
[17:14:13] [train] ep=20 step=030/40 ce=0.4421 sc=0.7785 mi=0.0613 dn=0.0000 v13=0.0005 grl=0.0739 v15=0.0000 v15r=0.0000 v16=0.0000 v17=0.0000 v18=0.0000 acc=0.9917 lr=2.79e-04 lambda=0.000 grl_lambda=0.756 v18_lambda=0.000 gpu=3.0/15.8GB
[17:14:15] [train] ep=20 step=040/40 ce=0.4711 sc=0.8130 mi=0.0607 dn=0.0000 v13=0.0005 grl=0.0790 v15=0.0000 v15r=0.0000 v16=0.0000 v17=0.0000 v18=0.0000 acc=0.9906 lr=2.78e-04 lambda=0.000 grl_lambda=0.761 v18_lambda=0.000 gpu=3.0/15.8GB
[17:14:17] [pool] check ep=020/100 source_val_acc_ema=0.6420 threshold=0.90
[17:14:17] [pool] ep=020 SKIP (source_val_acc_ema=0.6420 < 0.90)
[17:14:17] [ep_summary] ep=20/100 val_live=0.9630/0.9622 val_ema=0.6420/0.6165 test77_live=0.7338/0.6891 test77_diag_ema=0.1547/0.0616 v13=0.0005 grl=0.0790 v15=0.0000 v15r=0.0000 v16=0.0000 v17=0.0000 v18=0.0000 das=fixed_narrow[10,30] p=1.00 ep_time=10.7s
[17:14:17] [save] best_sourceval_ema val_acc_ema=0.6420 source_val_live=0.9630/0.9622 source_val_ema=0.6420/0.6165 ep=20
[17:14:17] [strict77_monitor] ep=20 best_source_epoch=20 source_val_ema=0.6420/0.6165 test77_ema_diag=0.1547/0.0616 sourcequalified_count=20 best_sourcequalified77_epoch=5 source_val_ema=0.1296/0.0377 test77_ema=0.1619/0.0776
[17:14:17] [train] epoch 21/100 steps=40 use_dann=0 das=fixed_narrow f=[10.0,30.0] p=1.00 gpu=3.0/15.8GB
[17:14:18] [train] ep=21 step=001/40 ce=0.3157 sc=0.9080 mi=0.0514 dn=0.0000 v13=0.0007 grl=0.0481 v15=0.0000 v15r=0.0000 v16=0.0000 v17=0.0000 v18=0.0000 acc=1.0000 lr=2.78e-04 lambda=0.000 grl_lambda=0.762 v18_lambda=0.000 gpu=3.0/15.8GB
[17:14:19] [train] ep=21 step=010/40 ce=0.3931 sc=0.8684 mi=0.0612 dn=0.0000 v13=0.0006 grl=0.0790 v15=0.0000 v15r=0.0000 v16=0.0000 v17=0.0000 v18=0.0000 acc=0.9938 lr=2.77e-04 lambda=0.000 grl_lambda=0.766 v18_lambda=0.000 gpu=3.0/15.8GB
[17:14:21] [train] ep=21 step=020/40 ce=0.5068 sc=0.8643 mi=0.0633 dn=0.0000 v13=0.0007 grl=0.0832 v15=0.0000 v15r=0.0000 v16=0.0000 v17=0.0000 v18=0.0000 acc=0.9812 lr=2.77e-04 lambda=0.000 grl_lambda=0.771 v18_lambda=0.000 gpu=3.0/15.8GB
[17:14:23] [train] ep=21 step=030/40 ce=0.5336 sc=0.8243 mi=0.0632 dn=0.0000 v13=0.0007 grl=0.0858 v15=0.0000 v15r=0.0000 v16=0.0000 v17=0.0000 v18=0.0000 acc=0.9812 lr=2.76e-04 lambda=0.000 grl_lambda=0.776 v18_lambda=0.000 gpu=3.0/15.8GB
[17:14:25] [train] ep=21 step=040/40 ce=0.5190 sc=0.8165 mi=0.0628 dn=0.0000 v13=0.0007 grl=0.0876 v15=0.0000 v15r=0.0000 v16=0.0000 v17=0.0000 v18=0.0000 acc=0.9812 lr=2.75e-04 lambda=0.000 grl_lambda=0.781 v18_lambda=0.000 gpu=3.0/15.8GB
[17:14:28] [ep_summary] ep=21/100 val_live=0.9321/0.9282 val_ema=0.7099/0.6822 test77_live=0.7302/0.6917 test77_diag_ema=0.1655/0.0802 v13=0.0007 grl=0.0876 v15=0.0000 v15r=0.0000 v16=0.0000 v17=0.0000 v18=0.0000 das=fixed_narrow[10,30] p=1.00 ep_time=10.1s
[17:14:28] [save] best_sourceval_ema val_acc_ema=0.7099 source_val_live=0.9321/0.9282 source_val_ema=0.7099/0.6822 ep=21
[17:14:28] [save] best_sourcequalified77_ema ep=21 source_val_live=0.9321/0.9282 source_val_ema=0.7099/0.6822 test77_ema=0.1655/0.0802
[17:14:28] [train] epoch 22/100 steps=40 use_dann=0 das=fixed_narrow f=[10.0,30.0] p=1.00 gpu=3.0/15.8GB
[17:14:28] [train] ep=22 step=001/40 ce=0.8594 sc=0.9369 mi=0.0639 dn=0.0000 v13=0.0005 grl=0.1053 v15=0.0000 v15r=0.0000 v16=0.0000 v17=0.0000 v18=0.0000 acc=0.9375 lr=2.75e-04 lambda=0.000 grl_lambda=0.782 v18_lambda=0.000 gpu=3.0/15.8GB
[17:14:30] [train] ep=22 step=010/40 ce=0.6928 sc=1.1230 mi=0.0619 dn=0.0000 v13=0.0006 grl=0.0823 v15=0.0000 v15r=0.0000 v16=0.0000 v17=0.0000 v18=0.0000 acc=0.9625 lr=2.75e-04 lambda=0.000 grl_lambda=0.786 v18_lambda=0.000 gpu=3.0/15.8GB
[17:14:31] [train] ep=22 step=020/40 ce=0.7779 sc=1.1088 mi=0.0610 dn=0.0000 v13=0.0007 grl=0.0725 v15=0.0000 v15r=0.0000 v16=0.0000 v17=0.0000 v18=0.0000 acc=0.9594 lr=2.74e-04 lambda=0.000 grl_lambda=0.791 v18_lambda=0.000 gpu=3.0/15.8GB
[17:14:33] [train] ep=22 step=030/40 ce=0.6674 sc=0.9993 mi=0.0609 dn=0.0000 v13=0.0007 grl=0.0752 v15=0.0000 v15r=0.0000 v16=0.0000 v17=0.0000 v18=0.0000 acc=0.9688 lr=2.73e-04 lambda=0.000 grl_lambda=0.796 v18_lambda=0.000 gpu=3.0/15.8GB
[17:14:35] [train] ep=22 step=040/40 ce=0.6008 sc=0.9158 mi=0.0610 dn=0.0000 v13=0.0007 grl=0.0759 v15=0.0000 v15r=0.0000 v16=0.0000 v17=0.0000 v18=0.0000 acc=0.9750 lr=2.73e-04 lambda=0.000 grl_lambda=0.800 v18_lambda=0.000 gpu=3.0/15.8GB
[17:14:38] [ep_summary] ep=22/100 val_live=0.9568/0.9565 val_ema=0.7222/0.7015 test77_live=0.6763/0.6263 test77_diag_ema=0.1763/0.0957 v13=0.0007 grl=0.0759 v15=0.0000 v15r=0.0000 v16=0.0000 v17=0.0000 v18=0.0000 das=fixed_narrow[10,30] p=1.00 ep_time=10.1s
[17:14:38] [save] best_sourceval_ema val_acc_ema=0.7222 source_val_live=0.9568/0.9565 source_val_ema=0.7222/0.7015 ep=22
[17:14:38] [save] best_sourcequalified77_ema ep=22 source_val_live=0.9568/0.9565 source_val_ema=0.7222/0.7015 test77_ema=0.1763/0.0957
[17:14:38] [train] epoch 23/100 steps=40 use_dann=0 das=fixed_narrow f=[10.0,30.0] p=1.00 gpu=3.0/15.8GB
[17:14:38] [train] ep=23 step=001/40 ce=0.5939 sc=1.0008 mi=0.0617 dn=0.0000 v13=0.0006 grl=0.0742 v15=0.0000 v15r=0.0000 v16=0.0000 v17=0.0000 v18=0.0000 acc=1.0000 lr=2.72e-04 lambda=0.000 grl_lambda=0.800 v18_lambda=0.000 gpu=3.0/15.8GB
[17:14:40] [train] ep=23 step=010/40 ce=0.6105 sc=0.9505 mi=0.0632 dn=0.0000 v13=0.0006 grl=0.0820 v15=0.0000 v15r=0.0000 v16=0.0000 v17=0.0000 v18=0.0000 acc=0.9750 lr=2.72e-04 lambda=0.000 grl_lambda=0.805 v18_lambda=0.000 gpu=3.0/15.8GB
[17:14:42] [train] ep=23 step=020/40 ce=0.4537 sc=0.8282 mi=0.0624 dn=0.0000 v13=0.0007 grl=0.0829 v15=0.0000 v15r=0.0000 v16=0.0000 v17=0.0000 v18=0.0000 acc=0.9875 lr=2.71e-04 lambda=0.000 grl_lambda=0.809 v18_lambda=0.000 gpu=3.0/15.8GB
[17:14:43] [train] ep=23 step=030/40 ce=0.4905 sc=0.8914 mi=0.0622 dn=0.0000 v13=0.0007 grl=0.0809 v15=0.0000 v15r=0.0000 v16=0.0000 v17=0.0000 v18=0.0000 acc=0.9875 lr=2.70e-04 lambda=0.000 grl_lambda=0.813 v18_lambda=0.000 gpu=3.0/15.8GB
[17:14:45] [train] ep=23 step=040/40 ce=0.5188 sc=0.9065 mi=0.0625 dn=0.0000 v13=0.0007 grl=0.0818 v15=0.0000 v15r=0.0000 v16=0.0000 v17=0.0000 v18=0.0000 acc=0.9828 lr=2.70e-04 lambda=0.000 grl_lambda=0.817 v18_lambda=0.000 gpu=3.0/15.8GB
[17:14:48] [ep_summary] ep=23/100 val_live=0.9630/0.9624 val_ema=0.7346/0.7137 test77_live=0.7122/0.6928 test77_diag_ema=0.1942/0.1181 v13=0.0007 grl=0.0818 v15=0.0000 v15r=0.0000 v16=0.0000 v17=0.0000 v18=0.0000 das=fixed_narrow[10,30] p=1.00 ep_time=10.1s
[17:14:48] [save] best_sourceval_ema val_acc_ema=0.7346 source_val_live=0.9630/0.9624 source_val_ema=0.7346/0.7137 ep=23
[17:14:48] [save] best_sourcequalified77_ema ep=23 source_val_live=0.9630/0.9624 source_val_ema=0.7346/0.7137 test77_ema=0.1942/0.1181
[17:14:48] [train] epoch 24/100 steps=40 use_dann=0 das=fixed_narrow f=[10.0,30.0] p=1.00 gpu=3.0/15.8GB
[17:14:48] [train] ep=24 step=001/40 ce=0.3230 sc=0.6478 mi=0.0606 dn=0.0000 v13=0.0006 grl=0.1267 v15=0.0000 v15r=0.0000 v16=0.0000 v17=0.0000 v18=0.0000 acc=1.0000 lr=2.70e-04 lambda=0.000 grl_lambda=0.818 v18_lambda=0.000 gpu=3.0/15.8GB
[17:14:50] [train] ep=24 step=010/40 ce=0.4358 sc=0.8071 mi=0.0607 dn=0.0000 v13=0.0006 grl=0.0857 v15=0.0000 v15r=0.0000 v16=0.0000 v17=0.0000 v18=0.0000 acc=0.9875 lr=2.69e-04 lambda=0.000 grl_lambda=0.821 v18_lambda=0.000 gpu=3.0/15.8GB
[17:14:52] [train] ep=24 step=020/40 ce=0.4120 sc=0.8292 mi=0.0605 dn=0.0000 v13=0.0006 grl=0.0877 v15=0.0000 v15r=0.0000 v16=0.0000 v17=0.0000 v18=0.0000 acc=0.9906 lr=2.68e-04 lambda=0.000 grl_lambda=0.825 v18_lambda=0.000 gpu=3.0/15.8GB
[17:14:54] [train] ep=24 step=030/40 ce=0.3984 sc=0.8623 mi=0.0620 dn=0.0000 v13=0.0006 grl=0.0872 v15=0.0000 v15r=0.0000 v16=0.0000 v17=0.0000 v18=0.0000 acc=0.9917 lr=2.67e-04 lambda=0.000 grl_lambda=0.829 v18_lambda=0.000 gpu=3.0/15.8GB
[17:14:55] [train] ep=24 step=040/40 ce=0.4043 sc=0.8382 mi=0.0620 dn=0.0000 v13=0.0006 grl=0.0868 v15=0.0000 v15r=0.0000 v16=0.0000 v17=0.0000 v18=0.0000 acc=0.9906 lr=2.67e-04 lambda=0.000 grl_lambda=0.833 v18_lambda=0.000 gpu=3.0/15.8GB
[17:14:58] [ep_summary] ep=24/100 val_live=0.9383/0.9382 val_ema=0.7654/0.7592 test77_live=0.7554/0.7283 test77_diag_ema=0.2122/0.1394 v13=0.0006 grl=0.0868 v15=0.0000 v15r=0.0000 v16=0.0000 v17=0.0000 v18=0.0000 das=fixed_narrow[10,30] p=1.00 ep_time=10.1s
[17:14:58] [save] best_sourceval_ema val_acc_ema=0.7654 source_val_live=0.9383/0.9382 source_val_ema=0.7654/0.7592 ep=24
[17:14:58] [save] best_sourcequalified77_ema ep=24 source_val_live=0.9383/0.9382 source_val_ema=0.7654/0.7592 test77_ema=0.2122/0.1394
[17:14:58] [train] epoch 25/100 steps=40 use_dann=0 das=fixed_narrow f=[10.0,30.0] p=1.00 gpu=3.0/15.8GB
[17:14:58] [train] ep=25 step=001/40 ce=0.2830 sc=0.4185 mi=0.0698 dn=0.0000 v13=0.0013 grl=0.0880 v15=0.0000 v15r=0.0000 v16=0.0000 v17=0.0000 v18=0.0000 acc=1.0000 lr=2.67e-04 lambda=0.000 grl_lambda=0.834 v18_lambda=0.000 gpu=3.0/15.8GB
[17:15:00] [train] ep=25 step=010/40 ce=0.4135 sc=0.8083 mi=0.0621 dn=0.0000 v13=0.0006 grl=0.0632 v15=0.0000 v15r=0.0000 v16=0.0000 v17=0.0000 v18=0.0000 acc=0.9875 lr=2.66e-04 lambda=0.000 grl_lambda=0.837 v18_lambda=0.000 gpu=3.0/15.8GB
[17:15:02] [train] ep=25 step=020/40 ce=0.4875 sc=0.8344 mi=0.0628 dn=0.0000 v13=0.0006 grl=0.0778 v15=0.0000 v15r=0.0000 v16=0.0000 v17=0.0000 v18=0.0000 acc=0.9844 lr=2.65e-04 lambda=0.000 grl_lambda=0.841 v18_lambda=0.000 gpu=3.0/15.8GB
[17:15:04] [train] ep=25 step=030/40 ce=0.4879 sc=0.8576 mi=0.0628 dn=0.0000 v13=0.0006 grl=0.0877 v15=0.0000 v15r=0.0000 v16=0.0000 v17=0.0000 v18=0.0000 acc=0.9833 lr=2.64e-04 lambda=0.000 grl_lambda=0.844 v18_lambda=0.000 gpu=3.0/15.8GB
[17:15:06] [train] ep=25 step=040/40 ce=0.4937 sc=0.8353 mi=0.0626 dn=0.0000 v13=0.0006 grl=0.0939 v15=0.0000 v15r=0.0000 v16=0.0000 v17=0.0000 v18=0.0000 acc=0.9828 lr=2.64e-04 lambda=0.000 grl_lambda=0.848 v18_lambda=0.000 gpu=3.0/15.8GB
[17:15:08] [ep_summary] ep=25/100 val_live=0.9444/0.9446 val_ema=0.7901/0.7798 test77_live=0.7698/0.7261 test77_diag_ema=0.2374/0.1639 v13=0.0006 grl=0.0939 v15=0.0000 v15r=0.0000 v16=0.0000 v17=0.0000 v18=0.0000 das=fixed_narrow[10,30] p=1.00 ep_time=10.1s
[17:15:08] [save] best_sourceval_ema val_acc_ema=0.7901 source_val_live=0.9444/0.9446 source_val_ema=0.7901/0.7798 ep=25
[17:15:08] [save] best_sourcequalified77_ema ep=25 source_val_live=0.9444/0.9446 source_val_ema=0.7901/0.7798 test77_ema=0.2374/0.1639
[17:15:09] [train] epoch 26/100 steps=40 use_dann=0 das=fixed_narrow f=[10.0,30.0] p=1.00 gpu=3.0/15.8GB
[17:15:09] [train] ep=26 step=001/40 ce=0.2985 sc=0.9758 mi=0.0574 dn=0.0000 v13=0.0002 grl=0.0910 v15=0.0000 v15r=0.0000 v16=0.0000 v17=0.0000 v18=0.0000 acc=1.0000 lr=2.64e-04 lambda=0.000 grl_lambda=0.848 v18_lambda=0.000 gpu=3.0/15.8GB
[17:15:10] [train] ep=26 step=010/40 ce=0.4263 sc=0.7800 mi=0.0624 dn=0.0000 v13=0.0005 grl=0.1109 v15=0.0000 v15r=0.0000 v16=0.0000 v17=0.0000 v18=0.0000 acc=0.9938 lr=2.63e-04 lambda=0.000 grl_lambda=0.851 v18_lambda=0.000 gpu=3.0/15.8GB
[17:15:12] [train] ep=26 step=020/40 ce=0.5177 sc=0.8381 mi=0.0627 dn=0.0000 v13=0.0005 grl=0.1022 v15=0.0000 v15r=0.0000 v16=0.0000 v17=0.0000 v18=0.0000 acc=0.9875 lr=2.62e-04 lambda=0.000 grl_lambda=0.855 v18_lambda=0.000 gpu=3.0/15.8GB
[17:15:14] [train] ep=26 step=030/40 ce=0.4933 sc=0.8350 mi=0.0623 dn=0.0000 v13=0.0006 grl=0.0976 v15=0.0000 v15r=0.0000 v16=0.0000 v17=0.0000 v18=0.0000 acc=0.9896 lr=2.61e-04 lambda=0.000 grl_lambda=0.858 v18_lambda=0.000 gpu=3.0/15.8GB
[17:15:16] [train] ep=26 step=040/40 ce=0.4670 sc=0.8260 mi=0.0627 dn=0.0000 v13=0.0006 grl=0.0958 v15=0.0000 v15r=0.0000 v16=0.0000 v17=0.0000 v18=0.0000 acc=0.9906 lr=2.60e-04 lambda=0.000 grl_lambda=0.861 v18_lambda=0.000 gpu=3.0/15.8GB
[17:15:19] [ep_summary] ep=26/100 val_live=0.9630/0.9631 val_ema=0.8025/0.7905 test77_live=0.8885/0.8857 test77_diag_ema=0.2590/0.1834 v13=0.0006 grl=0.0958 v15=0.0000 v15r=0.0000 v16=0.0000 v17=0.0000 v18=0.0000 das=fixed_narrow[10,30] p=1.00 ep_time=10.1s
[17:15:19] [save] best_sourceval_ema val_acc_ema=0.8025 source_val_live=0.9630/0.9631 source_val_ema=0.8025/0.7905 ep=26
[17:15:19] [save] best_sourcequalified77_ema ep=26 source_val_live=0.9630/0.9631 source_val_ema=0.8025/0.7905 test77_ema=0.2590/0.1834
[17:15:19] [train] epoch 27/100 steps=40 use_dann=0 das=fixed_narrow f=[10.0,30.0] p=1.00 gpu=3.0/15.8GB
[17:15:19] [train] ep=27 step=001/40 ce=0.9055 sc=0.9263 mi=0.0668 dn=0.0000 v13=0.0008 grl=0.1453 v15=0.0000 v15r=0.0000 v16=0.0000 v17=0.0000 v18=0.0000 acc=0.9375 lr=2.60e-04 lambda=0.000 grl_lambda=0.862 v18_lambda=0.000 gpu=3.0/15.8GB
[17:15:21] [train] ep=27 step=010/40 ce=0.4157 sc=0.7623 mi=0.0631 dn=0.0000 v13=0.0007 grl=0.0927 v15=0.0000 v15r=0.0000 v16=0.0000 v17=0.0000 v18=0.0000 acc=0.9875 lr=2.60e-04 lambda=0.000 grl_lambda=0.865 v18_lambda=0.000 gpu=3.0/15.8GB
[17:15:22] [train] ep=27 step=020/40 ce=0.4927 sc=0.8139 mi=0.0624 dn=0.0000 v13=0.0007 grl=0.0971 v15=0.0000 v15r=0.0000 v16=0.0000 v17=0.0000 v18=0.0000 acc=0.9812 lr=2.59e-04 lambda=0.000 grl_lambda=0.868 v18_lambda=0.000 gpu=3.0/15.8GB
[17:15:24] [train] ep=27 step=030/40 ce=0.5063 sc=0.8074 mi=0.0619 dn=0.0000 v13=0.0007 grl=0.0927 v15=0.0000 v15r=0.0000 v16=0.0000 v17=0.0000 v18=0.0000 acc=0.9812 lr=2.58e-04 lambda=0.000 grl_lambda=0.871 v18_lambda=0.000 gpu=3.0/15.8GB
[17:15:26] [train] ep=27 step=040/40 ce=0.5000 sc=0.8060 mi=0.0623 dn=0.0000 v13=0.0007 grl=0.0912 v15=0.0000 v15r=0.0000 v16=0.0000 v17=0.0000 v18=0.0000 acc=0.9828 lr=2.57e-04 lambda=0.000 grl_lambda=0.874 v18_lambda=0.000 gpu=3.0/15.8GB
[17:15:29] [ep_summary] ep=27/100 val_live=0.9568/0.9567 val_ema=0.8148/0.8057 test77_live=0.7734/0.7100 test77_diag_ema=0.2878/0.2116 v13=0.0007 grl=0.0912 v15=0.0000 v15r=0.0000 v16=0.0000 v17=0.0000 v18=0.0000 das=fixed_narrow[10,30] p=1.00 ep_time=10.1s
[17:15:29] [save] best_sourceval_ema val_acc_ema=0.8148 source_val_live=0.9568/0.9567 source_val_ema=0.8148/0.8057 ep=27
[17:15:29] [save] best_sourcequalified77_ema ep=27 source_val_live=0.9568/0.9567 source_val_ema=0.8148/0.8057 test77_ema=0.2878/0.2116
[17:15:29] [train] epoch 28/100 steps=40 use_dann=0 das=fixed_narrow f=[10.0,30.0] p=1.00 gpu=3.0/15.8GB
[17:15:29] [train] ep=28 step=001/40 ce=0.2737 sc=0.8482 mi=0.0667 dn=0.0000 v13=0.0008 grl=0.1375 v15=0.0000 v15r=0.0000 v16=0.0000 v17=0.0000 v18=0.0000 acc=1.0000 lr=2.57e-04 lambda=0.000 grl_lambda=0.874 v18_lambda=0.000 gpu=3.0/15.8GB
[17:15:31] [train] ep=28 step=010/40 ce=0.4824 sc=0.7996 mi=0.0666 dn=0.0000 v13=0.0007 grl=0.0866 v15=0.0000 v15r=0.0000 v16=0.0000 v17=0.0000 v18=0.0000 acc=0.9875 lr=2.56e-04 lambda=0.000 grl_lambda=0.877 v18_lambda=0.000 gpu=3.0/15.8GB
[17:15:33] [train] ep=28 step=020/40 ce=0.4516 sc=0.7869 mi=0.0642 dn=0.0000 v13=0.0006 grl=0.0861 v15=0.0000 v15r=0.0000 v16=0.0000 v17=0.0000 v18=0.0000 acc=0.9875 lr=2.55e-04 lambda=0.000 grl_lambda=0.880 v18_lambda=0.000 gpu=3.0/15.8GB
[17:15:34] [train] ep=28 step=030/40 ce=0.4421 sc=0.7525 mi=0.0646 dn=0.0000 v13=0.0007 grl=0.0917 v15=0.0000 v15r=0.0000 v16=0.0000 v17=0.0000 v18=0.0000 acc=0.9896 lr=2.54e-04 lambda=0.000 grl_lambda=0.882 v18_lambda=0.000 gpu=3.0/15.8GB
[17:15:36] [train] ep=28 step=040/40 ce=0.4302 sc=0.7843 mi=0.0640 dn=0.0000 v13=0.0007 grl=0.0916 v15=0.0000 v15r=0.0000 v16=0.0000 v17=0.0000 v18=0.0000 acc=0.9906 lr=2.54e-04 lambda=0.000 grl_lambda=0.885 v18_lambda=0.000 gpu=3.0/15.8GB
[17:15:39] [ep_summary] ep=28/100 val_live=0.9691/0.9690 val_ema=0.8395/0.8305 test77_live=0.8309/0.7963 test77_diag_ema=0.3022/0.2261 v13=0.0007 grl=0.0916 v15=0.0000 v15r=0.0000 v16=0.0000 v17=0.0000 v18=0.0000 das=fixed_narrow[10,30] p=1.00 ep_time=10.1s
[17:15:39] [save] best_sourceval_ema val_acc_ema=0.8395 source_val_live=0.9691/0.9690 source_val_ema=0.8395/0.8305 ep=28
[17:15:39] [save] best_sourcequalified77_ema ep=28 source_val_live=0.9691/0.9690 source_val_ema=0.8395/0.8305 test77_ema=0.3022/0.2261
[17:15:39] [train] epoch 29/100 steps=40 use_dann=0 das=fixed_narrow f=[10.0,30.0] p=1.00 gpu=3.0/15.8GB
[17:15:39] [train] ep=29 step=001/40 ce=0.4270 sc=0.5912 mi=0.0566 dn=0.0000 v13=0.0010 grl=0.0602 v15=0.0000 v15r=0.0000 v16=0.0000 v17=0.0000 v18=0.0000 acc=1.0000 lr=2.53e-04 lambda=0.000 grl_lambda=0.885 v18_lambda=0.000 gpu=3.0/15.8GB
[17:15:41] [train] ep=29 step=010/40 ce=0.3293 sc=0.7359 mi=0.0614 dn=0.0000 v13=0.0008 grl=0.0704 v15=0.0000 v15r=0.0000 v16=0.0000 v17=0.0000 v18=0.0000 acc=1.0000 lr=2.53e-04 lambda=0.000 grl_lambda=0.888 v18_lambda=0.000 gpu=3.0/15.8GB
[17:15:43] [train] ep=29 step=020/40 ce=0.5174 sc=0.8241 mi=0.0619 dn=0.0000 v13=0.0008 grl=0.0750 v15=0.0000 v15r=0.0000 v16=0.0000 v17=0.0000 v18=0.0000 acc=0.9844 lr=2.52e-04 lambda=0.000 grl_lambda=0.890 v18_lambda=0.000 gpu=3.0/15.8GB
[17:15:44] [train] ep=29 step=030/40 ce=0.4660 sc=0.8703 mi=0.0632 dn=0.0000 v13=0.0008 grl=0.0795 v15=0.0000 v15r=0.0000 v16=0.0000 v17=0.0000 v18=0.0000 acc=0.9875 lr=2.51e-04 lambda=0.000 grl_lambda=0.893 v18_lambda=0.000 gpu=3.0/15.8GB
[17:15:46] [train] ep=29 step=040/40 ce=0.4322 sc=0.8189 mi=0.0641 dn=0.0000 v13=0.0007 grl=0.0874 v15=0.0000 v15r=0.0000 v16=0.0000 v17=0.0000 v18=0.0000 acc=0.9906 lr=2.50e-04 lambda=0.000 grl_lambda=0.895 v18_lambda=0.000 gpu=3.0/15.8GB
[17:15:49] [ep_summary] ep=29/100 val_live=0.9506/0.9502 val_ema=0.8519/0.8445 test77_live=0.7878/0.7367 test77_diag_ema=0.3237/0.2449 v13=0.0007 grl=0.0874 v15=0.0000 v15r=0.0000 v16=0.0000 v17=0.0000 v18=0.0000 das=fixed_narrow[10,30] p=1.00 ep_time=10.1s
[17:15:49] [save] best_sourceval_ema val_acc_ema=0.8519 source_val_live=0.9506/0.9502 source_val_ema=0.8519/0.8445 ep=29
[17:15:49] [save] best_sourcequalified77_ema ep=29 source_val_live=0.9506/0.9502 source_val_ema=0.8519/0.8445 test77_ema=0.3237/0.2449
[17:15:49] [train] epoch 30/100 steps=40 use_dann=0 das=fixed_narrow f=[10.0,30.0] p=1.00 gpu=3.0/15.8GB
[17:15:49] [train] ep=30 step=001/40 ce=0.2987 sc=0.8622 mi=0.0660 dn=0.0000 v13=0.0005 grl=0.1005 v15=0.0000 v15r=0.0000 v16=0.0000 v17=0.0000 v18=0.0000 acc=1.0000 lr=2.50e-04 lambda=0.000 grl_lambda=0.896 v18_lambda=0.000 gpu=3.0/15.8GB
[17:15:51] [train] ep=30 step=010/40 ce=0.3418 sc=0.7845 mi=0.0615 dn=0.0000 v13=0.0005 grl=0.0958 v15=0.0000 v15r=0.0000 v16=0.0000 v17=0.0000 v18=0.0000 acc=0.9938 lr=2.49e-04 lambda=0.000 grl_lambda=0.898 v18_lambda=0.000 gpu=3.0/15.8GB
[17:15:53] [train] ep=30 step=020/40 ce=0.4442 sc=0.8480 mi=0.0619 dn=0.0000 v13=0.0006 grl=0.0884 v15=0.0000 v15r=0.0000 v16=0.0000 v17=0.0000 v18=0.0000 acc=0.9906 lr=2.48e-04 lambda=0.000 grl_lambda=0.900 v18_lambda=0.000 gpu=3.0/15.8GB
[17:15:55] [train] ep=30 step=030/40 ce=0.4396 sc=0.8777 mi=0.0611 dn=0.0000 v13=0.0006 grl=0.0879 v15=0.0000 v15r=0.0000 v16=0.0000 v17=0.0000 v18=0.0000 acc=0.9917 lr=2.47e-04 lambda=0.000 grl_lambda=0.903 v18_lambda=0.000 gpu=3.0/15.8GB
[17:15:56] [train] ep=30 step=040/40 ce=0.4309 sc=0.8745 mi=0.0620 dn=0.0000 v13=0.0006 grl=0.0901 v15=0.0000 v15r=0.0000 v16=0.0000 v17=0.0000 v18=0.0000 acc=0.9922 lr=2.46e-04 lambda=0.000 grl_lambda=0.905 v18_lambda=0.000 gpu=3.0/15.8GB
[17:15:59] [pool] check ep=030/100 source_val_acc_ema=0.8580 threshold=0.90
[17:15:59] [pool] ep=030 SKIP (source_val_acc_ema=0.8580 < 0.90)
[17:15:59] [ep_summary] ep=30/100 val_live=0.9444/0.9438 val_ema=0.8580/0.8529 test77_live=0.8813/0.8707 test77_diag_ema=0.3345/0.2549 v13=0.0006 grl=0.0901 v15=0.0000 v15r=0.0000 v16=0.0000 v17=0.0000 v18=0.0000 das=fixed_narrow[10,30] p=1.00 ep_time=10.1s
[17:15:59] [save] best_sourceval_ema val_acc_ema=0.8580 source_val_live=0.9444/0.9438 source_val_ema=0.8580/0.8529 ep=30
[17:15:59] [save] best_sourcequalified77_ema ep=30 source_val_live=0.9444/0.9438 source_val_ema=0.8580/0.8529 test77_ema=0.3345/0.2549
[17:15:59] [strict77_monitor] ep=30 best_source_epoch=30 source_val_ema=0.8580/0.8529 test77_ema_diag=0.3345/0.2549 sourcequalified_count=30 best_sourcequalified77_epoch=30 source_val_ema=0.8580/0.8529 test77_ema=0.3345/0.2549
[17:15:59] [train] epoch 31/100 steps=40 use_dann=0 das=fixed_narrow f=[10.0,30.0] p=1.00 gpu=3.0/15.8GB
[17:16:00] [train] ep=31 step=001/40 ce=1.2491 sc=1.0538 mi=0.0701 dn=0.0000 v13=0.0010 grl=0.1387 v15=0.0000 v15r=0.0000 v16=0.0000 v17=0.0000 v18=0.0000 acc=0.9375 lr=2.46e-04 lambda=0.000 grl_lambda=0.905 v18_lambda=0.000 gpu=3.0/15.8GB
[17:16:01] [train] ep=31 step=010/40 ce=0.5521 sc=0.8304 mi=0.0613 dn=0.0000 v13=0.0006 grl=0.0936 v15=0.0000 v15r=0.0000 v16=0.0000 v17=0.0000 v18=0.0000 acc=0.9812 lr=2.45e-04 lambda=0.000 grl_lambda=0.907 v18_lambda=0.000 gpu=3.0/15.8GB
[17:16:03] [train] ep=31 step=020/40 ce=0.4347 sc=0.7980 mi=0.0607 dn=0.0000 v13=0.0006 grl=0.0890 v15=0.0000 v15r=0.0000 v16=0.0000 v17=0.0000 v18=0.0000 acc=0.9906 lr=2.44e-04 lambda=0.000 grl_lambda=0.909 v18_lambda=0.000 gpu=3.0/15.8GB
[17:16:05] [train] ep=31 step=030/40 ce=0.3856 sc=0.7952 mi=0.0619 dn=0.0000 v13=0.0006 grl=0.0901 v15=0.0000 v15r=0.0000 v16=0.0000 v17=0.0000 v18=0.0000 acc=0.9938 lr=2.43e-04 lambda=0.000 grl_lambda=0.911 v18_lambda=0.000 gpu=3.0/15.8GB
[17:16:07] [train] ep=31 step=040/40 ce=0.3647 sc=0.7786 mi=0.0620 dn=0.0000 v13=0.0006 grl=0.0878 v15=0.0000 v15r=0.0000 v16=0.0000 v17=0.0000 v18=0.0000 acc=0.9953 lr=2.43e-04 lambda=0.000 grl_lambda=0.914 v18_lambda=0.000 gpu=3.0/15.8GB
[17:16:09] [ep_summary] ep=31/100 val_live=0.9691/0.9688 val_ema=0.8765/0.8759 test77_live=0.8129/0.7517 test77_diag_ema=0.3489/0.2702 v13=0.0006 grl=0.0878 v15=0.0000 v15r=0.0000 v16=0.0000 v17=0.0000 v18=0.0000 das=fixed_narrow[10,30] p=1.00 ep_time=10.1s
[17:16:09] [save] best_sourceval_ema val_acc_ema=0.8765 source_val_live=0.9691/0.9688 source_val_ema=0.8765/0.8759 ep=31
[17:16:09] [save] best_sourcequalified77_ema ep=31 source_val_live=0.9691/0.9688 source_val_ema=0.8765/0.8759 test77_ema=0.3489/0.2702
[17:16:10] [train] epoch 32/100 steps=40 use_dann=0 das=fixed_narrow f=[10.0,30.0] p=1.00 gpu=3.0/15.8GB
[17:16:10] [train] ep=32 step=001/40 ce=0.2637 sc=0.6150 mi=0.0654 dn=0.0000 v13=0.0004 grl=0.0542 v15=0.0000 v15r=0.0000 v16=0.0000 v17=0.0000 v18=0.0000 acc=1.0000 lr=2.42e-04 lambda=0.000 grl_lambda=0.914 v18_lambda=0.000 gpu=3.0/15.8GB
[17:16:11] [train] ep=32 step=010/40 ce=0.4322 sc=0.9120 mi=0.0652 dn=0.0000 v13=0.0007 grl=0.0940 v15=0.0000 v15r=0.0000 v16=0.0000 v17=0.0000 v18=0.0000 acc=0.9875 lr=2.42e-04 lambda=0.000 grl_lambda=0.916 v18_lambda=0.000 gpu=3.0/15.8GB
[17:16:13] [train] ep=32 step=020/40 ce=0.4265 sc=0.8238 mi=0.0636 dn=0.0000 v13=0.0006 grl=0.0931 v15=0.0000 v15r=0.0000 v16=0.0000 v17=0.0000 v18=0.0000 acc=0.9875 lr=2.41e-04 lambda=0.000 grl_lambda=0.918 v18_lambda=0.000 gpu=3.0/15.8GB
[17:16:15] [train] ep=32 step=030/40 ce=0.3872 sc=0.7661 mi=0.0629 dn=0.0000 v13=0.0007 grl=0.0923 v15=0.0000 v15r=0.0000 v16=0.0000 v17=0.0000 v18=0.0000 acc=0.9917 lr=2.40e-04 lambda=0.000 grl_lambda=0.920 v18_lambda=0.000 gpu=3.0/15.8GB
[17:16:17] [train] ep=32 step=040/40 ce=0.3982 sc=0.7945 mi=0.0621 dn=0.0000 v13=0.0006 grl=0.0887 v15=0.0000 v15r=0.0000 v16=0.0000 v17=0.0000 v18=0.0000 acc=0.9906 lr=2.39e-04 lambda=0.000 grl_lambda=0.921 v18_lambda=0.000 gpu=3.0/15.8GB
[17:16:20] [ep_summary] ep=32/100 val_live=0.9568/0.9576 val_ema=0.8951/0.8933 test77_live=0.8201/0.7741 test77_diag_ema=0.3885/0.3112 v13=0.0006 grl=0.0887 v15=0.0000 v15r=0.0000 v16=0.0000 v17=0.0000 v18=0.0000 das=fixed_narrow[10,30] p=1.00 ep_time=10.2s
[17:16:20] [save] best_sourceval_ema val_acc_ema=0.8951 source_val_live=0.9568/0.9576 source_val_ema=0.8951/0.8933 ep=32
[17:16:20] [save] best_sourcequalified77_ema ep=32 source_val_live=0.9568/0.9576 source_val_ema=0.8951/0.8933 test77_ema=0.3885/0.3112
[17:16:20] [train] epoch 33/100 steps=40 use_dann=0 das=fixed_narrow f=[10.0,30.0] p=1.00 gpu=3.0/15.8GB
[17:16:20] [train] ep=33 step=001/40 ce=0.2689 sc=0.6273 mi=0.0750 dn=0.0000 v13=0.0004 grl=0.1018 v15=0.0000 v15r=0.0000 v16=0.0000 v17=0.0000 v18=0.0000 acc=1.0000 lr=2.39e-04 lambda=0.000 grl_lambda=0.922 v18_lambda=0.000 gpu=3.0/15.8GB
[17:16:22] [train] ep=33 step=010/40 ce=0.4006 sc=0.8034 mi=0.0652 dn=0.0000 v13=0.0006 grl=0.0885 v15=0.0000 v15r=0.0000 v16=0.0000 v17=0.0000 v18=0.0000 acc=0.9875 lr=2.38e-04 lambda=0.000 grl_lambda=0.923 v18_lambda=0.000 gpu=3.0/15.8GB
[17:16:24] [train] ep=33 step=020/40 ce=0.3846 sc=0.8037 mi=0.0649 dn=0.0000 v13=0.0006 grl=0.0909 v15=0.0000 v15r=0.0000 v16=0.0000 v17=0.0000 v18=0.0000 acc=0.9906 lr=2.37e-04 lambda=0.000 grl_lambda=0.925 v18_lambda=0.000 gpu=3.0/15.8GB
[17:16:26] [train] ep=33 step=030/40 ce=0.3484 sc=0.8016 mi=0.0635 dn=0.0000 v13=0.0006 grl=0.0902 v15=0.0000 v15r=0.0000 v16=0.0000 v17=0.0000 v18=0.0000 acc=0.9938 lr=2.36e-04 lambda=0.000 grl_lambda=0.927 v18_lambda=0.000 gpu=3.0/15.8GB
[17:16:28] [train] ep=33 step=040/40 ce=0.3285 sc=0.7920 mi=0.0631 dn=0.0000 v13=0.0006 grl=0.0885 v15=0.0000 v15r=0.0000 v16=0.0000 v17=0.0000 v18=0.0000 acc=0.9953 lr=2.35e-04 lambda=0.000 grl_lambda=0.929 v18_lambda=0.000 gpu=3.0/15.8GB
[17:16:31] [ep_summary] ep=33/100 val_live=0.9568/0.9567 val_ema=0.9012/0.9018 test77_live=0.8094/0.7577 test77_diag_ema=0.4173/0.3409 v13=0.0006 grl=0.0885 v15=0.0000 v15r=0.0000 v16=0.0000 v17=0.0000 v18=0.0000 das=fixed_narrow[10,30] p=1.00 ep_time=11.4s
[17:16:31] [save] best_sourceval_ema val_acc_ema=0.9012 source_val_live=0.9568/0.9567 source_val_ema=0.9012/0.9018 ep=33
[17:16:31] [save] best_sourcequalified77_ema ep=33 source_val_live=0.9568/0.9567 source_val_ema=0.9012/0.9018 test77_ema=0.4173/0.3409
[17:16:31] [train] epoch 34/100 steps=40 use_dann=0 das=fixed_narrow f=[10.0,30.0] p=1.00 gpu=3.0/15.8GB
[17:16:31] [train] ep=34 step=001/40 ce=0.2694 sc=0.4376 mi=0.0681 dn=0.0000 v13=0.0004 grl=0.0969 v15=0.0000 v15r=0.0000 v16=0.0000 v17=0.0000 v18=0.0000 acc=1.0000 lr=2.35e-04 lambda=0.000 grl_lambda=0.929 v18_lambda=0.000 gpu=3.0/15.8GB
[17:16:33] [train] ep=34 step=010/40 ce=0.2800 sc=0.9175 mi=0.0645 dn=0.0000 v13=0.0005 grl=0.0969 v15=0.0000 v15r=0.0000 v16=0.0000 v17=0.0000 v18=0.0000 acc=1.0000 lr=2.34e-04 lambda=0.000 grl_lambda=0.930 v18_lambda=0.000 gpu=3.0/15.8GB
[17:16:35] [train] ep=34 step=020/40 ce=0.3161 sc=0.8576 mi=0.0626 dn=0.0000 v13=0.0005 grl=0.0944 v15=0.0000 v15r=0.0000 v16=0.0000 v17=0.0000 v18=0.0000 acc=0.9969 lr=2.33e-04 lambda=0.000 grl_lambda=0.932 v18_lambda=0.000 gpu=3.0/15.8GB
[17:16:38] [train] ep=34 step=030/40 ce=0.3364 sc=0.8554 mi=0.0620 dn=0.0000 v13=0.0005 grl=0.0903 v15=0.0000 v15r=0.0000 v16=0.0000 v17=0.0000 v18=0.0000 acc=0.9958 lr=2.32e-04 lambda=0.000 grl_lambda=0.934 v18_lambda=0.000 gpu=3.0/15.8GB
[17:16:40] [train] ep=34 step=040/40 ce=0.3347 sc=0.8417 mi=0.0623 dn=0.0000 v13=0.0005 grl=0.0919 v15=0.0000 v15r=0.0000 v16=0.0000 v17=0.0000 v18=0.0000 acc=0.9953 lr=2.31e-04 lambda=0.000 grl_lambda=0.935 v18_lambda=0.000 gpu=3.0/15.8GB
[17:16:43] [ep_summary] ep=34/100 val_live=0.9506/0.9505 val_ema=0.9136/0.9135 test77_live=0.8058/0.7658 test77_diag_ema=0.4424/0.3640 v13=0.0005 grl=0.0919 v15=0.0000 v15r=0.0000 v16=0.0000 v17=0.0000 v18=0.0000 das=fixed_narrow[10,30] p=1.00 ep_time=11.3s
[17:16:43] [save] best_sourceval_ema val_acc_ema=0.9136 source_val_live=0.9506/0.9505 source_val_ema=0.9136/0.9135 ep=34
[17:16:43] [save] best_sourcequalified77_ema ep=34 source_val_live=0.9506/0.9505 source_val_ema=0.9136/0.9135 test77_ema=0.4424/0.3640
[17:16:43] [train] epoch 35/100 steps=40 use_dann=0 das=fixed_narrow f=[10.0,30.0] p=1.00 gpu=3.0/15.8GB
[17:16:43] [train] ep=35 step=001/40 ce=0.6824 sc=0.9051 mi=0.0643 dn=0.0000 v13=0.0003 grl=0.1075 v15=0.0000 v15r=0.0000 v16=0.0000 v17=0.0000 v18=0.0000 acc=1.0000 lr=2.31e-04 lambda=0.000 grl_lambda=0.935 v18_lambda=0.000 gpu=3.0/15.8GB
[17:16:45] [train] ep=35 step=010/40 ce=0.4828 sc=0.8205 mi=0.0591 dn=0.0000 v13=0.0005 grl=0.0745 v15=0.0000 v15r=0.0000 v16=0.0000 v17=0.0000 v18=0.0000 acc=0.9938 lr=2.30e-04 lambda=0.000 grl_lambda=0.937 v18_lambda=0.000 gpu=3.0/15.8GB
[17:16:46] [train] ep=35 step=020/40 ce=0.4339 sc=0.8180 mi=0.0607 dn=0.0000 v13=0.0005 grl=0.0753 v15=0.0000 v15r=0.0000 v16=0.0000 v17=0.0000 v18=0.0000 acc=0.9938 lr=2.29e-04 lambda=0.000 grl_lambda=0.938 v18_lambda=0.000 gpu=3.0/15.8GB
[17:16:48] [train] ep=35 step=030/40 ce=0.3889 sc=0.7941 mi=0.0619 dn=0.0000 v13=0.0005 grl=0.0786 v15=0.0000 v15r=0.0000 v16=0.0000 v17=0.0000 v18=0.0000 acc=0.9958 lr=2.28e-04 lambda=0.000 grl_lambda=0.940 v18_lambda=0.000 gpu=3.0/15.8GB
[17:16:50] [train] ep=35 step=040/40 ce=0.4074 sc=0.8210 mi=0.0616 dn=0.0000 v13=0.0005 grl=0.0775 v15=0.0000 v15r=0.0000 v16=0.0000 v17=0.0000 v18=0.0000 acc=0.9938 lr=2.27e-04 lambda=0.000 grl_lambda=0.941 v18_lambda=0.000 gpu=3.0/15.8GB
[17:16:53] [ep_summary] ep=35/100 val_live=0.9630/0.9637 val_ema=0.9259/0.9265 test77_live=0.8129/0.7761 test77_diag_ema=0.4676/0.3878 v13=0.0005 grl=0.0775 v15=0.0000 v15r=0.0000 v16=0.0000 v17=0.0000 v18=0.0000 das=fixed_narrow[10,30] p=1.00 ep_time=10.2s
[17:16:53] [save] best_sourceval_ema val_acc_ema=0.9259 source_val_live=0.9630/0.9637 source_val_ema=0.9259/0.9265 ep=35
[17:16:53] [save] best_sourcequalified77_ema ep=35 source_val_live=0.9630/0.9637 source_val_ema=0.9259/0.9265 test77_ema=0.4676/0.3878
[17:16:53] [train] epoch 36/100 steps=40 use_dann=0 das=fixed_narrow f=[10.0,30.0] p=1.00 gpu=3.0/15.8GB
[17:16:53] [train] ep=36 step=001/40 ce=0.5964 sc=0.9291 mi=0.0593 dn=0.0000 v13=0.0005 grl=0.1139 v15=0.0000 v15r=0.0000 v16=0.0000 v17=0.0000 v18=0.0000 acc=1.0000 lr=2.26e-04 lambda=0.000 grl_lambda=0.941 v18_lambda=0.000 gpu=3.0/15.8GB
[17:16:55] [train] ep=36 step=010/40 ce=0.4833 sc=0.8444 mi=0.0608 dn=0.0000 v13=0.0005 grl=0.0673 v15=0.0000 v15r=0.0000 v16=0.0000 v17=0.0000 v18=0.0000 acc=0.9875 lr=2.25e-04 lambda=0.000 grl_lambda=0.943 v18_lambda=0.000 gpu=3.0/15.8GB
[17:16:57] [train] ep=36 step=020/40 ce=0.5182 sc=0.7974 mi=0.0624 dn=0.0000 v13=0.0005 grl=0.0806 v15=0.0000 v15r=0.0000 v16=0.0000 v17=0.0000 v18=0.0000 acc=0.9812 lr=2.24e-04 lambda=0.000 grl_lambda=0.944 v18_lambda=0.000 gpu=3.0/15.8GB
[17:16:58] [train] ep=36 step=030/40 ce=0.4804 sc=0.8010 mi=0.0608 dn=0.0000 v13=0.0006 grl=0.0798 v15=0.0000 v15r=0.0000 v16=0.0000 v17=0.0000 v18=0.0000 acc=0.9812 lr=2.23e-04 lambda=0.000 grl_lambda=0.945 v18_lambda=0.000 gpu=3.0/15.8GB
[17:17:00] [train] ep=36 step=040/40 ce=0.4575 sc=0.7752 mi=0.0618 dn=0.0000 v13=0.0006 grl=0.0835 v15=0.0000 v15r=0.0000 v16=0.0000 v17=0.0000 v18=0.0000 acc=0.9859 lr=2.22e-04 lambda=0.000 grl_lambda=0.947 v18_lambda=0.000 gpu=3.0/15.8GB
[17:17:03] [ep_summary] ep=36/100 val_live=0.9630/0.9639 val_ema=0.9321/0.9328 test77_live=0.8525/0.8407 test77_diag_ema=0.4928/0.4048 v13=0.0006 grl=0.0835 v15=0.0000 v15r=0.0000 v16=0.0000 v17=0.0000 v18=0.0000 das=fixed_narrow[10,30] p=1.00 ep_time=10.3s
[17:17:03] [save] best_sourceval_ema val_acc_ema=0.9321 source_val_live=0.9630/0.9639 source_val_ema=0.9321/0.9328 ep=36
[17:17:03] [save] best_sourcequalified77_ema ep=36 source_val_live=0.9630/0.9639 source_val_ema=0.9321/0.9328 test77_ema=0.4928/0.4048
[17:17:03] [train] epoch 37/100 steps=40 use_dann=0 das=fixed_narrow f=[10.0,30.0] p=1.00 gpu=3.0/15.8GB
[17:17:04] [train] ep=37 step=001/40 ce=0.3432 sc=0.9758 mi=0.0663 dn=0.0000 v13=0.0003 grl=0.1006 v15=0.0000 v15r=0.0000 v16=0.0000 v17=0.0000 v18=0.0000 acc=1.0000 lr=2.22e-04 lambda=0.000 grl_lambda=0.947 v18_lambda=0.000 gpu=3.0/15.8GB
[17:17:05] [train] ep=37 step=010/40 ce=0.4116 sc=0.8263 mi=0.0580 dn=0.0000 v13=0.0005 grl=0.0804 v15=0.0000 v15r=0.0000 v16=0.0000 v17=0.0000 v18=0.0000 acc=0.9938 lr=2.21e-04 lambda=0.000 grl_lambda=0.948 v18_lambda=0.000 gpu=3.0/15.8GB
[17:17:07] [train] ep=37 step=020/40 ce=0.3965 sc=0.8149 mi=0.0597 dn=0.0000 v13=0.0005 grl=0.0774 v15=0.0000 v15r=0.0000 v16=0.0000 v17=0.0000 v18=0.0000 acc=0.9969 lr=2.20e-04 lambda=0.000 grl_lambda=0.949 v18_lambda=0.000 gpu=3.0/15.8GB
[17:17:10] [train] ep=37 step=030/40 ce=0.3608 sc=0.7886 mi=0.0597 dn=0.0000 v13=0.0005 grl=0.0786 v15=0.0000 v15r=0.0000 v16=0.0000 v17=0.0000 v18=0.0000 acc=0.9979 lr=2.19e-04 lambda=0.000 grl_lambda=0.950 v18_lambda=0.000 gpu=3.0/15.8GB
[17:17:12] [train] ep=37 step=040/40 ce=0.3438 sc=0.7910 mi=0.0608 dn=0.0000 v13=0.0006 grl=0.0806 v15=0.0000 v15r=0.0000 v16=0.0000 v17=0.0000 v18=0.0000 acc=0.9984 lr=2.18e-04 lambda=0.000 grl_lambda=0.952 v18_lambda=0.000 gpu=3.0/15.8GB
[17:17:15] [ep_summary] ep=37/100 val_live=0.9753/0.9759 val_ema=0.9383/0.9390 test77_live=0.7770/0.7265 test77_diag_ema=0.5108/0.4168 v13=0.0006 grl=0.0806 v15=0.0000 v15r=0.0000 v16=0.0000 v17=0.0000 v18=0.0000 das=fixed_narrow[10,30] p=1.00 ep_time=11.2s
[17:17:15] [save] best_sourceval_ema val_acc_ema=0.9383 source_val_live=0.9753/0.9759 source_val_ema=0.9383/0.9390 ep=37
[17:17:15] [save] best_sourcequalified77_ema ep=37 source_val_live=0.9753/0.9759 source_val_ema=0.9383/0.9390 test77_ema=0.5108/0.4168
[17:17:15] [train] epoch 38/100 steps=40 use_dann=0 das=fixed_narrow f=[10.0,30.0] p=1.00 gpu=3.0/15.8GB
[17:17:15] [train] ep=38 step=001/40 ce=0.2741 sc=0.4379 mi=0.0569 dn=0.0000 v13=0.0005 grl=0.0758 v15=0.0000 v15r=0.0000 v16=0.0000 v17=0.0000 v18=0.0000 acc=1.0000 lr=2.18e-04 lambda=0.000 grl_lambda=0.952 v18_lambda=0.000 gpu=3.0/15.8GB
[17:17:17] [train] ep=38 step=010/40 ce=0.3609 sc=0.7892 mi=0.0584 dn=0.0000 v13=0.0005 grl=0.0838 v15=0.0000 v15r=0.0000 v16=0.0000 v17=0.0000 v18=0.0000 acc=0.9938 lr=2.17e-04 lambda=0.000 grl_lambda=0.953 v18_lambda=0.000 gpu=3.0/15.8GB
[17:17:18] [train] ep=38 step=020/40 ce=0.3203 sc=0.7880 mi=0.0583 dn=0.0000 v13=0.0005 grl=0.0812 v15=0.0000 v15r=0.0000 v16=0.0000 v17=0.0000 v18=0.0000 acc=0.9969 lr=2.16e-04 lambda=0.000 grl_lambda=0.954 v18_lambda=0.000 gpu=3.0/15.8GB
[17:17:20] [train] ep=38 step=030/40 ce=0.3654 sc=0.7735 mi=0.0595 dn=0.0000 v13=0.0005 grl=0.0833 v15=0.0000 v15r=0.0000 v16=0.0000 v17=0.0000 v18=0.0000 acc=0.9938 lr=2.15e-04 lambda=0.000 grl_lambda=0.955 v18_lambda=0.000 gpu=3.0/15.8GB
[17:17:22] [train] ep=38 step=040/40 ce=0.3611 sc=0.7819 mi=0.0602 dn=0.0000 v13=0.0006 grl=0.0851 v15=0.0000 v15r=0.0000 v16=0.0000 v17=0.0000 v18=0.0000 acc=0.9938 lr=2.14e-04 lambda=0.000 grl_lambda=0.956 v18_lambda=0.000 gpu=3.0/15.8GB
[17:17:25] [ep_summary] ep=38/100 val_live=0.9383/0.9393 val_ema=0.9444/0.9451 test77_live=0.8201/0.7693 test77_diag_ema=0.5324/0.4347 v13=0.0006 grl=0.0851 v15=0.0000 v15r=0.0000 v16=0.0000 v17=0.0000 v18=0.0000 das=fixed_narrow[10,30] p=1.00 ep_time=10.4s
[17:17:25] [save] best_sourceval_ema val_acc_ema=0.9444 source_val_live=0.9383/0.9393 source_val_ema=0.9444/0.9451 ep=38
[17:17:25] [save] best_sourcequalified77_ema ep=38 source_val_live=0.9383/0.9393 source_val_ema=0.9444/0.9451 test77_ema=0.5324/0.4347
[17:17:25] [train] epoch 39/100 steps=40 use_dann=0 das=fixed_narrow f=[10.0,30.0] p=1.00 gpu=3.0/15.8GB
[17:17:25] [train] ep=39 step=001/40 ce=0.2641 sc=0.7849 mi=0.0541 dn=0.0000 v13=0.0008 grl=0.0948 v15=0.0000 v15r=0.0000 v16=0.0000 v17=0.0000 v18=0.0000 acc=1.0000 lr=2.14e-04 lambda=0.000 grl_lambda=0.956 v18_lambda=0.000 gpu=3.0/15.8GB
[17:17:27] [train] ep=39 step=010/40 ce=0.3488 sc=0.8386 mi=0.0589 dn=0.0000 v13=0.0007 grl=0.0880 v15=0.0000 v15r=0.0000 v16=0.0000 v17=0.0000 v18=0.0000 acc=0.9938 lr=2.13e-04 lambda=0.000 grl_lambda=0.957 v18_lambda=0.000 gpu=3.0/15.8GB
[17:17:29] [train] ep=39 step=020/40 ce=0.3306 sc=0.7814 mi=0.0592 dn=0.0000 v13=0.0006 grl=0.0881 v15=0.0000 v15r=0.0000 v16=0.0000 v17=0.0000 v18=0.0000 acc=0.9969 lr=2.11e-04 lambda=0.000 grl_lambda=0.958 v18_lambda=0.000 gpu=3.0/15.8GB
[17:17:31] [train] ep=39 step=030/40 ce=0.4227 sc=0.8042 mi=0.0598 dn=0.0000 v13=0.0006 grl=0.0827 v15=0.0000 v15r=0.0000 v16=0.0000 v17=0.0000 v18=0.0000 acc=0.9896 lr=2.10e-04 lambda=0.000 grl_lambda=0.959 v18_lambda=0.000 gpu=3.0/15.8GB
[17:17:33] [train] ep=39 step=040/40 ce=0.4056 sc=0.7903 mi=0.0592 dn=0.0000 v13=0.0006 grl=0.0782 v15=0.0000 v15r=0.0000 v16=0.0000 v17=0.0000 v18=0.0000 acc=0.9906 lr=2.09e-04 lambda=0.000 grl_lambda=0.960 v18_lambda=0.000 gpu=3.0/15.8GB
[17:17:36] [ep_summary] ep=39/100 val_live=0.9630/0.9627 val_ema=0.9444/0.9451 test77_live=0.7878/0.7442 test77_diag_ema=0.5719/0.4816 v13=0.0006 grl=0.0782 v15=0.0000 v15r=0.0000 v16=0.0000 v17=0.0000 v18=0.0000 das=fixed_narrow[10,30] p=1.00 ep_time=10.9s
[17:17:36] [save] best_sourcequalified77_ema ep=39 source_val_live=0.9630/0.9627 source_val_ema=0.9444/0.9451 test77_ema=0.5719/0.4816
[17:17:36] [train] epoch 40/100 steps=40 use_dann=0 das=fixed_narrow f=[10.0,30.0] p=1.00 gpu=3.0/15.8GB
[17:17:36] [train] ep=40 step=001/40 ce=0.3591 sc=1.0129 mi=0.0676 dn=0.0000 v13=0.0005 grl=0.1237 v15=0.0000 v15r=0.0000 v16=0.0000 v17=0.0000 v18=0.0000 acc=1.0000 lr=2.09e-04 lambda=0.000 grl_lambda=0.960 v18_lambda=0.000 gpu=3.0/15.8GB
[17:17:38] [train] ep=40 step=010/40 ce=0.6182 sc=0.9868 mi=0.0626 dn=0.0000 v13=0.0005 grl=0.0879 v15=0.0000 v15r=0.0000 v16=0.0000 v17=0.0000 v18=0.0000 acc=0.9750 lr=2.08e-04 lambda=0.000 grl_lambda=0.961 v18_lambda=0.000 gpu=3.0/15.8GB
[17:17:40] [train] ep=40 step=020/40 ce=0.4946 sc=0.8705 mi=0.0631 dn=0.0000 v13=0.0005 grl=0.0868 v15=0.0000 v15r=0.0000 v16=0.0000 v17=0.0000 v18=0.0000 acc=0.9844 lr=2.07e-04 lambda=0.000 grl_lambda=0.962 v18_lambda=0.000 gpu=3.0/15.8GB
[17:17:42] [train] ep=40 step=030/40 ce=0.4735 sc=0.8632 mi=0.0627 dn=0.0000 v13=0.0006 grl=0.0810 v15=0.0000 v15r=0.0000 v16=0.0000 v17=0.0000 v18=0.0000 acc=0.9854 lr=2.06e-04 lambda=0.000 grl_lambda=0.963 v18_lambda=0.000 gpu=3.0/15.8GB
[17:17:44] [train] ep=40 step=040/40 ce=0.4456 sc=0.8758 mi=0.0623 dn=0.0000 v13=0.0006 grl=0.0804 v15=0.0000 v15r=0.0000 v16=0.0000 v17=0.0000 v18=0.0000 acc=0.9875 lr=2.05e-04 lambda=0.000 grl_lambda=0.964 v18_lambda=0.000 gpu=3.0/15.8GB
[17:17:47] [pool] check ep=040/100 source_val_acc_ema=0.9444 threshold=0.90
[17:17:48] [pool] ep=040 ADDED src_val=0.9444/0.9451 dev77=0.5500/0.4667 final77=0.5863/0.4940
[17:17:48] [pool] running best ep=040 dev77_f1=0.4667 final77_f1=0.4940 (pool_size=1)
[17:17:48] [ep_summary] ep=40/100 val_live=0.9877/0.9880 val_ema=0.9444/0.9451 test77_live=0.7986/0.7494 test77_diag_ema=0.5863/0.4940 v13=0.0006 grl=0.0804 v15=0.0000 v15r=0.0000 v16=0.0000 v17=0.0000 v18=0.0000 das=fixed_narrow[10,30] p=1.00 ep_time=12.3s
[17:17:49] [save] best_sourcequalified77_ema ep=40 source_val_live=0.9877/0.9880 source_val_ema=0.9444/0.9451 test77_ema=0.5863/0.4940
[17:17:49] [strict77_monitor] ep=40 best_source_epoch=38 source_val_ema=0.9444/0.9451 test77_ema_diag=0.5324/0.4347 sourcequalified_count=40 best_sourcequalified77_epoch=40 source_val_ema=0.9444/0.9451 test77_ema=0.5863/0.4940
[17:17:49] [train] epoch 41/100 steps=40 use_dann=0 das=fixed_narrow f=[10.0,30.0] p=1.00 gpu=3.0/15.8GB
[17:17:49] [train] ep=41 step=001/40 ce=0.2623 sc=0.7627 mi=0.0589 dn=0.0000 v13=0.0003 grl=0.1156 v15=0.0000 v15r=0.0000 v16=0.0000 v17=0.0000 v18=0.0000 acc=1.0000 lr=2.05e-04 lambda=0.000 grl_lambda=0.964 v18_lambda=0.000 gpu=3.0/15.8GB
[17:17:50] [train] ep=41 step=010/40 ce=0.2884 sc=0.9214 mi=0.0588 dn=0.0000 v13=0.0005 grl=0.0866 v15=0.0000 v15r=0.0000 v16=0.0000 v17=0.0000 v18=0.0000 acc=1.0000 lr=2.04e-04 lambda=0.000 grl_lambda=0.965 v18_lambda=0.000 gpu=3.0/15.8GB
[17:17:53] [train] ep=41 step=020/40 ce=0.3651 sc=0.8489 mi=0.0605 dn=0.0000 v13=0.0005 grl=0.0813 v15=0.0000 v15r=0.0000 v16=0.0000 v17=0.0000 v18=0.0000 acc=0.9938 lr=2.02e-04 lambda=0.000 grl_lambda=0.966 v18_lambda=0.000 gpu=3.0/15.8GB
[17:17:55] [train] ep=41 step=030/40 ce=0.3493 sc=0.8547 mi=0.0597 dn=0.0000 v13=0.0005 grl=0.0829 v15=0.0000 v15r=0.0000 v16=0.0000 v17=0.0000 v18=0.0000 acc=0.9958 lr=2.01e-04 lambda=0.000 grl_lambda=0.967 v18_lambda=0.000 gpu=3.0/15.8GB
[17:17:57] [train] ep=41 step=040/40 ce=0.3295 sc=0.8037 mi=0.0598 dn=0.0000 v13=0.0005 grl=0.0796 v15=0.0000 v15r=0.0000 v16=0.0000 v17=0.0000 v18=0.0000 acc=0.9969 lr=2.00e-04 lambda=0.000 grl_lambda=0.967 v18_lambda=0.000 gpu=3.0/15.8GB
[17:18:00] [ep_summary] ep=41/100 val_live=0.9568/0.9576 val_ema=0.9444/0.9451 test77_live=0.7950/0.7455 test77_diag_ema=0.5935/0.5017 v13=0.0005 grl=0.0796 v15=0.0000 v15r=0.0000 v16=0.0000 v17=0.0000 v18=0.0000 das=fixed_narrow[10,30] p=1.00 ep_time=11.7s
[17:18:00] [save] best_sourcequalified77_ema ep=41 source_val_live=0.9568/0.9576 source_val_ema=0.9444/0.9451 test77_ema=0.5935/0.5017
[17:18:00] [train] epoch 42/100 steps=40 use_dann=0 das=fixed_narrow f=[10.0,30.0] p=1.00 gpu=3.0/15.8GB
[17:18:00] [train] ep=42 step=001/40 ce=0.2782 sc=1.0098 mi=0.0566 dn=0.0000 v13=0.0006 grl=0.0742 v15=0.0000 v15r=0.0000 v16=0.0000 v17=0.0000 v18=0.0000 acc=1.0000 lr=2.00e-04 lambda=0.000 grl_lambda=0.967 v18_lambda=0.000 gpu=3.0/15.8GB
[17:18:02] [train] ep=42 step=010/40 ce=0.2673 sc=0.7817 mi=0.0571 dn=0.0000 v13=0.0006 grl=0.0795 v15=0.0000 v15r=0.0000 v16=0.0000 v17=0.0000 v18=0.0000 acc=1.0000 lr=1.99e-04 lambda=0.000 grl_lambda=0.968 v18_lambda=0.000 gpu=3.0/15.8GB
[17:18:04] [train] ep=42 step=020/40 ce=0.2972 sc=0.8006 mi=0.0586 dn=0.0000 v13=0.0005 grl=0.0800 v15=0.0000 v15r=0.0000 v16=0.0000 v17=0.0000 v18=0.0000 acc=0.9969 lr=1.98e-04 lambda=0.000 grl_lambda=0.969 v18_lambda=0.000 gpu=3.0/15.8GB
[17:18:06] [train] ep=42 step=030/40 ce=0.3050 sc=0.8078 mi=0.0581 dn=0.0000 v13=0.0005 grl=0.0847 v15=0.0000 v15r=0.0000 v16=0.0000 v17=0.0000 v18=0.0000 acc=0.9979 lr=1.97e-04 lambda=0.000 grl_lambda=0.970 v18_lambda=0.000 gpu=3.0/15.8GB
[17:18:08] [train] ep=42 step=040/40 ce=0.2979 sc=0.7860 mi=0.0586 dn=0.0000 v13=0.0005 grl=0.0860 v15=0.0000 v15r=0.0000 v16=0.0000 v17=0.0000 v18=0.0000 acc=0.9984 lr=1.96e-04 lambda=0.000 grl_lambda=0.970 v18_lambda=0.000 gpu=3.0/15.8GB
[17:18:11] [ep_summary] ep=42/100 val_live=0.9691/0.9689 val_ema=0.9506/0.9511 test77_live=0.7518/0.7074 test77_diag_ema=0.6043/0.5107 v13=0.0005 grl=0.0860 v15=0.0000 v15r=0.0000 v16=0.0000 v17=0.0000 v18=0.0000 das=fixed_narrow[10,30] p=1.00 ep_time=11.0s
[17:18:11] [save] best_sourceval_ema val_acc_ema=0.9506 source_val_live=0.9691/0.9689 source_val_ema=0.9506/0.9511 ep=42
[17:18:11] [save] best_sourcequalified77_ema ep=42 source_val_live=0.9691/0.9689 source_val_ema=0.9506/0.9511 test77_ema=0.6043/0.5107
[17:18:11] [train] epoch 43/100 steps=40 use_dann=0 das=fixed_narrow f=[10.0,30.0] p=1.00 gpu=3.0/15.8GB
[17:18:12] [train] ep=43 step=001/40 ce=0.7475 sc=1.3298 mi=0.0493 dn=0.0000 v13=0.0006 grl=0.0711 v15=0.0000 v15r=0.0000 v16=0.0000 v17=0.0000 v18=0.0000 acc=0.9375 lr=1.95e-04 lambda=0.000 grl_lambda=0.970 v18_lambda=0.000 gpu=3.0/15.8GB
[17:18:13] [train] ep=43 step=010/40 ce=0.4299 sc=0.8521 mi=0.0595 dn=0.0000 v13=0.0006 grl=0.0750 v15=0.0000 v15r=0.0000 v16=0.0000 v17=0.0000 v18=0.0000 acc=0.9875 lr=1.94e-04 lambda=0.000 grl_lambda=0.971 v18_lambda=0.000 gpu=3.0/15.8GB
[17:18:16] [train] ep=43 step=020/40 ce=0.3809 sc=0.8527 mi=0.0587 dn=0.0000 v13=0.0005 grl=0.0738 v15=0.0000 v15r=0.0000 v16=0.0000 v17=0.0000 v18=0.0000 acc=0.9906 lr=1.93e-04 lambda=0.000 grl_lambda=0.972 v18_lambda=0.000 gpu=3.0/15.8GB
[17:18:18] [train] ep=43 step=030/40 ce=0.3829 sc=0.8820 mi=0.0585 dn=0.0000 v13=0.0005 grl=0.0762 v15=0.0000 v15r=0.0000 v16=0.0000 v17=0.0000 v18=0.0000 acc=0.9917 lr=1.92e-04 lambda=0.000 grl_lambda=0.972 v18_lambda=0.000 gpu=3.0/15.8GB
[17:18:20] [train] ep=43 step=040/40 ce=0.3555 sc=0.8513 mi=0.0589 dn=0.0000 v13=0.0005 grl=0.0793 v15=0.0000 v15r=0.0000 v16=0.0000 v17=0.0000 v18=0.0000 acc=0.9938 lr=1.91e-04 lambda=0.000 grl_lambda=0.973 v18_lambda=0.000 gpu=3.0/15.8GB
[17:18:22] [ep_summary] ep=43/100 val_live=0.9568/0.9576 val_ema=0.9506/0.9511 test77_live=0.7662/0.7305 test77_diag_ema=0.6187/0.5222 v13=0.0005 grl=0.0793 v15=0.0000 v15r=0.0000 v16=0.0000 v17=0.0000 v18=0.0000 das=fixed_narrow[10,30] p=1.00 ep_time=11.2s
[17:18:23] [save] best_sourcequalified77_ema ep=43 source_val_live=0.9568/0.9576 source_val_ema=0.9506/0.9511 test77_ema=0.6187/0.5222
[17:18:23] [train] epoch 44/100 steps=40 use_dann=0 das=fixed_narrow f=[10.0,30.0] p=1.00 gpu=3.0/15.8GB
[17:18:23] [train] ep=44 step=001/40 ce=0.2615 sc=0.4233 mi=0.0588 dn=0.0000 v13=0.0002 grl=0.0398 v15=0.0000 v15r=0.0000 v16=0.0000 v17=0.0000 v18=0.0000 acc=1.0000 lr=1.91e-04 lambda=0.000 grl_lambda=0.973 v18_lambda=0.000 gpu=3.0/15.8GB
[17:18:24] [train] ep=44 step=010/40 ce=0.2618 sc=0.6895 mi=0.0599 dn=0.0000 v13=0.0004 grl=0.0777 v15=0.0000 v15r=0.0000 v16=0.0000 v17=0.0000 v18=0.0000 acc=1.0000 lr=1.90e-04 lambda=0.000 grl_lambda=0.974 v18_lambda=0.000 gpu=3.0/15.8GB
[17:18:26] [train] ep=44 step=020/40 ce=0.3448 sc=0.7818 mi=0.0605 dn=0.0000 v13=0.0005 grl=0.0756 v15=0.0000 v15r=0.0000 v16=0.0000 v17=0.0000 v18=0.0000 acc=0.9938 lr=1.89e-04 lambda=0.000 grl_lambda=0.974 v18_lambda=0.000 gpu=3.0/15.8GB
[17:18:28] [train] ep=44 step=030/40 ce=0.3612 sc=0.8170 mi=0.0608 dn=0.0000 v13=0.0005 grl=0.0778 v15=0.0000 v15r=0.0000 v16=0.0000 v17=0.0000 v18=0.0000 acc=0.9917 lr=1.87e-04 lambda=0.000 grl_lambda=0.975 v18_lambda=0.000 gpu=3.0/15.8GB
[17:18:30] [train] ep=44 step=040/40 ce=0.3530 sc=0.7898 mi=0.0611 dn=0.0000 v13=0.0005 grl=0.0757 v15=0.0000 v15r=0.0000 v16=0.0000 v17=0.0000 v18=0.0000 acc=0.9922 lr=1.86e-04 lambda=0.000 grl_lambda=0.976 v18_lambda=0.000 gpu=3.0/15.8GB
[17:18:33] [ep_summary] ep=44/100 val_live=0.9691/0.9694 val_ema=0.9568/0.9571 test77_live=0.7590/0.7170 test77_diag_ema=0.6331/0.5403 v13=0.0005 grl=0.0757 v15=0.0000 v15r=0.0000 v16=0.0000 v17=0.0000 v18=0.0000 das=fixed_narrow[10,30] p=1.00 ep_time=10.2s
[17:18:33] [save] best_sourceval_ema val_acc_ema=0.9568 source_val_live=0.9691/0.9694 source_val_ema=0.9568/0.9571 ep=44
[17:18:33] [save] best_sourcequalified77_ema ep=44 source_val_live=0.9691/0.9694 source_val_ema=0.9568/0.9571 test77_ema=0.6331/0.5403
[17:18:33] [train] epoch 45/100 steps=40 use_dann=0 das=fixed_narrow f=[10.0,30.0] p=1.00 gpu=3.0/15.8GB
[17:18:33] [train] ep=45 step=001/40 ce=0.2652 sc=0.6024 mi=0.0576 dn=0.0000 v13=0.0003 grl=0.1014 v15=0.0000 v15r=0.0000 v16=0.0000 v17=0.0000 v18=0.0000 acc=1.0000 lr=1.86e-04 lambda=0.000 grl_lambda=0.976 v18_lambda=0.000 gpu=3.0/15.8GB
[17:18:35] [train] ep=45 step=010/40 ce=0.2861 sc=0.8099 mi=0.0572 dn=0.0000 v13=0.0005 grl=0.0746 v15=0.0000 v15r=0.0000 v16=0.0000 v17=0.0000 v18=0.0000 acc=1.0000 lr=1.85e-04 lambda=0.000 grl_lambda=0.976 v18_lambda=0.000 gpu=3.0/15.8GB
[17:18:36] [train] ep=45 step=020/40 ce=0.3199 sc=0.7587 mi=0.0583 dn=0.0000 v13=0.0005 grl=0.0777 v15=0.0000 v15r=0.0000 v16=0.0000 v17=0.0000 v18=0.0000 acc=0.9969 lr=1.84e-04 lambda=0.000 grl_lambda=0.977 v18_lambda=0.000 gpu=3.0/15.8GB
[17:18:38] [train] ep=45 step=030/40 ce=0.3311 sc=0.7750 mi=0.0587 dn=0.0000 v13=0.0005 grl=0.0809 v15=0.0000 v15r=0.0000 v16=0.0000 v17=0.0000 v18=0.0000 acc=0.9958 lr=1.83e-04 lambda=0.000 grl_lambda=0.977 v18_lambda=0.000 gpu=3.0/15.8GB
[17:18:40] [train] ep=45 step=040/40 ce=0.3334 sc=0.7728 mi=0.0582 dn=0.0000 v13=0.0005 grl=0.0844 v15=0.0000 v15r=0.0000 v16=0.0000 v17=0.0000 v18=0.0000 acc=0.9953 lr=1.81e-04 lambda=0.000 grl_lambda=0.978 v18_lambda=0.000 gpu=3.0/15.8GB
[17:18:43] [ep_summary] ep=45/100 val_live=0.9630/0.9639 val_ema=0.9568/0.9571 test77_live=0.7518/0.7073 test77_diag_ema=0.6439/0.5580 v13=0.0005 grl=0.0844 v15=0.0000 v15r=0.0000 v16=0.0000 v17=0.0000 v18=0.0000 das=fixed_narrow[10,30] p=1.00 ep_time=10.1s
[17:18:43] [save] best_sourcequalified77_ema ep=45 source_val_live=0.9630/0.9639 source_val_ema=0.9568/0.9571 test77_ema=0.6439/0.5580
[17:18:43] [train] epoch 46/100 steps=40 use_dann=0 das=fixed_narrow f=[10.0,30.0] p=1.00 gpu=3.0/15.8GB
[17:18:43] [train] ep=46 step=001/40 ce=0.2656 sc=0.7478 mi=0.0571 dn=0.0000 v13=0.0005 grl=0.1283 v15=0.0000 v15r=0.0000 v16=0.0000 v17=0.0000 v18=0.0000 acc=1.0000 lr=1.81e-04 lambda=0.000 grl_lambda=0.978 v18_lambda=0.000 gpu=3.0/15.8GB
[17:18:45] [train] ep=46 step=010/40 ce=0.2840 sc=0.7337 mi=0.0558 dn=0.0000 v13=0.0005 grl=0.0909 v15=0.0000 v15r=0.0000 v16=0.0000 v17=0.0000 v18=0.0000 acc=1.0000 lr=1.80e-04 lambda=0.000 grl_lambda=0.979 v18_lambda=0.000 gpu=3.0/15.8GB
[17:18:47] [train] ep=46 step=020/40 ce=0.3072 sc=0.7439 mi=0.0573 dn=0.0000 v13=0.0006 grl=0.0906 v15=0.0000 v15r=0.0000 v16=0.0000 v17=0.0000 v18=0.0000 acc=0.9969 lr=1.79e-04 lambda=0.000 grl_lambda=0.979 v18_lambda=0.000 gpu=3.0/15.8GB
[17:18:48] [train] ep=46 step=030/40 ce=0.3464 sc=0.7548 mi=0.0574 dn=0.0000 v13=0.0005 grl=0.0861 v15=0.0000 v15r=0.0000 v16=0.0000 v17=0.0000 v18=0.0000 acc=0.9938 lr=1.78e-04 lambda=0.000 grl_lambda=0.980 v18_lambda=0.000 gpu=3.0/15.8GB
[17:18:50] [train] ep=46 step=040/40 ce=0.3267 sc=0.7468 mi=0.0592 dn=0.0000 v13=0.0005 grl=0.0882 v15=0.0000 v15r=0.0000 v16=0.0000 v17=0.0000 v18=0.0000 acc=0.9953 lr=1.77e-04 lambda=0.000 grl_lambda=0.980 v18_lambda=0.000 gpu=3.0/15.8GB
[17:18:53] [ep_summary] ep=46/100 val_live=0.9383/0.9366 val_ema=0.9630/0.9632 test77_live=0.8129/0.7680 test77_diag_ema=0.6583/0.5747 v13=0.0005 grl=0.0882 v15=0.0000 v15r=0.0000 v16=0.0000 v17=0.0000 v18=0.0000 das=fixed_narrow[10,30] p=1.00 ep_time=10.2s
[17:18:53] [save] best_sourceval_ema val_acc_ema=0.9630 source_val_live=0.9383/0.9366 source_val_ema=0.9630/0.9632 ep=46
[17:18:53] [save] best_sourcequalified77_ema ep=46 source_val_live=0.9383/0.9366 source_val_ema=0.9630/0.9632 test77_ema=0.6583/0.5747
[17:18:53] [train] epoch 47/100 steps=40 use_dann=0 das=fixed_narrow f=[10.0,30.0] p=1.00 gpu=3.0/15.8GB
[17:18:53] [train] ep=47 step=001/40 ce=0.2748 sc=0.9944 mi=0.0604 dn=0.0000 v13=0.0003 grl=0.0393 v15=0.0000 v15r=0.0000 v16=0.0000 v17=0.0000 v18=0.0000 acc=1.0000 lr=1.77e-04 lambda=0.000 grl_lambda=0.980 v18_lambda=0.000 gpu=3.0/15.8GB
[17:18:55] [train] ep=47 step=010/40 ce=0.4623 sc=0.8844 mi=0.0626 dn=0.0000 v13=0.0005 grl=0.0849 v15=0.0000 v15r=0.0000 v16=0.0000 v17=0.0000 v18=0.0000 acc=0.9812 lr=1.76e-04 lambda=0.000 grl_lambda=0.981 v18_lambda=0.000 gpu=3.0/15.8GB
[17:18:57] [train] ep=47 step=020/40 ce=0.4132 sc=0.8213 mi=0.0599 dn=0.0000 v13=0.0006 grl=0.0833 v15=0.0000 v15r=0.0000 v16=0.0000 v17=0.0000 v18=0.0000 acc=0.9844 lr=1.74e-04 lambda=0.000 grl_lambda=0.981 v18_lambda=0.000 gpu=3.0/15.8GB
[17:18:59] [train] ep=47 step=030/40 ce=0.4586 sc=0.8173 mi=0.0607 dn=0.0000 v13=0.0006 grl=0.0849 v15=0.0000 v15r=0.0000 v16=0.0000 v17=0.0000 v18=0.0000 acc=0.9812 lr=1.73e-04 lambda=0.000 grl_lambda=0.981 v18_lambda=0.000 gpu=3.0/15.8GB
[17:19:01] [train] ep=47 step=040/40 ce=0.4582 sc=0.8428 mi=0.0609 dn=0.0000 v13=0.0006 grl=0.0866 v15=0.0000 v15r=0.0000 v16=0.0000 v17=0.0000 v18=0.0000 acc=0.9828 lr=1.72e-04 lambda=0.000 grl_lambda=0.982 v18_lambda=0.000 gpu=3.0/15.8GB
[17:19:04] [ep_summary] ep=47/100 val_live=0.9815/0.9817 val_ema=0.9753/0.9757 test77_live=0.7626/0.6988 test77_diag_ema=0.6763/0.5964 v13=0.0006 grl=0.0866 v15=0.0000 v15r=0.0000 v16=0.0000 v17=0.0000 v18=0.0000 das=fixed_narrow[10,30] p=1.00 ep_time=10.6s
[17:19:04] [save] best_sourceval_ema val_acc_ema=0.9753 source_val_live=0.9815/0.9817 source_val_ema=0.9753/0.9757 ep=47
[17:19:04] [save] best_sourcequalified77_ema ep=47 source_val_live=0.9815/0.9817 source_val_ema=0.9753/0.9757 test77_ema=0.6763/0.5964
[17:19:04] [train] epoch 48/100 steps=40 use_dann=0 das=fixed_narrow f=[10.0,30.0] p=1.00 gpu=3.0/15.8GB
[17:19:04] [train] ep=48 step=001/40 ce=0.2918 sc=0.7253 mi=0.0569 dn=0.0000 v13=0.0007 grl=0.1115 v15=0.0000 v15r=0.0000 v16=0.0000 v17=0.0000 v18=0.0000 acc=1.0000 lr=1.72e-04 lambda=0.000 grl_lambda=0.982 v18_lambda=0.000 gpu=3.0/15.8GB
[17:19:06] [train] ep=48 step=010/40 ce=0.3951 sc=0.8800 mi=0.0560 dn=0.0000 v13=0.0004 grl=0.0799 v15=0.0000 v15r=0.0000 v16=0.0000 v17=0.0000 v18=0.0000 acc=0.9875 lr=1.71e-04 lambda=0.000 grl_lambda=0.982 v18_lambda=0.000 gpu=3.0/15.8GB
[17:19:08] [train] ep=48 step=020/40 ce=0.4085 sc=0.9214 mi=0.0564 dn=0.0000 v13=0.0004 grl=0.0788 v15=0.0000 v15r=0.0000 v16=0.0000 v17=0.0000 v18=0.0000 acc=0.9875 lr=1.69e-04 lambda=0.000 grl_lambda=0.983 v18_lambda=0.000 gpu=3.0/15.8GB
[17:19:10] [train] ep=48 step=030/40 ce=0.4765 sc=0.9098 mi=0.0582 dn=0.0000 v13=0.0005 grl=0.0779 v15=0.0000 v15r=0.0000 v16=0.0000 v17=0.0000 v18=0.0000 acc=0.9833 lr=1.68e-04 lambda=0.000 grl_lambda=0.983 v18_lambda=0.000 gpu=3.0/15.8GB
[17:19:12] [train] ep=48 step=040/40 ce=0.4504 sc=0.9033 mi=0.0583 dn=0.0000 v13=0.0005 grl=0.0823 v15=0.0000 v15r=0.0000 v16=0.0000 v17=0.0000 v18=0.0000 acc=0.9844 lr=1.67e-04 lambda=0.000 grl_lambda=0.984 v18_lambda=0.000 gpu=3.0/15.8GB
[17:19:15] [ep_summary] ep=48/100 val_live=0.9383/0.9353 val_ema=0.9753/0.9757 test77_live=0.7734/0.7459 test77_diag_ema=0.6835/0.6095 v13=0.0005 grl=0.0823 v15=0.0000 v15r=0.0000 v16=0.0000 v17=0.0000 v18=0.0000 das=fixed_narrow[10,30] p=1.00 ep_time=11.4s
[17:19:15] [save] best_sourcequalified77_ema ep=48 source_val_live=0.9383/0.9353 source_val_ema=0.9753/0.9757 test77_ema=0.6835/0.6095
[17:19:15] [train] epoch 49/100 steps=40 use_dann=0 das=fixed_narrow f=[10.0,30.0] p=1.00 gpu=3.0/15.8GB
[17:19:16] [train] ep=49 step=001/40 ce=0.2613 sc=0.4359 mi=0.0623 dn=0.0000 v13=0.0005 grl=0.0623 v15=0.0000 v15r=0.0000 v16=0.0000 v17=0.0000 v18=0.0000 acc=1.0000 lr=1.67e-04 lambda=0.000 grl_lambda=0.984 v18_lambda=0.000 gpu=3.0/15.8GB
[17:19:17] [train] ep=49 step=010/40 ce=0.3198 sc=0.7348 mi=0.0591 dn=0.0000 v13=0.0005 grl=0.0694 v15=0.0000 v15r=0.0000 v16=0.0000 v17=0.0000 v18=0.0000 acc=1.0000 lr=1.66e-04 lambda=0.000 grl_lambda=0.984 v18_lambda=0.000 gpu=3.0/15.8GB
[17:19:19] [train] ep=49 step=020/40 ce=0.3612 sc=0.7951 mi=0.0583 dn=0.0000 v13=0.0005 grl=0.0747 v15=0.0000 v15r=0.0000 v16=0.0000 v17=0.0000 v18=0.0000 acc=0.9938 lr=1.65e-04 lambda=0.000 grl_lambda=0.984 v18_lambda=0.000 gpu=3.0/15.8GB
[17:19:21] [train] ep=49 step=030/40 ce=0.3654 sc=0.8075 mi=0.0586 dn=0.0000 v13=0.0005 grl=0.0784 v15=0.0000 v15r=0.0000 v16=0.0000 v17=0.0000 v18=0.0000 acc=0.9917 lr=1.63e-04 lambda=0.000 grl_lambda=0.985 v18_lambda=0.000 gpu=3.0/15.8GB
[17:19:23] [train] ep=49 step=040/40 ce=0.3859 sc=0.8067 mi=0.0589 dn=0.0000 v13=0.0005 grl=0.0821 v15=0.0000 v15r=0.0000 v16=0.0000 v17=0.0000 v18=0.0000 acc=0.9906 lr=1.62e-04 lambda=0.000 grl_lambda=0.985 v18_lambda=0.000 gpu=3.0/15.8GB
[17:19:25] [ep_summary] ep=49/100 val_live=0.9568/0.9567 val_ema=0.9815/0.9818 test77_live=0.7518/0.7142 test77_diag_ema=0.6906/0.6190 v13=0.0005 grl=0.0821 v15=0.0000 v15r=0.0000 v16=0.0000 v17=0.0000 v18=0.0000 das=fixed_narrow[10,30] p=1.00 ep_time=10.1s
[17:19:25] [save] best_sourceval_ema val_acc_ema=0.9815 source_val_live=0.9568/0.9567 source_val_ema=0.9815/0.9818 ep=49
[17:19:25] [save] best_sourcequalified77_ema ep=49 source_val_live=0.9568/0.9567 source_val_ema=0.9815/0.9818 test77_ema=0.6906/0.6190
[17:19:25] [train] epoch 50/100 steps=40 use_dann=0 das=fixed_narrow f=[10.0,30.0] p=1.00 gpu=3.0/15.8GB
[17:19:26] [train] ep=50 step=001/40 ce=0.9429 sc=0.9814 mi=0.0591 dn=0.0000 v13=0.0005 grl=0.0850 v15=0.0000 v15r=0.0000 v16=0.0000 v17=0.0000 v18=0.0000 acc=0.9375 lr=1.62e-04 lambda=0.000 grl_lambda=0.985 v18_lambda=0.000 gpu=3.0/15.8GB
[17:19:27] [train] ep=50 step=010/40 ce=0.4083 sc=0.7299 mi=0.0583 dn=0.0000 v13=0.0004 grl=0.0707 v15=0.0000 v15r=0.0000 v16=0.0000 v17=0.0000 v18=0.0000 acc=0.9875 lr=1.61e-04 lambda=0.000 grl_lambda=0.986 v18_lambda=0.000 gpu=3.0/15.8GB
[17:19:29] [train] ep=50 step=020/40 ce=0.4718 sc=0.7674 mi=0.0587 dn=0.0000 v13=0.0005 grl=0.0748 v15=0.0000 v15r=0.0000 v16=0.0000 v17=0.0000 v18=0.0000 acc=0.9844 lr=1.60e-04 lambda=0.000 grl_lambda=0.986 v18_lambda=0.000 gpu=3.0/15.8GB
[17:19:31] [train] ep=50 step=030/40 ce=0.4026 sc=0.7688 mi=0.0592 dn=0.0000 v13=0.0004 grl=0.0760 v15=0.0000 v15r=0.0000 v16=0.0000 v17=0.0000 v18=0.0000 acc=0.9896 lr=1.59e-04 lambda=0.000 grl_lambda=0.986 v18_lambda=0.000 gpu=3.0/15.8GB
[17:19:33] [train] ep=50 step=040/40 ce=0.3751 sc=0.7529 mi=0.0590 dn=0.0000 v13=0.0004 grl=0.0805 v15=0.0000 v15r=0.0000 v16=0.0000 v17=0.0000 v18=0.0000 acc=0.9922 lr=1.57e-04 lambda=0.000 grl_lambda=0.987 v18_lambda=0.000 gpu=3.0/15.8GB
[17:19:36] [pool] check ep=050/100 source_val_acc_ema=0.9815 threshold=0.90
[17:19:37] [pool] ep=050 ADDED src_val=0.9815/0.9818 dev77=0.6786/0.6115 final77=0.7014/0.6326
[17:19:37] [pool] running best ep=050 dev77_f1=0.6115 final77_f1=0.6326 (pool_size=2)
[17:19:37] [ep_summary] ep=50/100 val_live=0.9753/0.9754 val_ema=0.9815/0.9818 test77_live=0.8237/0.8090 test77_diag_ema=0.7014/0.6326 v13=0.0004 grl=0.0805 v15=0.0000 v15r=0.0000 v16=0.0000 v17=0.0000 v18=0.0000 das=fixed_narrow[10,30] p=1.00 ep_time=11.7s
[17:19:37] [save] best_sourcequalified77_ema ep=50 source_val_live=0.9753/0.9754 source_val_ema=0.9815/0.9818 test77_ema=0.7014/0.6326
[17:19:37] [strict77_monitor] ep=50 best_source_epoch=49 source_val_ema=0.9815/0.9818 test77_ema_diag=0.6906/0.6190 sourcequalified_count=50 best_sourcequalified77_epoch=50 source_val_ema=0.9815/0.9818 test77_ema=0.7014/0.6326
[17:19:37] [train] epoch 51/100 steps=40 use_dann=0 das=fixed_narrow f=[10.0,30.0] p=1.00 gpu=3.0/15.8GB
[17:19:37] [train] ep=51 step=001/40 ce=0.2612 sc=0.4377 mi=0.0643 dn=0.0000 v13=0.0005 grl=0.0776 v15=0.0000 v15r=0.0000 v16=0.0000 v17=0.0000 v18=0.0000 acc=1.0000 lr=1.57e-04 lambda=0.000 grl_lambda=0.987 v18_lambda=0.000 gpu=3.0/15.8GB
[17:19:39] [train] ep=51 step=010/40 ce=0.2665 sc=0.8005 mi=0.0591 dn=0.0000 v13=0.0005 grl=0.0872 v15=0.0000 v15r=0.0000 v16=0.0000 v17=0.0000 v18=0.0000 acc=1.0000 lr=1.56e-04 lambda=0.000 grl_lambda=0.987 v18_lambda=0.000 gpu=3.0/15.8GB
[17:19:41] [train] ep=51 step=020/40 ce=0.2644 sc=0.8330 mi=0.0577 dn=0.0000 v13=0.0005 grl=0.0820 v15=0.0000 v15r=0.0000 v16=0.0000 v17=0.0000 v18=0.0000 acc=1.0000 lr=1.55e-04 lambda=0.000 grl_lambda=0.987 v18_lambda=0.000 gpu=3.0/15.8GB
[17:19:43] [train] ep=51 step=030/40 ce=0.2727 sc=0.8182 mi=0.0577 dn=0.0000 v13=0.0005 grl=0.0836 v15=0.0000 v15r=0.0000 v16=0.0000 v17=0.0000 v18=0.0000 acc=1.0000 lr=1.54e-04 lambda=0.000 grl_lambda=0.988 v18_lambda=0.000 gpu=3.0/15.8GB
[17:19:45] [train] ep=51 step=040/40 ce=0.3085 sc=0.8430 mi=0.0579 dn=0.0000 v13=0.0005 grl=0.0827 v15=0.0000 v15r=0.0000 v16=0.0000 v17=0.0000 v18=0.0000 acc=0.9969 lr=1.53e-04 lambda=0.000 grl_lambda=0.988 v18_lambda=0.000 gpu=3.0/15.8GB
[17:19:48] [ep_summary] ep=51/100 val_live=0.9753/0.9754 val_ema=0.9815/0.9818 test77_live=0.8094/0.7756 test77_diag_ema=0.7086/0.6414 v13=0.0005 grl=0.0827 v15=0.0000 v15r=0.0000 v16=0.0000 v17=0.0000 v18=0.0000 das=fixed_narrow[10,30] p=1.00 ep_time=11.0s
[17:19:48] [save] best_sourcequalified77_ema ep=51 source_val_live=0.9753/0.9754 source_val_ema=0.9815/0.9818 test77_ema=0.7086/0.6414
[17:19:48] [train] epoch 52/100 steps=40 use_dann=0 das=fixed_narrow f=[10.0,30.0] p=1.00 gpu=3.0/15.8GB
[17:19:48] [train] ep=52 step=001/40 ce=0.2613 sc=0.6231 mi=0.0741 dn=0.0000 v13=0.0005 grl=0.0756 v15=0.0000 v15r=0.0000 v16=0.0000 v17=0.0000 v18=0.0000 acc=1.0000 lr=1.52e-04 lambda=0.000 grl_lambda=0.988 v18_lambda=0.000 gpu=3.0/15.8GB
[17:19:50] [train] ep=52 step=010/40 ce=0.3221 sc=0.7503 mi=0.0635 dn=0.0000 v13=0.0006 grl=0.0909 v15=0.0000 v15r=0.0000 v16=0.0000 v17=0.0000 v18=0.0000 acc=0.9938 lr=1.51e-04 lambda=0.000 grl_lambda=0.988 v18_lambda=0.000 gpu=3.0/15.8GB
[17:19:52] [train] ep=52 step=020/40 ce=0.3207 sc=0.7911 mi=0.0606 dn=0.0000 v13=0.0006 grl=0.0874 v15=0.0000 v15r=0.0000 v16=0.0000 v17=0.0000 v18=0.0000 acc=0.9938 lr=1.50e-04 lambda=0.000 grl_lambda=0.988 v18_lambda=0.000 gpu=3.0/15.8GB
[17:19:54] [train] ep=52 step=030/40 ce=0.3387 sc=0.7701 mi=0.0594 dn=0.0000 v13=0.0005 grl=0.0896 v15=0.0000 v15r=0.0000 v16=0.0000 v17=0.0000 v18=0.0000 acc=0.9958 lr=1.49e-04 lambda=0.000 grl_lambda=0.989 v18_lambda=0.000 gpu=3.0/15.8GB
[17:19:56] [train] ep=52 step=040/40 ce=0.3975 sc=0.8096 mi=0.0587 dn=0.0000 v13=0.0005 grl=0.0858 v15=0.0000 v15r=0.0000 v16=0.0000 v17=0.0000 v18=0.0000 acc=0.9891 lr=1.48e-04 lambda=0.000 grl_lambda=0.989 v18_lambda=0.000 gpu=3.0/15.8GB
[17:19:59] [ep_summary] ep=52/100 val_live=0.9691/0.9693 val_ema=0.9815/0.9818 test77_live=0.7590/0.7022 test77_diag_ema=0.7194/0.6551 v13=0.0005 grl=0.0858 v15=0.0000 v15r=0.0000 v16=0.0000 v17=0.0000 v18=0.0000 das=fixed_narrow[10,30] p=1.00 ep_time=10.6s
[17:19:59] [save] best_sourcequalified77_ema ep=52 source_val_live=0.9691/0.9693 source_val_ema=0.9815/0.9818 test77_ema=0.7194/0.6551
[17:19:59] [train] epoch 53/100 steps=40 use_dann=0 das=fixed_narrow f=[10.0,30.0] p=1.00 gpu=3.0/15.8GB
[17:19:59] [train] ep=53 step=001/40 ce=0.2788 sc=0.7327 mi=0.0563 dn=0.0000 v13=0.0004 grl=0.0897 v15=0.0000 v15r=0.0000 v16=0.0000 v17=0.0000 v18=0.0000 acc=1.0000 lr=1.48e-04 lambda=0.000 grl_lambda=0.989 v18_lambda=0.000 gpu=3.0/15.8GB
[17:20:01] [train] ep=53 step=010/40 ce=0.3247 sc=0.9515 mi=0.0589 dn=0.0000 v13=0.0004 grl=0.0778 v15=0.0000 v15r=0.0000 v16=0.0000 v17=0.0000 v18=0.0000 acc=1.0000 lr=1.46e-04 lambda=0.000 grl_lambda=0.989 v18_lambda=0.000 gpu=3.0/15.8GB
[17:20:03] [train] ep=53 step=020/40 ce=0.3799 sc=0.8953 mi=0.0589 dn=0.0000 v13=0.0004 grl=0.0834 v15=0.0000 v15r=0.0000 v16=0.0000 v17=0.0000 v18=0.0000 acc=0.9938 lr=1.45e-04 lambda=0.000 grl_lambda=0.990 v18_lambda=0.000 gpu=3.0/15.8GB
[17:20:05] [train] ep=53 step=030/40 ce=0.3482 sc=0.8685 mi=0.0589 dn=0.0000 v13=0.0004 grl=0.0852 v15=0.0000 v15r=0.0000 v16=0.0000 v17=0.0000 v18=0.0000 acc=0.9958 lr=1.44e-04 lambda=0.000 grl_lambda=0.990 v18_lambda=0.000 gpu=3.0/15.8GB
[17:20:06] [train] ep=53 step=040/40 ce=0.3272 sc=0.8322 mi=0.0582 dn=0.0000 v13=0.0004 grl=0.0811 v15=0.0000 v15r=0.0000 v16=0.0000 v17=0.0000 v18=0.0000 acc=0.9969 lr=1.43e-04 lambda=0.000 grl_lambda=0.990 v18_lambda=0.000 gpu=3.0/15.8GB
[17:20:09] [ep_summary] ep=53/100 val_live=0.9815/0.9818 val_ema=0.9815/0.9818 test77_live=0.8022/0.7684 test77_diag_ema=0.7230/0.6588 v13=0.0004 grl=0.0811 v15=0.0000 v15r=0.0000 v16=0.0000 v17=0.0000 v18=0.0000 das=fixed_narrow[10,30] p=1.00 ep_time=10.4s
[17:20:09] [save] best_sourcequalified77_ema ep=53 source_val_live=0.9815/0.9818 source_val_ema=0.9815/0.9818 test77_ema=0.7230/0.6588
[17:20:09] [train] epoch 54/100 steps=40 use_dann=0 das=fixed_narrow f=[10.0,30.0] p=1.00 gpu=3.0/15.8GB
[17:20:10] [train] ep=54 step=001/40 ce=0.2619 sc=0.7909 mi=0.0586 dn=0.0000 v13=0.0006 grl=0.0856 v15=0.0000 v15r=0.0000 v16=0.0000 v17=0.0000 v18=0.0000 acc=1.0000 lr=1.43e-04 lambda=0.000 grl_lambda=0.990 v18_lambda=0.000 gpu=3.0/15.8GB
[17:20:11] [train] ep=54 step=010/40 ce=0.2778 sc=0.7440 mi=0.0594 dn=0.0000 v13=0.0005 grl=0.0763 v15=0.0000 v15r=0.0000 v16=0.0000 v17=0.0000 v18=0.0000 acc=1.0000 lr=1.42e-04 lambda=0.000 grl_lambda=0.990 v18_lambda=0.000 gpu=3.0/15.8GB
[17:20:13] [train] ep=54 step=020/40 ce=0.3127 sc=0.7847 mi=0.0581 dn=0.0000 v13=0.0005 grl=0.0798 v15=0.0000 v15r=0.0000 v16=0.0000 v17=0.0000 v18=0.0000 acc=0.9969 lr=1.40e-04 lambda=0.000 grl_lambda=0.991 v18_lambda=0.000 gpu=3.0/15.8GB
[17:20:15] [train] ep=54 step=030/40 ce=0.3378 sc=0.8197 mi=0.0581 dn=0.0000 v13=0.0005 grl=0.0838 v15=0.0000 v15r=0.0000 v16=0.0000 v17=0.0000 v18=0.0000 acc=0.9958 lr=1.39e-04 lambda=0.000 grl_lambda=0.991 v18_lambda=0.000 gpu=3.0/15.8GB
[17:20:17] [train] ep=54 step=040/40 ce=0.3268 sc=0.7977 mi=0.0582 dn=0.0000 v13=0.0005 grl=0.0818 v15=0.0000 v15r=0.0000 v16=0.0000 v17=0.0000 v18=0.0000 acc=0.9969 lr=1.38e-04 lambda=0.000 grl_lambda=0.991 v18_lambda=0.000 gpu=3.0/15.8GB
[17:20:20] [ep_summary] ep=54/100 val_live=0.9691/0.9693 val_ema=0.9815/0.9818 test77_live=0.7698/0.7267 test77_diag_ema=0.7230/0.6581 v13=0.0005 grl=0.0818 v15=0.0000 v15r=0.0000 v16=0.0000 v17=0.0000 v18=0.0000 das=fixed_narrow[10,30] p=1.00 ep_time=10.2s
[17:20:20] [train] epoch 55/100 steps=40 use_dann=0 das=fixed_narrow f=[10.0,30.0] p=1.00 gpu=3.0/15.8GB
[17:20:20] [train] ep=55 step=001/40 ce=0.2707 sc=0.6527 mi=0.0606 dn=0.0000 v13=0.0004 grl=0.0772 v15=0.0000 v15r=0.0000 v16=0.0000 v17=0.0000 v18=0.0000 acc=1.0000 lr=1.38e-04 lambda=0.000 grl_lambda=0.991 v18_lambda=0.000 gpu=3.0/15.8GB
[17:20:21] [train] ep=55 step=010/40 ce=0.4337 sc=0.9002 mi=0.0549 dn=0.0000 v13=0.0005 grl=0.0825 v15=0.0000 v15r=0.0000 v16=0.0000 v17=0.0000 v18=0.0000 acc=0.9875 lr=1.37e-04 lambda=0.000 grl_lambda=0.991 v18_lambda=0.000 gpu=3.0/15.8GB
[17:20:23] [train] ep=55 step=020/40 ce=0.3892 sc=0.7728 mi=0.0559 dn=0.0000 v13=0.0005 grl=0.0799 v15=0.0000 v15r=0.0000 v16=0.0000 v17=0.0000 v18=0.0000 acc=0.9906 lr=1.36e-04 lambda=0.000 grl_lambda=0.991 v18_lambda=0.000 gpu=3.0/15.8GB
[17:20:25] [train] ep=55 step=030/40 ce=0.4186 sc=0.7874 mi=0.0562 dn=0.0000 v13=0.0005 grl=0.0784 v15=0.0000 v15r=0.0000 v16=0.0000 v17=0.0000 v18=0.0000 acc=0.9896 lr=1.34e-04 lambda=0.000 grl_lambda=0.992 v18_lambda=0.000 gpu=3.0/15.8GB
[17:20:27] [train] ep=55 step=040/40 ce=0.3996 sc=0.7677 mi=0.0562 dn=0.0000 v13=0.0005 grl=0.0784 v15=0.0000 v15r=0.0000 v16=0.0000 v17=0.0000 v18=0.0000 acc=0.9906 lr=1.33e-04 lambda=0.000 grl_lambda=0.992 v18_lambda=0.000 gpu=3.0/15.8GB
[17:20:30] [ep_summary] ep=55/100 val_live=0.9938/0.9939 val_ema=0.9877/0.9878 test77_live=0.7986/0.7649 test77_diag_ema=0.7266/0.6629 v13=0.0005 grl=0.0784 v15=0.0000 v15r=0.0000 v16=0.0000 v17=0.0000 v18=0.0000 das=fixed_narrow[10,30] p=1.00 ep_time=10.2s
[17:20:30] [save] best_sourceval_ema val_acc_ema=0.9877 source_val_live=0.9938/0.9939 source_val_ema=0.9877/0.9878 ep=55
[17:20:30] [save] best_sourcequalified77_ema ep=55 source_val_live=0.9938/0.9939 source_val_ema=0.9877/0.9878 test77_ema=0.7266/0.6629
[17:20:30] [train] epoch 56/100 steps=40 use_dann=0 das=fixed_narrow f=[10.0,30.0] p=1.00 gpu=3.0/15.8GB
[17:20:30] [train] ep=56 step=001/40 ce=0.3832 sc=0.7739 mi=0.0606 dn=0.0000 v13=0.0005 grl=0.1018 v15=0.0000 v15r=0.0000 v16=0.0000 v17=0.0000 v18=0.0000 acc=1.0000 lr=1.33e-04 lambda=0.000 grl_lambda=0.992 v18_lambda=0.000 gpu=3.0/15.8GB
[17:20:32] [train] ep=56 step=010/40 ce=0.4096 sc=0.8003 mi=0.0570 dn=0.0000 v13=0.0005 grl=0.0904 v15=0.0000 v15r=0.0000 v16=0.0000 v17=0.0000 v18=0.0000 acc=0.9938 lr=1.32e-04 lambda=0.000 grl_lambda=0.992 v18_lambda=0.000 gpu=3.0/15.8GB
[17:20:33] [train] ep=56 step=020/40 ce=0.4068 sc=0.8125 mi=0.0568 dn=0.0000 v13=0.0005 grl=0.0874 v15=0.0000 v15r=0.0000 v16=0.0000 v17=0.0000 v18=0.0000 acc=0.9906 lr=1.31e-04 lambda=0.000 grl_lambda=0.992 v18_lambda=0.000 gpu=3.0/15.8GB
[17:20:35] [train] ep=56 step=030/40 ce=0.3805 sc=0.7844 mi=0.0572 dn=0.0000 v13=0.0005 grl=0.0860 v15=0.0000 v15r=0.0000 v16=0.0000 v17=0.0000 v18=0.0000 acc=0.9917 lr=1.30e-04 lambda=0.000 grl_lambda=0.992 v18_lambda=0.000 gpu=3.0/15.8GB
[17:20:37] [train] ep=56 step=040/40 ce=0.4134 sc=0.8373 mi=0.0570 dn=0.0000 v13=0.0005 grl=0.0867 v15=0.0000 v15r=0.0000 v16=0.0000 v17=0.0000 v18=0.0000 acc=0.9891 lr=1.28e-04 lambda=0.000 grl_lambda=0.993 v18_lambda=0.000 gpu=3.0/15.8GB
[17:20:40] [ep_summary] ep=56/100 val_live=0.9815/0.9817 val_ema=0.9877/0.9878 test77_live=0.7554/0.6922 test77_diag_ema=0.7266/0.6617 v13=0.0005 grl=0.0867 v15=0.0000 v15r=0.0000 v16=0.0000 v17=0.0000 v18=0.0000 das=fixed_narrow[10,30] p=1.00 ep_time=10.1s
[17:20:40] [train] epoch 57/100 steps=40 use_dann=0 das=fixed_narrow f=[10.0,30.0] p=1.00 gpu=3.0/15.8GB
[17:20:40] [train] ep=57 step=001/40 ce=0.2608 sc=0.8733 mi=0.0500 dn=0.0000 v13=0.0004 grl=0.0701 v15=0.0000 v15r=0.0000 v16=0.0000 v17=0.0000 v18=0.0000 acc=1.0000 lr=1.28e-04 lambda=0.000 grl_lambda=0.993 v18_lambda=0.000 gpu=3.0/15.8GB
[17:20:42] [train] ep=57 step=010/40 ce=0.2692 sc=0.8224 mi=0.0556 dn=0.0000 v13=0.0004 grl=0.0829 v15=0.0000 v15r=0.0000 v16=0.0000 v17=0.0000 v18=0.0000 acc=1.0000 lr=1.27e-04 lambda=0.000 grl_lambda=0.993 v18_lambda=0.000 gpu=3.0/15.8GB
[17:20:44] [train] ep=57 step=020/40 ce=0.3241 sc=0.8483 mi=0.0557 dn=0.0000 v13=0.0004 grl=0.0776 v15=0.0000 v15r=0.0000 v16=0.0000 v17=0.0000 v18=0.0000 acc=0.9938 lr=1.26e-04 lambda=0.000 grl_lambda=0.993 v18_lambda=0.000 gpu=3.0/15.8GB
[17:20:45] [train] ep=57 step=030/40 ce=0.3232 sc=0.7793 mi=0.0560 dn=0.0000 v13=0.0004 grl=0.0785 v15=0.0000 v15r=0.0000 v16=0.0000 v17=0.0000 v18=0.0000 acc=0.9938 lr=1.25e-04 lambda=0.000 grl_lambda=0.993 v18_lambda=0.000 gpu=3.0/15.8GB
[17:20:47] [train] ep=57 step=040/40 ce=0.3244 sc=0.7680 mi=0.0564 dn=0.0000 v13=0.0004 grl=0.0773 v15=0.0000 v15r=0.0000 v16=0.0000 v17=0.0000 v18=0.0000 acc=0.9938 lr=1.24e-04 lambda=0.000 grl_lambda=0.993 v18_lambda=0.000 gpu=3.0/15.8GB
[17:20:50] [ep_summary] ep=57/100 val_live=0.9691/0.9694 val_ema=0.9877/0.9878 test77_live=0.8129/0.7682 test77_diag_ema=0.7266/0.6617 v13=0.0004 grl=0.0773 v15=0.0000 v15r=0.0000 v16=0.0000 v17=0.0000 v18=0.0000 das=fixed_narrow[10,30] p=1.00 ep_time=10.2s
[17:20:50] [train] epoch 58/100 steps=40 use_dann=0 das=fixed_narrow f=[10.0,30.0] p=1.00 gpu=3.0/15.8GB
[17:20:50] [train] ep=58 step=001/40 ce=0.2704 sc=0.6086 mi=0.0504 dn=0.0000 v13=0.0005 grl=0.0730 v15=0.0000 v15r=0.0000 v16=0.0000 v17=0.0000 v18=0.0000 acc=1.0000 lr=1.23e-04 lambda=0.000 grl_lambda=0.993 v18_lambda=0.000 gpu=3.0/15.8GB
[17:20:52] [train] ep=58 step=010/40 ce=0.3451 sc=0.8224 mi=0.0561 dn=0.0000 v13=0.0005 grl=0.0681 v15=0.0000 v15r=0.0000 v16=0.0000 v17=0.0000 v18=0.0000 acc=0.9938 lr=1.22e-04 lambda=0.000 grl_lambda=0.993 v18_lambda=0.000 gpu=3.0/15.8GB
[17:20:54] [train] ep=58 step=020/40 ce=0.3649 sc=0.8087 mi=0.0574 dn=0.0000 v13=0.0005 grl=0.0710 v15=0.0000 v15r=0.0000 v16=0.0000 v17=0.0000 v18=0.0000 acc=0.9938 lr=1.21e-04 lambda=0.000 grl_lambda=0.994 v18_lambda=0.000 gpu=3.0/15.8GB
[17:20:56] [train] ep=58 step=030/40 ce=0.4122 sc=0.8408 mi=0.0578 dn=0.0000 v13=0.0005 grl=0.0745 v15=0.0000 v15r=0.0000 v16=0.0000 v17=0.0000 v18=0.0000 acc=0.9896 lr=1.20e-04 lambda=0.000 grl_lambda=0.994 v18_lambda=0.000 gpu=3.0/15.8GB
[17:20:57] [train] ep=58 step=040/40 ce=0.3919 sc=0.8262 mi=0.0573 dn=0.0000 v13=0.0005 grl=0.0760 v15=0.0000 v15r=0.0000 v16=0.0000 v17=0.0000 v18=0.0000 acc=0.9906 lr=1.19e-04 lambda=0.000 grl_lambda=0.994 v18_lambda=0.000 gpu=3.0/15.8GB
[17:21:00] [ep_summary] ep=58/100 val_live=0.9815/0.9816 val_ema=0.9877/0.9878 test77_live=0.7950/0.7460 test77_diag_ema=0.7302/0.6683 v13=0.0005 grl=0.0760 v15=0.0000 v15r=0.0000 v16=0.0000 v17=0.0000 v18=0.0000 das=fixed_narrow[10,30] p=1.00 ep_time=10.2s
[17:21:00] [save] best_sourcequalified77_ema ep=58 source_val_live=0.9815/0.9816 source_val_ema=0.9877/0.9878 test77_ema=0.7302/0.6683
[17:21:00] [train] epoch 59/100 steps=40 use_dann=0 das=fixed_narrow f=[10.0,30.0] p=1.00 gpu=3.0/15.8GB
[17:21:00] [train] ep=59 step=001/40 ce=0.2604 sc=1.3150 mi=0.0548 dn=0.0000 v13=0.0004 grl=0.0835 v15=0.0000 v15r=0.0000 v16=0.0000 v17=0.0000 v18=0.0000 acc=1.0000 lr=1.19e-04 lambda=0.000 grl_lambda=0.994 v18_lambda=0.000 gpu=3.0/15.8GB
[17:21:02] [train] ep=59 step=010/40 ce=0.2598 sc=0.7559 mi=0.0526 dn=0.0000 v13=0.0005 grl=0.0663 v15=0.0000 v15r=0.0000 v16=0.0000 v17=0.0000 v18=0.0000 acc=1.0000 lr=1.18e-04 lambda=0.000 grl_lambda=0.994 v18_lambda=0.000 gpu=3.0/15.8GB
[17:21:04] [train] ep=59 step=020/40 ce=0.2599 sc=0.7970 mi=0.0547 dn=0.0000 v13=0.0004 grl=0.0764 v15=0.0000 v15r=0.0000 v16=0.0000 v17=0.0000 v18=0.0000 acc=1.0000 lr=1.16e-04 lambda=0.000 grl_lambda=0.994 v18_lambda=0.000 gpu=3.0/15.8GB
[17:21:06] [train] ep=59 step=030/40 ce=0.3043 sc=0.8125 mi=0.0547 dn=0.0000 v13=0.0004 grl=0.0779 v15=0.0000 v15r=0.0000 v16=0.0000 v17=0.0000 v18=0.0000 acc=0.9958 lr=1.15e-04 lambda=0.000 grl_lambda=0.994 v18_lambda=0.000 gpu=3.0/15.8GB
[17:21:08] [train] ep=59 step=040/40 ce=0.3369 sc=0.7888 mi=0.0557 dn=0.0000 v13=0.0004 grl=0.0788 v15=0.0000 v15r=0.0000 v16=0.0000 v17=0.0000 v18=0.0000 acc=0.9938 lr=1.14e-04 lambda=0.000 grl_lambda=0.995 v18_lambda=0.000 gpu=3.0/15.8GB
[17:21:10] [ep_summary] ep=59/100 val_live=0.9815/0.9818 val_ema=0.9877/0.9878 test77_live=0.8022/0.7578 test77_diag_ema=0.7338/0.6726 v13=0.0004 grl=0.0788 v15=0.0000 v15r=0.0000 v16=0.0000 v17=0.0000 v18=0.0000 das=fixed_narrow[10,30] p=1.00 ep_time=10.2s
[17:21:10] [save] best_sourcequalified77_ema ep=59 source_val_live=0.9815/0.9818 source_val_ema=0.9877/0.9878 test77_ema=0.7338/0.6726
[17:21:10] [train] epoch 60/100 steps=40 use_dann=0 das=fixed_narrow f=[10.0,30.0] p=1.00 gpu=3.0/15.8GB
[17:21:11] [train] ep=60 step=001/40 ce=0.2618 sc=0.6329 mi=0.0624 dn=0.0000 v13=0.0004 grl=0.1124 v15=0.0000 v15r=0.0000 v16=0.0000 v17=0.0000 v18=0.0000 acc=1.0000 lr=1.14e-04 lambda=0.000 grl_lambda=0.995 v18_lambda=0.000 gpu=3.0/15.8GB
[17:21:12] [train] ep=60 step=010/40 ce=0.3485 sc=0.7481 mi=0.0553 dn=0.0000 v13=0.0004 grl=0.0947 v15=0.0000 v15r=0.0000 v16=0.0000 v17=0.0000 v18=0.0000 acc=0.9938 lr=1.13e-04 lambda=0.000 grl_lambda=0.995 v18_lambda=0.000 gpu=3.0/15.8GB
[17:21:14] [train] ep=60 step=020/40 ce=0.3463 sc=0.7835 mi=0.0558 dn=0.0000 v13=0.0004 grl=0.0934 v15=0.0000 v15r=0.0000 v16=0.0000 v17=0.0000 v18=0.0000 acc=0.9938 lr=1.12e-04 lambda=0.000 grl_lambda=0.995 v18_lambda=0.000 gpu=3.0/15.8GB
[17:21:16] [train] ep=60 step=030/40 ce=0.3646 sc=0.7796 mi=0.0562 dn=0.0000 v13=0.0004 grl=0.0878 v15=0.0000 v15r=0.0000 v16=0.0000 v17=0.0000 v18=0.0000 acc=0.9917 lr=1.11e-04 lambda=0.000 grl_lambda=0.995 v18_lambda=0.000 gpu=3.0/15.8GB
[17:21:18] [train] ep=60 step=040/40 ce=0.3393 sc=0.7723 mi=0.0563 dn=0.0000 v13=0.0004 grl=0.0868 v15=0.0000 v15r=0.0000 v16=0.0000 v17=0.0000 v18=0.0000 acc=0.9938 lr=1.09e-04 lambda=0.000 grl_lambda=0.995 v18_lambda=0.000 gpu=3.0/15.8GB
[17:21:21] [pool] check ep=060/100 source_val_acc_ema=0.9877 threshold=0.90
[17:21:22] [pool] ep=060 ADDED src_val=0.9877/0.9878 dev77=0.7071/0.6509 final77=0.7410/0.6805
[17:21:22] [pool] running best ep=060 dev77_f1=0.6509 final77_f1=0.6805 (pool_size=3)
[17:21:22] [ep_summary] ep=60/100 val_live=0.9877/0.9878 val_ema=0.9877/0.9878 test77_live=0.8058/0.7574 test77_diag_ema=0.7410/0.6805 v13=0.0004 grl=0.0868 v15=0.0000 v15r=0.0000 v16=0.0000 v17=0.0000 v18=0.0000 das=fixed_narrow[10,30] p=1.00 ep_time=11.5s
[17:21:22] [save] best_sourcequalified77_ema ep=60 source_val_live=0.9877/0.9878 source_val_ema=0.9877/0.9878 test77_ema=0.7410/0.6805
[17:21:22] [strict77_monitor] ep=60 best_source_epoch=55 source_val_ema=0.9877/0.9878 test77_ema_diag=0.7266/0.6629 sourcequalified_count=60 best_sourcequalified77_epoch=60 source_val_ema=0.9877/0.9878 test77_ema=0.7410/0.6805
[17:21:22] [train] epoch 61/100 steps=40 use_dann=0 das=fixed_narrow f=[10.0,30.0] p=1.00 gpu=3.0/15.8GB
[17:21:22] [train] ep=61 step=001/40 ce=0.2576 sc=0.8402 mi=0.0584 dn=0.0000 v13=0.0005 grl=0.1032 v15=0.0000 v15r=0.0000 v16=0.0000 v17=0.0000 v18=0.0000 acc=1.0000 lr=1.09e-04 lambda=0.000 grl_lambda=0.995 v18_lambda=0.000 gpu=3.0/15.8GB
[17:21:24] [train] ep=61 step=010/40 ce=0.2597 sc=0.8004 mi=0.0538 dn=0.0000 v13=0.0004 grl=0.0818 v15=0.0000 v15r=0.0000 v16=0.0000 v17=0.0000 v18=0.0000 acc=1.0000 lr=1.08e-04 lambda=0.000 grl_lambda=0.995 v18_lambda=0.000 gpu=3.0/15.8GB
[17:21:26] [train] ep=61 step=020/40 ce=0.2728 sc=0.8061 mi=0.0577 dn=0.0000 v13=0.0004 grl=0.0847 v15=0.0000 v15r=0.0000 v16=0.0000 v17=0.0000 v18=0.0000 acc=1.0000 lr=1.07e-04 lambda=0.000 grl_lambda=0.995 v18_lambda=0.000 gpu=3.0/15.8GB
[17:21:28] [train] ep=61 step=030/40 ce=0.2921 sc=0.7860 mi=0.0572 dn=0.0000 v13=0.0004 grl=0.0835 v15=0.0000 v15r=0.0000 v16=0.0000 v17=0.0000 v18=0.0000 acc=0.9979 lr=1.06e-04 lambda=0.000 grl_lambda=0.995 v18_lambda=0.000 gpu=3.0/15.8GB
[17:21:29] [train] ep=61 step=040/40 ce=0.3120 sc=0.7689 mi=0.0564 dn=0.0000 v13=0.0004 grl=0.0836 v15=0.0000 v15r=0.0000 v16=0.0000 v17=0.0000 v18=0.0000 acc=0.9969 lr=1.05e-04 lambda=0.000 grl_lambda=0.996 v18_lambda=0.000 gpu=3.0/15.8GB
[17:21:32] [ep_summary] ep=61/100 val_live=0.9877/0.9878 val_ema=0.9877/0.9878 test77_live=0.7806/0.7231 test77_diag_ema=0.7446/0.6826 v13=0.0004 grl=0.0836 v15=0.0000 v15r=0.0000 v16=0.0000 v17=0.0000 v18=0.0000 das=fixed_narrow[10,30] p=1.00 ep_time=10.2s
[17:21:32] [save] best_sourcequalified77_ema ep=61 source_val_live=0.9877/0.9878 source_val_ema=0.9877/0.9878 test77_ema=0.7446/0.6826
[17:21:32] [train] epoch 62/100 steps=40 use_dann=0 das=fixed_narrow f=[10.0,30.0] p=1.00 gpu=3.0/15.8GB
[17:21:33] [train] ep=62 step=001/40 ce=0.2580 sc=0.9623 mi=0.0564 dn=0.0000 v13=0.0005 grl=0.0219 v15=0.0000 v15r=0.0000 v16=0.0000 v17=0.0000 v18=0.0000 acc=1.0000 lr=1.05e-04 lambda=0.000 grl_lambda=0.996 v18_lambda=0.000 gpu=3.0/15.8GB
[17:21:34] [train] ep=62 step=010/40 ce=0.3366 sc=0.7621 mi=0.0584 dn=0.0000 v13=0.0004 grl=0.0719 v15=0.0000 v15r=0.0000 v16=0.0000 v17=0.0000 v18=0.0000 acc=0.9938 lr=1.04e-04 lambda=0.000 grl_lambda=0.996 v18_lambda=0.000 gpu=3.0/15.8GB
[17:21:36] [train] ep=62 step=020/40 ce=0.3278 sc=0.8193 mi=0.0576 dn=0.0000 v13=0.0004 grl=0.0779 v15=0.0000 v15r=0.0000 v16=0.0000 v17=0.0000 v18=0.0000 acc=0.9938 lr=1.02e-04 lambda=0.000 grl_lambda=0.996 v18_lambda=0.000 gpu=3.0/15.8GB
[17:21:38] [train] ep=62 step=030/40 ce=0.3238 sc=0.7847 mi=0.0573 dn=0.0000 v13=0.0004 grl=0.0808 v15=0.0000 v15r=0.0000 v16=0.0000 v17=0.0000 v18=0.0000 acc=0.9938 lr=1.01e-04 lambda=0.000 grl_lambda=0.996 v18_lambda=0.000 gpu=3.0/15.8GB
[17:21:40] [train] ep=62 step=040/40 ce=0.3172 sc=0.7673 mi=0.0577 dn=0.0000 v13=0.0004 grl=0.0785 v15=0.0000 v15r=0.0000 v16=0.0000 v17=0.0000 v18=0.0000 acc=0.9953 lr=1.00e-04 lambda=0.000 grl_lambda=0.996 v18_lambda=0.000 gpu=3.0/15.8GB
[17:21:42] [ep_summary] ep=62/100 val_live=0.9877/0.9878 val_ema=0.9877/0.9878 test77_live=0.8022/0.7545 test77_diag_ema=0.7518/0.6903 v13=0.0004 grl=0.0785 v15=0.0000 v15r=0.0000 v16=0.0000 v17=0.0000 v18=0.0000 das=fixed_narrow[10,30] p=1.00 ep_time=10.1s
[17:21:42] [save] best_sourcequalified77_ema ep=62 source_val_live=0.9877/0.9878 source_val_ema=0.9877/0.9878 test77_ema=0.7518/0.6903
[17:21:42] [train] epoch 63/100 steps=40 use_dann=0 das=fixed_narrow f=[10.0,30.0] p=1.00 gpu=3.0/15.8GB
[17:21:43] [train] ep=63 step=001/40 ce=0.2593 sc=0.5705 mi=0.0643 dn=0.0000 v13=0.0004 grl=0.0637 v15=0.0000 v15r=0.0000 v16=0.0000 v17=0.0000 v18=0.0000 acc=1.0000 lr=1.00e-04 lambda=0.000 grl_lambda=0.996 v18_lambda=0.000 gpu=3.0/15.8GB
[17:21:44] [train] ep=63 step=010/40 ce=0.4628 sc=0.8817 mi=0.0582 dn=0.0000 v13=0.0004 grl=0.0589 v15=0.0000 v15r=0.0000 v16=0.0000 v17=0.0000 v18=0.0000 acc=0.9812 lr=9.89e-05 lambda=0.000 grl_lambda=0.996 v18_lambda=0.000 gpu=3.0/15.8GB
[17:21:46] [train] ep=63 step=020/40 ce=0.3647 sc=0.8152 mi=0.0567 dn=0.0000 v13=0.0004 grl=0.0715 v15=0.0000 v15r=0.0000 v16=0.0000 v17=0.0000 v18=0.0000 acc=0.9906 lr=9.78e-05 lambda=0.000 grl_lambda=0.996 v18_lambda=0.000 gpu=3.0/15.8GB
[17:21:48] [train] ep=63 step=030/40 ce=0.3556 sc=0.8123 mi=0.0561 dn=0.0000 v13=0.0005 grl=0.0716 v15=0.0000 v15r=0.0000 v16=0.0000 v17=0.0000 v18=0.0000 acc=0.9917 lr=9.67e-05 lambda=0.000 grl_lambda=0.996 v18_lambda=0.000 gpu=3.0/15.8GB
[17:21:50] [train] ep=63 step=040/40 ce=0.3443 sc=0.8199 mi=0.0555 dn=0.0000 v13=0.0005 grl=0.0698 v15=0.0000 v15r=0.0000 v16=0.0000 v17=0.0000 v18=0.0000 acc=0.9922 lr=9.55e-05 lambda=0.000 grl_lambda=0.996 v18_lambda=0.000 gpu=3.0/15.8GB
[17:21:52] [ep_summary] ep=63/100 val_live=0.9753/0.9756 val_ema=0.9877/0.9878 test77_live=0.8022/0.7575 test77_diag_ema=0.7590/0.6970 v13=0.0005 grl=0.0698 v15=0.0000 v15r=0.0000 v16=0.0000 v17=0.0000 v18=0.0000 das=fixed_narrow[10,30] p=1.00 ep_time=10.1s
[17:21:53] [save] best_sourcequalified77_ema ep=63 source_val_live=0.9753/0.9756 source_val_ema=0.9877/0.9878 test77_ema=0.7590/0.6970
[17:21:53] [train] epoch 64/100 steps=40 use_dann=0 das=fixed_narrow f=[10.0,30.0] p=1.00 gpu=3.0/15.8GB
[17:21:53] [train] ep=64 step=001/40 ce=0.9050 sc=1.5892 mi=0.0678 dn=0.0000 v13=0.0004 grl=0.0833 v15=0.0000 v15r=0.0000 v16=0.0000 v17=0.0000 v18=0.0000 acc=0.9375 lr=9.54e-05 lambda=0.000 grl_lambda=0.996 v18_lambda=0.000 gpu=3.0/15.8GB
[17:21:54] [train] ep=64 step=010/40 ce=0.4696 sc=0.8496 mi=0.0599 dn=0.0000 v13=0.0004 grl=0.0725 v15=0.0000 v15r=0.0000 v16=0.0000 v17=0.0000 v18=0.0000 acc=0.9812 lr=9.44e-05 lambda=0.000 grl_lambda=0.996 v18_lambda=0.000 gpu=3.0/15.8GB
[17:21:56] [train] ep=64 step=020/40 ce=0.3695 sc=0.7976 mi=0.0583 dn=0.0000 v13=0.0004 grl=0.0732 v15=0.0000 v15r=0.0000 v16=0.0000 v17=0.0000 v18=0.0000 acc=0.9906 lr=9.33e-05 lambda=0.000 grl_lambda=0.997 v18_lambda=0.000 gpu=3.0/15.8GB
[17:21:58] [train] ep=64 step=030/40 ce=0.3630 sc=0.7792 mi=0.0575 dn=0.0000 v13=0.0004 grl=0.0777 v15=0.0000 v15r=0.0000 v16=0.0000 v17=0.0000 v18=0.0000 acc=0.9917 lr=9.21e-05 lambda=0.000 grl_lambda=0.997 v18_lambda=0.000 gpu=3.0/15.8GB
[17:22:00] [train] ep=64 step=040/40 ce=0.3558 sc=0.7812 mi=0.0573 dn=0.0000 v13=0.0004 grl=0.0792 v15=0.0000 v15r=0.0000 v16=0.0000 v17=0.0000 v18=0.0000 acc=0.9922 lr=9.10e-05 lambda=0.000 grl_lambda=0.997 v18_lambda=0.000 gpu=3.0/15.8GB
[17:22:03] [ep_summary] ep=64/100 val_live=0.9815/0.9817 val_ema=0.9877/0.9878 test77_live=0.8129/0.7683 test77_diag_ema=0.7662/0.7045 v13=0.0004 grl=0.0792 v15=0.0000 v15r=0.0000 v16=0.0000 v17=0.0000 v18=0.0000 das=fixed_narrow[10,30] p=1.00 ep_time=10.1s
[17:22:03] [save] best_sourcequalified77_ema ep=64 source_val_live=0.9815/0.9817 source_val_ema=0.9877/0.9878 test77_ema=0.7662/0.7045
[17:22:03] [train] epoch 65/100 steps=40 use_dann=0 das=fixed_narrow f=[10.0,30.0] p=1.00 gpu=3.0/15.8GB
[17:22:03] [train] ep=65 step=001/40 ce=0.2803 sc=0.6412 mi=0.0548 dn=0.0000 v13=0.0005 grl=0.0575 v15=0.0000 v15r=0.0000 v16=0.0000 v17=0.0000 v18=0.0000 acc=1.0000 lr=9.09e-05 lambda=0.000 grl_lambda=0.997 v18_lambda=0.000 gpu=3.0/15.8GB
[17:22:05] [train] ep=65 step=010/40 ce=0.2709 sc=0.9357 mi=0.0552 dn=0.0000 v13=0.0004 grl=0.0685 v15=0.0000 v15r=0.0000 v16=0.0000 v17=0.0000 v18=0.0000 acc=1.0000 lr=8.99e-05 lambda=0.000 grl_lambda=0.997 v18_lambda=0.000 gpu=3.0/15.8GB
[17:22:06] [train] ep=65 step=020/40 ce=0.2954 sc=0.8325 mi=0.0557 dn=0.0000 v13=0.0004 grl=0.0814 v15=0.0000 v15r=0.0000 v16=0.0000 v17=0.0000 v18=0.0000 acc=1.0000 lr=8.88e-05 lambda=0.000 grl_lambda=0.997 v18_lambda=0.000 gpu=3.0/15.8GB
[17:22:08] [train] ep=65 step=030/40 ce=0.3125 sc=0.7922 mi=0.0569 dn=0.0000 v13=0.0004 grl=0.0792 v15=0.0000 v15r=0.0000 v16=0.0000 v17=0.0000 v18=0.0000 acc=0.9979 lr=8.77e-05 lambda=0.000 grl_lambda=0.997 v18_lambda=0.000 gpu=3.0/15.8GB
[17:22:10] [train] ep=65 step=040/40 ce=0.3029 sc=0.7763 mi=0.0563 dn=0.0000 v13=0.0004 grl=0.0802 v15=0.0000 v15r=0.0000 v16=0.0000 v17=0.0000 v18=0.0000 acc=0.9984 lr=8.66e-05 lambda=0.000 grl_lambda=0.997 v18_lambda=0.000 gpu=3.0/15.8GB
[17:22:13] [ep_summary] ep=65/100 val_live=0.9877/0.9878 val_ema=0.9877/0.9878 test77_live=0.8381/0.8257 test77_diag_ema=0.7698/0.7081 v13=0.0004 grl=0.0802 v15=0.0000 v15r=0.0000 v16=0.0000 v17=0.0000 v18=0.0000 das=fixed_narrow[10,30] p=1.00 ep_time=10.1s
[17:22:13] [save] best_sourcequalified77_ema ep=65 source_val_live=0.9877/0.9878 source_val_ema=0.9877/0.9878 test77_ema=0.7698/0.7081
[17:22:13] [train] epoch 66/100 steps=40 use_dann=0 das=fixed_narrow f=[10.0,30.0] p=1.00 gpu=3.0/15.8GB
[17:22:13] [train] ep=66 step=001/40 ce=1.0442 sc=1.2978 mi=0.0479 dn=0.0000 v13=0.0004 grl=0.0501 v15=0.0000 v15r=0.0000 v16=0.0000 v17=0.0000 v18=0.0000 acc=0.9375 lr=8.65e-05 lambda=0.000 grl_lambda=0.997 v18_lambda=0.000 gpu=3.0/15.8GB
[17:22:15] [train] ep=66 step=010/40 ce=0.4152 sc=0.9780 mi=0.0573 dn=0.0000 v13=0.0004 grl=0.0787 v15=0.0000 v15r=0.0000 v16=0.0000 v17=0.0000 v18=0.0000 acc=0.9875 lr=8.55e-05 lambda=0.000 grl_lambda=0.997 v18_lambda=0.000 gpu=3.0/15.8GB
[17:22:17] [train] ep=66 step=020/40 ce=0.3796 sc=0.9518 mi=0.0561 dn=0.0000 v13=0.0004 grl=0.0711 v15=0.0000 v15r=0.0000 v16=0.0000 v17=0.0000 v18=0.0000 acc=0.9906 lr=8.44e-05 lambda=0.000 grl_lambda=0.997 v18_lambda=0.000 gpu=3.0/15.8GB
[17:22:18] [train] ep=66 step=030/40 ce=0.3610 sc=0.8653 mi=0.0560 dn=0.0000 v13=0.0005 grl=0.0754 v15=0.0000 v15r=0.0000 v16=0.0000 v17=0.0000 v18=0.0000 acc=0.9917 lr=8.33e-05 lambda=0.000 grl_lambda=0.997 v18_lambda=0.000 gpu=3.0/15.8GB
[17:22:20] [train] ep=66 step=040/40 ce=0.3555 sc=0.8620 mi=0.0560 dn=0.0000 v13=0.0004 grl=0.0771 v15=0.0000 v15r=0.0000 v16=0.0000 v17=0.0000 v18=0.0000 acc=0.9922 lr=8.22e-05 lambda=0.000 grl_lambda=0.997 v18_lambda=0.000 gpu=3.0/15.8GB
[17:22:23] [ep_summary] ep=66/100 val_live=0.9691/0.9687 val_ema=0.9877/0.9878 test77_live=0.8273/0.7939 test77_diag_ema=0.7878/0.7352 v13=0.0004 grl=0.0771 v15=0.0000 v15r=0.0000 v16=0.0000 v17=0.0000 v18=0.0000 das=fixed_narrow[10,30] p=1.00 ep_time=10.1s
[17:22:23] [save] best_sourcequalified77_ema ep=66 source_val_live=0.9691/0.9687 source_val_ema=0.9877/0.9878 test77_ema=0.7878/0.7352
[17:22:23] [train] epoch 67/100 steps=40 use_dann=0 das=fixed_narrow f=[10.0,30.0] p=1.00 gpu=3.0/15.8GB
[17:22:23] [train] ep=67 step=001/40 ce=0.2597 sc=0.6142 mi=0.0600 dn=0.0000 v13=0.0003 grl=0.0640 v15=0.0000 v15r=0.0000 v16=0.0000 v17=0.0000 v18=0.0000 acc=1.0000 lr=8.21e-05 lambda=0.000 grl_lambda=0.997 v18_lambda=0.000 gpu=3.0/15.8GB
[17:22:25] [train] ep=67 step=010/40 ce=0.4498 sc=0.8456 mi=0.0572 dn=0.0000 v13=0.0004 grl=0.0731 v15=0.0000 v15r=0.0000 v16=0.0000 v17=0.0000 v18=0.0000 acc=0.9875 lr=8.11e-05 lambda=0.000 grl_lambda=0.997 v18_lambda=0.000 gpu=3.0/15.8GB
[17:22:27] [train] ep=67 step=020/40 ce=0.3553 sc=0.7264 mi=0.0546 dn=0.0000 v13=0.0004 grl=0.0723 v15=0.0000 v15r=0.0000 v16=0.0000 v17=0.0000 v18=0.0000 acc=0.9938 lr=8.01e-05 lambda=0.000 grl_lambda=0.997 v18_lambda=0.000 gpu=3.0/15.8GB
[17:22:29] [train] ep=67 step=030/40 ce=0.3905 sc=0.7541 mi=0.0553 dn=0.0000 v13=0.0004 grl=0.0808 v15=0.0000 v15r=0.0000 v16=0.0000 v17=0.0000 v18=0.0000 acc=0.9896 lr=7.90e-05 lambda=0.000 grl_lambda=0.997 v18_lambda=0.000 gpu=3.0/15.8GB
[17:22:31] [train] ep=67 step=040/40 ce=0.3597 sc=0.7556 mi=0.0543 dn=0.0000 v13=0.0004 grl=0.0793 v15=0.0000 v15r=0.0000 v16=0.0000 v17=0.0000 v18=0.0000 acc=0.9922 lr=7.79e-05 lambda=0.000 grl_lambda=0.998 v18_lambda=0.000 gpu=3.0/15.8GB
[17:22:34] [ep_summary] ep=67/100 val_live=0.9753/0.9756 val_ema=0.9877/0.9878 test77_live=0.8165/0.7915 test77_diag_ema=0.7878/0.7348 v13=0.0004 grl=0.0793 v15=0.0000 v15r=0.0000 v16=0.0000 v17=0.0000 v18=0.0000 das=fixed_narrow[10,30] p=1.00 ep_time=11.1s
[17:22:34] [train] epoch 68/100 steps=40 use_dann=0 das=fixed_narrow f=[10.0,30.0] p=1.00 gpu=3.0/15.8GB
[17:22:34] [train] ep=68 step=001/40 ce=0.2605 sc=0.7325 mi=0.0521 dn=0.0000 v13=0.0004 grl=0.0727 v15=0.0000 v15r=0.0000 v16=0.0000 v17=0.0000 v18=0.0000 acc=1.0000 lr=7.78e-05 lambda=0.000 grl_lambda=0.998 v18_lambda=0.000 gpu=3.0/15.8GB
[17:22:36] [train] ep=68 step=010/40 ce=0.3325 sc=0.7147 mi=0.0563 dn=0.0000 v13=0.0005 grl=0.0831 v15=0.0000 v15r=0.0000 v16=0.0000 v17=0.0000 v18=0.0000 acc=0.9938 lr=7.69e-05 lambda=0.000 grl_lambda=0.998 v18_lambda=0.000 gpu=3.0/15.8GB
[17:22:38] [train] ep=68 step=020/40 ce=0.3167 sc=0.7889 mi=0.0565 dn=0.0000 v13=0.0004 grl=0.0823 v15=0.0000 v15r=0.0000 v16=0.0000 v17=0.0000 v18=0.0000 acc=0.9938 lr=7.58e-05 lambda=0.000 grl_lambda=0.998 v18_lambda=0.000 gpu=3.0/15.8GB
[17:22:41] [train] ep=68 step=030/40 ce=0.3399 sc=0.8129 mi=0.0580 dn=0.0000 v13=0.0004 grl=0.0837 v15=0.0000 v15r=0.0000 v16=0.0000 v17=0.0000 v18=0.0000 acc=0.9917 lr=7.48e-05 lambda=0.000 grl_lambda=0.998 v18_lambda=0.000 gpu=3.0/15.8GB
[17:22:43] [train] ep=68 step=040/40 ce=0.3209 sc=0.8256 mi=0.0581 dn=0.0000 v13=0.0004 grl=0.0832 v15=0.0000 v15r=0.0000 v16=0.0000 v17=0.0000 v18=0.0000 acc=0.9938 lr=7.37e-05 lambda=0.000 grl_lambda=0.998 v18_lambda=0.000 gpu=3.0/15.8GB
[17:22:46] [ep_summary] ep=68/100 val_live=0.9630/0.9625 val_ema=0.9877/0.9878 test77_live=0.8201/0.7902 test77_diag_ema=0.7878/0.7348 v13=0.0004 grl=0.0832 v15=0.0000 v15r=0.0000 v16=0.0000 v17=0.0000 v18=0.0000 das=fixed_narrow[10,30] p=1.00 ep_time=11.4s
[17:22:46] [train] epoch 69/100 steps=40 use_dann=0 das=fixed_narrow f=[10.0,30.0] p=1.00 gpu=3.0/15.8GB
[17:22:46] [train] ep=69 step=001/40 ce=0.2589 sc=0.8421 mi=0.0471 dn=0.0000 v13=0.0002 grl=0.0626 v15=0.0000 v15r=0.0000 v16=0.0000 v17=0.0000 v18=0.0000 acc=1.0000 lr=7.36e-05 lambda=0.000 grl_lambda=0.998 v18_lambda=0.000 gpu=3.0/15.8GB
[17:22:47] [train] ep=69 step=010/40 ce=0.4719 sc=0.7815 mi=0.0564 dn=0.0000 v13=0.0004 grl=0.0797 v15=0.0000 v15r=0.0000 v16=0.0000 v17=0.0000 v18=0.0000 acc=0.9875 lr=7.27e-05 lambda=0.000 grl_lambda=0.998 v18_lambda=0.000 gpu=3.0/15.8GB
[17:22:49] [train] ep=69 step=020/40 ce=0.3673 sc=0.7335 mi=0.0563 dn=0.0000 v13=0.0004 grl=0.0764 v15=0.0000 v15r=0.0000 v16=0.0000 v17=0.0000 v18=0.0000 acc=0.9938 lr=7.16e-05 lambda=0.000 grl_lambda=0.998 v18_lambda=0.000 gpu=3.0/15.8GB
[17:22:51] [train] ep=69 step=030/40 ce=0.3315 sc=0.7656 mi=0.0560 dn=0.0000 v13=0.0004 grl=0.0767 v15=0.0000 v15r=0.0000 v16=0.0000 v17=0.0000 v18=0.0000 acc=0.9958 lr=7.06e-05 lambda=0.000 grl_lambda=0.998 v18_lambda=0.000 gpu=3.0/15.8GB
[17:22:53] [train] ep=69 step=040/40 ce=0.3276 sc=0.7243 mi=0.0553 dn=0.0000 v13=0.0004 grl=0.0771 v15=0.0000 v15r=0.0000 v16=0.0000 v17=0.0000 v18=0.0000 acc=0.9953 lr=6.96e-05 lambda=0.000 grl_lambda=0.998 v18_lambda=0.000 gpu=3.0/15.8GB
[17:22:56] [ep_summary] ep=69/100 val_live=0.9815/0.9817 val_ema=0.9938/0.9939 test77_live=0.8129/0.7827 test77_diag_ema=0.7878/0.7353 v13=0.0004 grl=0.0771 v15=0.0000 v15r=0.0000 v16=0.0000 v17=0.0000 v18=0.0000 das=fixed_narrow[10,30] p=1.00 ep_time=10.5s
[17:22:56] [save] best_sourceval_ema val_acc_ema=0.9938 source_val_live=0.9815/0.9817 source_val_ema=0.9938/0.9939 ep=69
[17:22:56] [save] best_sourcequalified77_ema ep=69 source_val_live=0.9815/0.9817 source_val_ema=0.9938/0.9939 test77_ema=0.7878/0.7353
[17:22:56] [train] epoch 70/100 steps=40 use_dann=0 das=fixed_narrow f=[10.0,30.0] p=1.00 gpu=3.0/15.8GB
[17:22:56] [train] ep=70 step=001/40 ce=0.2581 sc=0.7611 mi=0.0627 dn=0.0000 v13=0.0008 grl=0.0560 v15=0.0000 v15r=0.0000 v16=0.0000 v17=0.0000 v18=0.0000 acc=1.0000 lr=6.95e-05 lambda=0.000 grl_lambda=0.998 v18_lambda=0.000 gpu=3.0/15.8GB
[17:22:58] [train] ep=70 step=010/40 ce=0.4656 sc=0.9390 mi=0.0557 dn=0.0000 v13=0.0004 grl=0.0745 v15=0.0000 v15r=0.0000 v16=0.0000 v17=0.0000 v18=0.0000 acc=0.9938 lr=6.85e-05 lambda=0.000 grl_lambda=0.998 v18_lambda=0.000 gpu=3.0/15.8GB
[17:23:00] [train] ep=70 step=020/40 ce=0.3724 sc=0.8935 mi=0.0552 dn=0.0000 v13=0.0004 grl=0.0818 v15=0.0000 v15r=0.0000 v16=0.0000 v17=0.0000 v18=0.0000 acc=0.9969 lr=6.75e-05 lambda=0.000 grl_lambda=0.998 v18_lambda=0.000 gpu=3.0/15.8GB
[17:23:02] [train] ep=70 step=030/40 ce=0.3467 sc=0.8546 mi=0.0551 dn=0.0000 v13=0.0004 grl=0.0787 v15=0.0000 v15r=0.0000 v16=0.0000 v17=0.0000 v18=0.0000 acc=0.9979 lr=6.65e-05 lambda=0.000 grl_lambda=0.998 v18_lambda=0.000 gpu=3.0/15.8GB
[17:23:04] [train] ep=70 step=040/40 ce=0.3644 sc=0.8399 mi=0.0550 dn=0.0000 v13=0.0004 grl=0.0777 v15=0.0000 v15r=0.0000 v16=0.0000 v17=0.0000 v18=0.0000 acc=0.9953 lr=6.55e-05 lambda=0.000 grl_lambda=0.998 v18_lambda=0.000 gpu=3.0/15.8GB
[17:23:07] [pool] check ep=070/100 source_val_acc_ema=0.9938 threshold=0.90
[17:23:08] [pool] ep=070 ADDED src_val=0.9938/0.9939 dev77=0.7429/0.6886 final77=0.7914/0.7429
[17:23:08] [pool] running best ep=070 dev77_f1=0.6886 final77_f1=0.7429 (pool_size=4)
[17:23:08] [ep_summary] ep=70/100 val_live=0.9691/0.9694 val_ema=0.9938/0.9939 test77_live=0.8309/0.8080 test77_diag_ema=0.7914/0.7429 v13=0.0004 grl=0.0777 v15=0.0000 v15r=0.0000 v16=0.0000 v17=0.0000 v18=0.0000 das=fixed_narrow[10,30] p=1.00 ep_time=12.2s
[17:23:08] [save] best_sourcequalified77_ema ep=70 source_val_live=0.9691/0.9694 source_val_ema=0.9938/0.9939 test77_ema=0.7914/0.7429
[17:23:08] [strict77_monitor] ep=70 best_source_epoch=69 source_val_ema=0.9938/0.9939 test77_ema_diag=0.7878/0.7353 sourcequalified_count=70 best_sourcequalified77_epoch=70 source_val_ema=0.9938/0.9939 test77_ema=0.7914/0.7429
[17:23:08] [train] epoch 71/100 steps=40 use_dann=0 das=fixed_narrow f=[10.0,30.0] p=1.00 gpu=3.0/15.8GB
[17:23:09] [train] ep=71 step=001/40 ce=0.2616 sc=0.9720 mi=0.0582 dn=0.0000 v13=0.0004 grl=0.0975 v15=0.0000 v15r=0.0000 v16=0.0000 v17=0.0000 v18=0.0000 acc=1.0000 lr=6.54e-05 lambda=0.000 grl_lambda=0.998 v18_lambda=0.000 gpu=3.0/15.8GB
[17:23:11] [train] ep=71 step=010/40 ce=0.3518 sc=0.7135 mi=0.0542 dn=0.0000 v13=0.0004 grl=0.0843 v15=0.0000 v15r=0.0000 v16=0.0000 v17=0.0000 v18=0.0000 acc=0.9938 lr=6.45e-05 lambda=0.000 grl_lambda=0.998 v18_lambda=0.000 gpu=3.0/15.8GB
[17:23:13] [train] ep=71 step=020/40 ce=0.3421 sc=0.8023 mi=0.0548 dn=0.0000 v13=0.0004 grl=0.0808 v15=0.0000 v15r=0.0000 v16=0.0000 v17=0.0000 v18=0.0000 acc=0.9938 lr=6.35e-05 lambda=0.000 grl_lambda=0.998 v18_lambda=0.000 gpu=3.0/15.8GB
[17:23:15] [train] ep=71 step=030/40 ce=0.3730 sc=0.8512 mi=0.0547 dn=0.0000 v13=0.0004 grl=0.0778 v15=0.0000 v15r=0.0000 v16=0.0000 v17=0.0000 v18=0.0000 acc=0.9917 lr=6.25e-05 lambda=0.000 grl_lambda=0.998 v18_lambda=0.000 gpu=3.0/15.8GB
[17:23:17] [train] ep=71 step=040/40 ce=0.3444 sc=0.8165 mi=0.0546 dn=0.0000 v13=0.0004 grl=0.0779 v15=0.0000 v15r=0.0000 v16=0.0000 v17=0.0000 v18=0.0000 acc=0.9938 lr=6.15e-05 lambda=0.000 grl_lambda=0.998 v18_lambda=0.000 gpu=3.0/15.8GB
[17:23:20] [ep_summary] ep=71/100 val_live=0.9753/0.9756 val_ema=0.9938/0.9939 test77_live=0.8129/0.7759 test77_diag_ema=0.7914/0.7429 v13=0.0004 grl=0.0779 v15=0.0000 v15r=0.0000 v16=0.0000 v17=0.0000 v18=0.0000 das=fixed_narrow[10,30] p=1.00 ep_time=11.4s
[17:23:20] [train] epoch 72/100 steps=40 use_dann=0 das=fixed_narrow f=[10.0,30.0] p=1.00 gpu=3.0/15.8GB
[17:23:20] [train] ep=72 step=001/40 ce=0.2646 sc=0.7318 mi=0.0498 dn=0.0000 v13=0.0002 grl=0.0525 v15=0.0000 v15r=0.0000 v16=0.0000 v17=0.0000 v18=0.0000 acc=1.0000 lr=6.14e-05 lambda=0.000 grl_lambda=0.998 v18_lambda=0.000 gpu=3.0/15.8GB
[17:23:22] [train] ep=72 step=010/40 ce=0.4194 sc=0.9690 mi=0.0585 dn=0.0000 v13=0.0004 grl=0.0724 v15=0.0000 v15r=0.0000 v16=0.0000 v17=0.0000 v18=0.0000 acc=0.9875 lr=6.06e-05 lambda=0.000 grl_lambda=0.998 v18_lambda=0.000 gpu=3.0/15.8GB
[17:23:24] [train] ep=72 step=020/40 ce=0.3403 sc=0.8477 mi=0.0576 dn=0.0000 v13=0.0004 grl=0.0717 v15=0.0000 v15r=0.0000 v16=0.0000 v17=0.0000 v18=0.0000 acc=0.9938 lr=5.96e-05 lambda=0.000 grl_lambda=0.998 v18_lambda=0.000 gpu=3.0/15.8GB
[17:23:26] [train] ep=72 step=030/40 ce=0.3525 sc=0.8134 mi=0.0568 dn=0.0000 v13=0.0004 grl=0.0709 v15=0.0000 v15r=0.0000 v16=0.0000 v17=0.0000 v18=0.0000 acc=0.9938 lr=5.86e-05 lambda=0.000 grl_lambda=0.998 v18_lambda=0.000 gpu=3.0/15.8GB
[17:23:28] [train] ep=72 step=040/40 ce=0.3780 sc=0.8146 mi=0.0566 dn=0.0000 v13=0.0004 grl=0.0720 v15=0.0000 v15r=0.0000 v16=0.0000 v17=0.0000 v18=0.0000 acc=0.9922 lr=5.77e-05 lambda=0.000 grl_lambda=0.999 v18_lambda=0.000 gpu=3.0/15.8GB
[17:23:31] [ep_summary] ep=72/100 val_live=0.9753/0.9756 val_ema=0.9938/0.9939 test77_live=0.8094/0.7706 test77_diag_ema=0.7914/0.7432 v13=0.0004 grl=0.0720 v15=0.0000 v15r=0.0000 v16=0.0000 v17=0.0000 v18=0.0000 das=fixed_narrow[10,30] p=1.00 ep_time=11.0s
[17:23:31] [save] best_sourcequalified77_ema ep=72 source_val_live=0.9753/0.9756 source_val_ema=0.9938/0.9939 test77_ema=0.7914/0.7432
[17:23:31] [train] epoch 73/100 steps=40 use_dann=0 das=fixed_narrow f=[10.0,30.0] p=1.00 gpu=3.0/15.8GB
[17:23:31] [train] ep=73 step=001/40 ce=0.2613 sc=0.6287 mi=0.0546 dn=0.0000 v13=0.0004 grl=0.0496 v15=0.0000 v15r=0.0000 v16=0.0000 v17=0.0000 v18=0.0000 acc=1.0000 lr=5.76e-05 lambda=0.000 grl_lambda=0.999 v18_lambda=0.000 gpu=3.0/15.8GB
[17:23:33] [train] ep=73 step=010/40 ce=0.3620 sc=0.7479 mi=0.0557 dn=0.0000 v13=0.0004 grl=0.0630 v15=0.0000 v15r=0.0000 v16=0.0000 v17=0.0000 v18=0.0000 acc=0.9938 lr=5.67e-05 lambda=0.000 grl_lambda=0.999 v18_lambda=0.000 gpu=3.0/15.8GB
[17:23:35] [train] ep=73 step=020/40 ce=0.3120 sc=0.7758 mi=0.0553 dn=0.0000 v13=0.0004 grl=0.0742 v15=0.0000 v15r=0.0000 v16=0.0000 v17=0.0000 v18=0.0000 acc=0.9969 lr=5.58e-05 lambda=0.000 grl_lambda=0.999 v18_lambda=0.000 gpu=3.0/15.8GB
[17:23:37] [train] ep=73 step=030/40 ce=0.3016 sc=0.7589 mi=0.0541 dn=0.0000 v13=0.0004 grl=0.0772 v15=0.0000 v15r=0.0000 v16=0.0000 v17=0.0000 v18=0.0000 acc=0.9979 lr=5.48e-05 lambda=0.000 grl_lambda=0.999 v18_lambda=0.000 gpu=3.0/15.8GB
[17:23:38] [train] ep=73 step=040/40 ce=0.2926 sc=0.7176 mi=0.0549 dn=0.0000 v13=0.0004 grl=0.0770 v15=0.0000 v15r=0.0000 v16=0.0000 v17=0.0000 v18=0.0000 acc=0.9984 lr=5.39e-05 lambda=0.000 grl_lambda=0.999 v18_lambda=0.000 gpu=3.0/15.8GB
[17:23:41] [ep_summary] ep=73/100 val_live=0.9815/0.9817 val_ema=0.9938/0.9939 test77_live=0.8058/0.7614 test77_diag_ema=0.7914/0.7428 v13=0.0004 grl=0.0770 v15=0.0000 v15r=0.0000 v16=0.0000 v17=0.0000 v18=0.0000 das=fixed_narrow[10,30] p=1.00 ep_time=10.4s
[17:23:41] [train] epoch 74/100 steps=40 use_dann=0 das=fixed_narrow f=[10.0,30.0] p=1.00 gpu=3.0/15.8GB
[17:23:42] [train] ep=74 step=001/40 ce=0.4271 sc=1.4007 mi=0.0628 dn=0.0000 v13=0.0003 grl=0.0725 v15=0.0000 v15r=0.0000 v16=0.0000 v17=0.0000 v18=0.0000 acc=1.0000 lr=5.38e-05 lambda=0.000 grl_lambda=0.999 v18_lambda=0.000 gpu=3.0/15.8GB
[17:23:44] [train] ep=74 step=010/40 ce=0.3382 sc=0.9200 mi=0.0551 dn=0.0000 v13=0.0004 grl=0.0922 v15=0.0000 v15r=0.0000 v16=0.0000 v17=0.0000 v18=0.0000 acc=0.9938 lr=5.30e-05 lambda=0.000 grl_lambda=0.999 v18_lambda=0.000 gpu=3.0/15.8GB
[17:23:46] [train] ep=74 step=020/40 ce=0.3123 sc=0.8404 mi=0.0568 dn=0.0000 v13=0.0004 grl=0.0869 v15=0.0000 v15r=0.0000 v16=0.0000 v17=0.0000 v18=0.0000 acc=0.9969 lr=5.20e-05 lambda=0.000 grl_lambda=0.999 v18_lambda=0.000 gpu=3.0/15.8GB
[17:23:48] [train] ep=74 step=030/40 ce=0.3037 sc=0.7897 mi=0.0559 dn=0.0000 v13=0.0004 grl=0.0876 v15=0.0000 v15r=0.0000 v16=0.0000 v17=0.0000 v18=0.0000 acc=0.9979 lr=5.11e-05 lambda=0.000 grl_lambda=0.999 v18_lambda=0.000 gpu=3.0/15.8GB
[17:23:50] [train] ep=74 step=040/40 ce=0.3409 sc=0.8171 mi=0.0566 dn=0.0000 v13=0.0004 grl=0.0861 v15=0.0000 v15r=0.0000 v16=0.0000 v17=0.0000 v18=0.0000 acc=0.9953 lr=5.02e-05 lambda=0.000 grl_lambda=0.999 v18_lambda=0.000 gpu=3.0/15.8GB
[17:23:53] [ep_summary] ep=74/100 val_live=0.9877/0.9878 val_ema=0.9938/0.9939 test77_live=0.7878/0.7470 test77_diag_ema=0.7878/0.7394 v13=0.0004 grl=0.0861 v15=0.0000 v15r=0.0000 v16=0.0000 v17=0.0000 v18=0.0000 das=fixed_narrow[10,30] p=1.00 ep_time=11.6s
[17:23:53] [train] epoch 75/100 steps=40 use_dann=0 das=fixed_narrow f=[10.0,30.0] p=1.00 gpu=3.0/15.8GB
[17:23:53] [train] ep=75 step=001/40 ce=0.2564 sc=0.8376 mi=0.0567 dn=0.0000 v13=0.0004 grl=0.0503 v15=0.0000 v15r=0.0000 v16=0.0000 v17=0.0000 v18=0.0000 acc=1.0000 lr=5.01e-05 lambda=0.000 grl_lambda=0.999 v18_lambda=0.000 gpu=3.0/15.8GB
[17:23:55] [train] ep=75 step=010/40 ce=0.3555 sc=0.7836 mi=0.0552 dn=0.0000 v13=0.0004 grl=0.0724 v15=0.0000 v15r=0.0000 v16=0.0000 v17=0.0000 v18=0.0000 acc=0.9938 lr=4.93e-05 lambda=0.000 grl_lambda=0.999 v18_lambda=0.000 gpu=3.0/15.8GB
[17:23:57] [train] ep=75 step=020/40 ce=0.3994 sc=0.8056 mi=0.0554 dn=0.0000 v13=0.0004 grl=0.0762 v15=0.0000 v15r=0.0000 v16=0.0000 v17=0.0000 v18=0.0000 acc=0.9875 lr=4.84e-05 lambda=0.000 grl_lambda=0.999 v18_lambda=0.000 gpu=3.0/15.8GB
[17:23:58] [train] ep=75 step=030/40 ce=0.3727 sc=0.8175 mi=0.0557 dn=0.0000 v13=0.0004 grl=0.0753 v15=0.0000 v15r=0.0000 v16=0.0000 v17=0.0000 v18=0.0000 acc=0.9896 lr=4.75e-05 lambda=0.000 grl_lambda=0.999 v18_lambda=0.000 gpu=3.0/15.8GB
[17:24:01] [train] ep=75 step=040/40 ce=0.3860 sc=0.8429 mi=0.0563 dn=0.0000 v13=0.0004 grl=0.0775 v15=0.0000 v15r=0.0000 v16=0.0000 v17=0.0000 v18=0.0000 acc=0.9891 lr=4.66e-05 lambda=0.000 grl_lambda=0.999 v18_lambda=0.000 gpu=3.0/15.8GB
[17:24:03] [ep_summary] ep=75/100 val_live=0.9630/0.9627 val_ema=0.9938/0.9939 test77_live=0.7878/0.7514 test77_diag_ema=0.7878/0.7392 v13=0.0004 grl=0.0775 v15=0.0000 v15r=0.0000 v16=0.0000 v17=0.0000 v18=0.0000 das=fixed_narrow[10,30] p=1.00 ep_time=10.6s
[17:24:03] [train] epoch 76/100 steps=40 use_dann=0 das=fixed_narrow f=[10.0,30.0] p=1.00 gpu=3.0/15.8GB
[17:24:04] [train] ep=76 step=001/40 ce=0.2566 sc=0.5695 mi=0.0544 dn=0.0000 v13=0.0004 grl=0.0743 v15=0.0000 v15r=0.0000 v16=0.0000 v17=0.0000 v18=0.0000 acc=1.0000 lr=4.65e-05 lambda=0.000 grl_lambda=0.999 v18_lambda=0.000 gpu=3.0/15.8GB
[17:24:05] [train] ep=76 step=010/40 ce=0.4246 sc=0.7375 mi=0.0569 dn=0.0000 v13=0.0003 grl=0.0843 v15=0.0000 v15r=0.0000 v16=0.0000 v17=0.0000 v18=0.0000 acc=0.9938 lr=4.58e-05 lambda=0.000 grl_lambda=0.999 v18_lambda=0.000 gpu=3.0/15.8GB
[17:24:07] [train] ep=76 step=020/40 ce=0.3693 sc=0.7413 mi=0.0568 dn=0.0000 v13=0.0004 grl=0.0858 v15=0.0000 v15r=0.0000 v16=0.0000 v17=0.0000 v18=0.0000 acc=0.9938 lr=4.49e-05 lambda=0.000 grl_lambda=0.999 v18_lambda=0.000 gpu=3.0/15.8GB
[17:24:09] [train] ep=76 step=030/40 ce=0.3670 sc=0.7457 mi=0.0564 dn=0.0000 v13=0.0003 grl=0.0850 v15=0.0000 v15r=0.0000 v16=0.0000 v17=0.0000 v18=0.0000 acc=0.9938 lr=4.40e-05 lambda=0.000 grl_lambda=0.999 v18_lambda=0.000 gpu=3.0/15.8GB
[17:24:11] [train] ep=76 step=040/40 ce=0.3458 sc=0.7522 mi=0.0554 dn=0.0000 v13=0.0003 grl=0.0831 v15=0.0000 v15r=0.0000 v16=0.0000 v17=0.0000 v18=0.0000 acc=0.9953 lr=4.32e-05 lambda=0.000 grl_lambda=0.999 v18_lambda=0.000 gpu=3.0/15.8GB
[17:24:14] [ep_summary] ep=76/100 val_live=0.9753/0.9755 val_ema=0.9938/0.9939 test77_live=0.7734/0.7372 test77_diag_ema=0.7878/0.7392 v13=0.0003 grl=0.0831 v15=0.0000 v15r=0.0000 v16=0.0000 v17=0.0000 v18=0.0000 das=fixed_narrow[10,30] p=1.00 ep_time=10.2s
[17:24:14] [train] epoch 77/100 steps=40 use_dann=0 das=fixed_narrow f=[10.0,30.0] p=1.00 gpu=3.0/15.8GB
[17:24:14] [train] ep=77 step=001/40 ce=0.2576 sc=0.6309 mi=0.0660 dn=0.0000 v13=0.0005 grl=0.0970 v15=0.0000 v15r=0.0000 v16=0.0000 v17=0.0000 v18=0.0000 acc=1.0000 lr=4.31e-05 lambda=0.000 grl_lambda=0.999 v18_lambda=0.000 gpu=3.0/15.8GB
[17:24:16] [train] ep=77 step=010/40 ce=0.2784 sc=0.6519 mi=0.0562 dn=0.0000 v13=0.0004 grl=0.0835 v15=0.0000 v15r=0.0000 v16=0.0000 v17=0.0000 v18=0.0000 acc=1.0000 lr=4.23e-05 lambda=0.000 grl_lambda=0.999 v18_lambda=0.000 gpu=3.0/15.8GB
[17:24:18] [train] ep=77 step=020/40 ce=0.3639 sc=0.7174 mi=0.0548 dn=0.0000 v13=0.0003 grl=0.0757 v15=0.0000 v15r=0.0000 v16=0.0000 v17=0.0000 v18=0.0000 acc=0.9906 lr=4.15e-05 lambda=0.000 grl_lambda=0.999 v18_lambda=0.000 gpu=3.0/15.8GB
[17:24:19] [train] ep=77 step=030/40 ce=0.3306 sc=0.7283 mi=0.0544 dn=0.0000 v13=0.0004 grl=0.0764 v15=0.0000 v15r=0.0000 v16=0.0000 v17=0.0000 v18=0.0000 acc=0.9938 lr=4.06e-05 lambda=0.000 grl_lambda=0.999 v18_lambda=0.000 gpu=3.0/15.8GB
[17:24:21] [train] ep=77 step=040/40 ce=0.3201 sc=0.7631 mi=0.0549 dn=0.0000 v13=0.0003 grl=0.0775 v15=0.0000 v15r=0.0000 v16=0.0000 v17=0.0000 v18=0.0000 acc=0.9953 lr=3.98e-05 lambda=0.000 grl_lambda=0.999 v18_lambda=0.000 gpu=3.0/15.8GB
[17:24:24] [ep_summary] ep=77/100 val_live=0.9877/0.9878 val_ema=0.9938/0.9939 test77_live=0.7770/0.7365 test77_diag_ema=0.7842/0.7354 v13=0.0003 grl=0.0775 v15=0.0000 v15r=0.0000 v16=0.0000 v17=0.0000 v18=0.0000 das=fixed_narrow[10,30] p=1.00 ep_time=10.4s
[17:24:24] [train] epoch 78/100 steps=40 use_dann=0 das=fixed_narrow f=[10.0,30.0] p=1.00 gpu=3.0/15.8GB
[17:24:24] [train] ep=78 step=001/40 ce=0.2575 sc=1.0824 mi=0.0576 dn=0.0000 v13=0.0006 grl=0.0670 v15=0.0000 v15r=0.0000 v16=0.0000 v17=0.0000 v18=0.0000 acc=1.0000 lr=3.97e-05 lambda=0.000 grl_lambda=0.999 v18_lambda=0.000 gpu=3.0/15.8GB
[17:24:26] [train] ep=78 step=010/40 ce=0.3331 sc=0.7705 mi=0.0529 dn=0.0000 v13=0.0004 grl=0.0729 v15=0.0000 v15r=0.0000 v16=0.0000 v17=0.0000 v18=0.0000 acc=0.9938 lr=3.90e-05 lambda=0.000 grl_lambda=0.999 v18_lambda=0.000 gpu=3.0/15.8GB
[17:24:28] [train] ep=78 step=020/40 ce=0.3034 sc=0.7469 mi=0.0541 dn=0.0000 v13=0.0004 grl=0.0707 v15=0.0000 v15r=0.0000 v16=0.0000 v17=0.0000 v18=0.0000 acc=0.9969 lr=3.82e-05 lambda=0.000 grl_lambda=0.999 v18_lambda=0.000 gpu=3.0/15.8GB
[17:24:30] [train] ep=78 step=030/40 ce=0.2886 sc=0.7785 mi=0.0548 dn=0.0000 v13=0.0004 grl=0.0753 v15=0.0000 v15r=0.0000 v16=0.0000 v17=0.0000 v18=0.0000 acc=0.9979 lr=3.74e-05 lambda=0.000 grl_lambda=0.999 v18_lambda=0.000 gpu=3.0/15.8GB
[17:24:31] [train] ep=78 step=040/40 ce=0.3008 sc=0.7640 mi=0.0551 dn=0.0000 v13=0.0004 grl=0.0748 v15=0.0000 v15r=0.0000 v16=0.0000 v17=0.0000 v18=0.0000 acc=0.9984 lr=3.66e-05 lambda=0.000 grl_lambda=0.999 v18_lambda=0.000 gpu=3.0/15.8GB
[17:24:34] [ep_summary] ep=78/100 val_live=0.9877/0.9878 val_ema=0.9938/0.9939 test77_live=0.7842/0.7435 test77_diag_ema=0.7842/0.7355 v13=0.0004 grl=0.0748 v15=0.0000 v15r=0.0000 v16=0.0000 v17=0.0000 v18=0.0000 das=fixed_narrow[10,30] p=1.00 ep_time=10.2s
[17:24:34] [train] epoch 79/100 steps=40 use_dann=0 das=fixed_narrow f=[10.0,30.0] p=1.00 gpu=3.0/15.8GB
[17:24:34] [train] ep=79 step=001/40 ce=0.2574 sc=0.6496 mi=0.0590 dn=0.0000 v13=0.0002 grl=0.0867 v15=0.0000 v15r=0.0000 v16=0.0000 v17=0.0000 v18=0.0000 acc=1.0000 lr=3.65e-05 lambda=0.000 grl_lambda=0.999 v18_lambda=0.000 gpu=3.0/15.8GB
[17:24:36] [train] ep=79 step=010/40 ce=0.3406 sc=0.8344 mi=0.0533 dn=0.0000 v13=0.0004 grl=0.0856 v15=0.0000 v15r=0.0000 v16=0.0000 v17=0.0000 v18=0.0000 acc=0.9938 lr=3.58e-05 lambda=0.000 grl_lambda=0.999 v18_lambda=0.000 gpu=3.0/15.8GB
[17:24:38] [train] ep=79 step=020/40 ce=0.4107 sc=0.9344 mi=0.0553 dn=0.0000 v13=0.0004 grl=0.0861 v15=0.0000 v15r=0.0000 v16=0.0000 v17=0.0000 v18=0.0000 acc=0.9875 lr=3.50e-05 lambda=0.000 grl_lambda=0.999 v18_lambda=0.000 gpu=3.0/15.8GB
[17:24:40] [train] ep=79 step=030/40 ce=0.3604 sc=0.8359 mi=0.0553 dn=0.0000 v13=0.0004 grl=0.0879 v15=0.0000 v15r=0.0000 v16=0.0000 v17=0.0000 v18=0.0000 acc=0.9917 lr=3.42e-05 lambda=0.000 grl_lambda=0.999 v18_lambda=0.000 gpu=3.0/15.8GB
[17:24:42] [train] ep=79 step=040/40 ce=0.3345 sc=0.8326 mi=0.0551 dn=0.0000 v13=0.0004 grl=0.0860 v15=0.0000 v15r=0.0000 v16=0.0000 v17=0.0000 v18=0.0000 acc=0.9938 lr=3.35e-05 lambda=0.000 grl_lambda=0.999 v18_lambda=0.000 gpu=3.0/15.8GB
[17:24:44] [ep_summary] ep=79/100 val_live=0.9815/0.9818 val_ema=0.9938/0.9939 test77_live=0.7734/0.7366 test77_diag_ema=0.7842/0.7353 v13=0.0004 grl=0.0860 v15=0.0000 v15r=0.0000 v16=0.0000 v17=0.0000 v18=0.0000 das=fixed_narrow[10,30] p=1.00 ep_time=10.1s
[17:24:44] [train] epoch 80/100 steps=40 use_dann=0 das=fixed_narrow f=[10.0,30.0] p=1.00 gpu=3.0/15.8GB
[17:24:45] [train] ep=80 step=001/40 ce=0.2582 sc=0.4222 mi=0.0577 dn=0.0000 v13=0.0002 grl=0.0639 v15=0.0000 v15r=0.0000 v16=0.0000 v17=0.0000 v18=0.0000 acc=1.0000 lr=3.34e-05 lambda=0.000 grl_lambda=0.999 v18_lambda=0.000 gpu=3.0/15.8GB
[17:24:46] [train] ep=80 step=010/40 ce=0.2583 sc=0.7056 mi=0.0572 dn=0.0000 v13=0.0003 grl=0.0657 v15=0.0000 v15r=0.0000 v16=0.0000 v17=0.0000 v18=0.0000 acc=1.0000 lr=3.27e-05 lambda=0.000 grl_lambda=0.999 v18_lambda=0.000 gpu=3.0/15.8GB
[17:24:48] [train] ep=80 step=020/40 ce=0.2798 sc=0.7647 mi=0.0553 dn=0.0000 v13=0.0003 grl=0.0620 v15=0.0000 v15r=0.0000 v16=0.0000 v17=0.0000 v18=0.0000 acc=0.9969 lr=3.19e-05 lambda=0.000 grl_lambda=0.999 v18_lambda=0.000 gpu=3.0/15.8GB
[17:24:50] [train] ep=80 step=030/40 ce=0.2887 sc=0.7587 mi=0.0552 dn=0.0000 v13=0.0003 grl=0.0676 v15=0.0000 v15r=0.0000 v16=0.0000 v17=0.0000 v18=0.0000 acc=0.9958 lr=3.12e-05 lambda=0.000 grl_lambda=0.999 v18_lambda=0.000 gpu=3.0/15.8GB
[17:24:52] [train] ep=80 step=040/40 ce=0.2825 sc=0.7665 mi=0.0556 dn=0.0000 v13=0.0003 grl=0.0658 v15=0.0000 v15r=0.0000 v16=0.0000 v17=0.0000 v18=0.0000 acc=0.9969 lr=3.05e-05 lambda=0.000 grl_lambda=0.999 v18_lambda=0.000 gpu=3.0/15.8GB
[17:24:55] [pool] check ep=080/100 source_val_acc_ema=0.9938 threshold=0.90
[17:24:56] [pool] ep=080 ADDED src_val=0.9938/0.9939 dev77=0.7429/0.6878 final77=0.7878/0.7392
[17:24:56] [pool] running best ep=070 dev77_f1=0.6886 final77_f1=0.7429 (pool_size=5)
[17:24:56] [ep_summary] ep=80/100 val_live=0.9877/0.9878 val_ema=0.9938/0.9939 test77_live=0.7734/0.7251 test77_diag_ema=0.7878/0.7392 v13=0.0003 grl=0.0658 v15=0.0000 v15r=0.0000 v16=0.0000 v17=0.0000 v18=0.0000 das=fixed_narrow[10,30] p=1.00 ep_time=12.2s
[17:24:57] [strict77_monitor] ep=80 best_source_epoch=69 source_val_ema=0.9938/0.9939 test77_ema_diag=0.7878/0.7353 sourcequalified_count=80 best_sourcequalified77_epoch=72 source_val_ema=0.9938/0.9939 test77_ema=0.7914/0.7432
[17:24:57] [train] epoch 81/100 steps=40 use_dann=0 das=fixed_narrow f=[10.0,30.0] p=1.00 gpu=3.0/15.8GB
[17:24:57] [train] ep=81 step=001/40 ce=0.2582 sc=0.8470 mi=0.0517 dn=0.0000 v13=0.0008 grl=0.0855 v15=0.0000 v15r=0.0000 v16=0.0000 v17=0.0000 v18=0.0000 acc=1.0000 lr=3.04e-05 lambda=0.000 grl_lambda=0.999 v18_lambda=0.000 gpu=3.0/15.8GB
[17:24:58] [train] ep=81 step=010/40 ce=0.3635 sc=0.9458 mi=0.0562 dn=0.0000 v13=0.0004 grl=0.0698 v15=0.0000 v15r=0.0000 v16=0.0000 v17=0.0000 v18=0.0000 acc=0.9938 lr=2.97e-05 lambda=0.000 grl_lambda=0.999 v18_lambda=0.000 gpu=3.0/15.8GB
[17:25:00] [train] ep=81 step=020/40 ce=0.3104 sc=0.8296 mi=0.0560 dn=0.0000 v13=0.0004 grl=0.0705 v15=0.0000 v15r=0.0000 v16=0.0000 v17=0.0000 v18=0.0000 acc=0.9969 lr=2.90e-05 lambda=0.000 grl_lambda=0.999 v18_lambda=0.000 gpu=3.0/15.8GB
[17:25:02] [train] ep=81 step=030/40 ce=0.2976 sc=0.8244 mi=0.0560 dn=0.0000 v13=0.0003 grl=0.0744 v15=0.0000 v15r=0.0000 v16=0.0000 v17=0.0000 v18=0.0000 acc=0.9979 lr=2.83e-05 lambda=0.000 grl_lambda=0.999 v18_lambda=0.000 gpu=3.0/15.8GB
[17:25:04] [train] ep=81 step=040/40 ce=0.2877 sc=0.8318 mi=0.0562 dn=0.0000 v13=0.0003 grl=0.0721 v15=0.0000 v15r=0.0000 v16=0.0000 v17=0.0000 v18=0.0000 acc=0.9984 lr=2.76e-05 lambda=0.000 grl_lambda=0.999 v18_lambda=0.000 gpu=3.0/15.8GB
[17:25:07] [ep_summary] ep=81/100 val_live=0.9815/0.9818 val_ema=0.9938/0.9939 test77_live=0.7806/0.7359 test77_diag_ema=0.7878/0.7392 v13=0.0003 grl=0.0721 v15=0.0000 v15r=0.0000 v16=0.0000 v17=0.0000 v18=0.0000 das=fixed_narrow[10,30] p=1.00 ep_time=10.3s
[17:25:07] [train] epoch 82/100 steps=40 use_dann=0 das=fixed_narrow f=[10.0,30.0] p=1.00 gpu=3.0/15.8GB
[17:25:07] [train] ep=82 step=001/40 ce=0.2572 sc=0.8446 mi=0.0505 dn=0.0000 v13=0.0002 grl=0.1082 v15=0.0000 v15r=0.0000 v16=0.0000 v17=0.0000 v18=0.0000 acc=1.0000 lr=2.75e-05 lambda=0.000 grl_lambda=0.999 v18_lambda=0.000 gpu=3.0/15.8GB
[17:25:09] [train] ep=82 step=010/40 ce=0.3185 sc=0.8239 mi=0.0558 dn=0.0000 v13=0.0003 grl=0.0818 v15=0.0000 v15r=0.0000 v16=0.0000 v17=0.0000 v18=0.0000 acc=0.9938 lr=2.69e-05 lambda=0.000 grl_lambda=0.999 v18_lambda=0.000 gpu=3.0/15.8GB
[17:25:10] [train] ep=82 step=020/40 ce=0.3103 sc=0.7718 mi=0.0569 dn=0.0000 v13=0.0003 grl=0.0733 v15=0.0000 v15r=0.0000 v16=0.0000 v17=0.0000 v18=0.0000 acc=0.9938 lr=2.62e-05 lambda=0.000 grl_lambda=0.999 v18_lambda=0.000 gpu=3.0/15.8GB
[17:25:12] [train] ep=82 step=030/40 ce=0.2938 sc=0.7896 mi=0.0566 dn=0.0000 v13=0.0003 grl=0.0744 v15=0.0000 v15r=0.0000 v16=0.0000 v17=0.0000 v18=0.0000 acc=0.9958 lr=2.55e-05 lambda=0.000 grl_lambda=0.999 v18_lambda=0.000 gpu=3.0/15.8GB
[17:25:14] [train] ep=82 step=040/40 ce=0.3043 sc=0.7730 mi=0.0560 dn=0.0000 v13=0.0003 grl=0.0735 v15=0.0000 v15r=0.0000 v16=0.0000 v17=0.0000 v18=0.0000 acc=0.9953 lr=2.48e-05 lambda=0.000 grl_lambda=0.999 v18_lambda=0.000 gpu=3.0/15.8GB
[17:25:17] [ep_summary] ep=82/100 val_live=0.9877/0.9878 val_ema=0.9938/0.9939 test77_live=0.7770/0.7368 test77_diag_ema=0.7878/0.7396 v13=0.0003 grl=0.0735 v15=0.0000 v15r=0.0000 v16=0.0000 v17=0.0000 v18=0.0000 das=fixed_narrow[10,30] p=1.00 ep_time=10.1s
[17:25:17] [train] epoch 83/100 steps=40 use_dann=0 das=fixed_narrow f=[10.0,30.0] p=1.00 gpu=3.0/15.8GB
[17:25:17] [train] ep=83 step=001/40 ce=0.2564 sc=0.7139 mi=0.0640 dn=0.0000 v13=0.0002 grl=0.0631 v15=0.0000 v15r=0.0000 v16=0.0000 v17=0.0000 v18=0.0000 acc=1.0000 lr=2.48e-05 lambda=0.000 grl_lambda=0.999 v18_lambda=0.000 gpu=3.0/15.8GB
[17:25:19] [train] ep=83 step=010/40 ce=0.3176 sc=0.7482 mi=0.0547 dn=0.0000 v13=0.0003 grl=0.0723 v15=0.0000 v15r=0.0000 v16=0.0000 v17=0.0000 v18=0.0000 acc=0.9938 lr=2.42e-05 lambda=0.000 grl_lambda=0.999 v18_lambda=0.000 gpu=3.0/15.8GB
[17:25:21] [train] ep=83 step=020/40 ce=0.3629 sc=0.7780 mi=0.0556 dn=0.0000 v13=0.0003 grl=0.0738 v15=0.0000 v15r=0.0000 v16=0.0000 v17=0.0000 v18=0.0000 acc=0.9906 lr=2.35e-05 lambda=0.000 grl_lambda=0.999 v18_lambda=0.000 gpu=3.0/15.8GB
[17:25:22] [train] ep=83 step=030/40 ce=0.3294 sc=0.7537 mi=0.0559 dn=0.0000 v13=0.0004 grl=0.0725 v15=0.0000 v15r=0.0000 v16=0.0000 v17=0.0000 v18=0.0000 acc=0.9938 lr=2.29e-05 lambda=0.000 grl_lambda=0.999 v18_lambda=0.000 gpu=3.0/15.8GB
[17:25:24] [train] ep=83 step=040/40 ce=0.3493 sc=0.7527 mi=0.0557 dn=0.0000 v13=0.0004 grl=0.0714 v15=0.0000 v15r=0.0000 v16=0.0000 v17=0.0000 v18=0.0000 acc=0.9922 lr=2.22e-05 lambda=0.000 grl_lambda=1.000 v18_lambda=0.000 gpu=3.0/15.8GB
[17:25:27] [ep_summary] ep=83/100 val_live=0.9877/0.9878 val_ema=0.9938/0.9939 test77_live=0.7986/0.7490 test77_diag_ema=0.7878/0.7390 v13=0.0004 grl=0.0714 v15=0.0000 v15r=0.0000 v16=0.0000 v17=0.0000 v18=0.0000 das=fixed_narrow[10,30] p=1.00 ep_time=10.2s
[17:25:27] [train] epoch 84/100 steps=40 use_dann=0 das=fixed_narrow f=[10.0,30.0] p=1.00 gpu=3.0/15.8GB
[17:25:27] [train] ep=84 step=001/40 ce=0.2584 sc=0.7878 mi=0.0592 dn=0.0000 v13=0.0004 grl=0.1289 v15=0.0000 v15r=0.0000 v16=0.0000 v17=0.0000 v18=0.0000 acc=1.0000 lr=2.22e-05 lambda=0.000 grl_lambda=1.000 v18_lambda=0.000 gpu=3.0/15.8GB
[17:25:29] [train] ep=84 step=010/40 ce=0.3093 sc=0.8084 mi=0.0527 dn=0.0000 v13=0.0003 grl=0.0800 v15=0.0000 v15r=0.0000 v16=0.0000 v17=0.0000 v18=0.0000 acc=0.9938 lr=2.16e-05 lambda=0.000 grl_lambda=1.000 v18_lambda=0.000 gpu=3.0/15.8GB
[17:25:31] [train] ep=84 step=020/40 ce=0.3221 sc=0.8513 mi=0.0536 dn=0.0000 v13=0.0003 grl=0.0765 v15=0.0000 v15r=0.0000 v16=0.0000 v17=0.0000 v18=0.0000 acc=0.9938 lr=2.10e-05 lambda=0.000 grl_lambda=1.000 v18_lambda=0.000 gpu=3.0/15.8GB
[17:25:33] [train] ep=84 step=030/40 ce=0.3488 sc=0.8367 mi=0.0543 dn=0.0000 v13=0.0003 grl=0.0806 v15=0.0000 v15r=0.0000 v16=0.0000 v17=0.0000 v18=0.0000 acc=0.9917 lr=2.04e-05 lambda=0.000 grl_lambda=1.000 v18_lambda=0.000 gpu=3.0/15.8GB
[17:25:35] [train] ep=84 step=040/40 ce=0.3457 sc=0.8336 mi=0.0541 dn=0.0000 v13=0.0004 grl=0.0787 v15=0.0000 v15r=0.0000 v16=0.0000 v17=0.0000 v18=0.0000 acc=0.9922 lr=1.98e-05 lambda=0.000 grl_lambda=1.000 v18_lambda=0.000 gpu=3.0/15.8GB
[17:25:37] [ep_summary] ep=84/100 val_live=0.9815/0.9818 val_ema=0.9938/0.9939 test77_live=0.7986/0.7539 test77_diag_ema=0.7914/0.7425 v13=0.0004 grl=0.0787 v15=0.0000 v15r=0.0000 v16=0.0000 v17=0.0000 v18=0.0000 das=fixed_narrow[10,30] p=1.00 ep_time=10.2s
[17:25:37] [train] epoch 85/100 steps=40 use_dann=0 das=fixed_narrow f=[10.0,30.0] p=1.00 gpu=3.0/15.8GB
[17:25:38] [train] ep=85 step=001/40 ce=0.2585 sc=1.1176 mi=0.0573 dn=0.0000 v13=0.0004 grl=0.0685 v15=0.0000 v15r=0.0000 v16=0.0000 v17=0.0000 v18=0.0000 acc=1.0000 lr=1.97e-05 lambda=0.000 grl_lambda=1.000 v18_lambda=0.000 gpu=3.0/15.8GB
[17:25:39] [train] ep=85 step=010/40 ce=0.3310 sc=0.8445 mi=0.0546 dn=0.0000 v13=0.0004 grl=0.0806 v15=0.0000 v15r=0.0000 v16=0.0000 v17=0.0000 v18=0.0000 acc=1.0000 lr=1.92e-05 lambda=0.000 grl_lambda=1.000 v18_lambda=0.000 gpu=3.0/15.8GB
[17:25:41] [train] ep=85 step=020/40 ce=0.2957 sc=0.8004 mi=0.0545 dn=0.0000 v13=0.0003 grl=0.0789 v15=0.0000 v15r=0.0000 v16=0.0000 v17=0.0000 v18=0.0000 acc=1.0000 lr=1.86e-05 lambda=0.000 grl_lambda=1.000 v18_lambda=0.000 gpu=3.0/15.8GB
[17:25:43] [train] ep=85 step=030/40 ce=0.2951 sc=0.8011 mi=0.0545 dn=0.0000 v13=0.0003 grl=0.0748 v15=0.0000 v15r=0.0000 v16=0.0000 v17=0.0000 v18=0.0000 acc=1.0000 lr=1.80e-05 lambda=0.000 grl_lambda=1.000 v18_lambda=0.000 gpu=3.0/15.8GB
[17:25:45] [train] ep=85 step=040/40 ce=0.3003 sc=0.8143 mi=0.0547 dn=0.0000 v13=0.0003 grl=0.0764 v15=0.0000 v15r=0.0000 v16=0.0000 v17=0.0000 v18=0.0000 acc=0.9984 lr=1.74e-05 lambda=0.000 grl_lambda=1.000 v18_lambda=0.000 gpu=3.0/15.8GB
[17:25:48] [ep_summary] ep=85/100 val_live=0.9815/0.9818 val_ema=0.9938/0.9939 test77_live=0.7986/0.7496 test77_diag_ema=0.7878/0.7389 v13=0.0003 grl=0.0764 v15=0.0000 v15r=0.0000 v16=0.0000 v17=0.0000 v18=0.0000 das=fixed_narrow[10,30] p=1.00 ep_time=10.3s
[17:25:48] [train] epoch 86/100 steps=40 use_dann=0 das=fixed_narrow f=[10.0,30.0] p=1.00 gpu=3.0/15.8GB
[17:25:48] [train] ep=86 step=001/40 ce=0.2733 sc=0.6350 mi=0.0631 dn=0.0000 v13=0.0002 grl=0.0728 v15=0.0000 v15r=0.0000 v16=0.0000 v17=0.0000 v18=0.0000 acc=1.0000 lr=1.74e-05 lambda=0.000 grl_lambda=1.000 v18_lambda=0.000 gpu=3.0/15.8GB
[17:25:49] [train] ep=86 step=010/40 ce=0.3183 sc=0.7406 mi=0.0537 dn=0.0000 v13=0.0003 grl=0.0816 v15=0.0000 v15r=0.0000 v16=0.0000 v17=0.0000 v18=0.0000 acc=0.9938 lr=1.68e-05 lambda=0.000 grl_lambda=1.000 v18_lambda=0.000 gpu=3.0/15.8GB
[17:25:51] [train] ep=86 step=020/40 ce=0.3265 sc=0.7027 mi=0.0540 dn=0.0000 v13=0.0003 grl=0.0743 v15=0.0000 v15r=0.0000 v16=0.0000 v17=0.0000 v18=0.0000 acc=0.9938 lr=1.63e-05 lambda=0.000 grl_lambda=1.000 v18_lambda=0.000 gpu=3.0/15.8GB
[17:25:53] [train] ep=86 step=030/40 ce=0.3544 sc=0.7334 mi=0.0543 dn=0.0000 v13=0.0003 grl=0.0763 v15=0.0000 v15r=0.0000 v16=0.0000 v17=0.0000 v18=0.0000 acc=0.9917 lr=1.57e-05 lambda=0.000 grl_lambda=1.000 v18_lambda=0.000 gpu=3.0/15.8GB
[17:25:55] [train] ep=86 step=040/40 ce=0.3408 sc=0.7476 mi=0.0544 dn=0.0000 v13=0.0003 grl=0.0767 v15=0.0000 v15r=0.0000 v16=0.0000 v17=0.0000 v18=0.0000 acc=0.9938 lr=1.52e-05 lambda=0.000 grl_lambda=1.000 v18_lambda=0.000 gpu=3.0/15.8GB
[17:25:58] [ep_summary] ep=86/100 val_live=0.9877/0.9878 val_ema=0.9938/0.9939 test77_live=0.7698/0.7245 test77_diag_ema=0.7878/0.7389 v13=0.0003 grl=0.0767 v15=0.0000 v15r=0.0000 v16=0.0000 v17=0.0000 v18=0.0000 das=fixed_narrow[10,30] p=1.00 ep_time=10.1s
[17:25:58] [train] epoch 87/100 steps=40 use_dann=0 das=fixed_narrow f=[10.0,30.0] p=1.00 gpu=3.0/15.8GB
[17:25:58] [train] ep=87 step=001/40 ce=0.2561 sc=0.6007 mi=0.0511 dn=0.0000 v13=0.0003 grl=0.0685 v15=0.0000 v15r=0.0000 v16=0.0000 v17=0.0000 v18=0.0000 acc=1.0000 lr=1.52e-05 lambda=0.000 grl_lambda=1.000 v18_lambda=0.000 gpu=3.0/15.8GB
[17:26:00] [train] ep=87 step=010/40 ce=0.3544 sc=0.8153 mi=0.0525 dn=0.0000 v13=0.0003 grl=0.0766 v15=0.0000 v15r=0.0000 v16=0.0000 v17=0.0000 v18=0.0000 acc=0.9938 lr=1.47e-05 lambda=0.000 grl_lambda=1.000 v18_lambda=0.000 gpu=3.0/15.8GB
[17:26:01] [train] ep=87 step=020/40 ce=0.3335 sc=0.7976 mi=0.0551 dn=0.0000 v13=0.0003 grl=0.0754 v15=0.0000 v15r=0.0000 v16=0.0000 v17=0.0000 v18=0.0000 acc=0.9938 lr=1.42e-05 lambda=0.000 grl_lambda=1.000 v18_lambda=0.000 gpu=3.0/15.8GB
[17:26:03] [train] ep=87 step=030/40 ce=0.3153 sc=0.7887 mi=0.0540 dn=0.0000 v13=0.0003 grl=0.0766 v15=0.0000 v15r=0.0000 v16=0.0000 v17=0.0000 v18=0.0000 acc=0.9958 lr=1.37e-05 lambda=0.000 grl_lambda=1.000 v18_lambda=0.000 gpu=3.0/15.8GB
[17:26:05] [train] ep=87 step=040/40 ce=0.3008 sc=0.7865 mi=0.0549 dn=0.0000 v13=0.0003 grl=0.0784 v15=0.0000 v15r=0.0000 v16=0.0000 v17=0.0000 v18=0.0000 acc=0.9969 lr=1.31e-05 lambda=0.000 grl_lambda=1.000 v18_lambda=0.000 gpu=3.0/15.8GB
[17:26:08] [ep_summary] ep=87/100 val_live=0.9815/0.9818 val_ema=0.9938/0.9939 test77_live=0.7698/0.7209 test77_diag_ema=0.7878/0.7390 v13=0.0003 grl=0.0784 v15=0.0000 v15r=0.0000 v16=0.0000 v17=0.0000 v18=0.0000 das=fixed_narrow[10,30] p=1.00 ep_time=10.2s
[17:26:08] [train] epoch 88/100 steps=40 use_dann=0 das=fixed_narrow f=[10.0,30.0] p=1.00 gpu=3.0/15.8GB
[17:26:08] [train] ep=88 step=001/40 ce=0.2569 sc=0.4204 mi=0.0579 dn=0.0000 v13=0.0002 grl=0.0641 v15=0.0000 v15r=0.0000 v16=0.0000 v17=0.0000 v18=0.0000 acc=1.0000 lr=1.31e-05 lambda=0.000 grl_lambda=1.000 v18_lambda=0.000 gpu=3.0/15.8GB
[17:26:10] [train] ep=88 step=010/40 ce=0.3656 sc=0.8359 mi=0.0535 dn=0.0000 v13=0.0003 grl=0.0722 v15=0.0000 v15r=0.0000 v16=0.0000 v17=0.0000 v18=0.0000 acc=0.9938 lr=1.27e-05 lambda=0.000 grl_lambda=1.000 v18_lambda=0.000 gpu=3.0/15.8GB
[17:26:12] [train] ep=88 step=020/40 ce=0.3134 sc=0.7908 mi=0.0553 dn=0.0000 v13=0.0003 grl=0.0715 v15=0.0000 v15r=0.0000 v16=0.0000 v17=0.0000 v18=0.0000 acc=0.9969 lr=1.22e-05 lambda=0.000 grl_lambda=1.000 v18_lambda=0.000 gpu=3.0/15.8GB
[17:26:13] [train] ep=88 step=030/40 ce=0.3396 sc=0.8165 mi=0.0558 dn=0.0000 v13=0.0003 grl=0.0752 v15=0.0000 v15r=0.0000 v16=0.0000 v17=0.0000 v18=0.0000 acc=0.9958 lr=1.17e-05 lambda=0.000 grl_lambda=1.000 v18_lambda=0.000 gpu=3.0/15.8GB
[17:26:15] [train] ep=88 step=040/40 ce=0.3356 sc=0.8334 mi=0.0553 dn=0.0000 v13=0.0003 grl=0.0745 v15=0.0000 v15r=0.0000 v16=0.0000 v17=0.0000 v18=0.0000 acc=0.9953 lr=1.12e-05 lambda=0.000 grl_lambda=1.000 v18_lambda=0.000 gpu=3.0/15.8GB
[17:26:18] [ep_summary] ep=88/100 val_live=0.9815/0.9818 val_ema=0.9938/0.9939 test77_live=0.7734/0.7250 test77_diag_ema=0.7842/0.7355 v13=0.0003 grl=0.0745 v15=0.0000 v15r=0.0000 v16=0.0000 v17=0.0000 v18=0.0000 das=fixed_narrow[10,30] p=1.00 ep_time=10.1s
[17:26:18] [train] epoch 89/100 steps=40 use_dann=0 das=fixed_narrow f=[10.0,30.0] p=1.00 gpu=3.0/15.8GB
[17:26:18] [train] ep=89 step=001/40 ce=0.2569 sc=0.8191 mi=0.0607 dn=0.0000 v13=0.0005 grl=0.0476 v15=0.0000 v15r=0.0000 v16=0.0000 v17=0.0000 v18=0.0000 acc=1.0000 lr=1.12e-05 lambda=0.000 grl_lambda=1.000 v18_lambda=0.000 gpu=3.0/15.8GB
[17:26:20] [train] ep=89 step=010/40 ce=0.2761 sc=0.7527 mi=0.0577 dn=0.0000 v13=0.0004 grl=0.0796 v15=0.0000 v15r=0.0000 v16=0.0000 v17=0.0000 v18=0.0000 acc=1.0000 lr=1.08e-05 lambda=0.000 grl_lambda=1.000 v18_lambda=0.000 gpu=3.0/15.8GB
[17:26:22] [train] ep=89 step=020/40 ce=0.2766 sc=0.7017 mi=0.0547 dn=0.0000 v13=0.0004 grl=0.0696 v15=0.0000 v15r=0.0000 v16=0.0000 v17=0.0000 v18=0.0000 acc=1.0000 lr=1.03e-05 lambda=0.000 grl_lambda=1.000 v18_lambda=0.000 gpu=3.0/15.8GB
[17:26:23] [train] ep=89 step=030/40 ce=0.2829 sc=0.7574 mi=0.0552 dn=0.0000 v13=0.0004 grl=0.0693 v15=0.0000 v15r=0.0000 v16=0.0000 v17=0.0000 v18=0.0000 acc=1.0000 lr=9.89e-06 lambda=0.000 grl_lambda=1.000 v18_lambda=0.000 gpu=3.0/15.8GB
[17:26:25] [train] ep=89 step=040/40 ce=0.2964 sc=0.8078 mi=0.0553 dn=0.0000 v13=0.0003 grl=0.0695 v15=0.0000 v15r=0.0000 v16=0.0000 v17=0.0000 v18=0.0000 acc=0.9984 lr=9.46e-06 lambda=0.000 grl_lambda=1.000 v18_lambda=0.000 gpu=3.0/15.8GB
[17:26:28] [ep_summary] ep=89/100 val_live=0.9815/0.9818 val_ema=0.9938/0.9939 test77_live=0.7806/0.7364 test77_diag_ema=0.7878/0.7390 v13=0.0003 grl=0.0695 v15=0.0000 v15r=0.0000 v16=0.0000 v17=0.0000 v18=0.0000 das=fixed_narrow[10,30] p=1.00 ep_time=10.1s
[17:26:28] [train] epoch 90/100 steps=40 use_dann=0 das=fixed_narrow f=[10.0,30.0] p=1.00 gpu=3.0/15.8GB
[17:26:28] [train] ep=90 step=001/40 ce=0.2570 sc=0.5377 mi=0.0597 dn=0.0000 v13=0.0003 grl=0.0849 v15=0.0000 v15r=0.0000 v16=0.0000 v17=0.0000 v18=0.0000 acc=1.0000 lr=9.42e-06 lambda=0.000 grl_lambda=1.000 v18_lambda=0.000 gpu=3.0/15.8GB
[17:26:30] [train] ep=90 step=010/40 ce=0.3457 sc=0.7178 mi=0.0562 dn=0.0000 v13=0.0003 grl=0.0762 v15=0.0000 v15r=0.0000 v16=0.0000 v17=0.0000 v18=0.0000 acc=0.9938 lr=9.04e-06 lambda=0.000 grl_lambda=1.000 v18_lambda=0.000 gpu=3.0/15.8GB
[17:26:32] [train] ep=90 step=020/40 ce=0.3021 sc=0.7727 mi=0.0540 dn=0.0000 v13=0.0003 grl=0.0810 v15=0.0000 v15r=0.0000 v16=0.0000 v17=0.0000 v18=0.0000 acc=0.9969 lr=8.63e-06 lambda=0.000 grl_lambda=1.000 v18_lambda=0.000 gpu=3.0/15.8GB
[17:26:34] [train] ep=90 step=030/40 ce=0.3504 sc=0.7695 mi=0.0539 dn=0.0000 v13=0.0003 grl=0.0769 v15=0.0000 v15r=0.0000 v16=0.0000 v17=0.0000 v18=0.0000 acc=0.9938 lr=8.23e-06 lambda=0.000 grl_lambda=1.000 v18_lambda=0.000 gpu=3.0/15.8GB
[17:26:35] [train] ep=90 step=040/40 ce=0.3545 sc=0.7913 mi=0.0543 dn=0.0000 v13=0.0003 grl=0.0787 v15=0.0000 v15r=0.0000 v16=0.0000 v17=0.0000 v18=0.0000 acc=0.9938 lr=7.84e-06 lambda=0.000 grl_lambda=1.000 v18_lambda=0.000 gpu=3.0/15.8GB
[17:26:38] [pool] check ep=090/100 source_val_acc_ema=0.9938 threshold=0.90
[17:26:39] [pool] ep=090 ADDED src_val=0.9938/0.9939 dev77=0.7286/0.6725 final77=0.7878/0.7390
[17:26:39] [pool] running best ep=070 dev77_f1=0.6886 final77_f1=0.7429 (pool_size=6)
[17:26:40] [ep_summary] ep=90/100 val_live=0.9815/0.9818 val_ema=0.9938/0.9939 test77_live=0.7698/0.7250 test77_diag_ema=0.7878/0.7390 v13=0.0003 grl=0.0787 v15=0.0000 v15r=0.0000 v16=0.0000 v17=0.0000 v18=0.0000 das=fixed_narrow[10,30] p=1.00 ep_time=11.4s
[17:26:40] [strict77_monitor] ep=90 best_source_epoch=69 source_val_ema=0.9938/0.9939 test77_ema_diag=0.7878/0.7353 sourcequalified_count=90 best_sourcequalified77_epoch=72 source_val_ema=0.9938/0.9939 test77_ema=0.7914/0.7432
[17:26:40] [train] epoch 91/100 steps=40 use_dann=0 das=fixed_narrow f=[10.0,30.0] p=1.00 gpu=3.0/15.8GB
[17:26:40] [train] ep=91 step=001/40 ce=0.2576 sc=1.1746 mi=0.0517 dn=0.0000 v13=0.0003 grl=0.0727 v15=0.0000 v15r=0.0000 v16=0.0000 v17=0.0000 v18=0.0000 acc=1.0000 lr=7.80e-06 lambda=0.000 grl_lambda=1.000 v18_lambda=0.000 gpu=3.0/15.8GB
[17:26:41] [train] ep=91 step=010/40 ce=0.3860 sc=0.8630 mi=0.0563 dn=0.0000 v13=0.0004 grl=0.0746 v15=0.0000 v15r=0.0000 v16=0.0000 v17=0.0000 v18=0.0000 acc=0.9875 lr=7.45e-06 lambda=0.000 grl_lambda=1.000 v18_lambda=0.000 gpu=3.0/15.8GB
[17:26:43] [train] ep=91 step=020/40 ce=0.3216 sc=0.7944 mi=0.0537 dn=0.0000 v13=0.0004 grl=0.0704 v15=0.0000 v15r=0.0000 v16=0.0000 v17=0.0000 v18=0.0000 acc=0.9938 lr=7.08e-06 lambda=0.000 grl_lambda=1.000 v18_lambda=0.000 gpu=3.0/15.8GB
[17:26:45] [train] ep=91 step=030/40 ce=0.3120 sc=0.7836 mi=0.0534 dn=0.0000 v13=0.0003 grl=0.0723 v15=0.0000 v15r=0.0000 v16=0.0000 v17=0.0000 v18=0.0000 acc=0.9958 lr=6.72e-06 lambda=0.000 grl_lambda=1.000 v18_lambda=0.000 gpu=3.0/15.8GB
[17:26:47] [train] ep=91 step=040/40 ce=0.3086 sc=0.7820 mi=0.0539 dn=0.0000 v13=0.0003 grl=0.0738 v15=0.0000 v15r=0.0000 v16=0.0000 v17=0.0000 v18=0.0000 acc=0.9969 lr=6.36e-06 lambda=0.000 grl_lambda=1.000 v18_lambda=0.000 gpu=3.0/15.8GB
[17:26:50] [ep_summary] ep=91/100 val_live=0.9815/0.9818 val_ema=0.9938/0.9939 test77_live=0.7734/0.7289 test77_diag_ema=0.7842/0.7355 v13=0.0003 grl=0.0738 v15=0.0000 v15r=0.0000 v16=0.0000 v17=0.0000 v18=0.0000 das=fixed_narrow[10,30] p=1.00 ep_time=10.2s
[17:26:50] [train] epoch 92/100 steps=40 use_dann=0 das=fixed_narrow f=[10.0,30.0] p=1.00 gpu=3.0/15.8GB
[17:26:50] [train] ep=92 step=001/40 ce=0.5357 sc=0.9690 mi=0.0529 dn=0.0000 v13=0.0005 grl=0.0335 v15=0.0000 v15r=0.0000 v16=0.0000 v17=0.0000 v18=0.0000 acc=1.0000 lr=6.33e-06 lambda=0.000 grl_lambda=1.000 v18_lambda=0.000 gpu=3.0/15.8GB
[17:26:52] [train] ep=92 step=010/40 ce=0.3204 sc=0.8882 mi=0.0564 dn=0.0000 v13=0.0005 grl=0.0647 v15=0.0000 v15r=0.0000 v16=0.0000 v17=0.0000 v18=0.0000 acc=1.0000 lr=6.02e-06 lambda=0.000 grl_lambda=1.000 v18_lambda=0.000 gpu=3.0/15.8GB
[17:26:53] [train] ep=92 step=020/40 ce=0.3378 sc=0.8934 mi=0.0561 dn=0.0000 v13=0.0004 grl=0.0644 v15=0.0000 v15r=0.0000 v16=0.0000 v17=0.0000 v18=0.0000 acc=0.9969 lr=5.68e-06 lambda=0.000 grl_lambda=1.000 v18_lambda=0.000 gpu=3.0/15.8GB
[17:26:55] [train] ep=92 step=030/40 ce=0.3180 sc=0.8433 mi=0.0550 dn=0.0000 v13=0.0004 grl=0.0696 v15=0.0000 v15r=0.0000 v16=0.0000 v17=0.0000 v18=0.0000 acc=0.9979 lr=5.35e-06 lambda=0.000 grl_lambda=1.000 v18_lambda=0.000 gpu=3.0/15.8GB
[17:26:57] [train] ep=92 step=040/40 ce=0.3502 sc=0.8678 mi=0.0552 dn=0.0000 v13=0.0004 grl=0.0719 v15=0.0000 v15r=0.0000 v16=0.0000 v17=0.0000 v18=0.0000 acc=0.9938 lr=5.04e-06 lambda=0.000 grl_lambda=1.000 v18_lambda=0.000 gpu=3.0/15.8GB
[17:27:00] [ep_summary] ep=92/100 val_live=0.9815/0.9818 val_ema=0.9938/0.9939 test77_live=0.7806/0.7365 test77_diag_ema=0.7878/0.7432 v13=0.0004 grl=0.0719 v15=0.0000 v15r=0.0000 v16=0.0000 v17=0.0000 v18=0.0000 das=fixed_narrow[10,30] p=1.00 ep_time=10.2s
[17:27:00] [train] epoch 93/100 steps=40 use_dann=0 das=fixed_narrow f=[10.0,30.0] p=1.00 gpu=3.0/15.8GB
[17:27:00] [train] ep=93 step=001/40 ce=0.2569 sc=0.9904 mi=0.0543 dn=0.0000 v13=0.0003 grl=0.1223 v15=0.0000 v15r=0.0000 v16=0.0000 v17=0.0000 v18=0.0000 acc=1.0000 lr=5.01e-06 lambda=0.000 grl_lambda=1.000 v18_lambda=0.000 gpu=3.0/15.8GB
[17:27:02] [train] ep=93 step=010/40 ce=0.4895 sc=0.8638 mi=0.0515 dn=0.0000 v13=0.0003 grl=0.0633 v15=0.0000 v15r=0.0000 v16=0.0000 v17=0.0000 v18=0.0000 acc=0.9875 lr=4.73e-06 lambda=0.000 grl_lambda=1.000 v18_lambda=0.000 gpu=3.0/15.8GB
[17:27:04] [train] ep=93 step=020/40 ce=0.4297 sc=0.8739 mi=0.0508 dn=0.0000 v13=0.0003 grl=0.0698 v15=0.0000 v15r=0.0000 v16=0.0000 v17=0.0000 v18=0.0000 acc=0.9875 lr=4.43e-06 lambda=0.000 grl_lambda=1.000 v18_lambda=0.000 gpu=3.0/15.8GB
[17:27:06] [train] ep=93 step=030/40 ce=0.3765 sc=0.8367 mi=0.0516 dn=0.0000 v13=0.0003 grl=0.0720 v15=0.0000 v15r=0.0000 v16=0.0000 v17=0.0000 v18=0.0000 acc=0.9917 lr=4.14e-06 lambda=0.000 grl_lambda=1.000 v18_lambda=0.000 gpu=3.0/15.8GB
[17:27:07] [train] ep=93 step=040/40 ce=0.3599 sc=0.8212 mi=0.0526 dn=0.0000 v13=0.0003 grl=0.0721 v15=0.0000 v15r=0.0000 v16=0.0000 v17=0.0000 v18=0.0000 acc=0.9922 lr=3.87e-06 lambda=0.000 grl_lambda=1.000 v18_lambda=0.000 gpu=3.0/15.8GB
[17:27:10] [ep_summary] ep=93/100 val_live=0.9877/0.9878 val_ema=0.9938/0.9939 test77_live=0.7806/0.7365 test77_diag_ema=0.7914/0.7467 v13=0.0003 grl=0.0721 v15=0.0000 v15r=0.0000 v16=0.0000 v17=0.0000 v18=0.0000 das=fixed_narrow[10,30] p=1.00 ep_time=10.2s
[17:27:10] [save] best_sourcequalified77_ema ep=93 source_val_live=0.9877/0.9878 source_val_ema=0.9938/0.9939 test77_ema=0.7914/0.7467
[17:27:10] [train] epoch 94/100 steps=40 use_dann=0 das=fixed_narrow f=[10.0,30.0] p=1.00 gpu=3.0/15.8GB
[17:27:10] [train] ep=94 step=001/40 ce=0.2574 sc=0.6568 mi=0.0546 dn=0.0000 v13=0.0004 grl=0.0340 v15=0.0000 v15r=0.0000 v16=0.0000 v17=0.0000 v18=0.0000 acc=1.0000 lr=3.84e-06 lambda=0.000 grl_lambda=1.000 v18_lambda=0.000 gpu=3.0/15.8GB
[17:27:12] [train] ep=94 step=010/40 ce=0.2821 sc=0.7584 mi=0.0574 dn=0.0000 v13=0.0003 grl=0.0777 v15=0.0000 v15r=0.0000 v16=0.0000 v17=0.0000 v18=0.0000 acc=1.0000 lr=3.60e-06 lambda=0.000 grl_lambda=1.000 v18_lambda=0.000 gpu=3.0/15.8GB
[17:27:14] [train] ep=94 step=020/40 ce=0.2893 sc=0.7560 mi=0.0548 dn=0.0000 v13=0.0003 grl=0.0797 v15=0.0000 v15r=0.0000 v16=0.0000 v17=0.0000 v18=0.0000 acc=0.9969 lr=3.34e-06 lambda=0.000 grl_lambda=1.000 v18_lambda=0.000 gpu=3.0/15.8GB
[17:27:16] [train] ep=94 step=030/40 ce=0.2810 sc=0.7142 mi=0.0539 dn=0.0000 v13=0.0003 grl=0.0767 v15=0.0000 v15r=0.0000 v16=0.0000 v17=0.0000 v18=0.0000 acc=0.9979 lr=3.09e-06 lambda=0.000 grl_lambda=1.000 v18_lambda=0.000 gpu=3.0/15.8GB
[17:27:18] [train] ep=94 step=040/40 ce=0.2759 sc=0.7168 mi=0.0553 dn=0.0000 v13=0.0003 grl=0.0752 v15=0.0000 v15r=0.0000 v16=0.0000 v17=0.0000 v18=0.0000 acc=0.9984 lr=2.85e-06 lambda=0.000 grl_lambda=1.000 v18_lambda=0.000 gpu=3.0/15.8GB
[17:27:20] [ep_summary] ep=94/100 val_live=0.9877/0.9878 val_ema=0.9938/0.9939 test77_live=0.7806/0.7365 test77_diag_ema=0.7878/0.7432 v13=0.0003 grl=0.0752 v15=0.0000 v15r=0.0000 v16=0.0000 v17=0.0000 v18=0.0000 das=fixed_narrow[10,30] p=1.00 ep_time=10.1s
[17:27:20] [train] epoch 95/100 steps=40 use_dann=0 das=fixed_narrow f=[10.0,30.0] p=1.00 gpu=3.0/15.8GB
[17:27:21] [train] ep=95 step=001/40 ce=0.2566 sc=0.6312 mi=0.0578 dn=0.0000 v13=0.0003 grl=0.0716 v15=0.0000 v15r=0.0000 v16=0.0000 v17=0.0000 v18=0.0000 acc=1.0000 lr=2.82e-06 lambda=0.000 grl_lambda=1.000 v18_lambda=0.000 gpu=3.0/15.8GB
[17:27:22] [train] ep=95 step=010/40 ce=0.3371 sc=0.7446 mi=0.0585 dn=0.0000 v13=0.0004 grl=0.0766 v15=0.0000 v15r=0.0000 v16=0.0000 v17=0.0000 v18=0.0000 acc=0.9938 lr=2.62e-06 lambda=0.000 grl_lambda=1.000 v18_lambda=0.000 gpu=3.0/15.8GB
[17:27:24] [train] ep=95 step=020/40 ce=0.3039 sc=0.7315 mi=0.0570 dn=0.0000 v13=0.0004 grl=0.0776 v15=0.0000 v15r=0.0000 v16=0.0000 v17=0.0000 v18=0.0000 acc=0.9969 lr=2.40e-06 lambda=0.000 grl_lambda=1.000 v18_lambda=0.000 gpu=3.0/15.8GB
[17:27:26] [train] ep=95 step=030/40 ce=0.2883 sc=0.7483 mi=0.0575 dn=0.0000 v13=0.0004 grl=0.0765 v15=0.0000 v15r=0.0000 v16=0.0000 v17=0.0000 v18=0.0000 acc=0.9979 lr=2.18e-06 lambda=0.000 grl_lambda=1.000 v18_lambda=0.000 gpu=3.0/15.8GB
[17:27:28] [train] ep=95 step=040/40 ce=0.2825 sc=0.7530 mi=0.0562 dn=0.0000 v13=0.0004 grl=0.0775 v15=0.0000 v15r=0.0000 v16=0.0000 v17=0.0000 v18=0.0000 acc=0.9984 lr=1.98e-06 lambda=0.000 grl_lambda=1.000 v18_lambda=0.000 gpu=3.0/15.8GB
[17:27:30] [ep_summary] ep=95/100 val_live=0.9877/0.9878 val_ema=0.9938/0.9939 test77_live=0.7806/0.7365 test77_diag_ema=0.7878/0.7432 v13=0.0004 grl=0.0775 v15=0.0000 v15r=0.0000 v16=0.0000 v17=0.0000 v18=0.0000 das=fixed_narrow[10,30] p=1.00 ep_time=10.1s
[17:27:30] [train] epoch 96/100 steps=40 use_dann=0 das=fixed_narrow f=[10.0,30.0] p=1.00 gpu=3.0/15.8GB
[17:27:31] [train] ep=96 step=001/40 ce=0.2566 sc=0.8247 mi=0.0448 dn=0.0000 v13=0.0004 grl=0.0678 v15=0.0000 v15r=0.0000 v16=0.0000 v17=0.0000 v18=0.0000 acc=1.0000 lr=1.96e-06 lambda=0.000 grl_lambda=1.000 v18_lambda=0.000 gpu=3.0/15.8GB
[17:27:32] [train] ep=96 step=010/40 ce=0.3597 sc=0.7236 mi=0.0545 dn=0.0000 v13=0.0004 grl=0.0622 v15=0.0000 v15r=0.0000 v16=0.0000 v17=0.0000 v18=0.0000 acc=0.9938 lr=1.79e-06 lambda=0.000 grl_lambda=1.000 v18_lambda=0.000 gpu=3.0/15.8GB
[17:27:34] [train] ep=96 step=020/40 ce=0.3436 sc=0.7043 mi=0.0553 dn=0.0000 v13=0.0003 grl=0.0644 v15=0.0000 v15r=0.0000 v16=0.0000 v17=0.0000 v18=0.0000 acc=0.9938 lr=1.61e-06 lambda=0.000 grl_lambda=1.000 v18_lambda=0.000 gpu=3.0/15.8GB
[17:27:36] [train] ep=96 step=030/40 ce=0.4007 sc=0.8054 mi=0.0562 dn=0.0000 v13=0.0003 grl=0.0675 v15=0.0000 v15r=0.0000 v16=0.0000 v17=0.0000 v18=0.0000 acc=0.9896 lr=1.44e-06 lambda=0.000 grl_lambda=1.000 v18_lambda=0.000 gpu=3.0/15.8GB
[17:27:38] [train] ep=96 step=040/40 ce=0.4035 sc=0.8089 mi=0.0550 dn=0.0000 v13=0.0003 grl=0.0649 v15=0.0000 v15r=0.0000 v16=0.0000 v17=0.0000 v18=0.0000 acc=0.9891 lr=1.27e-06 lambda=0.000 grl_lambda=1.000 v18_lambda=0.000 gpu=3.0/15.8GB
[17:27:41] [ep_summary] ep=96/100 val_live=0.9877/0.9878 val_ema=0.9938/0.9939 test77_live=0.7806/0.7365 test77_diag_ema=0.7878/0.7433 v13=0.0003 grl=0.0649 v15=0.0000 v15r=0.0000 v16=0.0000 v17=0.0000 v18=0.0000 das=fixed_narrow[10,30] p=1.00 ep_time=10.1s
[17:27:41] [train] epoch 97/100 steps=40 use_dann=0 das=fixed_narrow f=[10.0,30.0] p=1.00 gpu=3.0/15.8GB
[17:27:41] [train] ep=97 step=001/40 ce=0.2581 sc=0.6159 mi=0.0738 dn=0.0000 v13=0.0002 grl=0.0906 v15=0.0000 v15r=0.0000 v16=0.0000 v17=0.0000 v18=0.0000 acc=1.0000 lr=1.26e-06 lambda=0.000 grl_lambda=1.000 v18_lambda=0.000 gpu=3.0/15.8GB
[17:27:42] [train] ep=97 step=010/40 ce=0.3216 sc=0.8604 mi=0.0586 dn=0.0000 v13=0.0003 grl=0.0801 v15=0.0000 v15r=0.0000 v16=0.0000 v17=0.0000 v18=0.0000 acc=0.9938 lr=1.12e-06 lambda=0.000 grl_lambda=1.000 v18_lambda=0.000 gpu=3.0/15.8GB
[17:27:44] [train] ep=97 step=020/40 ce=0.3500 sc=0.7950 mi=0.0577 dn=0.0000 v13=0.0003 grl=0.0786 v15=0.0000 v15r=0.0000 v16=0.0000 v17=0.0000 v18=0.0000 acc=0.9906 lr=9.76e-07 lambda=0.000 grl_lambda=1.000 v18_lambda=0.000 gpu=3.0/15.8GB
[17:27:46] [train] ep=97 step=030/40 ce=0.3191 sc=0.7916 mi=0.0569 dn=0.0000 v13=0.0003 grl=0.0765 v15=0.0000 v15r=0.0000 v16=0.0000 v17=0.0000 v18=0.0000 acc=0.9938 lr=8.43e-07 lambda=0.000 grl_lambda=1.000 v18_lambda=0.000 gpu=3.0/15.8GB
[17:27:48] [train] ep=97 step=040/40 ce=0.3149 sc=0.7817 mi=0.0566 dn=0.0000 v13=0.0003 grl=0.0766 v15=0.0000 v15r=0.0000 v16=0.0000 v17=0.0000 v18=0.0000 acc=0.9938 lr=7.19e-07 lambda=0.000 grl_lambda=1.000 v18_lambda=0.000 gpu=3.0/15.8GB
[17:27:51] [ep_summary] ep=97/100 val_live=0.9877/0.9878 val_ema=0.9938/0.9939 test77_live=0.7806/0.7365 test77_diag_ema=0.7878/0.7434 v13=0.0003 grl=0.0766 v15=0.0000 v15r=0.0000 v16=0.0000 v17=0.0000 v18=0.0000 das=fixed_narrow[10,30] p=1.00 ep_time=10.1s
[17:27:51] [train] epoch 98/100 steps=40 use_dann=0 das=fixed_narrow f=[10.0,30.0] p=1.00 gpu=3.0/15.8GB
[17:27:51] [train] ep=98 step=001/40 ce=0.2652 sc=0.6850 mi=0.0556 dn=0.0000 v13=0.0002 grl=0.0908 v15=0.0000 v15r=0.0000 v16=0.0000 v17=0.0000 v18=0.0000 acc=1.0000 lr=7.07e-07 lambda=0.000 grl_lambda=1.000 v18_lambda=0.000 gpu=3.0/15.8GB
[17:27:53] [train] ep=98 step=010/40 ce=0.2727 sc=0.6690 mi=0.0555 dn=0.0000 v13=0.0003 grl=0.0731 v15=0.0000 v15r=0.0000 v16=0.0000 v17=0.0000 v18=0.0000 acc=1.0000 lr=6.05e-07 lambda=0.000 grl_lambda=1.000 v18_lambda=0.000 gpu=3.0/15.8GB
[17:27:54] [train] ep=98 step=020/40 ce=0.2873 sc=0.7654 mi=0.0557 dn=0.0000 v13=0.0003 grl=0.0724 v15=0.0000 v15r=0.0000 v16=0.0000 v17=0.0000 v18=0.0000 acc=1.0000 lr=5.01e-07 lambda=0.000 grl_lambda=1.000 v18_lambda=0.000 gpu=3.0/15.8GB
[17:27:56] [train] ep=98 step=030/40 ce=0.3090 sc=0.8006 mi=0.0557 dn=0.0000 v13=0.0003 grl=0.0729 v15=0.0000 v15r=0.0000 v16=0.0000 v17=0.0000 v18=0.0000 acc=0.9979 lr=4.07e-07 lambda=0.000 grl_lambda=1.000 v18_lambda=0.000 gpu=3.0/15.8GB
[17:27:58] [train] ep=98 step=040/40 ce=0.2991 sc=0.8026 mi=0.0552 dn=0.0000 v13=0.0003 grl=0.0756 v15=0.0000 v15r=0.0000 v16=0.0000 v17=0.0000 v18=0.0000 acc=0.9984 lr=3.22e-07 lambda=0.000 grl_lambda=1.000 v18_lambda=0.000 gpu=3.0/15.8GB
[17:28:01] [ep_summary] ep=98/100 val_live=0.9877/0.9878 val_ema=0.9938/0.9939 test77_live=0.7806/0.7365 test77_diag_ema=0.7878/0.7434 v13=0.0003 grl=0.0756 v15=0.0000 v15r=0.0000 v16=0.0000 v17=0.0000 v18=0.0000 das=fixed_narrow[10,30] p=1.00 ep_time=10.1s
[17:28:01] [train] epoch 99/100 steps=40 use_dann=0 das=fixed_narrow f=[10.0,30.0] p=1.00 gpu=3.0/15.8GB
[17:28:01] [train] ep=99 step=001/40 ce=0.2561 sc=0.8599 mi=0.0458 dn=0.0000 v13=0.0004 grl=0.0615 v15=0.0000 v15r=0.0000 v16=0.0000 v17=0.0000 v18=0.0000 acc=1.0000 lr=3.15e-07 lambda=0.000 grl_lambda=1.000 v18_lambda=0.000 gpu=3.0/15.8GB
[17:28:03] [train] ep=99 step=010/40 ce=0.2589 sc=0.8208 mi=0.0546 dn=0.0000 v13=0.0004 grl=0.0771 v15=0.0000 v15r=0.0000 v16=0.0000 v17=0.0000 v18=0.0000 acc=1.0000 lr=2.48e-07 lambda=0.000 grl_lambda=1.000 v18_lambda=0.000 gpu=3.0/15.8GB
[17:28:04] [train] ep=99 step=020/40 ce=0.2803 sc=0.7846 mi=0.0548 dn=0.0000 v13=0.0004 grl=0.0818 v15=0.0000 v15r=0.0000 v16=0.0000 v17=0.0000 v18=0.0000 acc=0.9969 lr=1.83e-07 lambda=0.000 grl_lambda=1.000 v18_lambda=0.000 gpu=3.0/15.8GB
[17:28:06] [train] ep=99 step=030/40 ce=0.2937 sc=0.8030 mi=0.0540 dn=0.0000 v13=0.0003 grl=0.0803 v15=0.0000 v15r=0.0000 v16=0.0000 v17=0.0000 v18=0.0000 acc=0.9958 lr=1.28e-07 lambda=0.000 grl_lambda=1.000 v18_lambda=0.000 gpu=3.0/15.8GB
[17:28:08] [train] ep=99 step=040/40 ce=0.3270 sc=0.8246 mi=0.0542 dn=0.0000 v13=0.0003 grl=0.0806 v15=0.0000 v15r=0.0000 v16=0.0000 v17=0.0000 v18=0.0000 acc=0.9922 lr=8.26e-08 lambda=0.000 grl_lambda=1.000 v18_lambda=0.000 gpu=3.0/15.8GB
[17:28:11] [ep_summary] ep=99/100 val_live=0.9877/0.9878 val_ema=0.9938/0.9939 test77_live=0.7806/0.7365 test77_diag_ema=0.7914/0.7471 v13=0.0003 grl=0.0806 v15=0.0000 v15r=0.0000 v16=0.0000 v17=0.0000 v18=0.0000 das=fixed_narrow[10,30] p=1.00 ep_time=10.1s
[17:28:11] [save] best_sourcequalified77_ema ep=99 source_val_live=0.9877/0.9878 source_val_ema=0.9938/0.9939 test77_ema=0.7914/0.7471
[17:28:11] [train] epoch 100/100 steps=40 use_dann=0 das=fixed_narrow f=[10.0,30.0] p=1.00 gpu=3.0/15.8GB
[17:28:11] [train] ep=100 step=001/40 ce=0.2557 sc=1.0471 mi=0.0594 dn=0.0000 v13=0.0003 grl=0.0527 v15=0.0000 v15r=0.0000 v16=0.0000 v17=0.0000 v18=0.0000 acc=1.0000 lr=7.87e-08 lambda=0.000 grl_lambda=1.000 v18_lambda=0.000 gpu=3.0/15.8GB
[17:28:13] [train] ep=100 step=010/40 ce=0.2613 sc=0.7333 mi=0.0564 dn=0.0000 v13=0.0003 grl=0.0878 v15=0.0000 v15r=0.0000 v16=0.0000 v17=0.0000 v18=0.0000 acc=1.0000 lr=4.72e-08 lambda=0.000 grl_lambda=1.000 v18_lambda=0.000 gpu=3.0/15.8GB
[17:28:15] [train] ep=100 step=020/40 ce=0.2836 sc=0.7557 mi=0.0557 dn=0.0000 v13=0.0003 grl=0.0818 v15=0.0000 v15r=0.0000 v16=0.0000 v17=0.0000 v18=0.0000 acc=1.0000 lr=2.17e-08 lambda=0.000 grl_lambda=1.000 v18_lambda=0.000 gpu=3.0/15.8GB
[17:28:16] [train] ep=100 step=030/40 ce=0.2876 sc=0.7783 mi=0.0550 dn=0.0000 v13=0.0003 grl=0.0799 v15=0.0000 v15r=0.0000 v16=0.0000 v17=0.0000 v18=0.0000 acc=0.9979 lr=5.95e-09 lambda=0.000 grl_lambda=1.000 v18_lambda=0.000 gpu=3.0/15.8GB
[17:28:18] [train] ep=100 step=040/40 ce=0.2909 sc=0.7734 mi=0.0551 dn=0.0000 v13=0.0003 grl=0.0779 v15=0.0000 v15r=0.0000 v16=0.0000 v17=0.0000 v18=0.0000 acc=0.9969 lr=4.92e-11 lambda=0.000 grl_lambda=1.000 v18_lambda=0.000 gpu=3.0/15.8GB
[17:28:21] [pool] check ep=100/100 source_val_acc_ema=0.9938 threshold=0.90
[17:28:22] [pool] ep=100 ADDED src_val=0.9938/0.9939 dev77=0.7357/0.6789 final77=0.7914/0.7471
[17:28:22] [pool] running best ep=070 dev77_f1=0.6886 final77_f1=0.7429 (pool_size=7)
[17:28:22] [ep_summary] ep=100/100 val_live=0.9877/0.9878 val_ema=0.9938/0.9939 test77_live=0.7806/0.7365 test77_diag_ema=0.7914/0.7471 v13=0.0003 grl=0.0779 v15=0.0000 v15r=0.0000 v16=0.0000 v17=0.0000 v18=0.0000 das=fixed_narrow[10,30] p=1.00 ep_time=11.4s
[17:28:22] [strict77_monitor] ep=100 best_source_epoch=69 source_val_ema=0.9938/0.9939 test77_ema_diag=0.7878/0.7353 sourcequalified_count=100 best_sourcequalified77_epoch=99 source_val_ema=0.9938/0.9939 test77_ema=0.7914/0.7471
[17:28:22] [pool] FINAL pool_size=7 best ep=070 dev77_f1=0.6886 final77_f1=0.7429 -> EXPERIMENTSRESULT\REVISION_5090\SUPP_ABLATION\SCHED_fixednarrow_ACR\seed31415\checkpoints\best_pool_ema.pt
[17:28:22] [train] done best_sourceval_acc_ema=0.9938
[17:28:27] [eval] loaded vit_large_patch16_dinov3_lvd1689m_best_sourceval_ema.pt (sourceval)
[17:28:27] [eval] strict source-val selected by ema acc; heldout77_unused=140 final_test77=278 imgs, seed=42 dev_per_class=20
[17:28:31] [eval] 77GHz final-test acc=0.7878 f1=0.7353
[17:28:31] [eval] 77GHz final-test per-class={'Away': 1.0, 'Bend': 0.8717948717948718, 'Kneel': 1.0, 'Pick': 0.625, 'SStep': 1.0, 'Sit': 0.05405405405405406, 'Towards': 0.9}
[17:28:33] [eval] val_all acc=0.9938 f1=0.9939
[17:28:34] [freq_scan:val10] f_virt=15GHz acc=0.9744 f1=0.9756
[17:28:34] [freq_scan:val10] f_virt=30GHz acc=0.9872 f1=0.9881
[17:28:35] [freq_scan:val10] f_virt=50GHz acc=0.9615 f1=0.9642
[17:28:35] [freq_scan:val10] f_virt=77GHz acc=0.9231 f1=0.9236
[17:28:36] [freq_scan:val10] f_virt=99GHz acc=0.8462 f1=0.8472
[17:28:37] [freq_scan:val10] f_virt=120GHz acc=0.7692 f1=0.7673
[17:28:38] [freq_scan:val10] f_virt=140GHz acc=0.7564 f1=0.7455
[17:28:38] [freq_scan:val24] f_virt=15GHz acc=1.0000 f1=1.0000
[17:28:39] [freq_scan:val24] f_virt=30GHz acc=0.9881 f1=0.9875
[17:28:40] [freq_scan:val24] f_virt=50GHz acc=0.9524 f1=0.9527
[17:28:40] [freq_scan:val24] f_virt=77GHz acc=0.8095 f1=0.8064
[17:28:41] [freq_scan:val24] f_virt=99GHz acc=0.6548 f1=0.6288
[17:28:42] [freq_scan:val24] f_virt=120GHz acc=0.5595 f1=0.5130
[17:28:43] [freq_scan:val24] f_virt=140GHz acc=0.5357 f1=0.4762
[17:28:43] [eval] saved eval_sourceval.json
[17:28:47] [eval] loaded vit_large_patch16_dinov3_lvd1689m_best_sourcequalified77_ema.pt (sourcequalified)
[17:28:47] [eval] source-qualified diagnostic selected (source-val ema acc >= 0.00, then best 77GHz ema macro-F1); heldout77_unused=140 final_test77=278 imgs, seed=42 dev_per_class=20
[17:28:49] [eval] 77GHz final-test acc=0.7914 f1=0.7471
[17:28:49] [eval] 77GHz final-test per-class={'Away': 1.0, 'Bend': 0.7435897435897436, 'Kneel': 1.0, 'Pick': 0.725, 'SStep': 1.0, 'Sit': 0.10810810810810811, 'Towards': 0.9}
[17:28:50] [eval] val_all acc=0.9938 f1=0.9939
[17:28:51] [freq_scan:val10] f_virt=15GHz acc=0.9744 f1=0.9756
[17:28:52] [freq_scan:val10] f_virt=30GHz acc=0.9615 f1=0.9637
[17:28:52] [freq_scan:val10] f_virt=50GHz acc=0.9487 f1=0.9510
[17:28:53] [freq_scan:val10] f_virt=77GHz acc=0.9103 f1=0.9110
[17:28:54] [freq_scan:val10] f_virt=99GHz acc=0.8718 f1=0.8740
[17:28:54] [freq_scan:val10] f_virt=120GHz acc=0.8077 f1=0.7993
[17:28:55] [freq_scan:val10] f_virt=140GHz acc=0.7692 f1=0.7540
[17:28:56] [freq_scan:val24] f_virt=15GHz acc=1.0000 f1=1.0000
[17:28:57] [freq_scan:val24] f_virt=30GHz acc=0.9881 f1=0.9875
[17:28:57] [freq_scan:val24] f_virt=50GHz acc=0.9643 f1=0.9637
[17:28:58] [freq_scan:val24] f_virt=77GHz acc=0.8452 f1=0.8441
[17:28:59] [freq_scan:val24] f_virt=99GHz acc=0.6786 f1=0.6640
[17:28:59] [freq_scan:val24] f_virt=120GHz acc=0.5714 f1=0.5329
[17:29:00] [freq_scan:val24] f_virt=140GHz acc=0.5833 f1=0.5313
[17:29:00] [eval] saved eval_sourcequalified.json
