[05:55:18] run_dir=G:\zhanghe\Letter journal\EXPERIMENTSRESULT\REVISION_5090\E1_jitter\seed42
[05:55:18] device=cuda
[05:55:18] backbone=vit_large_patch16_dinov3.lvd1689m
[05:55:18] env: manifest_dir=G:\zhanghe\Letter journal\tasks\known_people_unknown_freq\manifest dataset_root=G:\zhanghe\Letter journal use_dann=False selection=source_val_acc_ema adapter_mode=lora
[05:55:18] set_seed(42)
[05:55:19] [fast_gpu] source cache 644 imgs (0.39GB) on cuda
[05:55:19] train_source=644 train_src_rows=10:302 24:342 source_steps/epoch=40 val_all=162 heldout77_unused=140 test77_final=278
[05:55:19] [test77_split] seed=42 dev_per_class=20
[05:55:27] trainable params=2378753 (encoder_lora+neck+head + miro_proj+v15_falsification)
[05:55:27] logit_prior=[-1.9678890705108643, -1.913821816444397, -1.8427258729934692, -1.9678890705108643, -2.0133514404296875, -1.8929877281188965, -2.036881923675537]
[05:55:27] use_dann=False
[05:55:27] use_das=True
[05:55:27] das_mode=jitter initial_stage={'name': 'jitter', 'p': 1.0, 'f_low': -1.0, 'f_high': -1.0}
[05:55:27] adapter_mode=lora
[05:55:27] schedule: epochs=100 steps/epoch=40 imgs/step=16 total_steps=4000 total_imgs=64000 warmup_steps=120
[05:55:27] source_qualified_policy: val_acc_ema>=0.00 candidates are recorded; best candidate by 77GHz F1 is saved as diagnostic
[05:55:27] [pool] init threshold=0.90 period=10 selection=dev77_f1
[05:55:27] [train] epoch 1/100 steps=40 use_dann=0 das=jitter f=[-1.0,-1.0] p=1.00 gpu=3.0/3.0GB
[05:55:28] [train] ep=01 step=001/40 ce=7.7508 sc=2.9320 mi=1.0228 dn=0.0000 v13=0.0000 v15=0.0000 v16=0.0000 v17=0.0000 v18=0.0000 acc=0.1250 lr=2.50e-06 lambda=0.000 v18_lambda=0.000 gpu=3.0/11.8GB
[05:55:29] [train] ep=01 step=010/40 ce=8.0208 sc=2.8079 mi=1.0059 dn=0.0000 v13=0.0000 v15=0.0000 v16=0.0000 v17=0.0000 v18=0.0000 acc=0.1562 lr=2.50e-05 lambda=0.000 v18_lambda=0.000 gpu=3.0/11.8GB
[05:55:31] [train] ep=01 step=020/40 ce=7.9289 sc=2.8051 mi=0.9585 dn=0.0000 v13=0.0000 v15=0.0000 v16=0.0000 v17=0.0000 v18=0.0000 acc=0.1437 lr=5.00e-05 lambda=0.000 v18_lambda=0.000 gpu=3.0/11.8GB
[05:55:33] [train] ep=01 step=030/40 ce=7.8321 sc=2.7949 mi=0.8835 dn=0.0000 v13=0.0000 v15=0.0000 v16=0.0000 v17=0.0000 v18=0.0000 acc=0.1542 lr=7.50e-05 lambda=0.000 v18_lambda=0.000 gpu=3.0/11.8GB
[05:55:34] [train] ep=01 step=040/40 ce=7.7575 sc=2.7899 mi=0.7954 dn=0.0000 v13=0.0000 v15=0.0000 v16=0.0000 v17=0.0000 v18=0.0000 acc=0.1781 lr=1.00e-04 lambda=0.000 v18_lambda=0.000 gpu=3.0/11.8GB
[05:55:36] [ep_summary] ep=01/100 val_live=0.2593/0.2140 val_ema=0.0000/0.0000 test77_live=0.1403/0.0352 test77_diag_ema=0.0000/0.0000 v13=0.0000 v15=0.0000 v16=0.0000 v17=0.0000 v18=0.0000 das=jitter[-1,-1] p=1.00 ep_time=8.8s
[05:55:36] [train] epoch 2/100 steps=40 use_dann=0 das=jitter f=[-1.0,-1.0] p=1.00 gpu=3.0/15.8GB
[05:55:36] [train] ep=02 step=001/40 ce=7.3584 sc=2.8279 mi=0.4364 dn=0.0000 v13=0.0000 v15=0.0000 v16=0.0000 v17=0.0000 v18=0.0000 acc=0.3125 lr=1.02e-04 lambda=0.000 v18_lambda=0.000 gpu=3.0/15.8GB
[05:55:37] [train] ep=02 step=010/40 ce=7.4140 sc=2.7625 mi=0.3594 dn=0.0000 v13=0.0000 v15=0.0000 v16=0.0000 v17=0.0000 v18=0.0000 acc=0.2500 lr=1.25e-04 lambda=0.000 v18_lambda=0.000 gpu=3.0/15.8GB
[05:55:39] [train] ep=02 step=020/40 ce=7.2727 sc=2.7436 mi=0.3092 dn=0.0000 v13=0.0000 v15=0.0000 v16=0.0000 v17=0.0000 v18=0.0000 acc=0.3156 lr=1.50e-04 lambda=0.000 v18_lambda=0.000 gpu=3.0/15.8GB
[05:55:41] [train] ep=02 step=030/40 ce=7.0924 sc=2.7087 mi=0.2741 dn=0.0000 v13=0.0000 v15=0.0000 v16=0.0000 v17=0.0000 v18=0.0000 acc=0.3708 lr=1.75e-04 lambda=0.000 v18_lambda=0.000 gpu=3.0/15.8GB
[05:55:43] [train] ep=02 step=040/40 ce=6.8108 sc=2.6332 mi=0.2534 dn=0.0000 v13=0.0000 v15=0.0000 v16=0.0000 v17=0.0000 v18=0.0000 acc=0.4016 lr=2.00e-04 lambda=0.000 v18_lambda=0.000 gpu=3.0/15.8GB
[05:55:44] [ep_summary] ep=02/100 val_live=0.5247/0.4748 val_ema=0.0000/0.0000 test77_live=0.1439/0.0422 test77_diag_ema=0.0000/0.0000 v13=0.0000 v15=0.0000 v16=0.0000 v17=0.0000 v18=0.0000 das=jitter[-1,-1] p=1.00 ep_time=8.3s
[05:55:44] [train] epoch 3/100 steps=40 use_dann=0 das=jitter f=[-1.0,-1.0] p=1.00 gpu=3.0/15.8GB
[05:55:44] [train] ep=03 step=001/40 ce=6.0410 sc=2.5408 mi=0.1900 dn=0.0000 v13=0.0000 v15=0.0000 v16=0.0000 v17=0.0000 v18=0.0000 acc=0.5000 lr=2.02e-04 lambda=0.000 v18_lambda=0.000 gpu=3.0/15.8GB
[05:55:46] [train] ep=03 step=010/40 ce=5.4522 sc=2.3572 mi=0.1925 dn=0.0000 v13=0.0000 v15=0.0000 v16=0.0000 v17=0.0000 v18=0.0000 acc=0.5813 lr=2.25e-04 lambda=0.000 v18_lambda=0.000 gpu=3.0/15.8GB
[05:55:47] [train] ep=03 step=020/40 ce=4.9522 sc=2.1723 mi=0.2032 dn=0.0000 v13=0.0000 v15=0.0000 v16=0.0000 v17=0.0000 v18=0.0000 acc=0.6312 lr=2.50e-04 lambda=0.000 v18_lambda=0.000 gpu=3.0/15.8GB
[05:55:49] [train] ep=03 step=030/40 ce=4.6474 sc=2.0154 mi=0.1969 dn=0.0000 v13=0.0000 v15=0.0000 v16=0.0000 v17=0.0000 v18=0.0000 acc=0.6458 lr=2.75e-04 lambda=0.000 v18_lambda=0.000 gpu=3.0/15.8GB
[05:55:51] [train] ep=03 step=040/40 ce=4.4725 sc=1.9749 mi=0.1852 dn=0.0000 v13=0.0000 v15=0.0000 v16=0.0000 v17=0.0000 v18=0.0000 acc=0.6609 lr=3.00e-04 lambda=0.000 v18_lambda=0.000 gpu=3.0/15.8GB
[05:55:52] [ep_summary] ep=03/100 val_live=0.7531/0.7122 val_ema=0.0000/0.0000 test77_live=0.3777/0.2571 test77_diag_ema=0.0000/0.0000 v13=0.0000 v15=0.0000 v16=0.0000 v17=0.0000 v18=0.0000 das=jitter[-1,-1] p=1.00 ep_time=8.3s
[05:55:52] [train] epoch 4/100 steps=40 use_dann=0 das=jitter f=[-1.0,-1.0] p=1.00 gpu=3.0/15.8GB
[05:55:52] [train] ep=04 step=001/40 ce=4.6776 sc=2.0256 mi=0.1605 dn=0.0000 v13=0.0000 v15=0.0000 v16=0.0000 v17=0.0000 v18=0.0000 acc=0.6875 lr=3.00e-04 lambda=0.000 v18_lambda=0.000 gpu=3.0/15.8GB
[05:55:54] [train] ep=04 step=010/40 ce=3.7694 sc=1.8069 mi=0.1354 dn=0.0000 v13=0.0000 v15=0.0000 v16=0.0000 v17=0.0000 v18=0.0000 acc=0.7500 lr=3.00e-04 lambda=0.000 v18_lambda=0.000 gpu=3.0/15.8GB
[05:55:56] [train] ep=04 step=020/40 ce=3.0896 sc=1.6438 mi=0.1305 dn=0.0000 v13=0.0000 v15=0.0000 v16=0.0000 v17=0.0000 v18=0.0000 acc=0.8031 lr=3.00e-04 lambda=0.000 v18_lambda=0.000 gpu=3.0/15.8GB
[05:55:58] [train] ep=04 step=030/40 ce=2.8807 sc=1.6330 mi=0.1256 dn=0.0000 v13=0.0000 v15=0.0000 v16=0.0000 v17=0.0000 v18=0.0000 acc=0.8187 lr=3.00e-04 lambda=0.000 v18_lambda=0.000 gpu=3.0/15.8GB
[05:56:00] [train] ep=04 step=040/40 ce=2.6933 sc=1.5909 mi=0.1232 dn=0.0000 v13=0.0000 v15=0.0000 v16=0.0000 v17=0.0000 v18=0.0000 acc=0.8422 lr=3.00e-04 lambda=0.000 v18_lambda=0.000 gpu=3.0/15.8GB
[05:56:01] [ep_summary] ep=04/100 val_live=0.8395/0.8379 val_ema=0.0000/0.0000 test77_live=0.2734/0.1948 test77_diag_ema=0.0000/0.0000 v13=0.0000 v15=0.0000 v16=0.0000 v17=0.0000 v18=0.0000 das=jitter[-1,-1] p=1.00 ep_time=9.0s
[05:56:01] [train] epoch 5/100 steps=40 use_dann=0 das=jitter f=[-1.0,-1.0] p=1.00 gpu=3.0/15.8GB
[05:56:02] [train] ep=05 step=001/40 ce=1.6457 sc=1.2624 mi=0.1098 dn=0.0000 v13=0.0000 v15=0.0000 v16=0.0000 v17=0.0000 v18=0.0000 acc=1.0000 lr=3.00e-04 lambda=0.000 v18_lambda=0.000 gpu=3.0/15.8GB
[05:56:03] [train] ep=05 step=010/40 ce=2.7998 sc=1.5202 mi=0.1151 dn=0.0000 v13=0.0000 v15=0.0000 v16=0.0000 v17=0.0000 v18=0.0000 acc=0.8000 lr=3.00e-04 lambda=0.000 v18_lambda=0.000 gpu=3.0/15.8GB
[05:56:05] [train] ep=05 step=020/40 ce=2.7608 sc=1.4654 mi=0.1086 dn=0.0000 v13=0.0000 v15=0.0000 v16=0.0000 v17=0.0000 v18=0.0000 acc=0.8063 lr=3.00e-04 lambda=0.000 v18_lambda=0.000 gpu=3.0/15.8GB
[05:56:07] [train] ep=05 step=030/40 ce=2.6033 sc=1.4054 mi=0.1054 dn=0.0000 v13=0.0000 v15=0.0000 v16=0.0000 v17=0.0000 v18=0.0000 acc=0.8292 lr=3.00e-04 lambda=0.000 v18_lambda=0.000 gpu=3.0/15.8GB
[05:56:09] [train] ep=05 step=040/40 ce=2.5121 sc=1.4404 mi=0.1026 dn=0.0000 v13=0.0000 v15=0.0000 v16=0.0000 v17=0.0000 v18=0.0000 acc=0.8375 lr=3.00e-04 lambda=0.000 v18_lambda=0.000 gpu=3.0/15.8GB
[05:56:11] [ep_summary] ep=05/100 val_live=0.8827/0.8826 val_ema=0.1975/0.1052 test77_live=0.3669/0.2702 test77_diag_ema=0.1367/0.0364 v13=0.0000 v15=0.0000 v16=0.0000 v17=0.0000 v18=0.0000 das=jitter[-1,-1] p=1.00 ep_time=10.0s
[05:56:11] [save] best_sourceval_ema val_acc_ema=0.1975 source_val_live=0.8827/0.8826 source_val_ema=0.1975/0.1052 ep=5
[05:56:11] [save] best_sourcequalified77_ema ep=5 source_val_live=0.8827/0.8826 source_val_ema=0.1975/0.1052 test77_ema=0.1367/0.0364
[05:56:11] [train] epoch 6/100 steps=40 use_dann=0 das=jitter f=[-1.0,-1.0] p=1.00 gpu=3.0/15.8GB
[05:56:12] [train] ep=06 step=001/40 ce=3.1181 sc=2.0931 mi=0.0845 dn=0.0000 v13=0.0000 v15=0.0000 v16=0.0000 v17=0.0000 v18=0.0000 acc=0.8750 lr=3.00e-04 lambda=0.000 v18_lambda=0.000 gpu=3.0/15.8GB
[05:56:13] [train] ep=06 step=010/40 ce=2.1650 sc=1.4552 mi=0.0849 dn=0.0000 v13=0.0000 v15=0.0000 v16=0.0000 v17=0.0000 v18=0.0000 acc=0.8938 lr=3.00e-04 lambda=0.000 v18_lambda=0.000 gpu=3.0/15.8GB
[05:56:15] [train] ep=06 step=020/40 ce=1.8073 sc=1.4642 mi=0.0855 dn=0.0000 v13=0.0000 v15=0.0000 v16=0.0000 v17=0.0000 v18=0.0000 acc=0.9125 lr=3.00e-04 lambda=0.000 v18_lambda=0.000 gpu=3.0/15.8GB
[05:56:17] [train] ep=06 step=030/40 ce=1.8529 sc=1.4303 mi=0.0852 dn=0.0000 v13=0.0000 v15=0.0000 v16=0.0000 v17=0.0000 v18=0.0000 acc=0.9062 lr=2.99e-04 lambda=0.000 v18_lambda=0.000 gpu=3.0/15.8GB
[05:56:19] [train] ep=06 step=040/40 ce=1.8140 sc=1.3735 mi=0.0831 dn=0.0000 v13=0.0000 v15=0.0000 v16=0.0000 v17=0.0000 v18=0.0000 acc=0.9109 lr=2.99e-04 lambda=0.000 v18_lambda=0.000 gpu=3.0/15.8GB
[05:56:22] [ep_summary] ep=06/100 val_live=0.9012/0.8993 val_ema=0.2099/0.1149 test77_live=0.5072/0.3981 test77_diag_ema=0.1403/0.0354 v13=0.0000 v15=0.0000 v16=0.0000 v17=0.0000 v18=0.0000 das=jitter[-1,-1] p=1.00 ep_time=10.6s
[05:56:22] [save] best_sourceval_ema val_acc_ema=0.2099 source_val_live=0.9012/0.8993 source_val_ema=0.2099/0.1149 ep=6
[05:56:22] [train] epoch 7/100 steps=40 use_dann=0 das=jitter f=[-1.0,-1.0] p=1.00 gpu=3.0/15.8GB
[05:56:22] [train] ep=07 step=001/40 ce=1.7141 sc=0.9631 mi=0.0804 dn=0.0000 v13=0.0000 v15=0.0000 v16=0.0000 v17=0.0000 v18=0.0000 acc=0.8750 lr=2.99e-04 lambda=0.000 v18_lambda=0.000 gpu=3.0/15.8GB
[05:56:24] [train] ep=07 step=010/40 ce=1.6370 sc=1.1908 mi=0.0785 dn=0.0000 v13=0.0000 v15=0.0000 v16=0.0000 v17=0.0000 v18=0.0000 acc=0.9000 lr=2.99e-04 lambda=0.000 v18_lambda=0.000 gpu=3.0/15.8GB
[05:56:26] [train] ep=07 step=020/40 ce=1.5954 sc=1.1924 mi=0.0796 dn=0.0000 v13=0.0000 v15=0.0000 v16=0.0000 v17=0.0000 v18=0.0000 acc=0.9062 lr=2.99e-04 lambda=0.000 v18_lambda=0.000 gpu=3.0/15.8GB
[05:56:28] [train] ep=07 step=030/40 ce=1.6049 sc=1.2329 mi=0.0787 dn=0.0000 v13=0.0000 v15=0.0000 v16=0.0000 v17=0.0000 v18=0.0000 acc=0.9021 lr=2.99e-04 lambda=0.000 v18_lambda=0.000 gpu=3.0/15.8GB
[05:56:30] [train] ep=07 step=040/40 ce=1.6244 sc=1.2149 mi=0.0778 dn=0.0000 v13=0.0000 v15=0.0000 v16=0.0000 v17=0.0000 v18=0.0000 acc=0.9000 lr=2.99e-04 lambda=0.000 v18_lambda=0.000 gpu=3.0/15.8GB
[05:56:32] [ep_summary] ep=07/100 val_live=0.9568/0.9574 val_ema=0.2284/0.1564 test77_live=0.4496/0.3644 test77_diag_ema=0.1403/0.0352 v13=0.0000 v15=0.0000 v16=0.0000 v17=0.0000 v18=0.0000 das=jitter[-1,-1] p=1.00 ep_time=10.5s
[05:56:33] [save] best_sourceval_ema val_acc_ema=0.2284 source_val_live=0.9568/0.9574 source_val_ema=0.2284/0.1564 ep=7
[05:56:33] [train] epoch 8/100 steps=40 use_dann=0 das=jitter f=[-1.0,-1.0] p=1.00 gpu=3.0/15.8GB
[05:56:33] [train] ep=08 step=001/40 ce=0.5842 sc=0.6469 mi=0.0683 dn=0.0000 v13=0.0000 v15=0.0000 v16=0.0000 v17=0.0000 v18=0.0000 acc=1.0000 lr=2.99e-04 lambda=0.000 v18_lambda=0.000 gpu=3.0/15.8GB
[05:56:35] [train] ep=08 step=010/40 ce=1.5821 sc=1.2021 mi=0.0755 dn=0.0000 v13=0.0000 v15=0.0000 v16=0.0000 v17=0.0000 v18=0.0000 acc=0.9062 lr=2.99e-04 lambda=0.000 v18_lambda=0.000 gpu=3.0/15.8GB
[05:56:37] [train] ep=08 step=020/40 ce=1.4331 sc=1.1564 mi=0.0744 dn=0.0000 v13=0.0000 v15=0.0000 v16=0.0000 v17=0.0000 v18=0.0000 acc=0.9313 lr=2.98e-04 lambda=0.000 v18_lambda=0.000 gpu=3.0/15.8GB
[05:56:39] [train] ep=08 step=030/40 ce=1.3819 sc=1.1635 mi=0.0753 dn=0.0000 v13=0.0000 v15=0.0000 v16=0.0000 v17=0.0000 v18=0.0000 acc=0.9333 lr=2.98e-04 lambda=0.000 v18_lambda=0.000 gpu=3.0/15.8GB
[05:56:41] [train] ep=08 step=040/40 ce=1.2397 sc=1.1050 mi=0.0744 dn=0.0000 v13=0.0000 v15=0.0000 v16=0.0000 v17=0.0000 v18=0.0000 acc=0.9422 lr=2.98e-04 lambda=0.000 v18_lambda=0.000 gpu=3.0/15.8GB
[05:56:43] [ep_summary] ep=08/100 val_live=0.9691/0.9695 val_ema=0.2346/0.1727 test77_live=0.4820/0.4037 test77_diag_ema=0.1403/0.0352 v13=0.0000 v15=0.0000 v16=0.0000 v17=0.0000 v18=0.0000 das=jitter[-1,-1] p=1.00 ep_time=10.7s
[05:56:43] [save] best_sourceval_ema val_acc_ema=0.2346 source_val_live=0.9691/0.9695 source_val_ema=0.2346/0.1727 ep=8
[05:56:43] [train] epoch 9/100 steps=40 use_dann=0 das=jitter f=[-1.0,-1.0] p=1.00 gpu=3.0/15.8GB
[05:56:43] [train] ep=09 step=001/40 ce=0.9515 sc=0.9679 mi=0.0725 dn=0.0000 v13=0.0000 v15=0.0000 v16=0.0000 v17=0.0000 v18=0.0000 acc=1.0000 lr=2.98e-04 lambda=0.000 v18_lambda=0.000 gpu=3.0/15.8GB
[05:56:45] [train] ep=09 step=010/40 ce=1.1126 sc=1.0336 mi=0.0733 dn=0.0000 v13=0.0000 v15=0.0000 v16=0.0000 v17=0.0000 v18=0.0000 acc=0.9563 lr=2.98e-04 lambda=0.000 v18_lambda=0.000 gpu=3.0/15.8GB
[05:56:47] [train] ep=09 step=020/40 ce=0.9402 sc=0.9706 mi=0.0719 dn=0.0000 v13=0.0000 v15=0.0000 v16=0.0000 v17=0.0000 v18=0.0000 acc=0.9625 lr=2.98e-04 lambda=0.000 v18_lambda=0.000 gpu=3.0/15.8GB
[05:56:49] [train] ep=09 step=030/40 ce=0.9002 sc=0.9935 mi=0.0712 dn=0.0000 v13=0.0000 v15=0.0000 v16=0.0000 v17=0.0000 v18=0.0000 acc=0.9646 lr=2.97e-04 lambda=0.000 v18_lambda=0.000 gpu=3.0/15.8GB
[05:56:51] [train] ep=09 step=040/40 ce=0.8754 sc=1.0086 mi=0.0714 dn=0.0000 v13=0.0000 v15=0.0000 v16=0.0000 v17=0.0000 v18=0.0000 acc=0.9656 lr=2.97e-04 lambda=0.000 v18_lambda=0.000 gpu=3.0/15.8GB
[05:56:54] [ep_summary] ep=09/100 val_live=0.9630/0.9638 val_ema=0.2593/0.2105 test77_live=0.4496/0.3674 test77_diag_ema=0.1403/0.0352 v13=0.0000 v15=0.0000 v16=0.0000 v17=0.0000 v18=0.0000 das=jitter[-1,-1] p=1.00 ep_time=10.3s
[05:56:54] [save] best_sourceval_ema val_acc_ema=0.2593 source_val_live=0.9630/0.9638 source_val_ema=0.2593/0.2105 ep=9
[05:56:54] [train] epoch 10/100 steps=40 use_dann=0 das=jitter f=[-1.0,-1.0] p=1.00 gpu=3.0/15.8GB
[05:56:54] [train] ep=10 step=001/40 ce=0.3606 sc=0.4692 mi=0.0741 dn=0.0000 v13=0.0000 v15=0.0000 v16=0.0000 v17=0.0000 v18=0.0000 acc=1.0000 lr=2.97e-04 lambda=0.000 v18_lambda=0.000 gpu=3.0/15.8GB
[05:56:56] [train] ep=10 step=010/40 ce=0.7846 sc=0.9421 mi=0.0682 dn=0.0000 v13=0.0000 v15=0.0000 v16=0.0000 v17=0.0000 v18=0.0000 acc=0.9750 lr=2.97e-04 lambda=0.000 v18_lambda=0.000 gpu=3.0/15.8GB
[05:56:58] [train] ep=10 step=020/40 ce=0.7956 sc=0.9675 mi=0.0674 dn=0.0000 v13=0.0000 v15=0.0000 v16=0.0000 v17=0.0000 v18=0.0000 acc=0.9719 lr=2.97e-04 lambda=0.000 v18_lambda=0.000 gpu=3.0/15.8GB
[05:57:00] [train] ep=10 step=030/40 ce=0.6535 sc=0.8734 mi=0.0671 dn=0.0000 v13=0.0000 v15=0.0000 v16=0.0000 v17=0.0000 v18=0.0000 acc=0.9812 lr=2.96e-04 lambda=0.000 v18_lambda=0.000 gpu=3.0/15.8GB
[05:57:01] [train] ep=10 step=040/40 ce=0.8023 sc=0.9408 mi=0.0678 dn=0.0000 v13=0.0000 v15=0.0000 v16=0.0000 v17=0.0000 v18=0.0000 acc=0.9688 lr=2.96e-04 lambda=0.000 v18_lambda=0.000 gpu=3.0/15.8GB
[05:57:04] [pool] check ep=010/100 source_val_acc_ema=0.2901 threshold=0.90
[05:57:04] [pool] ep=010 SKIP (source_val_acc_ema=0.2901 < 0.90)
[05:57:04] [ep_summary] ep=10/100 val_live=0.9198/0.9151 val_ema=0.2901/0.2476 test77_live=0.5576/0.4418 test77_diag_ema=0.1403/0.0352 v13=0.0000 v15=0.0000 v16=0.0000 v17=0.0000 v18=0.0000 das=jitter[-1,-1] p=1.00 ep_time=10.4s
[05:57:04] [save] best_sourceval_ema val_acc_ema=0.2901 source_val_live=0.9198/0.9151 source_val_ema=0.2901/0.2476 ep=10
[05:57:04] [strict77_monitor] ep=10 best_source_epoch=10 source_val_ema=0.2901/0.2476 test77_ema_diag=0.1403/0.0352 sourcequalified_count=10 best_sourcequalified77_epoch=5 source_val_ema=0.1975/0.1052 test77_ema=0.1367/0.0364
[05:57:04] [train] epoch 11/100 steps=40 use_dann=0 das=jitter f=[-1.0,-1.0] p=1.00 gpu=3.0/15.8GB
[05:57:04] [train] ep=11 step=001/40 ce=0.8282 sc=1.0684 mi=0.0640 dn=0.0000 v13=0.0000 v15=0.0000 v16=0.0000 v17=0.0000 v18=0.0000 acc=1.0000 lr=2.96e-04 lambda=0.000 v18_lambda=0.000 gpu=3.0/15.8GB
[05:57:06] [train] ep=11 step=010/40 ce=0.6534 sc=0.9565 mi=0.0630 dn=0.0000 v13=0.0000 v15=0.0000 v16=0.0000 v17=0.0000 v18=0.0000 acc=0.9875 lr=2.96e-04 lambda=0.000 v18_lambda=0.000 gpu=3.0/15.8GB
[05:57:08] [train] ep=11 step=020/40 ce=0.6791 sc=0.9075 mi=0.0622 dn=0.0000 v13=0.0000 v15=0.0000 v16=0.0000 v17=0.0000 v18=0.0000 acc=0.9812 lr=2.96e-04 lambda=0.000 v18_lambda=0.000 gpu=3.0/15.8GB
[05:57:10] [train] ep=11 step=030/40 ce=0.6737 sc=0.8992 mi=0.0623 dn=0.0000 v13=0.0000 v15=0.0000 v16=0.0000 v17=0.0000 v18=0.0000 acc=0.9792 lr=2.95e-04 lambda=0.000 v18_lambda=0.000 gpu=3.0/15.8GB
[05:57:12] [train] ep=11 step=040/40 ce=0.7042 sc=0.9077 mi=0.0623 dn=0.0000 v13=0.0000 v15=0.0000 v16=0.0000 v17=0.0000 v18=0.0000 acc=0.9781 lr=2.95e-04 lambda=0.000 v18_lambda=0.000 gpu=3.0/15.8GB
[05:57:15] [ep_summary] ep=11/100 val_live=0.9815/0.9821 val_ema=0.3086/0.2645 test77_live=0.3741/0.3063 test77_diag_ema=0.1403/0.0352 v13=0.0000 v15=0.0000 v16=0.0000 v17=0.0000 v18=0.0000 das=jitter[-1,-1] p=1.00 ep_time=10.7s
[05:57:15] [save] best_sourceval_ema val_acc_ema=0.3086 source_val_live=0.9815/0.9821 source_val_ema=0.3086/0.2645 ep=11
[05:57:15] [train] epoch 12/100 steps=40 use_dann=0 das=jitter f=[-1.0,-1.0] p=1.00 gpu=3.0/15.8GB
[05:57:15] [train] ep=12 step=001/40 ce=0.9843 sc=0.6919 mi=0.0602 dn=0.0000 v13=0.0000 v15=0.0000 v16=0.0000 v17=0.0000 v18=0.0000 acc=1.0000 lr=2.95e-04 lambda=0.000 v18_lambda=0.000 gpu=3.0/15.8GB
[05:57:17] [train] ep=12 step=010/40 ce=0.8253 sc=0.8691 mi=0.0660 dn=0.0000 v13=0.0000 v15=0.0000 v16=0.0000 v17=0.0000 v18=0.0000 acc=0.9750 lr=2.95e-04 lambda=0.000 v18_lambda=0.000 gpu=3.0/15.8GB
[05:57:19] [train] ep=12 step=020/40 ce=0.7732 sc=0.8173 mi=0.0650 dn=0.0000 v13=0.0000 v15=0.0000 v16=0.0000 v17=0.0000 v18=0.0000 acc=0.9781 lr=2.94e-04 lambda=0.000 v18_lambda=0.000 gpu=3.0/15.8GB
[05:57:21] [train] ep=12 step=030/40 ce=0.6877 sc=0.8450 mi=0.0645 dn=0.0000 v13=0.0000 v15=0.0000 v16=0.0000 v17=0.0000 v18=0.0000 acc=0.9812 lr=2.94e-04 lambda=0.000 v18_lambda=0.000 gpu=3.0/15.8GB
[05:57:22] [train] ep=12 step=040/40 ce=0.6668 sc=0.8205 mi=0.0641 dn=0.0000 v13=0.0000 v15=0.0000 v16=0.0000 v17=0.0000 v18=0.0000 acc=0.9812 lr=2.94e-04 lambda=0.000 v18_lambda=0.000 gpu=3.0/15.8GB
[05:57:25] [ep_summary] ep=12/100 val_live=0.9691/0.9698 val_ema=0.3025/0.2584 test77_live=0.5036/0.4196 test77_diag_ema=0.1403/0.0352 v13=0.0000 v15=0.0000 v16=0.0000 v17=0.0000 v18=0.0000 das=jitter[-1,-1] p=1.00 ep_time=10.3s
[05:57:25] [train] epoch 13/100 steps=40 use_dann=0 das=jitter f=[-1.0,-1.0] p=1.00 gpu=3.0/15.8GB
[05:57:25] [train] ep=13 step=001/40 ce=0.6777 sc=0.8912 mi=0.0594 dn=0.0000 v13=0.0000 v15=0.0000 v16=0.0000 v17=0.0000 v18=0.0000 acc=1.0000 lr=2.94e-04 lambda=0.000 v18_lambda=0.000 gpu=3.0/15.8GB
[05:57:27] [train] ep=13 step=010/40 ce=0.5128 sc=0.6769 mi=0.0640 dn=0.0000 v13=0.0000 v15=0.0000 v16=0.0000 v17=0.0000 v18=0.0000 acc=1.0000 lr=2.93e-04 lambda=0.000 v18_lambda=0.000 gpu=3.0/15.8GB
[05:57:29] [train] ep=13 step=020/40 ce=0.6908 sc=0.8761 mi=0.0635 dn=0.0000 v13=0.0000 v15=0.0000 v16=0.0000 v17=0.0000 v18=0.0000 acc=0.9781 lr=2.93e-04 lambda=0.000 v18_lambda=0.000 gpu=3.0/15.8GB
[05:57:30] [train] ep=13 step=030/40 ce=0.7199 sc=0.9240 mi=0.0638 dn=0.0000 v13=0.0000 v15=0.0000 v16=0.0000 v17=0.0000 v18=0.0000 acc=0.9750 lr=2.93e-04 lambda=0.000 v18_lambda=0.000 gpu=3.0/15.8GB
[05:57:32] [train] ep=13 step=040/40 ce=0.6906 sc=0.9022 mi=0.0634 dn=0.0000 v13=0.0000 v15=0.0000 v16=0.0000 v17=0.0000 v18=0.0000 acc=0.9750 lr=2.92e-04 lambda=0.000 v18_lambda=0.000 gpu=3.0/15.8GB
[05:57:35] [ep_summary] ep=13/100 val_live=0.9691/0.9695 val_ema=0.3704/0.3488 test77_live=0.6115/0.5323 test77_diag_ema=0.1403/0.0352 v13=0.0000 v15=0.0000 v16=0.0000 v17=0.0000 v18=0.0000 das=jitter[-1,-1] p=1.00 ep_time=9.7s
[05:57:35] [save] best_sourceval_ema val_acc_ema=0.3704 source_val_live=0.9691/0.9695 source_val_ema=0.3704/0.3488 ep=13
[05:57:35] [train] epoch 14/100 steps=40 use_dann=0 das=jitter f=[-1.0,-1.0] p=1.00 gpu=3.0/15.8GB
[05:57:35] [train] ep=14 step=001/40 ce=0.3077 sc=0.6302 mi=0.0617 dn=0.0000 v13=0.0000 v15=0.0000 v16=0.0000 v17=0.0000 v18=0.0000 acc=1.0000 lr=2.92e-04 lambda=0.000 v18_lambda=0.000 gpu=3.0/15.8GB
[05:57:37] [train] ep=14 step=010/40 ce=0.5327 sc=0.6719 mi=0.0609 dn=0.0000 v13=0.0000 v15=0.0000 v16=0.0000 v17=0.0000 v18=0.0000 acc=0.9875 lr=2.92e-04 lambda=0.000 v18_lambda=0.000 gpu=3.0/15.8GB
[05:57:38] [train] ep=14 step=020/40 ce=0.5872 sc=0.7597 mi=0.0619 dn=0.0000 v13=0.0000 v15=0.0000 v16=0.0000 v17=0.0000 v18=0.0000 acc=0.9781 lr=2.91e-04 lambda=0.000 v18_lambda=0.000 gpu=3.0/15.8GB
[05:57:40] [train] ep=14 step=030/40 ce=0.6287 sc=0.8083 mi=0.0625 dn=0.0000 v13=0.0000 v15=0.0000 v16=0.0000 v17=0.0000 v18=0.0000 acc=0.9729 lr=2.91e-04 lambda=0.000 v18_lambda=0.000 gpu=3.0/15.8GB
[05:57:42] [train] ep=14 step=040/40 ce=0.6092 sc=0.8053 mi=0.0621 dn=0.0000 v13=0.0000 v15=0.0000 v16=0.0000 v17=0.0000 v18=0.0000 acc=0.9766 lr=2.91e-04 lambda=0.000 v18_lambda=0.000 gpu=3.0/15.8GB
[05:57:45] [ep_summary] ep=14/100 val_live=0.9568/0.9579 val_ema=0.4012/0.3771 test77_live=0.5576/0.4761 test77_diag_ema=0.1403/0.0352 v13=0.0000 v15=0.0000 v16=0.0000 v17=0.0000 v18=0.0000 das=jitter[-1,-1] p=1.00 ep_time=9.7s
[05:57:45] [save] best_sourceval_ema val_acc_ema=0.4012 source_val_live=0.9568/0.9579 source_val_ema=0.4012/0.3771 ep=14
[05:57:45] [train] epoch 15/100 steps=40 use_dann=0 das=jitter f=[-1.0,-1.0] p=1.00 gpu=3.0/15.8GB
[05:57:45] [train] ep=15 step=001/40 ce=0.3264 sc=0.9952 mi=0.0544 dn=0.0000 v13=0.0000 v15=0.0000 v16=0.0000 v17=0.0000 v18=0.0000 acc=1.0000 lr=2.91e-04 lambda=0.000 v18_lambda=0.000 gpu=3.0/15.8GB
[05:57:46] [train] ep=15 step=010/40 ce=0.8037 sc=0.8670 mi=0.0642 dn=0.0000 v13=0.0000 v15=0.0000 v16=0.0000 v17=0.0000 v18=0.0000 acc=0.9625 lr=2.90e-04 lambda=0.000 v18_lambda=0.000 gpu=3.0/15.8GB
[05:57:48] [train] ep=15 step=020/40 ce=0.8069 sc=0.8692 mi=0.0638 dn=0.0000 v13=0.0000 v15=0.0000 v16=0.0000 v17=0.0000 v18=0.0000 acc=0.9625 lr=2.90e-04 lambda=0.000 v18_lambda=0.000 gpu=3.0/15.8GB
[05:57:50] [train] ep=15 step=030/40 ce=0.7407 sc=0.8621 mi=0.0629 dn=0.0000 v13=0.0000 v15=0.0000 v16=0.0000 v17=0.0000 v18=0.0000 acc=0.9688 lr=2.89e-04 lambda=0.000 v18_lambda=0.000 gpu=3.0/15.8GB
[05:57:52] [train] ep=15 step=040/40 ce=0.6811 sc=0.8434 mi=0.0619 dn=0.0000 v13=0.0000 v15=0.0000 v16=0.0000 v17=0.0000 v18=0.0000 acc=0.9734 lr=2.89e-04 lambda=0.000 v18_lambda=0.000 gpu=3.0/15.8GB
[05:57:54] [ep_summary] ep=15/100 val_live=0.9753/0.9757 val_ema=0.4259/0.4098 test77_live=0.6115/0.5124 test77_diag_ema=0.1403/0.0352 v13=0.0000 v15=0.0000 v16=0.0000 v17=0.0000 v18=0.0000 das=jitter[-1,-1] p=1.00 ep_time=9.7s
[05:57:54] [save] best_sourceval_ema val_acc_ema=0.4259 source_val_live=0.9753/0.9757 source_val_ema=0.4259/0.4098 ep=15
[05:57:54] [train] epoch 16/100 steps=40 use_dann=0 das=jitter f=[-1.0,-1.0] p=1.00 gpu=3.0/15.8GB
[05:57:55] [train] ep=16 step=001/40 ce=0.3096 sc=0.7536 mi=0.0681 dn=0.0000 v13=0.0000 v15=0.0000 v16=0.0000 v17=0.0000 v18=0.0000 acc=1.0000 lr=2.89e-04 lambda=0.000 v18_lambda=0.000 gpu=3.0/15.8GB
[05:57:56] [train] ep=16 step=010/40 ce=0.6418 sc=0.9700 mi=0.0607 dn=0.0000 v13=0.0000 v15=0.0000 v16=0.0000 v17=0.0000 v18=0.0000 acc=0.9750 lr=2.88e-04 lambda=0.000 v18_lambda=0.000 gpu=3.0/15.8GB
[05:57:58] [train] ep=16 step=020/40 ce=0.5769 sc=0.9565 mi=0.0614 dn=0.0000 v13=0.0000 v15=0.0000 v16=0.0000 v17=0.0000 v18=0.0000 acc=0.9812 lr=2.88e-04 lambda=0.000 v18_lambda=0.000 gpu=3.0/15.8GB
[05:58:00] [train] ep=16 step=030/40 ce=0.5148 sc=0.9090 mi=0.0615 dn=0.0000 v13=0.0000 v15=0.0000 v16=0.0000 v17=0.0000 v18=0.0000 acc=0.9854 lr=2.87e-04 lambda=0.000 v18_lambda=0.000 gpu=3.0/15.8GB
[05:58:02] [train] ep=16 step=040/40 ce=0.5361 sc=0.9059 mi=0.0619 dn=0.0000 v13=0.0000 v15=0.0000 v16=0.0000 v17=0.0000 v18=0.0000 acc=0.9828 lr=2.87e-04 lambda=0.000 v18_lambda=0.000 gpu=3.0/15.8GB
[05:58:04] [ep_summary] ep=16/100 val_live=0.9506/0.9496 val_ema=0.5123/0.5247 test77_live=0.6403/0.5619 test77_diag_ema=0.1403/0.0352 v13=0.0000 v15=0.0000 v16=0.0000 v17=0.0000 v18=0.0000 das=jitter[-1,-1] p=1.00 ep_time=9.9s
[05:58:04] [save] best_sourceval_ema val_acc_ema=0.5123 source_val_live=0.9506/0.9496 source_val_ema=0.5123/0.5247 ep=16
[05:58:04] [train] epoch 17/100 steps=40 use_dann=0 das=jitter f=[-1.0,-1.0] p=1.00 gpu=3.0/15.8GB
[05:58:04] [train] ep=17 step=001/40 ce=0.4524 sc=0.6851 mi=0.0490 dn=0.0000 v13=0.0000 v15=0.0000 v16=0.0000 v17=0.0000 v18=0.0000 acc=1.0000 lr=2.87e-04 lambda=0.000 v18_lambda=0.000 gpu=3.0/15.8GB
[05:58:06] [train] ep=17 step=010/40 ce=0.5025 sc=0.7402 mi=0.0571 dn=0.0000 v13=0.0000 v15=0.0000 v16=0.0000 v17=0.0000 v18=0.0000 acc=0.9875 lr=2.86e-04 lambda=0.000 v18_lambda=0.000 gpu=3.0/15.8GB
[05:58:08] [train] ep=17 step=020/40 ce=0.4296 sc=0.7508 mi=0.0596 dn=0.0000 v13=0.0000 v15=0.0000 v16=0.0000 v17=0.0000 v18=0.0000 acc=0.9938 lr=2.86e-04 lambda=0.000 v18_lambda=0.000 gpu=3.0/15.8GB
[05:58:10] [train] ep=17 step=030/40 ce=0.4216 sc=0.7673 mi=0.0603 dn=0.0000 v13=0.0000 v15=0.0000 v16=0.0000 v17=0.0000 v18=0.0000 acc=0.9958 lr=2.85e-04 lambda=0.000 v18_lambda=0.000 gpu=3.0/15.8GB
[05:58:11] [train] ep=17 step=040/40 ce=0.4462 sc=0.8031 mi=0.0601 dn=0.0000 v13=0.0000 v15=0.0000 v16=0.0000 v17=0.0000 v18=0.0000 acc=0.9922 lr=2.85e-04 lambda=0.000 v18_lambda=0.000 gpu=3.0/15.8GB
[05:58:14] [ep_summary] ep=17/100 val_live=0.9568/0.9567 val_ema=0.5247/0.5360 test77_live=0.6439/0.5803 test77_diag_ema=0.1403/0.0352 v13=0.0000 v15=0.0000 v16=0.0000 v17=0.0000 v18=0.0000 das=jitter[-1,-1] p=1.00 ep_time=9.9s
[05:58:14] [save] best_sourceval_ema val_acc_ema=0.5247 source_val_live=0.9568/0.9567 source_val_ema=0.5247/0.5360 ep=17
[05:58:14] [train] epoch 18/100 steps=40 use_dann=0 das=jitter f=[-1.0,-1.0] p=1.00 gpu=3.0/15.8GB
[05:58:14] [train] ep=18 step=001/40 ce=0.7081 sc=1.0204 mi=0.0695 dn=0.0000 v13=0.0000 v15=0.0000 v16=0.0000 v17=0.0000 v18=0.0000 acc=1.0000 lr=2.85e-04 lambda=0.000 v18_lambda=0.000 gpu=3.0/15.8GB
[05:58:16] [train] ep=18 step=010/40 ce=0.8767 sc=1.0303 mi=0.0608 dn=0.0000 v13=0.0000 v15=0.0000 v16=0.0000 v17=0.0000 v18=0.0000 acc=0.9563 lr=2.84e-04 lambda=0.000 v18_lambda=0.000 gpu=3.0/15.8GB
[05:58:18] [train] ep=18 step=020/40 ce=0.6714 sc=0.9358 mi=0.0601 dn=0.0000 v13=0.0000 v15=0.0000 v16=0.0000 v17=0.0000 v18=0.0000 acc=0.9719 lr=2.84e-04 lambda=0.000 v18_lambda=0.000 gpu=3.0/15.8GB
[05:58:19] [train] ep=18 step=030/40 ce=0.5722 sc=0.9142 mi=0.0582 dn=0.0000 v13=0.0000 v15=0.0000 v16=0.0000 v17=0.0000 v18=0.0000 acc=0.9812 lr=2.83e-04 lambda=0.000 v18_lambda=0.000 gpu=3.0/15.8GB
[05:58:21] [train] ep=18 step=040/40 ce=0.5550 sc=0.9058 mi=0.0590 dn=0.0000 v13=0.0000 v15=0.0000 v16=0.0000 v17=0.0000 v18=0.0000 acc=0.9844 lr=2.83e-04 lambda=0.000 v18_lambda=0.000 gpu=3.0/15.8GB
[05:58:24] [ep_summary] ep=18/100 val_live=0.9630/0.9634 val_ema=0.5864/0.6038 test77_live=0.5971/0.5478 test77_diag_ema=0.1403/0.0352 v13=0.0000 v15=0.0000 v16=0.0000 v17=0.0000 v18=0.0000 das=jitter[-1,-1] p=1.00 ep_time=9.8s
[05:58:24] [save] best_sourceval_ema val_acc_ema=0.5864 source_val_live=0.9630/0.9634 source_val_ema=0.5864/0.6038 ep=18
[05:58:24] [train] epoch 19/100 steps=40 use_dann=0 das=jitter f=[-1.0,-1.0] p=1.00 gpu=3.0/15.8GB
[05:58:24] [train] ep=19 step=001/40 ce=0.2871 sc=0.5427 mi=0.0667 dn=0.0000 v13=0.0000 v15=0.0000 v16=0.0000 v17=0.0000 v18=0.0000 acc=1.0000 lr=2.83e-04 lambda=0.000 v18_lambda=0.000 gpu=3.0/15.8GB
[05:58:26] [train] ep=19 step=010/40 ce=0.6365 sc=0.8343 mi=0.0590 dn=0.0000 v13=0.0000 v15=0.0000 v16=0.0000 v17=0.0000 v18=0.0000 acc=0.9688 lr=2.82e-04 lambda=0.000 v18_lambda=0.000 gpu=3.0/15.8GB
[05:58:27] [train] ep=19 step=020/40 ce=0.5195 sc=0.8580 mi=0.0595 dn=0.0000 v13=0.0000 v15=0.0000 v16=0.0000 v17=0.0000 v18=0.0000 acc=0.9812 lr=2.82e-04 lambda=0.000 v18_lambda=0.000 gpu=3.0/15.8GB
[05:58:29] [train] ep=19 step=030/40 ce=0.4775 sc=0.8611 mi=0.0593 dn=0.0000 v13=0.0000 v15=0.0000 v16=0.0000 v17=0.0000 v18=0.0000 acc=0.9875 lr=2.81e-04 lambda=0.000 v18_lambda=0.000 gpu=3.0/15.8GB
[05:58:31] [train] ep=19 step=040/40 ce=0.4820 sc=0.8464 mi=0.0599 dn=0.0000 v13=0.0000 v15=0.0000 v16=0.0000 v17=0.0000 v18=0.0000 acc=0.9859 lr=2.80e-04 lambda=0.000 v18_lambda=0.000 gpu=3.0/15.8GB
[05:58:34] [ep_summary] ep=19/100 val_live=0.9259/0.9231 val_ema=0.6358/0.6450 test77_live=0.6115/0.5457 test77_diag_ema=0.1403/0.0352 v13=0.0000 v15=0.0000 v16=0.0000 v17=0.0000 v18=0.0000 das=jitter[-1,-1] p=1.00 ep_time=9.9s
[05:58:34] [save] best_sourceval_ema val_acc_ema=0.6358 source_val_live=0.9259/0.9231 source_val_ema=0.6358/0.6450 ep=19
[05:58:34] [train] epoch 20/100 steps=40 use_dann=0 das=jitter f=[-1.0,-1.0] p=1.00 gpu=3.0/15.8GB
[05:58:34] [train] ep=20 step=001/40 ce=0.6427 sc=0.8145 mi=0.0691 dn=0.0000 v13=0.0000 v15=0.0000 v16=0.0000 v17=0.0000 v18=0.0000 acc=1.0000 lr=2.80e-04 lambda=0.000 v18_lambda=0.000 gpu=3.0/15.8GB
[05:58:36] [train] ep=20 step=010/40 ce=0.5266 sc=0.8814 mi=0.0670 dn=0.0000 v13=0.0000 v15=0.0000 v16=0.0000 v17=0.0000 v18=0.0000 acc=0.9812 lr=2.80e-04 lambda=0.000 v18_lambda=0.000 gpu=3.0/15.8GB
[05:58:37] [train] ep=20 step=020/40 ce=0.4408 sc=0.8423 mi=0.0630 dn=0.0000 v13=0.0000 v15=0.0000 v16=0.0000 v17=0.0000 v18=0.0000 acc=0.9875 lr=2.79e-04 lambda=0.000 v18_lambda=0.000 gpu=3.0/15.8GB
[05:58:39] [train] ep=20 step=030/40 ce=0.4615 sc=0.8783 mi=0.0613 dn=0.0000 v13=0.0000 v15=0.0000 v16=0.0000 v17=0.0000 v18=0.0000 acc=0.9875 lr=2.79e-04 lambda=0.000 v18_lambda=0.000 gpu=3.0/15.8GB
[05:58:41] [train] ep=20 step=040/40 ce=0.4912 sc=0.8565 mi=0.0615 dn=0.0000 v13=0.0000 v15=0.0000 v16=0.0000 v17=0.0000 v18=0.0000 acc=0.9844 lr=2.78e-04 lambda=0.000 v18_lambda=0.000 gpu=3.0/15.8GB
[05:58:44] [pool] check ep=020/100 source_val_acc_ema=0.6790 threshold=0.90
[05:58:44] [pool] ep=020 SKIP (source_val_acc_ema=0.6790 < 0.90)
[05:58:44] [ep_summary] ep=20/100 val_live=0.9753/0.9757 val_ema=0.6790/0.6779 test77_live=0.5899/0.5124 test77_diag_ema=0.1403/0.0352 v13=0.0000 v15=0.0000 v16=0.0000 v17=0.0000 v18=0.0000 das=jitter[-1,-1] p=1.00 ep_time=9.8s
[05:58:44] [save] best_sourceval_ema val_acc_ema=0.6790 source_val_live=0.9753/0.9757 source_val_ema=0.6790/0.6779 ep=20
[05:58:44] [strict77_monitor] ep=20 best_source_epoch=20 source_val_ema=0.6790/0.6779 test77_ema_diag=0.1403/0.0352 sourcequalified_count=20 best_sourcequalified77_epoch=5 source_val_ema=0.1975/0.1052 test77_ema=0.1367/0.0364
[05:58:44] [train] epoch 21/100 steps=40 use_dann=0 das=jitter f=[-1.0,-1.0] p=1.00 gpu=3.0/15.8GB
[05:58:44] [train] ep=21 step=001/40 ce=0.2902 sc=0.6200 mi=0.0653 dn=0.0000 v13=0.0000 v15=0.0000 v16=0.0000 v17=0.0000 v18=0.0000 acc=1.0000 lr=2.78e-04 lambda=0.000 v18_lambda=0.000 gpu=3.0/15.8GB
[05:58:45] [train] ep=21 step=010/40 ce=0.4565 sc=0.8929 mi=0.0647 dn=0.0000 v13=0.0000 v15=0.0000 v16=0.0000 v17=0.0000 v18=0.0000 acc=0.9938 lr=2.77e-04 lambda=0.000 v18_lambda=0.000 gpu=3.0/15.8GB
[05:58:47] [train] ep=21 step=020/40 ce=0.4819 sc=0.8958 mi=0.0622 dn=0.0000 v13=0.0000 v15=0.0000 v16=0.0000 v17=0.0000 v18=0.0000 acc=0.9906 lr=2.77e-04 lambda=0.000 v18_lambda=0.000 gpu=3.0/15.8GB
[05:58:49] [train] ep=21 step=030/40 ce=0.4781 sc=0.8309 mi=0.0606 dn=0.0000 v13=0.0000 v15=0.0000 v16=0.0000 v17=0.0000 v18=0.0000 acc=0.9896 lr=2.76e-04 lambda=0.000 v18_lambda=0.000 gpu=3.0/15.8GB
[05:58:51] [train] ep=21 step=040/40 ce=0.4702 sc=0.8351 mi=0.0601 dn=0.0000 v13=0.0000 v15=0.0000 v16=0.0000 v17=0.0000 v18=0.0000 acc=0.9906 lr=2.75e-04 lambda=0.000 v18_lambda=0.000 gpu=3.0/15.8GB
[05:58:53] [ep_summary] ep=21/100 val_live=0.9753/0.9757 val_ema=0.7284/0.7159 test77_live=0.5827/0.5397 test77_diag_ema=0.1403/0.0352 v13=0.0000 v15=0.0000 v16=0.0000 v17=0.0000 v18=0.0000 das=jitter[-1,-1] p=1.00 ep_time=9.7s
[05:58:53] [save] best_sourceval_ema val_acc_ema=0.7284 source_val_live=0.9753/0.9757 source_val_ema=0.7284/0.7159 ep=21
[05:58:53] [train] epoch 22/100 steps=40 use_dann=0 das=jitter f=[-1.0,-1.0] p=1.00 gpu=3.0/15.8GB
[05:58:54] [train] ep=22 step=001/40 ce=0.2802 sc=0.6174 mi=0.0656 dn=0.0000 v13=0.0000 v15=0.0000 v16=0.0000 v17=0.0000 v18=0.0000 acc=1.0000 lr=2.75e-04 lambda=0.000 v18_lambda=0.000 gpu=3.0/15.8GB
[05:58:55] [train] ep=22 step=010/40 ce=0.4654 sc=0.8025 mi=0.0600 dn=0.0000 v13=0.0000 v15=0.0000 v16=0.0000 v17=0.0000 v18=0.0000 acc=0.9875 lr=2.75e-04 lambda=0.000 v18_lambda=0.000 gpu=3.0/15.8GB
[05:58:57] [train] ep=22 step=020/40 ce=0.4504 sc=0.8577 mi=0.0577 dn=0.0000 v13=0.0000 v15=0.0000 v16=0.0000 v17=0.0000 v18=0.0000 acc=0.9875 lr=2.74e-04 lambda=0.000 v18_lambda=0.000 gpu=3.0/15.8GB
[05:58:59] [train] ep=22 step=030/40 ce=0.4586 sc=0.8365 mi=0.0586 dn=0.0000 v13=0.0000 v15=0.0000 v16=0.0000 v17=0.0000 v18=0.0000 acc=0.9854 lr=2.73e-04 lambda=0.000 v18_lambda=0.000 gpu=3.0/15.8GB
[05:59:00] [train] ep=22 step=040/40 ce=0.4700 sc=0.8633 mi=0.0581 dn=0.0000 v13=0.0000 v15=0.0000 v16=0.0000 v17=0.0000 v18=0.0000 acc=0.9859 lr=2.73e-04 lambda=0.000 v18_lambda=0.000 gpu=3.0/15.8GB
[05:59:03] [ep_summary] ep=22/100 val_live=0.9691/0.9695 val_ema=0.7593/0.7406 test77_live=0.6799/0.6143 test77_diag_ema=0.1403/0.0352 v13=0.0000 v15=0.0000 v16=0.0000 v17=0.0000 v18=0.0000 das=jitter[-1,-1] p=1.00 ep_time=9.7s
[05:59:03] [save] best_sourceval_ema val_acc_ema=0.7593 source_val_live=0.9691/0.9695 source_val_ema=0.7593/0.7406 ep=22
[05:59:03] [train] epoch 23/100 steps=40 use_dann=0 das=jitter f=[-1.0,-1.0] p=1.00 gpu=3.0/15.8GB
[05:59:03] [train] ep=23 step=001/40 ce=0.2838 sc=1.1236 mi=0.0662 dn=0.0000 v13=0.0000 v15=0.0000 v16=0.0000 v17=0.0000 v18=0.0000 acc=1.0000 lr=2.72e-04 lambda=0.000 v18_lambda=0.000 gpu=3.0/15.8GB
[05:59:05] [train] ep=23 step=010/40 ce=0.3336 sc=0.7888 mi=0.0625 dn=0.0000 v13=0.0000 v15=0.0000 v16=0.0000 v17=0.0000 v18=0.0000 acc=1.0000 lr=2.72e-04 lambda=0.000 v18_lambda=0.000 gpu=3.0/15.8GB
[05:59:07] [train] ep=23 step=020/40 ce=0.3456 sc=0.7030 mi=0.0597 dn=0.0000 v13=0.0000 v15=0.0000 v16=0.0000 v17=0.0000 v18=0.0000 acc=1.0000 lr=2.71e-04 lambda=0.000 v18_lambda=0.000 gpu=3.0/15.8GB
[05:59:08] [train] ep=23 step=030/40 ce=0.4295 sc=0.7858 mi=0.0597 dn=0.0000 v13=0.0000 v15=0.0000 v16=0.0000 v17=0.0000 v18=0.0000 acc=0.9938 lr=2.70e-04 lambda=0.000 v18_lambda=0.000 gpu=3.0/15.8GB
[05:59:10] [train] ep=23 step=040/40 ce=0.4601 sc=0.7929 mi=0.0592 dn=0.0000 v13=0.0000 v15=0.0000 v16=0.0000 v17=0.0000 v18=0.0000 acc=0.9891 lr=2.70e-04 lambda=0.000 v18_lambda=0.000 gpu=3.0/15.8GB
[05:59:13] [ep_summary] ep=23/100 val_live=0.9691/0.9689 val_ema=0.7901/0.7744 test77_live=0.6619/0.5843 test77_diag_ema=0.1403/0.0352 v13=0.0000 v15=0.0000 v16=0.0000 v17=0.0000 v18=0.0000 das=jitter[-1,-1] p=1.00 ep_time=9.7s
[05:59:13] [save] best_sourceval_ema val_acc_ema=0.7901 source_val_live=0.9691/0.9689 source_val_ema=0.7901/0.7744 ep=23
[05:59:13] [train] epoch 24/100 steps=40 use_dann=0 das=jitter f=[-1.0,-1.0] p=1.00 gpu=3.0/15.8GB
[05:59:13] [train] ep=24 step=001/40 ce=0.2786 sc=0.7499 mi=0.0538 dn=0.0000 v13=0.0000 v15=0.0000 v16=0.0000 v17=0.0000 v18=0.0000 acc=1.0000 lr=2.70e-04 lambda=0.000 v18_lambda=0.000 gpu=3.0/15.8GB
[05:59:15] [train] ep=24 step=010/40 ce=0.3596 sc=0.7868 mi=0.0575 dn=0.0000 v13=0.0000 v15=0.0000 v16=0.0000 v17=0.0000 v18=0.0000 acc=0.9938 lr=2.69e-04 lambda=0.000 v18_lambda=0.000 gpu=3.0/15.8GB
[05:59:16] [train] ep=24 step=020/40 ce=0.3400 sc=0.7831 mi=0.0579 dn=0.0000 v13=0.0000 v15=0.0000 v16=0.0000 v17=0.0000 v18=0.0000 acc=0.9938 lr=2.68e-04 lambda=0.000 v18_lambda=0.000 gpu=3.0/15.8GB
[05:59:18] [train] ep=24 step=030/40 ce=0.4062 sc=0.8077 mi=0.0576 dn=0.0000 v13=0.0000 v15=0.0000 v16=0.0000 v17=0.0000 v18=0.0000 acc=0.9875 lr=2.67e-04 lambda=0.000 v18_lambda=0.000 gpu=3.0/15.8GB
[05:59:20] [train] ep=24 step=040/40 ce=0.3968 sc=0.8141 mi=0.0575 dn=0.0000 v13=0.0000 v15=0.0000 v16=0.0000 v17=0.0000 v18=0.0000 acc=0.9906 lr=2.67e-04 lambda=0.000 v18_lambda=0.000 gpu=3.0/15.8GB
[05:59:23] [ep_summary] ep=24/100 val_live=0.9630/0.9636 val_ema=0.8086/0.7902 test77_live=0.5899/0.4888 test77_diag_ema=0.1403/0.0352 v13=0.0000 v15=0.0000 v16=0.0000 v17=0.0000 v18=0.0000 das=jitter[-1,-1] p=1.00 ep_time=9.7s
[05:59:23] [save] best_sourceval_ema val_acc_ema=0.8086 source_val_live=0.9630/0.9636 source_val_ema=0.8086/0.7902 ep=24
[05:59:23] [train] epoch 25/100 steps=40 use_dann=0 das=jitter f=[-1.0,-1.0] p=1.00 gpu=3.0/15.8GB
[05:59:23] [train] ep=25 step=001/40 ce=0.2759 sc=0.8451 mi=0.0560 dn=0.0000 v13=0.0000 v15=0.0000 v16=0.0000 v17=0.0000 v18=0.0000 acc=1.0000 lr=2.67e-04 lambda=0.000 v18_lambda=0.000 gpu=3.0/15.8GB
[05:59:24] [train] ep=25 step=010/40 ce=0.4278 sc=0.8125 mi=0.0594 dn=0.0000 v13=0.0000 v15=0.0000 v16=0.0000 v17=0.0000 v18=0.0000 acc=0.9875 lr=2.66e-04 lambda=0.000 v18_lambda=0.000 gpu=3.0/15.8GB
[05:59:26] [train] ep=25 step=020/40 ce=0.4716 sc=0.8508 mi=0.0590 dn=0.0000 v13=0.0000 v15=0.0000 v16=0.0000 v17=0.0000 v18=0.0000 acc=0.9875 lr=2.65e-04 lambda=0.000 v18_lambda=0.000 gpu=3.0/15.8GB
[05:59:28] [train] ep=25 step=030/40 ce=0.4361 sc=0.8194 mi=0.0580 dn=0.0000 v13=0.0000 v15=0.0000 v16=0.0000 v17=0.0000 v18=0.0000 acc=0.9896 lr=2.64e-04 lambda=0.000 v18_lambda=0.000 gpu=3.0/15.8GB
[05:59:30] [train] ep=25 step=040/40 ce=0.4196 sc=0.7961 mi=0.0574 dn=0.0000 v13=0.0000 v15=0.0000 v16=0.0000 v17=0.0000 v18=0.0000 acc=0.9906 lr=2.64e-04 lambda=0.000 v18_lambda=0.000 gpu=3.0/15.8GB
[05:59:32] [ep_summary] ep=25/100 val_live=0.9691/0.9694 val_ema=0.8333/0.8122 test77_live=0.6295/0.5554 test77_diag_ema=0.1403/0.0352 v13=0.0000 v15=0.0000 v16=0.0000 v17=0.0000 v18=0.0000 das=jitter[-1,-1] p=1.00 ep_time=9.7s
[05:59:32] [save] best_sourceval_ema val_acc_ema=0.8333 source_val_live=0.9691/0.9694 source_val_ema=0.8333/0.8122 ep=25
[05:59:32] [train] epoch 26/100 steps=40 use_dann=0 das=jitter f=[-1.0,-1.0] p=1.00 gpu=3.0/15.8GB
[05:59:33] [train] ep=26 step=001/40 ce=0.2698 sc=0.7597 mi=0.0538 dn=0.0000 v13=0.0000 v15=0.0000 v16=0.0000 v17=0.0000 v18=0.0000 acc=1.0000 lr=2.64e-04 lambda=0.000 v18_lambda=0.000 gpu=3.0/15.8GB
[05:59:34] [train] ep=26 step=010/40 ce=0.3277 sc=0.8683 mi=0.0593 dn=0.0000 v13=0.0000 v15=0.0000 v16=0.0000 v17=0.0000 v18=0.0000 acc=1.0000 lr=2.63e-04 lambda=0.000 v18_lambda=0.000 gpu=3.0/15.8GB
[05:59:36] [train] ep=26 step=020/40 ce=0.4204 sc=0.8929 mi=0.0577 dn=0.0000 v13=0.0000 v15=0.0000 v16=0.0000 v17=0.0000 v18=0.0000 acc=0.9938 lr=2.62e-04 lambda=0.000 v18_lambda=0.000 gpu=3.0/15.8GB
[05:59:38] [train] ep=26 step=030/40 ce=0.4302 sc=0.8307 mi=0.0580 dn=0.0000 v13=0.0000 v15=0.0000 v16=0.0000 v17=0.0000 v18=0.0000 acc=0.9917 lr=2.61e-04 lambda=0.000 v18_lambda=0.000 gpu=3.0/15.8GB
[05:59:39] [train] ep=26 step=040/40 ce=0.4267 sc=0.8233 mi=0.0576 dn=0.0000 v13=0.0000 v15=0.0000 v16=0.0000 v17=0.0000 v18=0.0000 acc=0.9922 lr=2.60e-04 lambda=0.000 v18_lambda=0.000 gpu=3.0/15.8GB
[05:59:42] [ep_summary] ep=26/100 val_live=0.9753/0.9755 val_ema=0.8395/0.8189 test77_live=0.6583/0.5806 test77_diag_ema=0.1403/0.0352 v13=0.0000 v15=0.0000 v16=0.0000 v17=0.0000 v18=0.0000 das=jitter[-1,-1] p=1.00 ep_time=9.8s
[05:59:42] [save] best_sourceval_ema val_acc_ema=0.8395 source_val_live=0.9753/0.9755 source_val_ema=0.8395/0.8189 ep=26
[05:59:42] [train] epoch 27/100 steps=40 use_dann=0 das=jitter f=[-1.0,-1.0] p=1.00 gpu=3.0/15.8GB
[05:59:42] [train] ep=27 step=001/40 ce=0.4877 sc=0.7292 mi=0.0524 dn=0.0000 v13=0.0000 v15=0.0000 v16=0.0000 v17=0.0000 v18=0.0000 acc=1.0000 lr=2.60e-04 lambda=0.000 v18_lambda=0.000 gpu=3.0/15.8GB
[05:59:44] [train] ep=27 step=010/40 ce=0.3290 sc=0.8429 mi=0.0547 dn=0.0000 v13=0.0000 v15=0.0000 v16=0.0000 v17=0.0000 v18=0.0000 acc=1.0000 lr=2.60e-04 lambda=0.000 v18_lambda=0.000 gpu=3.0/15.8GB
[05:59:46] [train] ep=27 step=020/40 ce=0.3253 sc=0.8268 mi=0.0557 dn=0.0000 v13=0.0000 v15=0.0000 v16=0.0000 v17=0.0000 v18=0.0000 acc=0.9969 lr=2.59e-04 lambda=0.000 v18_lambda=0.000 gpu=3.0/15.8GB
[05:59:47] [train] ep=27 step=030/40 ce=0.3724 sc=0.8331 mi=0.0563 dn=0.0000 v13=0.0000 v15=0.0000 v16=0.0000 v17=0.0000 v18=0.0000 acc=0.9917 lr=2.58e-04 lambda=0.000 v18_lambda=0.000 gpu=3.0/15.8GB
[05:59:49] [train] ep=27 step=040/40 ce=0.4300 sc=0.8700 mi=0.0573 dn=0.0000 v13=0.0000 v15=0.0000 v16=0.0000 v17=0.0000 v18=0.0000 acc=0.9875 lr=2.57e-04 lambda=0.000 v18_lambda=0.000 gpu=3.0/15.8GB
[05:59:52] [ep_summary] ep=27/100 val_live=0.9753/0.9757 val_ema=0.8457/0.8242 test77_live=0.6799/0.6073 test77_diag_ema=0.1403/0.0352 v13=0.0000 v15=0.0000 v16=0.0000 v17=0.0000 v18=0.0000 das=jitter[-1,-1] p=1.00 ep_time=9.8s
[05:59:52] [save] best_sourceval_ema val_acc_ema=0.8457 source_val_live=0.9753/0.9757 source_val_ema=0.8457/0.8242 ep=27
[05:59:52] [train] epoch 28/100 steps=40 use_dann=0 das=jitter f=[-1.0,-1.0] p=1.00 gpu=3.0/15.8GB
[05:59:52] [train] ep=28 step=001/40 ce=0.2751 sc=0.8429 mi=0.0523 dn=0.0000 v13=0.0000 v15=0.0000 v16=0.0000 v17=0.0000 v18=0.0000 acc=1.0000 lr=2.57e-04 lambda=0.000 v18_lambda=0.000 gpu=3.0/15.8GB
[05:59:54] [train] ep=28 step=010/40 ce=0.3949 sc=0.6790 mi=0.0559 dn=0.0000 v13=0.0000 v15=0.0000 v16=0.0000 v17=0.0000 v18=0.0000 acc=0.9938 lr=2.56e-04 lambda=0.000 v18_lambda=0.000 gpu=3.0/15.8GB
[05:59:56] [train] ep=28 step=020/40 ce=0.3734 sc=0.7809 mi=0.0569 dn=0.0000 v13=0.0000 v15=0.0000 v16=0.0000 v17=0.0000 v18=0.0000 acc=0.9938 lr=2.55e-04 lambda=0.000 v18_lambda=0.000 gpu=3.0/15.8GB
[05:59:58] [train] ep=28 step=030/40 ce=0.3434 sc=0.7702 mi=0.0570 dn=0.0000 v13=0.0000 v15=0.0000 v16=0.0000 v17=0.0000 v18=0.0000 acc=0.9958 lr=2.54e-04 lambda=0.000 v18_lambda=0.000 gpu=3.0/15.8GB
[06:00:00] [train] ep=28 step=040/40 ce=0.3757 sc=0.7777 mi=0.0580 dn=0.0000 v13=0.0000 v15=0.0000 v16=0.0000 v17=0.0000 v18=0.0000 acc=0.9922 lr=2.54e-04 lambda=0.000 v18_lambda=0.000 gpu=3.0/15.8GB
[06:00:03] [ep_summary] ep=28/100 val_live=0.9444/0.9433 val_ema=0.8457/0.8242 test77_live=0.6691/0.6076 test77_diag_ema=0.1439/0.0422 v13=0.0000 v15=0.0000 v16=0.0000 v17=0.0000 v18=0.0000 das=jitter[-1,-1] p=1.00 ep_time=11.1s
[06:00:03] [save] best_sourcequalified77_ema ep=28 source_val_live=0.9444/0.9433 source_val_ema=0.8457/0.8242 test77_ema=0.1439/0.0422
[06:00:03] [train] epoch 29/100 steps=40 use_dann=0 das=jitter f=[-1.0,-1.0] p=1.00 gpu=3.0/15.8GB
[06:00:03] [train] ep=29 step=001/40 ce=0.3183 sc=1.0740 mi=0.0630 dn=0.0000 v13=0.0000 v15=0.0000 v16=0.0000 v17=0.0000 v18=0.0000 acc=1.0000 lr=2.53e-04 lambda=0.000 v18_lambda=0.000 gpu=3.0/15.8GB
[06:00:05] [train] ep=29 step=010/40 ce=0.3939 sc=0.8522 mi=0.0589 dn=0.0000 v13=0.0000 v15=0.0000 v16=0.0000 v17=0.0000 v18=0.0000 acc=0.9938 lr=2.53e-04 lambda=0.000 v18_lambda=0.000 gpu=3.0/15.8GB
[06:00:07] [train] ep=29 step=020/40 ce=0.3829 sc=0.8197 mi=0.0584 dn=0.0000 v13=0.0000 v15=0.0000 v16=0.0000 v17=0.0000 v18=0.0000 acc=0.9938 lr=2.52e-04 lambda=0.000 v18_lambda=0.000 gpu=3.0/15.8GB
[06:00:09] [train] ep=29 step=030/40 ce=0.4742 sc=0.8564 mi=0.0577 dn=0.0000 v13=0.0000 v15=0.0000 v16=0.0000 v17=0.0000 v18=0.0000 acc=0.9833 lr=2.51e-04 lambda=0.000 v18_lambda=0.000 gpu=3.0/15.8GB
[06:00:11] [train] ep=29 step=040/40 ce=0.4487 sc=0.8177 mi=0.0576 dn=0.0000 v13=0.0000 v15=0.0000 v16=0.0000 v17=0.0000 v18=0.0000 acc=0.9875 lr=2.50e-04 lambda=0.000 v18_lambda=0.000 gpu=3.0/15.8GB
[06:00:14] [ep_summary] ep=29/100 val_live=0.9753/0.9755 val_ema=0.8580/0.8441 test77_live=0.5971/0.5580 test77_diag_ema=0.1439/0.0426 v13=0.0000 v15=0.0000 v16=0.0000 v17=0.0000 v18=0.0000 das=jitter[-1,-1] p=1.00 ep_time=10.7s
[06:00:14] [save] best_sourceval_ema val_acc_ema=0.8580 source_val_live=0.9753/0.9755 source_val_ema=0.8580/0.8441 ep=29
[06:00:14] [save] best_sourcequalified77_ema ep=29 source_val_live=0.9753/0.9755 source_val_ema=0.8580/0.8441 test77_ema=0.1439/0.0426
[06:00:14] [train] epoch 30/100 steps=40 use_dann=0 das=jitter f=[-1.0,-1.0] p=1.00 gpu=3.0/15.8GB
[06:00:14] [train] ep=30 step=001/40 ce=1.2705 sc=1.6808 mi=0.0450 dn=0.0000 v13=0.0000 v15=0.0000 v16=0.0000 v17=0.0000 v18=0.0000 acc=0.9375 lr=2.50e-04 lambda=0.000 v18_lambda=0.000 gpu=3.0/15.8GB
[06:00:16] [train] ep=30 step=010/40 ce=0.4174 sc=0.8604 mi=0.0561 dn=0.0000 v13=0.0000 v15=0.0000 v16=0.0000 v17=0.0000 v18=0.0000 acc=0.9938 lr=2.49e-04 lambda=0.000 v18_lambda=0.000 gpu=3.0/15.8GB
[06:00:18] [train] ep=30 step=020/40 ce=0.3760 sc=0.7760 mi=0.0556 dn=0.0000 v13=0.0000 v15=0.0000 v16=0.0000 v17=0.0000 v18=0.0000 acc=0.9969 lr=2.48e-04 lambda=0.000 v18_lambda=0.000 gpu=3.0/15.8GB
[06:00:20] [train] ep=30 step=030/40 ce=0.4181 sc=0.8178 mi=0.0559 dn=0.0000 v13=0.0000 v15=0.0000 v16=0.0000 v17=0.0000 v18=0.0000 acc=0.9938 lr=2.47e-04 lambda=0.000 v18_lambda=0.000 gpu=3.0/15.8GB
[06:00:22] [train] ep=30 step=040/40 ce=0.3988 sc=0.7742 mi=0.0566 dn=0.0000 v13=0.0000 v15=0.0000 v16=0.0000 v17=0.0000 v18=0.0000 acc=0.9938 lr=2.46e-04 lambda=0.000 v18_lambda=0.000 gpu=3.0/15.8GB
[06:00:25] [pool] check ep=030/100 source_val_acc_ema=0.8765 threshold=0.90
[06:00:25] [pool] ep=030 SKIP (source_val_acc_ema=0.8765 < 0.90)
[06:00:25] [ep_summary] ep=30/100 val_live=0.9506/0.9496 val_ema=0.8765/0.8635 test77_live=0.6727/0.6077 test77_diag_ema=0.1439/0.0427 v13=0.0000 v15=0.0000 v16=0.0000 v17=0.0000 v18=0.0000 das=jitter[-1,-1] p=1.00 ep_time=10.9s
[06:00:25] [save] best_sourceval_ema val_acc_ema=0.8765 source_val_live=0.9506/0.9496 source_val_ema=0.8765/0.8635 ep=30
[06:00:25] [save] best_sourcequalified77_ema ep=30 source_val_live=0.9506/0.9496 source_val_ema=0.8765/0.8635 test77_ema=0.1439/0.0427
[06:00:25] [strict77_monitor] ep=30 best_source_epoch=30 source_val_ema=0.8765/0.8635 test77_ema_diag=0.1439/0.0427 sourcequalified_count=30 best_sourcequalified77_epoch=30 source_val_ema=0.8765/0.8635 test77_ema=0.1439/0.0427
[06:00:25] [train] epoch 31/100 steps=40 use_dann=0 das=jitter f=[-1.0,-1.0] p=1.00 gpu=3.0/15.8GB
[06:00:25] [train] ep=31 step=001/40 ce=0.2728 sc=1.0223 mi=0.0514 dn=0.0000 v13=0.0000 v15=0.0000 v16=0.0000 v17=0.0000 v18=0.0000 acc=1.0000 lr=2.46e-04 lambda=0.000 v18_lambda=0.000 gpu=3.0/15.8GB
[06:00:27] [train] ep=31 step=010/40 ce=0.3181 sc=0.7969 mi=0.0581 dn=0.0000 v13=0.0000 v15=0.0000 v16=0.0000 v17=0.0000 v18=0.0000 acc=1.0000 lr=2.45e-04 lambda=0.000 v18_lambda=0.000 gpu=3.0/15.8GB
[06:00:28] [train] ep=31 step=020/40 ce=0.3144 sc=0.7421 mi=0.0582 dn=0.0000 v13=0.0000 v15=0.0000 v16=0.0000 v17=0.0000 v18=0.0000 acc=1.0000 lr=2.44e-04 lambda=0.000 v18_lambda=0.000 gpu=3.0/15.8GB
[06:00:30] [train] ep=31 step=030/40 ce=0.3296 sc=0.7624 mi=0.0573 dn=0.0000 v13=0.0000 v15=0.0000 v16=0.0000 v17=0.0000 v18=0.0000 acc=0.9979 lr=2.43e-04 lambda=0.000 v18_lambda=0.000 gpu=3.0/15.8GB
[06:00:32] [train] ep=31 step=040/40 ce=0.3631 sc=0.7707 mi=0.0570 dn=0.0000 v13=0.0000 v15=0.0000 v16=0.0000 v17=0.0000 v18=0.0000 acc=0.9953 lr=2.43e-04 lambda=0.000 v18_lambda=0.000 gpu=3.0/15.8GB
[06:00:35] [ep_summary] ep=31/100 val_live=0.9753/0.9749 val_ema=0.8889/0.8814 test77_live=0.6043/0.5368 test77_diag_ema=0.1475/0.0493 v13=0.0000 v15=0.0000 v16=0.0000 v17=0.0000 v18=0.0000 das=jitter[-1,-1] p=1.00 ep_time=9.7s
[06:00:35] [save] best_sourceval_ema val_acc_ema=0.8889 source_val_live=0.9753/0.9749 source_val_ema=0.8889/0.8814 ep=31
[06:00:35] [save] best_sourcequalified77_ema ep=31 source_val_live=0.9753/0.9749 source_val_ema=0.8889/0.8814 test77_ema=0.1475/0.0493
[06:00:35] [train] epoch 32/100 steps=40 use_dann=0 das=jitter f=[-1.0,-1.0] p=1.00 gpu=3.0/15.8GB
[06:00:35] [train] ep=32 step=001/40 ce=0.2611 sc=0.8394 mi=0.0663 dn=0.0000 v13=0.0000 v15=0.0000 v16=0.0000 v17=0.0000 v18=0.0000 acc=1.0000 lr=2.42e-04 lambda=0.000 v18_lambda=0.000 gpu=3.0/15.8GB
[06:00:36] [train] ep=32 step=010/40 ce=0.2686 sc=0.6428 mi=0.0563 dn=0.0000 v13=0.0000 v15=0.0000 v16=0.0000 v17=0.0000 v18=0.0000 acc=1.0000 lr=2.42e-04 lambda=0.000 v18_lambda=0.000 gpu=3.0/15.8GB
[06:00:38] [train] ep=32 step=020/40 ce=0.4309 sc=0.7545 mi=0.0571 dn=0.0000 v13=0.0000 v15=0.0000 v16=0.0000 v17=0.0000 v18=0.0000 acc=0.9875 lr=2.41e-04 lambda=0.000 v18_lambda=0.000 gpu=3.0/15.8GB
[06:00:40] [train] ep=32 step=030/40 ce=0.4182 sc=0.7847 mi=0.0579 dn=0.0000 v13=0.0000 v15=0.0000 v16=0.0000 v17=0.0000 v18=0.0000 acc=0.9875 lr=2.40e-04 lambda=0.000 v18_lambda=0.000 gpu=3.0/15.8GB
[06:00:42] [train] ep=32 step=040/40 ce=0.3973 sc=0.7792 mi=0.0574 dn=0.0000 v13=0.0000 v15=0.0000 v16=0.0000 v17=0.0000 v18=0.0000 acc=0.9906 lr=2.39e-04 lambda=0.000 v18_lambda=0.000 gpu=3.0/15.8GB
[06:00:44] [ep_summary] ep=32/100 val_live=0.9691/0.9688 val_ema=0.9012/0.8973 test77_live=0.5647/0.4872 test77_diag_ema=0.1547/0.0620 v13=0.0000 v15=0.0000 v16=0.0000 v17=0.0000 v18=0.0000 das=jitter[-1,-1] p=1.00 ep_time=9.7s
[06:00:44] [save] best_sourceval_ema val_acc_ema=0.9012 source_val_live=0.9691/0.9688 source_val_ema=0.9012/0.8973 ep=32
[06:00:44] [save] best_sourcequalified77_ema ep=32 source_val_live=0.9691/0.9688 source_val_ema=0.9012/0.8973 test77_ema=0.1547/0.0620
[06:00:44] [train] epoch 33/100 steps=40 use_dann=0 das=jitter f=[-1.0,-1.0] p=1.00 gpu=3.0/15.8GB
[06:00:45] [train] ep=33 step=001/40 ce=0.2814 sc=1.1836 mi=0.0519 dn=0.0000 v13=0.0000 v15=0.0000 v16=0.0000 v17=0.0000 v18=0.0000 acc=1.0000 lr=2.39e-04 lambda=0.000 v18_lambda=0.000 gpu=3.0/15.8GB
[06:00:46] [train] ep=33 step=010/40 ce=0.3794 sc=0.7574 mi=0.0578 dn=0.0000 v13=0.0000 v15=0.0000 v16=0.0000 v17=0.0000 v18=0.0000 acc=0.9938 lr=2.38e-04 lambda=0.000 v18_lambda=0.000 gpu=3.0/15.8GB
[06:00:48] [train] ep=33 step=020/40 ce=0.3378 sc=0.7918 mi=0.0551 dn=0.0000 v13=0.0000 v15=0.0000 v16=0.0000 v17=0.0000 v18=0.0000 acc=0.9969 lr=2.37e-04 lambda=0.000 v18_lambda=0.000 gpu=3.0/15.8GB
[06:00:50] [train] ep=33 step=030/40 ce=0.3764 sc=0.7896 mi=0.0566 dn=0.0000 v13=0.0000 v15=0.0000 v16=0.0000 v17=0.0000 v18=0.0000 acc=0.9938 lr=2.36e-04 lambda=0.000 v18_lambda=0.000 gpu=3.0/15.8GB
[06:00:51] [train] ep=33 step=040/40 ce=0.3948 sc=0.8394 mi=0.0571 dn=0.0000 v13=0.0000 v15=0.0000 v16=0.0000 v17=0.0000 v18=0.0000 acc=0.9922 lr=2.35e-04 lambda=0.000 v18_lambda=0.000 gpu=3.0/15.8GB
[06:00:54] [ep_summary] ep=33/100 val_live=0.9630/0.9632 val_ema=0.9012/0.8973 test77_live=0.6942/0.6424 test77_diag_ema=0.1619/0.0737 v13=0.0000 v15=0.0000 v16=0.0000 v17=0.0000 v18=0.0000 das=jitter[-1,-1] p=1.00 ep_time=9.7s
[06:00:54] [save] best_sourcequalified77_ema ep=33 source_val_live=0.9630/0.9632 source_val_ema=0.9012/0.8973 test77_ema=0.1619/0.0737
[06:00:54] [train] epoch 34/100 steps=40 use_dann=0 das=jitter f=[-1.0,-1.0] p=1.00 gpu=3.0/15.8GB
[06:00:54] [train] ep=34 step=001/40 ce=0.2771 sc=0.5449 mi=0.0582 dn=0.0000 v13=0.0000 v15=0.0000 v16=0.0000 v17=0.0000 v18=0.0000 acc=1.0000 lr=2.35e-04 lambda=0.000 v18_lambda=0.000 gpu=3.0/15.8GB
[06:00:56] [train] ep=34 step=010/40 ce=0.3368 sc=0.6838 mi=0.0575 dn=0.0000 v13=0.0000 v15=0.0000 v16=0.0000 v17=0.0000 v18=0.0000 acc=0.9938 lr=2.34e-04 lambda=0.000 v18_lambda=0.000 gpu=3.0/15.8GB
[06:00:58] [train] ep=34 step=020/40 ce=0.3284 sc=0.7191 mi=0.0578 dn=0.0000 v13=0.0000 v15=0.0000 v16=0.0000 v17=0.0000 v18=0.0000 acc=0.9969 lr=2.33e-04 lambda=0.000 v18_lambda=0.000 gpu=3.0/15.8GB
[06:01:00] [train] ep=34 step=030/40 ce=0.3319 sc=0.7236 mi=0.0572 dn=0.0000 v13=0.0000 v15=0.0000 v16=0.0000 v17=0.0000 v18=0.0000 acc=0.9979 lr=2.32e-04 lambda=0.000 v18_lambda=0.000 gpu=3.0/15.8GB
[06:01:02] [train] ep=34 step=040/40 ce=0.3592 sc=0.7653 mi=0.0579 dn=0.0000 v13=0.0000 v15=0.0000 v16=0.0000 v17=0.0000 v18=0.0000 acc=0.9953 lr=2.31e-04 lambda=0.000 v18_lambda=0.000 gpu=3.0/15.8GB
[06:01:05] [ep_summary] ep=34/100 val_live=0.9815/0.9817 val_ema=0.9074/0.9065 test77_live=0.6511/0.6072 test77_diag_ema=0.1763/0.0981 v13=0.0000 v15=0.0000 v16=0.0000 v17=0.0000 v18=0.0000 das=jitter[-1,-1] p=1.00 ep_time=10.7s
[06:01:05] [save] best_sourceval_ema val_acc_ema=0.9074 source_val_live=0.9815/0.9817 source_val_ema=0.9074/0.9065 ep=34
[06:01:05] [save] best_sourcequalified77_ema ep=34 source_val_live=0.9815/0.9817 source_val_ema=0.9074/0.9065 test77_ema=0.1763/0.0981
[06:01:05] [train] epoch 35/100 steps=40 use_dann=0 das=jitter f=[-1.0,-1.0] p=1.00 gpu=3.0/15.8GB
[06:01:05] [train] ep=35 step=001/40 ce=0.3041 sc=0.6613 mi=0.0546 dn=0.0000 v13=0.0000 v15=0.0000 v16=0.0000 v17=0.0000 v18=0.0000 acc=1.0000 lr=2.31e-04 lambda=0.000 v18_lambda=0.000 gpu=3.0/15.8GB
[06:01:07] [train] ep=35 step=010/40 ce=0.3795 sc=0.6855 mi=0.0569 dn=0.0000 v13=0.0000 v15=0.0000 v16=0.0000 v17=0.0000 v18=0.0000 acc=0.9938 lr=2.30e-04 lambda=0.000 v18_lambda=0.000 gpu=3.0/15.8GB
[06:01:09] [train] ep=35 step=020/40 ce=0.4792 sc=0.7478 mi=0.0575 dn=0.0000 v13=0.0000 v15=0.0000 v16=0.0000 v17=0.0000 v18=0.0000 acc=0.9812 lr=2.29e-04 lambda=0.000 v18_lambda=0.000 gpu=3.0/15.8GB
[06:01:11] [train] ep=35 step=030/40 ce=0.4252 sc=0.7733 mi=0.0566 dn=0.0000 v13=0.0000 v15=0.0000 v16=0.0000 v17=0.0000 v18=0.0000 acc=0.9854 lr=2.28e-04 lambda=0.000 v18_lambda=0.000 gpu=3.0/15.8GB
[06:01:13] [train] ep=35 step=040/40 ce=0.4651 sc=0.8484 mi=0.0564 dn=0.0000 v13=0.0000 v15=0.0000 v16=0.0000 v17=0.0000 v18=0.0000 acc=0.9812 lr=2.27e-04 lambda=0.000 v18_lambda=0.000 gpu=3.0/15.8GB
[06:01:16] [ep_summary] ep=35/100 val_live=0.9568/0.9560 val_ema=0.9136/0.9133 test77_live=0.5719/0.4917 test77_diag_ema=0.1978/0.1275 v13=0.0000 v15=0.0000 v16=0.0000 v17=0.0000 v18=0.0000 das=jitter[-1,-1] p=1.00 ep_time=10.8s
[06:01:16] [save] best_sourceval_ema val_acc_ema=0.9136 source_val_live=0.9568/0.9560 source_val_ema=0.9136/0.9133 ep=35
[06:01:16] [save] best_sourcequalified77_ema ep=35 source_val_live=0.9568/0.9560 source_val_ema=0.9136/0.9133 test77_ema=0.1978/0.1275
[06:01:16] [train] epoch 36/100 steps=40 use_dann=0 das=jitter f=[-1.0,-1.0] p=1.00 gpu=3.0/15.8GB
[06:01:16] [train] ep=36 step=001/40 ce=0.2667 sc=1.2307 mi=0.0484 dn=0.0000 v13=0.0000 v15=0.0000 v16=0.0000 v17=0.0000 v18=0.0000 acc=1.0000 lr=2.26e-04 lambda=0.000 v18_lambda=0.000 gpu=3.0/15.8GB
[06:01:18] [train] ep=36 step=010/40 ce=0.3553 sc=0.7948 mi=0.0561 dn=0.0000 v13=0.0000 v15=0.0000 v16=0.0000 v17=0.0000 v18=0.0000 acc=1.0000 lr=2.25e-04 lambda=0.000 v18_lambda=0.000 gpu=3.0/15.8GB
[06:01:20] [train] ep=36 step=020/40 ce=0.4395 sc=0.8052 mi=0.0575 dn=0.0000 v13=0.0000 v15=0.0000 v16=0.0000 v17=0.0000 v18=0.0000 acc=0.9906 lr=2.24e-04 lambda=0.000 v18_lambda=0.000 gpu=3.0/15.8GB
[06:01:21] [train] ep=36 step=030/40 ce=0.4354 sc=0.8180 mi=0.0571 dn=0.0000 v13=0.0000 v15=0.0000 v16=0.0000 v17=0.0000 v18=0.0000 acc=0.9896 lr=2.23e-04 lambda=0.000 v18_lambda=0.000 gpu=3.0/15.8GB
[06:01:23] [train] ep=36 step=040/40 ce=0.4377 sc=0.8143 mi=0.0567 dn=0.0000 v13=0.0000 v15=0.0000 v16=0.0000 v17=0.0000 v18=0.0000 acc=0.9891 lr=2.22e-04 lambda=0.000 v18_lambda=0.000 gpu=3.0/15.8GB
[06:01:26] [ep_summary] ep=36/100 val_live=0.9691/0.9687 val_ema=0.9321/0.9325 test77_live=0.4928/0.4202 test77_diag_ema=0.2086/0.1440 v13=0.0000 v15=0.0000 v16=0.0000 v17=0.0000 v18=0.0000 das=jitter[-1,-1] p=1.00 ep_time=10.2s
[06:01:26] [save] best_sourceval_ema val_acc_ema=0.9321 source_val_live=0.9691/0.9687 source_val_ema=0.9321/0.9325 ep=36
[06:01:26] [save] best_sourcequalified77_ema ep=36 source_val_live=0.9691/0.9687 source_val_ema=0.9321/0.9325 test77_ema=0.2086/0.1440
[06:01:26] [train] epoch 37/100 steps=40 use_dann=0 das=jitter f=[-1.0,-1.0] p=1.00 gpu=3.0/15.8GB
[06:01:26] [train] ep=37 step=001/40 ce=0.8926 sc=1.0538 mi=0.0556 dn=0.0000 v13=0.0000 v15=0.0000 v16=0.0000 v17=0.0000 v18=0.0000 acc=0.9375 lr=2.22e-04 lambda=0.000 v18_lambda=0.000 gpu=3.0/15.8GB
[06:01:28] [train] ep=37 step=010/40 ce=0.4785 sc=0.8169 mi=0.0558 dn=0.0000 v13=0.0000 v15=0.0000 v16=0.0000 v17=0.0000 v18=0.0000 acc=0.9750 lr=2.21e-04 lambda=0.000 v18_lambda=0.000 gpu=3.0/15.8GB
[06:01:29] [train] ep=37 step=020/40 ce=0.5126 sc=0.8872 mi=0.0559 dn=0.0000 v13=0.0000 v15=0.0000 v16=0.0000 v17=0.0000 v18=0.0000 acc=0.9781 lr=2.20e-04 lambda=0.000 v18_lambda=0.000 gpu=3.0/15.8GB
[06:01:31] [train] ep=37 step=030/40 ce=0.4760 sc=0.8707 mi=0.0558 dn=0.0000 v13=0.0000 v15=0.0000 v16=0.0000 v17=0.0000 v18=0.0000 acc=0.9833 lr=2.19e-04 lambda=0.000 v18_lambda=0.000 gpu=3.0/15.8GB
[06:01:33] [train] ep=37 step=040/40 ce=0.4630 sc=0.8734 mi=0.0556 dn=0.0000 v13=0.0000 v15=0.0000 v16=0.0000 v17=0.0000 v18=0.0000 acc=0.9844 lr=2.18e-04 lambda=0.000 v18_lambda=0.000 gpu=3.0/15.8GB
[06:01:36] [ep_summary] ep=37/100 val_live=0.9753/0.9755 val_ema=0.9383/0.9389 test77_live=0.5468/0.4806 test77_diag_ema=0.2194/0.1556 v13=0.0000 v15=0.0000 v16=0.0000 v17=0.0000 v18=0.0000 das=jitter[-1,-1] p=1.00 ep_time=9.8s
[06:01:36] [save] best_sourceval_ema val_acc_ema=0.9383 source_val_live=0.9753/0.9755 source_val_ema=0.9383/0.9389 ep=37
[06:01:36] [save] best_sourcequalified77_ema ep=37 source_val_live=0.9753/0.9755 source_val_ema=0.9383/0.9389 test77_ema=0.2194/0.1556
[06:01:36] [train] epoch 38/100 steps=40 use_dann=0 das=jitter f=[-1.0,-1.0] p=1.00 gpu=3.0/15.8GB
[06:01:36] [train] ep=38 step=001/40 ce=0.2680 sc=1.3266 mi=0.0519 dn=0.0000 v13=0.0000 v15=0.0000 v16=0.0000 v17=0.0000 v18=0.0000 acc=1.0000 lr=2.18e-04 lambda=0.000 v18_lambda=0.000 gpu=3.0/15.8GB
[06:01:38] [train] ep=38 step=010/40 ce=0.2662 sc=0.7886 mi=0.0559 dn=0.0000 v13=0.0000 v15=0.0000 v16=0.0000 v17=0.0000 v18=0.0000 acc=1.0000 lr=2.17e-04 lambda=0.000 v18_lambda=0.000 gpu=3.0/15.8GB
[06:01:39] [train] ep=38 step=020/40 ce=0.3163 sc=0.7527 mi=0.0546 dn=0.0000 v13=0.0000 v15=0.0000 v16=0.0000 v17=0.0000 v18=0.0000 acc=0.9969 lr=2.16e-04 lambda=0.000 v18_lambda=0.000 gpu=3.0/15.8GB
[06:01:41] [train] ep=38 step=030/40 ce=0.3069 sc=0.7768 mi=0.0545 dn=0.0000 v13=0.0000 v15=0.0000 v16=0.0000 v17=0.0000 v18=0.0000 acc=0.9979 lr=2.15e-04 lambda=0.000 v18_lambda=0.000 gpu=3.0/15.8GB
[06:01:43] [train] ep=38 step=040/40 ce=0.3075 sc=0.7950 mi=0.0546 dn=0.0000 v13=0.0000 v15=0.0000 v16=0.0000 v17=0.0000 v18=0.0000 acc=0.9984 lr=2.14e-04 lambda=0.000 v18_lambda=0.000 gpu=3.0/15.8GB
[06:01:46] [ep_summary] ep=38/100 val_live=0.9691/0.9697 val_ema=0.9383/0.9389 test77_live=0.5468/0.4869 test77_diag_ema=0.2338/0.1719 v13=0.0000 v15=0.0000 v16=0.0000 v17=0.0000 v18=0.0000 das=jitter[-1,-1] p=1.00 ep_time=9.8s
[06:01:46] [save] best_sourcequalified77_ema ep=38 source_val_live=0.9691/0.9697 source_val_ema=0.9383/0.9389 test77_ema=0.2338/0.1719
[06:01:46] [train] epoch 39/100 steps=40 use_dann=0 das=jitter f=[-1.0,-1.0] p=1.00 gpu=3.0/15.8GB
[06:01:46] [train] ep=39 step=001/40 ce=0.2654 sc=1.1507 mi=0.0577 dn=0.0000 v13=0.0000 v15=0.0000 v16=0.0000 v17=0.0000 v18=0.0000 acc=1.0000 lr=2.14e-04 lambda=0.000 v18_lambda=0.000 gpu=3.0/15.8GB
[06:01:47] [train] ep=39 step=010/40 ce=0.3391 sc=0.7987 mi=0.0538 dn=0.0000 v13=0.0000 v15=0.0000 v16=0.0000 v17=0.0000 v18=0.0000 acc=0.9938 lr=2.13e-04 lambda=0.000 v18_lambda=0.000 gpu=3.0/15.8GB
[06:01:49] [train] ep=39 step=020/40 ce=0.3422 sc=0.7623 mi=0.0545 dn=0.0000 v13=0.0000 v15=0.0000 v16=0.0000 v17=0.0000 v18=0.0000 acc=0.9938 lr=2.11e-04 lambda=0.000 v18_lambda=0.000 gpu=3.0/15.8GB
[06:01:51] [train] ep=39 step=030/40 ce=0.3346 sc=0.8084 mi=0.0535 dn=0.0000 v13=0.0000 v15=0.0000 v16=0.0000 v17=0.0000 v18=0.0000 acc=0.9958 lr=2.10e-04 lambda=0.000 v18_lambda=0.000 gpu=3.0/15.8GB
[06:01:53] [train] ep=39 step=040/40 ce=0.3531 sc=0.8250 mi=0.0536 dn=0.0000 v13=0.0000 v15=0.0000 v16=0.0000 v17=0.0000 v18=0.0000 acc=0.9938 lr=2.09e-04 lambda=0.000 v18_lambda=0.000 gpu=3.0/15.8GB
[06:01:55] [ep_summary] ep=39/100 val_live=0.9630/0.9634 val_ema=0.9383/0.9391 test77_live=0.5791/0.4932 test77_diag_ema=0.2518/0.1925 v13=0.0000 v15=0.0000 v16=0.0000 v17=0.0000 v18=0.0000 das=jitter[-1,-1] p=1.00 ep_time=9.8s
[06:01:55] [save] best_sourcequalified77_ema ep=39 source_val_live=0.9630/0.9634 source_val_ema=0.9383/0.9391 test77_ema=0.2518/0.1925
[06:01:55] [train] epoch 40/100 steps=40 use_dann=0 das=jitter f=[-1.0,-1.0] p=1.00 gpu=3.0/15.8GB
[06:01:56] [train] ep=40 step=001/40 ce=0.2636 sc=0.8377 mi=0.0577 dn=0.0000 v13=0.0000 v15=0.0000 v16=0.0000 v17=0.0000 v18=0.0000 acc=1.0000 lr=2.09e-04 lambda=0.000 v18_lambda=0.000 gpu=3.0/15.8GB
[06:01:57] [train] ep=40 step=010/40 ce=0.2705 sc=0.7296 mi=0.0534 dn=0.0000 v13=0.0000 v15=0.0000 v16=0.0000 v17=0.0000 v18=0.0000 acc=1.0000 lr=2.08e-04 lambda=0.000 v18_lambda=0.000 gpu=3.0/15.8GB
[06:01:59] [train] ep=40 step=020/40 ce=0.3495 sc=0.7229 mi=0.0542 dn=0.0000 v13=0.0000 v15=0.0000 v16=0.0000 v17=0.0000 v18=0.0000 acc=0.9906 lr=2.07e-04 lambda=0.000 v18_lambda=0.000 gpu=3.0/15.8GB
[06:02:01] [train] ep=40 step=030/40 ce=0.3304 sc=0.7459 mi=0.0535 dn=0.0000 v13=0.0000 v15=0.0000 v16=0.0000 v17=0.0000 v18=0.0000 acc=0.9938 lr=2.06e-04 lambda=0.000 v18_lambda=0.000 gpu=3.0/15.8GB
[06:02:03] [train] ep=40 step=040/40 ce=0.3436 sc=0.7759 mi=0.0536 dn=0.0000 v13=0.0000 v15=0.0000 v16=0.0000 v17=0.0000 v18=0.0000 acc=0.9938 lr=2.05e-04 lambda=0.000 v18_lambda=0.000 gpu=3.0/15.8GB
[06:02:06] [pool] check ep=040/100 source_val_acc_ema=0.9506 threshold=0.90
[06:02:07] [pool] ep=040 ADDED src_val=0.9506/0.9512 dev77=0.2714/0.2220 final77=0.2842/0.2310
[06:02:07] [pool] running best ep=040 dev77_f1=0.2220 final77_f1=0.2310 (pool_size=1)
[06:02:07] [ep_summary] ep=40/100 val_live=0.9630/0.9634 val_ema=0.9506/0.9512 test77_live=0.5647/0.4968 test77_diag_ema=0.2842/0.2310 v13=0.0000 v15=0.0000 v16=0.0000 v17=0.0000 v18=0.0000 das=jitter[-1,-1] p=1.00 ep_time=11.8s
[06:02:07] [save] best_sourceval_ema val_acc_ema=0.9506 source_val_live=0.9630/0.9634 source_val_ema=0.9506/0.9512 ep=40
[06:02:07] [save] best_sourcequalified77_ema ep=40 source_val_live=0.9630/0.9634 source_val_ema=0.9506/0.9512 test77_ema=0.2842/0.2310
[06:02:07] [strict77_monitor] ep=40 best_source_epoch=40 source_val_ema=0.9506/0.9512 test77_ema_diag=0.2842/0.2310 sourcequalified_count=40 best_sourcequalified77_epoch=40 source_val_ema=0.9506/0.9512 test77_ema=0.2842/0.2310
[06:02:07] [train] epoch 41/100 steps=40 use_dann=0 das=jitter f=[-1.0,-1.0] p=1.00 gpu=3.0/15.8GB
[06:02:07] [train] ep=41 step=001/40 ce=0.2639 sc=0.9133 mi=0.0684 dn=0.0000 v13=0.0000 v15=0.0000 v16=0.0000 v17=0.0000 v18=0.0000 acc=1.0000 lr=2.05e-04 lambda=0.000 v18_lambda=0.000 gpu=3.0/15.8GB
[06:02:09] [train] ep=41 step=010/40 ce=0.2988 sc=0.9271 mi=0.0556 dn=0.0000 v13=0.0000 v15=0.0000 v16=0.0000 v17=0.0000 v18=0.0000 acc=1.0000 lr=2.04e-04 lambda=0.000 v18_lambda=0.000 gpu=3.0/15.8GB
[06:02:11] [train] ep=41 step=020/40 ce=0.2814 sc=0.8252 mi=0.0546 dn=0.0000 v13=0.0000 v15=0.0000 v16=0.0000 v17=0.0000 v18=0.0000 acc=1.0000 lr=2.02e-04 lambda=0.000 v18_lambda=0.000 gpu=3.0/15.8GB
[06:02:13] [train] ep=41 step=030/40 ce=0.3318 sc=0.8756 mi=0.0538 dn=0.0000 v13=0.0000 v15=0.0000 v16=0.0000 v17=0.0000 v18=0.0000 acc=0.9958 lr=2.01e-04 lambda=0.000 v18_lambda=0.000 gpu=3.0/15.8GB
[06:02:15] [train] ep=41 step=040/40 ce=0.3250 sc=0.8482 mi=0.0538 dn=0.0000 v13=0.0000 v15=0.0000 v16=0.0000 v17=0.0000 v18=0.0000 acc=0.9969 lr=2.00e-04 lambda=0.000 v18_lambda=0.000 gpu=3.0/15.8GB
[06:02:18] [ep_summary] ep=41/100 val_live=0.9691/0.9695 val_ema=0.9568/0.9574 test77_live=0.6007/0.5338 test77_diag_ema=0.3309/0.2779 v13=0.0000 v15=0.0000 v16=0.0000 v17=0.0000 v18=0.0000 das=jitter[-1,-1] p=1.00 ep_time=10.4s
[06:02:18] [save] best_sourceval_ema val_acc_ema=0.9568 source_val_live=0.9691/0.9695 source_val_ema=0.9568/0.9574 ep=41
[06:02:18] [save] best_sourcequalified77_ema ep=41 source_val_live=0.9691/0.9695 source_val_ema=0.9568/0.9574 test77_ema=0.3309/0.2779
[06:02:18] [train] epoch 42/100 steps=40 use_dann=0 das=jitter f=[-1.0,-1.0] p=1.00 gpu=3.0/15.8GB
[06:02:18] [train] ep=42 step=001/40 ce=0.2604 sc=0.7977 mi=0.0572 dn=0.0000 v13=0.0000 v15=0.0000 v16=0.0000 v17=0.0000 v18=0.0000 acc=1.0000 lr=2.00e-04 lambda=0.000 v18_lambda=0.000 gpu=3.0/15.8GB
[06:02:20] [train] ep=42 step=010/40 ce=0.4517 sc=0.9555 mi=0.0576 dn=0.0000 v13=0.0000 v15=0.0000 v16=0.0000 v17=0.0000 v18=0.0000 acc=0.9812 lr=1.99e-04 lambda=0.000 v18_lambda=0.000 gpu=3.0/15.8GB
[06:02:22] [train] ep=42 step=020/40 ce=0.4092 sc=0.8865 mi=0.0561 dn=0.0000 v13=0.0000 v15=0.0000 v16=0.0000 v17=0.0000 v18=0.0000 acc=0.9875 lr=1.98e-04 lambda=0.000 v18_lambda=0.000 gpu=3.0/15.8GB
[06:02:24] [train] ep=42 step=030/40 ce=0.3974 sc=0.8472 mi=0.0548 dn=0.0000 v13=0.0000 v15=0.0000 v16=0.0000 v17=0.0000 v18=0.0000 acc=0.9896 lr=1.97e-04 lambda=0.000 v18_lambda=0.000 gpu=3.0/15.8GB
[06:02:26] [train] ep=42 step=040/40 ce=0.3812 sc=0.8261 mi=0.0557 dn=0.0000 v13=0.0000 v15=0.0000 v16=0.0000 v17=0.0000 v18=0.0000 acc=0.9906 lr=1.96e-04 lambda=0.000 v18_lambda=0.000 gpu=3.0/15.8GB
[06:02:28] [ep_summary] ep=42/100 val_live=0.9506/0.9504 val_ema=0.9630/0.9635 test77_live=0.6367/0.5868 test77_diag_ema=0.3345/0.2799 v13=0.0000 v15=0.0000 v16=0.0000 v17=0.0000 v18=0.0000 das=jitter[-1,-1] p=1.00 ep_time=10.6s
[06:02:28] [save] best_sourceval_ema val_acc_ema=0.9630 source_val_live=0.9506/0.9504 source_val_ema=0.9630/0.9635 ep=42
[06:02:28] [save] best_sourcequalified77_ema ep=42 source_val_live=0.9506/0.9504 source_val_ema=0.9630/0.9635 test77_ema=0.3345/0.2799
[06:02:28] [train] epoch 43/100 steps=40 use_dann=0 das=jitter f=[-1.0,-1.0] p=1.00 gpu=3.0/15.8GB
[06:02:29] [train] ep=43 step=001/40 ce=0.2923 sc=0.9522 mi=0.0566 dn=0.0000 v13=0.0000 v15=0.0000 v16=0.0000 v17=0.0000 v18=0.0000 acc=1.0000 lr=1.95e-04 lambda=0.000 v18_lambda=0.000 gpu=3.0/15.8GB
[06:02:30] [train] ep=43 step=010/40 ce=0.3411 sc=0.9491 mi=0.0543 dn=0.0000 v13=0.0000 v15=0.0000 v16=0.0000 v17=0.0000 v18=0.0000 acc=0.9938 lr=1.94e-04 lambda=0.000 v18_lambda=0.000 gpu=3.0/15.8GB
[06:02:32] [train] ep=43 step=020/40 ce=0.3023 sc=0.8219 mi=0.0557 dn=0.0000 v13=0.0000 v15=0.0000 v16=0.0000 v17=0.0000 v18=0.0000 acc=0.9969 lr=1.93e-04 lambda=0.000 v18_lambda=0.000 gpu=3.0/15.8GB
[06:02:34] [train] ep=43 step=030/40 ce=0.2970 sc=0.8203 mi=0.0551 dn=0.0000 v13=0.0000 v15=0.0000 v16=0.0000 v17=0.0000 v18=0.0000 acc=0.9979 lr=1.92e-04 lambda=0.000 v18_lambda=0.000 gpu=3.0/15.8GB
[06:02:36] [train] ep=43 step=040/40 ce=0.3302 sc=0.7992 mi=0.0554 dn=0.0000 v13=0.0000 v15=0.0000 v16=0.0000 v17=0.0000 v18=0.0000 acc=0.9953 lr=1.91e-04 lambda=0.000 v18_lambda=0.000 gpu=3.0/15.8GB
[06:02:39] [ep_summary] ep=43/100 val_live=0.9568/0.9567 val_ema=0.9630/0.9635 test77_live=0.6691/0.6228 test77_diag_ema=0.3525/0.2970 v13=0.0000 v15=0.0000 v16=0.0000 v17=0.0000 v18=0.0000 das=jitter[-1,-1] p=1.00 ep_time=10.4s
[06:02:39] [save] best_sourcequalified77_ema ep=43 source_val_live=0.9568/0.9567 source_val_ema=0.9630/0.9635 test77_ema=0.3525/0.2970
[06:02:39] [train] epoch 44/100 steps=40 use_dann=0 das=jitter f=[-1.0,-1.0] p=1.00 gpu=3.0/15.8GB
[06:02:39] [train] ep=44 step=001/40 ce=0.2621 sc=0.8428 mi=0.0513 dn=0.0000 v13=0.0000 v15=0.0000 v16=0.0000 v17=0.0000 v18=0.0000 acc=1.0000 lr=1.91e-04 lambda=0.000 v18_lambda=0.000 gpu=3.0/15.8GB
[06:02:41] [train] ep=44 step=010/40 ce=0.2881 sc=0.7410 mi=0.0576 dn=0.0000 v13=0.0000 v15=0.0000 v16=0.0000 v17=0.0000 v18=0.0000 acc=1.0000 lr=1.90e-04 lambda=0.000 v18_lambda=0.000 gpu=3.0/15.8GB
[06:02:43] [train] ep=44 step=020/40 ce=0.3898 sc=0.7584 mi=0.0564 dn=0.0000 v13=0.0000 v15=0.0000 v16=0.0000 v17=0.0000 v18=0.0000 acc=0.9938 lr=1.89e-04 lambda=0.000 v18_lambda=0.000 gpu=3.0/15.8GB
[06:02:45] [train] ep=44 step=030/40 ce=0.3517 sc=0.7517 mi=0.0560 dn=0.0000 v13=0.0000 v15=0.0000 v16=0.0000 v17=0.0000 v18=0.0000 acc=0.9958 lr=1.87e-04 lambda=0.000 v18_lambda=0.000 gpu=3.0/15.8GB
[06:02:47] [train] ep=44 step=040/40 ce=0.3642 sc=0.7757 mi=0.0554 dn=0.0000 v13=0.0000 v15=0.0000 v16=0.0000 v17=0.0000 v18=0.0000 acc=0.9938 lr=1.86e-04 lambda=0.000 v18_lambda=0.000 gpu=3.0/15.8GB
[06:02:49] [ep_summary] ep=44/100 val_live=0.9753/0.9757 val_ema=0.9630/0.9635 test77_live=0.5755/0.5253 test77_diag_ema=0.3597/0.3048 v13=0.0000 v15=0.0000 v16=0.0000 v17=0.0000 v18=0.0000 das=jitter[-1,-1] p=1.00 ep_time=10.5s
[06:02:49] [save] best_sourcequalified77_ema ep=44 source_val_live=0.9753/0.9757 source_val_ema=0.9630/0.9635 test77_ema=0.3597/0.3048
[06:02:49] [train] epoch 45/100 steps=40 use_dann=0 das=jitter f=[-1.0,-1.0] p=1.00 gpu=3.0/15.8GB
[06:02:50] [train] ep=45 step=001/40 ce=0.2636 sc=0.9436 mi=0.0532 dn=0.0000 v13=0.0000 v15=0.0000 v16=0.0000 v17=0.0000 v18=0.0000 acc=1.0000 lr=1.86e-04 lambda=0.000 v18_lambda=0.000 gpu=3.0/15.8GB
[06:02:51] [train] ep=45 step=010/40 ce=0.3011 sc=0.8045 mi=0.0522 dn=0.0000 v13=0.0000 v15=0.0000 v16=0.0000 v17=0.0000 v18=0.0000 acc=1.0000 lr=1.85e-04 lambda=0.000 v18_lambda=0.000 gpu=3.0/15.8GB
[06:02:53] [train] ep=45 step=020/40 ce=0.3188 sc=0.7541 mi=0.0547 dn=0.0000 v13=0.0000 v15=0.0000 v16=0.0000 v17=0.0000 v18=0.0000 acc=0.9969 lr=1.84e-04 lambda=0.000 v18_lambda=0.000 gpu=3.0/15.8GB
[06:02:55] [train] ep=45 step=030/40 ce=0.3029 sc=0.7691 mi=0.0541 dn=0.0000 v13=0.0000 v15=0.0000 v16=0.0000 v17=0.0000 v18=0.0000 acc=0.9979 lr=1.83e-04 lambda=0.000 v18_lambda=0.000 gpu=3.0/15.8GB
[06:02:56] [train] ep=45 step=040/40 ce=0.3079 sc=0.7756 mi=0.0538 dn=0.0000 v13=0.0000 v15=0.0000 v16=0.0000 v17=0.0000 v18=0.0000 acc=0.9969 lr=1.81e-04 lambda=0.000 v18_lambda=0.000 gpu=3.0/15.8GB
[06:02:59] [ep_summary] ep=45/100 val_live=0.9568/0.9567 val_ema=0.9630/0.9635 test77_live=0.6043/0.5416 test77_diag_ema=0.3741/0.3173 v13=0.0000 v15=0.0000 v16=0.0000 v17=0.0000 v18=0.0000 das=jitter[-1,-1] p=1.00 ep_time=9.8s
[06:02:59] [save] best_sourcequalified77_ema ep=45 source_val_live=0.9568/0.9567 source_val_ema=0.9630/0.9635 test77_ema=0.3741/0.3173
[06:02:59] [train] epoch 46/100 steps=40 use_dann=0 das=jitter f=[-1.0,-1.0] p=1.00 gpu=3.0/15.8GB
[06:02:59] [train] ep=46 step=001/40 ce=0.2605 sc=0.7144 mi=0.0504 dn=0.0000 v13=0.0000 v15=0.0000 v16=0.0000 v17=0.0000 v18=0.0000 acc=1.0000 lr=1.81e-04 lambda=0.000 v18_lambda=0.000 gpu=3.0/15.8GB
[06:03:01] [train] ep=46 step=010/40 ce=0.3157 sc=0.7023 mi=0.0567 dn=0.0000 v13=0.0000 v15=0.0000 v16=0.0000 v17=0.0000 v18=0.0000 acc=0.9938 lr=1.80e-04 lambda=0.000 v18_lambda=0.000 gpu=3.0/15.8GB
[06:03:03] [train] ep=46 step=020/40 ce=0.2943 sc=0.7473 mi=0.0569 dn=0.0000 v13=0.0000 v15=0.0000 v16=0.0000 v17=0.0000 v18=0.0000 acc=0.9969 lr=1.79e-04 lambda=0.000 v18_lambda=0.000 gpu=3.0/15.8GB
[06:03:05] [train] ep=46 step=030/40 ce=0.2912 sc=0.7982 mi=0.0562 dn=0.0000 v13=0.0000 v15=0.0000 v16=0.0000 v17=0.0000 v18=0.0000 acc=0.9979 lr=1.78e-04 lambda=0.000 v18_lambda=0.000 gpu=3.0/15.8GB
[06:03:07] [train] ep=46 step=040/40 ce=0.3343 sc=0.8266 mi=0.0561 dn=0.0000 v13=0.0000 v15=0.0000 v16=0.0000 v17=0.0000 v18=0.0000 acc=0.9938 lr=1.77e-04 lambda=0.000 v18_lambda=0.000 gpu=3.0/15.8GB
[06:03:10] [ep_summary] ep=46/100 val_live=0.9568/0.9565 val_ema=0.9630/0.9635 test77_live=0.5072/0.4154 test77_diag_ema=0.3885/0.3292 v13=0.0000 v15=0.0000 v16=0.0000 v17=0.0000 v18=0.0000 das=jitter[-1,-1] p=1.00 ep_time=10.4s
[06:03:10] [save] best_sourcequalified77_ema ep=46 source_val_live=0.9568/0.9565 source_val_ema=0.9630/0.9635 test77_ema=0.3885/0.3292
[06:03:10] [train] epoch 47/100 steps=40 use_dann=0 das=jitter f=[-1.0,-1.0] p=1.00 gpu=3.0/15.8GB
[06:03:10] [train] ep=47 step=001/40 ce=0.6245 sc=1.0223 mi=0.0641 dn=0.0000 v13=0.0000 v15=0.0000 v16=0.0000 v17=0.0000 v18=0.0000 acc=1.0000 lr=1.77e-04 lambda=0.000 v18_lambda=0.000 gpu=3.0/15.8GB
[06:03:12] [train] ep=47 step=010/40 ce=0.3557 sc=0.8556 mi=0.0584 dn=0.0000 v13=0.0000 v15=0.0000 v16=0.0000 v17=0.0000 v18=0.0000 acc=1.0000 lr=1.76e-04 lambda=0.000 v18_lambda=0.000 gpu=3.0/15.8GB
[06:03:14] [train] ep=47 step=020/40 ce=0.4088 sc=0.8337 mi=0.0573 dn=0.0000 v13=0.0000 v15=0.0000 v16=0.0000 v17=0.0000 v18=0.0000 acc=0.9906 lr=1.74e-04 lambda=0.000 v18_lambda=0.000 gpu=3.0/15.8GB
[06:03:16] [train] ep=47 step=030/40 ce=0.4036 sc=0.8325 mi=0.0564 dn=0.0000 v13=0.0000 v15=0.0000 v16=0.0000 v17=0.0000 v18=0.0000 acc=0.9896 lr=1.73e-04 lambda=0.000 v18_lambda=0.000 gpu=3.0/15.8GB
[06:03:18] [train] ep=47 step=040/40 ce=0.4018 sc=0.8277 mi=0.0562 dn=0.0000 v13=0.0000 v15=0.0000 v16=0.0000 v17=0.0000 v18=0.0000 acc=0.9906 lr=1.72e-04 lambda=0.000 v18_lambda=0.000 gpu=3.0/15.8GB
[06:03:20] [ep_summary] ep=47/100 val_live=0.9691/0.9693 val_ema=0.9691/0.9696 test77_live=0.5683/0.4972 test77_diag_ema=0.4137/0.3493 v13=0.0000 v15=0.0000 v16=0.0000 v17=0.0000 v18=0.0000 das=jitter[-1,-1] p=1.00 ep_time=10.7s
[06:03:20] [save] best_sourceval_ema val_acc_ema=0.9691 source_val_live=0.9691/0.9693 source_val_ema=0.9691/0.9696 ep=47
[06:03:20] [save] best_sourcequalified77_ema ep=47 source_val_live=0.9691/0.9693 source_val_ema=0.9691/0.9696 test77_ema=0.4137/0.3493
[06:03:20] [train] epoch 48/100 steps=40 use_dann=0 das=jitter f=[-1.0,-1.0] p=1.00 gpu=3.0/15.8GB
[06:03:21] [train] ep=48 step=001/40 ce=0.2605 sc=0.6139 mi=0.0544 dn=0.0000 v13=0.0000 v15=0.0000 v16=0.0000 v17=0.0000 v18=0.0000 acc=1.0000 lr=1.72e-04 lambda=0.000 v18_lambda=0.000 gpu=3.0/15.8GB
[06:03:22] [train] ep=48 step=010/40 ce=0.2799 sc=0.7876 mi=0.0528 dn=0.0000 v13=0.0000 v15=0.0000 v16=0.0000 v17=0.0000 v18=0.0000 acc=1.0000 lr=1.71e-04 lambda=0.000 v18_lambda=0.000 gpu=3.0/15.8GB
[06:03:24] [train] ep=48 step=020/40 ce=0.2788 sc=0.8380 mi=0.0533 dn=0.0000 v13=0.0000 v15=0.0000 v16=0.0000 v17=0.0000 v18=0.0000 acc=1.0000 lr=1.69e-04 lambda=0.000 v18_lambda=0.000 gpu=3.0/15.8GB
[06:03:26] [train] ep=48 step=030/40 ce=0.2807 sc=0.8058 mi=0.0536 dn=0.0000 v13=0.0000 v15=0.0000 v16=0.0000 v17=0.0000 v18=0.0000 acc=1.0000 lr=1.68e-04 lambda=0.000 v18_lambda=0.000 gpu=3.0/15.8GB
[06:03:27] [train] ep=48 step=040/40 ce=0.3130 sc=0.8003 mi=0.0536 dn=0.0000 v13=0.0000 v15=0.0000 v16=0.0000 v17=0.0000 v18=0.0000 acc=0.9969 lr=1.67e-04 lambda=0.000 v18_lambda=0.000 gpu=3.0/15.8GB
[06:03:30] [ep_summary] ep=48/100 val_live=0.9506/0.9508 val_ema=0.9753/0.9757 test77_live=0.6007/0.5395 test77_diag_ema=0.4281/0.3607 v13=0.0000 v15=0.0000 v16=0.0000 v17=0.0000 v18=0.0000 das=jitter[-1,-1] p=1.00 ep_time=9.7s
[06:03:30] [save] best_sourceval_ema val_acc_ema=0.9753 source_val_live=0.9506/0.9508 source_val_ema=0.9753/0.9757 ep=48
[06:03:30] [save] best_sourcequalified77_ema ep=48 source_val_live=0.9506/0.9508 source_val_ema=0.9753/0.9757 test77_ema=0.4281/0.3607
[06:03:30] [train] epoch 49/100 steps=40 use_dann=0 das=jitter f=[-1.0,-1.0] p=1.00 gpu=3.0/15.8GB
[06:03:30] [train] ep=49 step=001/40 ce=1.3022 sc=1.5945 mi=0.0732 dn=0.0000 v13=0.0000 v15=0.0000 v16=0.0000 v17=0.0000 v18=0.0000 acc=0.9375 lr=1.67e-04 lambda=0.000 v18_lambda=0.000 gpu=3.0/15.8GB
[06:03:32] [train] ep=49 step=010/40 ce=0.3731 sc=0.8419 mi=0.0576 dn=0.0000 v13=0.0000 v15=0.0000 v16=0.0000 v17=0.0000 v18=0.0000 acc=0.9938 lr=1.66e-04 lambda=0.000 v18_lambda=0.000 gpu=3.0/15.8GB
[06:03:34] [train] ep=49 step=020/40 ce=0.3345 sc=0.7821 mi=0.0540 dn=0.0000 v13=0.0000 v15=0.0000 v16=0.0000 v17=0.0000 v18=0.0000 acc=0.9969 lr=1.65e-04 lambda=0.000 v18_lambda=0.000 gpu=3.0/15.8GB
[06:03:36] [train] ep=49 step=030/40 ce=0.3534 sc=0.7576 mi=0.0549 dn=0.0000 v13=0.0000 v15=0.0000 v16=0.0000 v17=0.0000 v18=0.0000 acc=0.9917 lr=1.63e-04 lambda=0.000 v18_lambda=0.000 gpu=3.0/15.8GB
[06:03:37] [train] ep=49 step=040/40 ce=0.3595 sc=0.7514 mi=0.0554 dn=0.0000 v13=0.0000 v15=0.0000 v16=0.0000 v17=0.0000 v18=0.0000 acc=0.9906 lr=1.62e-04 lambda=0.000 v18_lambda=0.000 gpu=3.0/15.8GB
[06:03:40] [ep_summary] ep=49/100 val_live=0.9691/0.9693 val_ema=0.9753/0.9757 test77_live=0.6439/0.5739 test77_diag_ema=0.4424/0.3701 v13=0.0000 v15=0.0000 v16=0.0000 v17=0.0000 v18=0.0000 das=jitter[-1,-1] p=1.00 ep_time=9.8s
[06:03:40] [save] best_sourcequalified77_ema ep=49 source_val_live=0.9691/0.9693 source_val_ema=0.9753/0.9757 test77_ema=0.4424/0.3701
[06:03:40] [train] epoch 50/100 steps=40 use_dann=0 das=jitter f=[-1.0,-1.0] p=1.00 gpu=3.0/15.8GB
[06:03:40] [train] ep=50 step=001/40 ce=0.3490 sc=0.8527 mi=0.0545 dn=0.0000 v13=0.0000 v15=0.0000 v16=0.0000 v17=0.0000 v18=0.0000 acc=1.0000 lr=1.62e-04 lambda=0.000 v18_lambda=0.000 gpu=3.0/15.8GB
[06:03:42] [train] ep=50 step=010/40 ce=0.3714 sc=0.7250 mi=0.0542 dn=0.0000 v13=0.0000 v15=0.0000 v16=0.0000 v17=0.0000 v18=0.0000 acc=0.9875 lr=1.61e-04 lambda=0.000 v18_lambda=0.000 gpu=3.0/15.8GB
[06:03:44] [train] ep=50 step=020/40 ce=0.3410 sc=0.7503 mi=0.0543 dn=0.0000 v13=0.0000 v15=0.0000 v16=0.0000 v17=0.0000 v18=0.0000 acc=0.9906 lr=1.60e-04 lambda=0.000 v18_lambda=0.000 gpu=3.0/15.8GB
[06:03:45] [train] ep=50 step=030/40 ce=0.3830 sc=0.7991 mi=0.0539 dn=0.0000 v13=0.0000 v15=0.0000 v16=0.0000 v17=0.0000 v18=0.0000 acc=0.9896 lr=1.59e-04 lambda=0.000 v18_lambda=0.000 gpu=3.0/15.8GB
[06:03:47] [train] ep=50 step=040/40 ce=0.3671 sc=0.7922 mi=0.0535 dn=0.0000 v13=0.0000 v15=0.0000 v16=0.0000 v17=0.0000 v18=0.0000 acc=0.9906 lr=1.57e-04 lambda=0.000 v18_lambda=0.000 gpu=3.0/15.8GB
[06:03:50] [pool] check ep=050/100 source_val_acc_ema=0.9753 threshold=0.90
[06:03:51] [pool] ep=050 ADDED src_val=0.9753/0.9757 dev77=0.4000/0.3317 final77=0.4604/0.3825
[06:03:51] [pool] running best ep=050 dev77_f1=0.3317 final77_f1=0.3825 (pool_size=2)
[06:03:51] [ep_summary] ep=50/100 val_live=0.9568/0.9567 val_ema=0.9753/0.9757 test77_live=0.6871/0.6330 test77_diag_ema=0.4604/0.3825 v13=0.0000 v15=0.0000 v16=0.0000 v17=0.0000 v18=0.0000 das=jitter[-1,-1] p=1.00 ep_time=11.1s
[06:03:51] [save] best_sourcequalified77_ema ep=50 source_val_live=0.9568/0.9567 source_val_ema=0.9753/0.9757 test77_ema=0.4604/0.3825
[06:03:51] [strict77_monitor] ep=50 best_source_epoch=48 source_val_ema=0.9753/0.9757 test77_ema_diag=0.4281/0.3607 sourcequalified_count=50 best_sourcequalified77_epoch=50 source_val_ema=0.9753/0.9757 test77_ema=0.4604/0.3825
[06:03:51] [train] epoch 51/100 steps=40 use_dann=0 das=jitter f=[-1.0,-1.0] p=1.00 gpu=3.0/15.8GB
[06:03:51] [train] ep=51 step=001/40 ce=0.7425 sc=1.1231 mi=0.0586 dn=0.0000 v13=0.0000 v15=0.0000 v16=0.0000 v17=0.0000 v18=0.0000 acc=0.9375 lr=1.57e-04 lambda=0.000 v18_lambda=0.000 gpu=3.0/15.8GB
[06:03:53] [train] ep=51 step=010/40 ce=0.3355 sc=0.7744 mi=0.0526 dn=0.0000 v13=0.0000 v15=0.0000 v16=0.0000 v17=0.0000 v18=0.0000 acc=0.9938 lr=1.56e-04 lambda=0.000 v18_lambda=0.000 gpu=3.0/15.8GB
[06:03:55] [train] ep=51 step=020/40 ce=0.2996 sc=0.7544 mi=0.0547 dn=0.0000 v13=0.0000 v15=0.0000 v16=0.0000 v17=0.0000 v18=0.0000 acc=0.9969 lr=1.55e-04 lambda=0.000 v18_lambda=0.000 gpu=3.0/15.8GB
[06:03:57] [train] ep=51 step=030/40 ce=0.2895 sc=0.7412 mi=0.0538 dn=0.0000 v13=0.0000 v15=0.0000 v16=0.0000 v17=0.0000 v18=0.0000 acc=0.9979 lr=1.54e-04 lambda=0.000 v18_lambda=0.000 gpu=3.0/15.8GB
[06:03:58] [train] ep=51 step=040/40 ce=0.2831 sc=0.7661 mi=0.0544 dn=0.0000 v13=0.0000 v15=0.0000 v16=0.0000 v17=0.0000 v18=0.0000 acc=0.9984 lr=1.53e-04 lambda=0.000 v18_lambda=0.000 gpu=3.0/15.8GB
[06:04:01] [ep_summary] ep=51/100 val_live=0.9506/0.9499 val_ema=0.9753/0.9757 test77_live=0.6655/0.6005 test77_diag_ema=0.4640/0.3850 v13=0.0000 v15=0.0000 v16=0.0000 v17=0.0000 v18=0.0000 das=jitter[-1,-1] p=1.00 ep_time=9.9s
[06:04:01] [save] best_sourcequalified77_ema ep=51 source_val_live=0.9506/0.9499 source_val_ema=0.9753/0.9757 test77_ema=0.4640/0.3850
[06:04:01] [train] epoch 52/100 steps=40 use_dann=0 das=jitter f=[-1.0,-1.0] p=1.00 gpu=3.0/15.8GB
[06:04:01] [train] ep=52 step=001/40 ce=0.5982 sc=0.4615 mi=0.0552 dn=0.0000 v13=0.0000 v15=0.0000 v16=0.0000 v17=0.0000 v18=0.0000 acc=1.0000 lr=1.52e-04 lambda=0.000 v18_lambda=0.000 gpu=3.0/15.8GB
[06:04:03] [train] ep=52 step=010/40 ce=0.3201 sc=0.8195 mi=0.0542 dn=0.0000 v13=0.0000 v15=0.0000 v16=0.0000 v17=0.0000 v18=0.0000 acc=1.0000 lr=1.51e-04 lambda=0.000 v18_lambda=0.000 gpu=3.0/15.8GB
[06:04:05] [train] ep=52 step=020/40 ce=0.3120 sc=0.8468 mi=0.0532 dn=0.0000 v13=0.0000 v15=0.0000 v16=0.0000 v17=0.0000 v18=0.0000 acc=0.9969 lr=1.50e-04 lambda=0.000 v18_lambda=0.000 gpu=3.0/15.8GB
[06:04:07] [train] ep=52 step=030/40 ce=0.3282 sc=0.8313 mi=0.0527 dn=0.0000 v13=0.0000 v15=0.0000 v16=0.0000 v17=0.0000 v18=0.0000 acc=0.9958 lr=1.49e-04 lambda=0.000 v18_lambda=0.000 gpu=3.0/15.8GB
[06:04:08] [train] ep=52 step=040/40 ce=0.3438 sc=0.8356 mi=0.0527 dn=0.0000 v13=0.0000 v15=0.0000 v16=0.0000 v17=0.0000 v18=0.0000 acc=0.9953 lr=1.48e-04 lambda=0.000 v18_lambda=0.000 gpu=3.0/15.8GB
[06:04:11] [ep_summary] ep=52/100 val_live=0.9568/0.9571 val_ema=0.9753/0.9757 test77_live=0.6583/0.6011 test77_diag_ema=0.4676/0.3841 v13=0.0000 v15=0.0000 v16=0.0000 v17=0.0000 v18=0.0000 das=jitter[-1,-1] p=1.00 ep_time=10.0s
[06:04:11] [train] epoch 53/100 steps=40 use_dann=0 das=jitter f=[-1.0,-1.0] p=1.00 gpu=3.0/15.8GB
[06:04:11] [train] ep=53 step=001/40 ce=0.2708 sc=0.4382 mi=0.0572 dn=0.0000 v13=0.0000 v15=0.0000 v16=0.0000 v17=0.0000 v18=0.0000 acc=1.0000 lr=1.48e-04 lambda=0.000 v18_lambda=0.000 gpu=3.0/15.8GB
[06:04:13] [train] ep=53 step=010/40 ce=0.3015 sc=0.7558 mi=0.0540 dn=0.0000 v13=0.0000 v15=0.0000 v16=0.0000 v17=0.0000 v18=0.0000 acc=1.0000 lr=1.46e-04 lambda=0.000 v18_lambda=0.000 gpu=3.0/15.8GB
[06:04:15] [train] ep=53 step=020/40 ce=0.2984 sc=0.8013 mi=0.0546 dn=0.0000 v13=0.0000 v15=0.0000 v16=0.0000 v17=0.0000 v18=0.0000 acc=1.0000 lr=1.45e-04 lambda=0.000 v18_lambda=0.000 gpu=3.0/15.8GB
[06:04:16] [train] ep=53 step=030/40 ce=0.3085 sc=0.7932 mi=0.0552 dn=0.0000 v13=0.0000 v15=0.0000 v16=0.0000 v17=0.0000 v18=0.0000 acc=0.9979 lr=1.44e-04 lambda=0.000 v18_lambda=0.000 gpu=3.0/15.8GB
[06:04:18] [train] ep=53 step=040/40 ce=0.2968 sc=0.8092 mi=0.0541 dn=0.0000 v13=0.0000 v15=0.0000 v16=0.0000 v17=0.0000 v18=0.0000 acc=0.9984 lr=1.43e-04 lambda=0.000 v18_lambda=0.000 gpu=3.0/15.8GB
[06:04:21] [ep_summary] ep=53/100 val_live=0.9753/0.9757 val_ema=0.9753/0.9757 test77_live=0.6115/0.5443 test77_diag_ema=0.4712/0.3860 v13=0.0000 v15=0.0000 v16=0.0000 v17=0.0000 v18=0.0000 das=jitter[-1,-1] p=1.00 ep_time=9.8s
[06:04:21] [save] best_sourcequalified77_ema ep=53 source_val_live=0.9753/0.9757 source_val_ema=0.9753/0.9757 test77_ema=0.4712/0.3860
[06:04:21] [train] epoch 54/100 steps=40 use_dann=0 das=jitter f=[-1.0,-1.0] p=1.00 gpu=3.0/15.8GB
[06:04:21] [train] ep=54 step=001/40 ce=0.2675 sc=0.8408 mi=0.0541 dn=0.0000 v13=0.0000 v15=0.0000 v16=0.0000 v17=0.0000 v18=0.0000 acc=1.0000 lr=1.43e-04 lambda=0.000 v18_lambda=0.000 gpu=3.0/15.8GB
[06:04:23] [train] ep=54 step=010/40 ce=0.3375 sc=0.7281 mi=0.0570 dn=0.0000 v13=0.0000 v15=0.0000 v16=0.0000 v17=0.0000 v18=0.0000 acc=0.9938 lr=1.42e-04 lambda=0.000 v18_lambda=0.000 gpu=3.0/15.8GB
[06:04:25] [train] ep=54 step=020/40 ce=0.3017 sc=0.7378 mi=0.0544 dn=0.0000 v13=0.0000 v15=0.0000 v16=0.0000 v17=0.0000 v18=0.0000 acc=0.9969 lr=1.40e-04 lambda=0.000 v18_lambda=0.000 gpu=3.0/15.8GB
[06:04:26] [train] ep=54 step=030/40 ce=0.3594 sc=0.7747 mi=0.0545 dn=0.0000 v13=0.0000 v15=0.0000 v16=0.0000 v17=0.0000 v18=0.0000 acc=0.9938 lr=1.39e-04 lambda=0.000 v18_lambda=0.000 gpu=3.0/15.8GB
[06:04:28] [train] ep=54 step=040/40 ce=0.3373 sc=0.7716 mi=0.0541 dn=0.0000 v13=0.0000 v15=0.0000 v16=0.0000 v17=0.0000 v18=0.0000 acc=0.9953 lr=1.38e-04 lambda=0.000 v18_lambda=0.000 gpu=3.0/15.8GB
[06:04:31] [ep_summary] ep=54/100 val_live=0.9815/0.9818 val_ema=0.9753/0.9757 test77_live=0.5935/0.5523 test77_diag_ema=0.4748/0.3887 v13=0.0000 v15=0.0000 v16=0.0000 v17=0.0000 v18=0.0000 das=jitter[-1,-1] p=1.00 ep_time=9.8s
[06:04:31] [save] best_sourcequalified77_ema ep=54 source_val_live=0.9815/0.9818 source_val_ema=0.9753/0.9757 test77_ema=0.4748/0.3887
[06:04:31] [train] epoch 55/100 steps=40 use_dann=0 das=jitter f=[-1.0,-1.0] p=1.00 gpu=3.0/15.8GB
[06:04:31] [train] ep=55 step=001/40 ce=0.2647 sc=0.9607 mi=0.0618 dn=0.0000 v13=0.0000 v15=0.0000 v16=0.0000 v17=0.0000 v18=0.0000 acc=1.0000 lr=1.38e-04 lambda=0.000 v18_lambda=0.000 gpu=3.0/15.8GB
[06:04:33] [train] ep=55 step=010/40 ce=0.3431 sc=0.7684 mi=0.0519 dn=0.0000 v13=0.0000 v15=0.0000 v16=0.0000 v17=0.0000 v18=0.0000 acc=0.9938 lr=1.37e-04 lambda=0.000 v18_lambda=0.000 gpu=3.0/15.8GB
[06:04:34] [train] ep=55 step=020/40 ce=0.3877 sc=0.8312 mi=0.0515 dn=0.0000 v13=0.0000 v15=0.0000 v16=0.0000 v17=0.0000 v18=0.0000 acc=0.9906 lr=1.36e-04 lambda=0.000 v18_lambda=0.000 gpu=3.0/15.8GB
[06:04:36] [train] ep=55 step=030/40 ce=0.3638 sc=0.7726 mi=0.0523 dn=0.0000 v13=0.0000 v15=0.0000 v16=0.0000 v17=0.0000 v18=0.0000 acc=0.9938 lr=1.34e-04 lambda=0.000 v18_lambda=0.000 gpu=3.0/15.8GB
[06:04:38] [train] ep=55 step=040/40 ce=0.3430 sc=0.8051 mi=0.0521 dn=0.0000 v13=0.0000 v15=0.0000 v16=0.0000 v17=0.0000 v18=0.0000 acc=0.9953 lr=1.33e-04 lambda=0.000 v18_lambda=0.000 gpu=3.0/15.8GB
[06:04:41] [ep_summary] ep=55/100 val_live=0.9444/0.9430 val_ema=0.9753/0.9757 test77_live=0.5827/0.4913 test77_diag_ema=0.4784/0.3875 v13=0.0000 v15=0.0000 v16=0.0000 v17=0.0000 v18=0.0000 das=jitter[-1,-1] p=1.00 ep_time=9.8s
[06:04:41] [train] epoch 56/100 steps=40 use_dann=0 das=jitter f=[-1.0,-1.0] p=1.00 gpu=3.0/15.8GB
[06:04:41] [train] ep=56 step=001/40 ce=0.6256 sc=0.7687 mi=0.0522 dn=0.0000 v13=0.0000 v15=0.0000 v16=0.0000 v17=0.0000 v18=0.0000 acc=0.9375 lr=1.33e-04 lambda=0.000 v18_lambda=0.000 gpu=3.0/15.8GB
[06:04:42] [train] ep=56 step=010/40 ce=0.2990 sc=0.7603 mi=0.0543 dn=0.0000 v13=0.0000 v15=0.0000 v16=0.0000 v17=0.0000 v18=0.0000 acc=0.9938 lr=1.32e-04 lambda=0.000 v18_lambda=0.000 gpu=3.0/15.8GB
[06:04:44] [train] ep=56 step=020/40 ce=0.2846 sc=0.7320 mi=0.0527 dn=0.0000 v13=0.0000 v15=0.0000 v16=0.0000 v17=0.0000 v18=0.0000 acc=0.9969 lr=1.31e-04 lambda=0.000 v18_lambda=0.000 gpu=3.0/15.8GB
[06:04:46] [train] ep=56 step=030/40 ce=0.2767 sc=0.7313 mi=0.0531 dn=0.0000 v13=0.0000 v15=0.0000 v16=0.0000 v17=0.0000 v18=0.0000 acc=0.9979 lr=1.30e-04 lambda=0.000 v18_lambda=0.000 gpu=3.0/15.8GB
[06:04:48] [train] ep=56 step=040/40 ce=0.2723 sc=0.7194 mi=0.0537 dn=0.0000 v13=0.0000 v15=0.0000 v16=0.0000 v17=0.0000 v18=0.0000 acc=0.9984 lr=1.28e-04 lambda=0.000 v18_lambda=0.000 gpu=3.0/15.8GB
[06:04:50] [ep_summary] ep=56/100 val_live=0.9815/0.9818 val_ema=0.9753/0.9757 test77_live=0.5791/0.5321 test77_diag_ema=0.4784/0.3868 v13=0.0000 v15=0.0000 v16=0.0000 v17=0.0000 v18=0.0000 das=jitter[-1,-1] p=1.00 ep_time=9.8s
[06:04:50] [train] epoch 57/100 steps=40 use_dann=0 das=jitter f=[-1.0,-1.0] p=1.00 gpu=3.0/15.8GB
[06:04:51] [train] ep=57 step=001/40 ce=0.2579 sc=0.6136 mi=0.0482 dn=0.0000 v13=0.0000 v15=0.0000 v16=0.0000 v17=0.0000 v18=0.0000 acc=1.0000 lr=1.28e-04 lambda=0.000 v18_lambda=0.000 gpu=3.0/15.8GB
[06:04:52] [train] ep=57 step=010/40 ce=0.2884 sc=0.7570 mi=0.0525 dn=0.0000 v13=0.0000 v15=0.0000 v16=0.0000 v17=0.0000 v18=0.0000 acc=1.0000 lr=1.27e-04 lambda=0.000 v18_lambda=0.000 gpu=3.0/15.8GB
[06:04:54] [train] ep=57 step=020/40 ce=0.4038 sc=0.7590 mi=0.0546 dn=0.0000 v13=0.0000 v15=0.0000 v16=0.0000 v17=0.0000 v18=0.0000 acc=0.9875 lr=1.26e-04 lambda=0.000 v18_lambda=0.000 gpu=3.0/15.8GB
[06:04:56] [train] ep=57 step=030/40 ce=0.4046 sc=0.7840 mi=0.0546 dn=0.0000 v13=0.0000 v15=0.0000 v16=0.0000 v17=0.0000 v18=0.0000 acc=0.9875 lr=1.25e-04 lambda=0.000 v18_lambda=0.000 gpu=3.0/15.8GB
[06:04:58] [train] ep=57 step=040/40 ce=0.4256 sc=0.8248 mi=0.0556 dn=0.0000 v13=0.0000 v15=0.0000 v16=0.0000 v17=0.0000 v18=0.0000 acc=0.9859 lr=1.24e-04 lambda=0.000 v18_lambda=0.000 gpu=3.0/15.8GB
[06:05:00] [ep_summary] ep=57/100 val_live=0.9753/0.9756 val_ema=0.9753/0.9757 test77_live=0.6295/0.5703 test77_diag_ema=0.4784/0.3863 v13=0.0000 v15=0.0000 v16=0.0000 v17=0.0000 v18=0.0000 das=jitter[-1,-1] p=1.00 ep_time=9.8s
[06:05:00] [train] epoch 58/100 steps=40 use_dann=0 das=jitter f=[-1.0,-1.0] p=1.00 gpu=3.0/15.8GB
[06:05:00] [train] ep=58 step=001/40 ce=0.2592 sc=0.6353 mi=0.0562 dn=0.0000 v13=0.0000 v15=0.0000 v16=0.0000 v17=0.0000 v18=0.0000 acc=1.0000 lr=1.23e-04 lambda=0.000 v18_lambda=0.000 gpu=3.0/15.8GB
[06:05:02] [train] ep=58 step=010/40 ce=0.3828 sc=0.8080 mi=0.0532 dn=0.0000 v13=0.0000 v15=0.0000 v16=0.0000 v17=0.0000 v18=0.0000 acc=0.9875 lr=1.22e-04 lambda=0.000 v18_lambda=0.000 gpu=3.0/15.8GB
[06:05:04] [train] ep=58 step=020/40 ce=0.3208 sc=0.7113 mi=0.0521 dn=0.0000 v13=0.0000 v15=0.0000 v16=0.0000 v17=0.0000 v18=0.0000 acc=0.9938 lr=1.21e-04 lambda=0.000 v18_lambda=0.000 gpu=3.0/15.8GB
[06:05:05] [train] ep=58 step=030/40 ce=0.3011 sc=0.7336 mi=0.0520 dn=0.0000 v13=0.0000 v15=0.0000 v16=0.0000 v17=0.0000 v18=0.0000 acc=0.9958 lr=1.20e-04 lambda=0.000 v18_lambda=0.000 gpu=3.0/15.8GB
[06:05:07] [train] ep=58 step=040/40 ce=0.3027 sc=0.7621 mi=0.0533 dn=0.0000 v13=0.0000 v15=0.0000 v16=0.0000 v17=0.0000 v18=0.0000 acc=0.9969 lr=1.19e-04 lambda=0.000 v18_lambda=0.000 gpu=3.0/15.8GB
[06:05:10] [ep_summary] ep=58/100 val_live=0.9753/0.9754 val_ema=0.9753/0.9757 test77_live=0.6115/0.5364 test77_diag_ema=0.4856/0.3943 v13=0.0000 v15=0.0000 v16=0.0000 v17=0.0000 v18=0.0000 das=jitter[-1,-1] p=1.00 ep_time=9.7s
[06:05:10] [save] best_sourcequalified77_ema ep=58 source_val_live=0.9753/0.9754 source_val_ema=0.9753/0.9757 test77_ema=0.4856/0.3943
[06:05:10] [train] epoch 59/100 steps=40 use_dann=0 das=jitter f=[-1.0,-1.0] p=1.00 gpu=3.0/15.8GB
[06:05:10] [train] ep=59 step=001/40 ce=0.3283 sc=0.6590 mi=0.0549 dn=0.0000 v13=0.0000 v15=0.0000 v16=0.0000 v17=0.0000 v18=0.0000 acc=1.0000 lr=1.19e-04 lambda=0.000 v18_lambda=0.000 gpu=3.0/15.8GB
[06:05:12] [train] ep=59 step=010/40 ce=0.2674 sc=0.7474 mi=0.0508 dn=0.0000 v13=0.0000 v15=0.0000 v16=0.0000 v17=0.0000 v18=0.0000 acc=1.0000 lr=1.18e-04 lambda=0.000 v18_lambda=0.000 gpu=3.0/15.8GB
[06:05:13] [train] ep=59 step=020/40 ce=0.3033 sc=0.7385 mi=0.0523 dn=0.0000 v13=0.0000 v15=0.0000 v16=0.0000 v17=0.0000 v18=0.0000 acc=0.9969 lr=1.16e-04 lambda=0.000 v18_lambda=0.000 gpu=3.0/15.8GB
[06:05:15] [train] ep=59 step=030/40 ce=0.3932 sc=0.8070 mi=0.0516 dn=0.0000 v13=0.0000 v15=0.0000 v16=0.0000 v17=0.0000 v18=0.0000 acc=0.9896 lr=1.15e-04 lambda=0.000 v18_lambda=0.000 gpu=3.0/15.8GB
[06:05:17] [train] ep=59 step=040/40 ce=0.3629 sc=0.8041 mi=0.0519 dn=0.0000 v13=0.0000 v15=0.0000 v16=0.0000 v17=0.0000 v18=0.0000 acc=0.9922 lr=1.14e-04 lambda=0.000 v18_lambda=0.000 gpu=3.0/15.8GB
[06:05:20] [ep_summary] ep=59/100 val_live=0.9691/0.9695 val_ema=0.9753/0.9757 test77_live=0.5540/0.4756 test77_diag_ema=0.4856/0.3943 v13=0.0000 v15=0.0000 v16=0.0000 v17=0.0000 v18=0.0000 das=jitter[-1,-1] p=1.00 ep_time=9.7s
[06:05:20] [train] epoch 60/100 steps=40 use_dann=0 das=jitter f=[-1.0,-1.0] p=1.00 gpu=3.0/15.8GB
[06:05:20] [train] ep=60 step=001/40 ce=0.8347 sc=0.8429 mi=0.0409 dn=0.0000 v13=0.0000 v15=0.0000 v16=0.0000 v17=0.0000 v18=0.0000 acc=0.9375 lr=1.14e-04 lambda=0.000 v18_lambda=0.000 gpu=3.0/15.8GB
[06:05:21] [train] ep=60 step=010/40 ce=0.4012 sc=0.7476 mi=0.0543 dn=0.0000 v13=0.0000 v15=0.0000 v16=0.0000 v17=0.0000 v18=0.0000 acc=0.9875 lr=1.13e-04 lambda=0.000 v18_lambda=0.000 gpu=3.0/15.8GB
[06:05:23] [train] ep=60 step=020/40 ce=0.3541 sc=0.7297 mi=0.0539 dn=0.0000 v13=0.0000 v15=0.0000 v16=0.0000 v17=0.0000 v18=0.0000 acc=0.9906 lr=1.12e-04 lambda=0.000 v18_lambda=0.000 gpu=3.0/15.8GB
[06:05:25] [train] ep=60 step=030/40 ce=0.3631 sc=0.7807 mi=0.0545 dn=0.0000 v13=0.0000 v15=0.0000 v16=0.0000 v17=0.0000 v18=0.0000 acc=0.9896 lr=1.11e-04 lambda=0.000 v18_lambda=0.000 gpu=3.0/15.8GB
[06:05:27] [train] ep=60 step=040/40 ce=0.3372 sc=0.7586 mi=0.0533 dn=0.0000 v13=0.0000 v15=0.0000 v16=0.0000 v17=0.0000 v18=0.0000 acc=0.9922 lr=1.09e-04 lambda=0.000 v18_lambda=0.000 gpu=3.0/15.8GB
[06:05:29] [pool] check ep=060/100 source_val_acc_ema=0.9753 threshold=0.90
[06:05:31] [pool] ep=060 ADDED src_val=0.9753/0.9757 dev77=0.4571/0.3623 final77=0.4964/0.4067
[06:05:31] [pool] running best ep=060 dev77_f1=0.3623 final77_f1=0.4067 (pool_size=3)
[06:05:31] [ep_summary] ep=60/100 val_live=0.9753/0.9754 val_ema=0.9753/0.9757 test77_live=0.5612/0.4783 test77_diag_ema=0.4964/0.4067 v13=0.0000 v15=0.0000 v16=0.0000 v17=0.0000 v18=0.0000 das=jitter[-1,-1] p=1.00 ep_time=11.1s
[06:05:31] [save] best_sourcequalified77_ema ep=60 source_val_live=0.9753/0.9754 source_val_ema=0.9753/0.9757 test77_ema=0.4964/0.4067
[06:05:31] [strict77_monitor] ep=60 best_source_epoch=48 source_val_ema=0.9753/0.9757 test77_ema_diag=0.4281/0.3607 sourcequalified_count=60 best_sourcequalified77_epoch=60 source_val_ema=0.9753/0.9757 test77_ema=0.4964/0.4067
[06:05:31] [train] epoch 61/100 steps=40 use_dann=0 das=jitter f=[-1.0,-1.0] p=1.00 gpu=3.0/15.8GB
[06:05:31] [train] ep=61 step=001/40 ce=0.2585 sc=0.7895 mi=0.0479 dn=0.0000 v13=0.0000 v15=0.0000 v16=0.0000 v17=0.0000 v18=0.0000 acc=1.0000 lr=1.09e-04 lambda=0.000 v18_lambda=0.000 gpu=3.0/15.8GB
[06:05:33] [train] ep=61 step=010/40 ce=0.3170 sc=0.7542 mi=0.0514 dn=0.0000 v13=0.0000 v15=0.0000 v16=0.0000 v17=0.0000 v18=0.0000 acc=1.0000 lr=1.08e-04 lambda=0.000 v18_lambda=0.000 gpu=3.0/15.8GB
[06:05:34] [train] ep=61 step=020/40 ce=0.3600 sc=0.7768 mi=0.0502 dn=0.0000 v13=0.0000 v15=0.0000 v16=0.0000 v17=0.0000 v18=0.0000 acc=0.9969 lr=1.07e-04 lambda=0.000 v18_lambda=0.000 gpu=3.0/15.8GB
[06:05:36] [train] ep=61 step=030/40 ce=0.3320 sc=0.7330 mi=0.0507 dn=0.0000 v13=0.0000 v15=0.0000 v16=0.0000 v17=0.0000 v18=0.0000 acc=0.9979 lr=1.06e-04 lambda=0.000 v18_lambda=0.000 gpu=3.0/15.8GB
[06:05:38] [train] ep=61 step=040/40 ce=0.3239 sc=0.7466 mi=0.0518 dn=0.0000 v13=0.0000 v15=0.0000 v16=0.0000 v17=0.0000 v18=0.0000 acc=0.9984 lr=1.05e-04 lambda=0.000 v18_lambda=0.000 gpu=3.0/15.8GB
[06:05:41] [ep_summary] ep=61/100 val_live=0.9815/0.9818 val_ema=0.9753/0.9757 test77_live=0.5432/0.5039 test77_diag_ema=0.5036/0.4174 v13=0.0000 v15=0.0000 v16=0.0000 v17=0.0000 v18=0.0000 das=jitter[-1,-1] p=1.00 ep_time=9.7s
[06:05:41] [save] best_sourcequalified77_ema ep=61 source_val_live=0.9815/0.9818 source_val_ema=0.9753/0.9757 test77_ema=0.5036/0.4174
[06:05:41] [train] epoch 62/100 steps=40 use_dann=0 das=jitter f=[-1.0,-1.0] p=1.00 gpu=3.0/15.8GB
[06:05:41] [train] ep=62 step=001/40 ce=0.2591 sc=0.8382 mi=0.0616 dn=0.0000 v13=0.0000 v15=0.0000 v16=0.0000 v17=0.0000 v18=0.0000 acc=1.0000 lr=1.05e-04 lambda=0.000 v18_lambda=0.000 gpu=3.0/15.8GB
[06:05:42] [train] ep=62 step=010/40 ce=0.2928 sc=0.7796 mi=0.0555 dn=0.0000 v13=0.0000 v15=0.0000 v16=0.0000 v17=0.0000 v18=0.0000 acc=1.0000 lr=1.04e-04 lambda=0.000 v18_lambda=0.000 gpu=3.0/15.8GB
[06:05:44] [train] ep=62 step=020/40 ce=0.2802 sc=0.7562 mi=0.0539 dn=0.0000 v13=0.0000 v15=0.0000 v16=0.0000 v17=0.0000 v18=0.0000 acc=1.0000 lr=1.02e-04 lambda=0.000 v18_lambda=0.000 gpu=3.0/15.8GB
[06:05:46] [train] ep=62 step=030/40 ce=0.2747 sc=0.7342 mi=0.0522 dn=0.0000 v13=0.0000 v15=0.0000 v16=0.0000 v17=0.0000 v18=0.0000 acc=1.0000 lr=1.01e-04 lambda=0.000 v18_lambda=0.000 gpu=3.0/15.8GB
[06:05:48] [train] ep=62 step=040/40 ce=0.2709 sc=0.7527 mi=0.0520 dn=0.0000 v13=0.0000 v15=0.0000 v16=0.0000 v17=0.0000 v18=0.0000 acc=1.0000 lr=1.00e-04 lambda=0.000 v18_lambda=0.000 gpu=3.0/15.8GB
[06:05:50] [ep_summary] ep=62/100 val_live=0.9630/0.9630 val_ema=0.9753/0.9757 test77_live=0.6583/0.6046 test77_diag_ema=0.5036/0.4187 v13=0.0000 v15=0.0000 v16=0.0000 v17=0.0000 v18=0.0000 das=jitter[-1,-1] p=1.00 ep_time=9.8s
[06:05:50] [save] best_sourcequalified77_ema ep=62 source_val_live=0.9630/0.9630 source_val_ema=0.9753/0.9757 test77_ema=0.5036/0.4187
[06:05:50] [train] epoch 63/100 steps=40 use_dann=0 das=jitter f=[-1.0,-1.0] p=1.00 gpu=3.0/15.8GB
[06:05:51] [train] ep=63 step=001/40 ce=0.2588 sc=0.7295 mi=0.0461 dn=0.0000 v13=0.0000 v15=0.0000 v16=0.0000 v17=0.0000 v18=0.0000 acc=1.0000 lr=1.00e-04 lambda=0.000 v18_lambda=0.000 gpu=3.0/15.8GB
[06:05:52] [train] ep=63 step=010/40 ce=0.3565 sc=0.8066 mi=0.0465 dn=0.0000 v13=0.0000 v15=0.0000 v16=0.0000 v17=0.0000 v18=0.0000 acc=0.9938 lr=9.89e-05 lambda=0.000 v18_lambda=0.000 gpu=3.0/15.8GB
[06:05:54] [train] ep=63 step=020/40 ce=0.3499 sc=0.7852 mi=0.0492 dn=0.0000 v13=0.0000 v15=0.0000 v16=0.0000 v17=0.0000 v18=0.0000 acc=0.9938 lr=9.78e-05 lambda=0.000 v18_lambda=0.000 gpu=3.0/15.8GB
[06:05:56] [train] ep=63 step=030/40 ce=0.3762 sc=0.8022 mi=0.0504 dn=0.0000 v13=0.0000 v15=0.0000 v16=0.0000 v17=0.0000 v18=0.0000 acc=0.9917 lr=9.67e-05 lambda=0.000 v18_lambda=0.000 gpu=3.0/15.8GB
[06:05:58] [train] ep=63 step=040/40 ce=0.3624 sc=0.7583 mi=0.0512 dn=0.0000 v13=0.0000 v15=0.0000 v16=0.0000 v17=0.0000 v18=0.0000 acc=0.9922 lr=9.55e-05 lambda=0.000 v18_lambda=0.000 gpu=3.0/15.8GB
[06:06:01] [ep_summary] ep=63/100 val_live=0.9630/0.9630 val_ema=0.9753/0.9757 test77_live=0.6799/0.6134 test77_diag_ema=0.5036/0.4187 v13=0.0000 v15=0.0000 v16=0.0000 v17=0.0000 v18=0.0000 das=jitter[-1,-1] p=1.00 ep_time=10.7s
[06:06:01] [train] epoch 64/100 steps=40 use_dann=0 das=jitter f=[-1.0,-1.0] p=1.00 gpu=3.0/15.8GB
[06:06:01] [train] ep=64 step=001/40 ce=0.2575 sc=0.6138 mi=0.0483 dn=0.0000 v13=0.0000 v15=0.0000 v16=0.0000 v17=0.0000 v18=0.0000 acc=1.0000 lr=9.54e-05 lambda=0.000 v18_lambda=0.000 gpu=3.0/15.8GB
[06:06:03] [train] ep=64 step=010/40 ce=0.2626 sc=0.7651 mi=0.0528 dn=0.0000 v13=0.0000 v15=0.0000 v16=0.0000 v17=0.0000 v18=0.0000 acc=1.0000 lr=9.44e-05 lambda=0.000 v18_lambda=0.000 gpu=3.0/15.8GB
[06:06:05] [train] ep=64 step=020/40 ce=0.2614 sc=0.7727 mi=0.0532 dn=0.0000 v13=0.0000 v15=0.0000 v16=0.0000 v17=0.0000 v18=0.0000 acc=1.0000 lr=9.33e-05 lambda=0.000 v18_lambda=0.000 gpu=3.0/15.8GB
[06:06:07] [train] ep=64 step=030/40 ce=0.2776 sc=0.7494 mi=0.0532 dn=0.0000 v13=0.0000 v15=0.0000 v16=0.0000 v17=0.0000 v18=0.0000 acc=0.9979 lr=9.21e-05 lambda=0.000 v18_lambda=0.000 gpu=3.0/15.8GB
[06:06:09] [train] ep=64 step=040/40 ce=0.2754 sc=0.7671 mi=0.0538 dn=0.0000 v13=0.0000 v15=0.0000 v16=0.0000 v17=0.0000 v18=0.0000 acc=0.9984 lr=9.10e-05 lambda=0.000 v18_lambda=0.000 gpu=3.0/15.8GB
[06:06:12] [ep_summary] ep=64/100 val_live=0.9691/0.9690 val_ema=0.9753/0.9755 test77_live=0.6835/0.6255 test77_diag_ema=0.5216/0.4393 v13=0.0000 v15=0.0000 v16=0.0000 v17=0.0000 v18=0.0000 das=jitter[-1,-1] p=1.00 ep_time=10.9s
[06:06:12] [save] best_sourcequalified77_ema ep=64 source_val_live=0.9691/0.9690 source_val_ema=0.9753/0.9755 test77_ema=0.5216/0.4393
[06:06:12] [train] epoch 65/100 steps=40 use_dann=0 das=jitter f=[-1.0,-1.0] p=1.00 gpu=3.0/15.8GB
[06:06:12] [train] ep=65 step=001/40 ce=0.2598 sc=0.5255 mi=0.0412 dn=0.0000 v13=0.0000 v15=0.0000 v16=0.0000 v17=0.0000 v18=0.0000 acc=1.0000 lr=9.09e-05 lambda=0.000 v18_lambda=0.000 gpu=3.0/15.8GB
[06:06:14] [train] ep=65 step=010/40 ce=0.2678 sc=0.6960 mi=0.0492 dn=0.0000 v13=0.0000 v15=0.0000 v16=0.0000 v17=0.0000 v18=0.0000 acc=1.0000 lr=8.99e-05 lambda=0.000 v18_lambda=0.000 gpu=3.0/15.8GB
[06:06:16] [train] ep=65 step=020/40 ce=0.2718 sc=0.6762 mi=0.0508 dn=0.0000 v13=0.0000 v15=0.0000 v16=0.0000 v17=0.0000 v18=0.0000 acc=1.0000 lr=8.88e-05 lambda=0.000 v18_lambda=0.000 gpu=3.0/15.8GB
[06:06:18] [train] ep=65 step=030/40 ce=0.3029 sc=0.7496 mi=0.0501 dn=0.0000 v13=0.0000 v15=0.0000 v16=0.0000 v17=0.0000 v18=0.0000 acc=0.9979 lr=8.77e-05 lambda=0.000 v18_lambda=0.000 gpu=3.0/15.8GB
[06:06:20] [train] ep=65 step=040/40 ce=0.3310 sc=0.7666 mi=0.0505 dn=0.0000 v13=0.0000 v15=0.0000 v16=0.0000 v17=0.0000 v18=0.0000 acc=0.9953 lr=8.66e-05 lambda=0.000 v18_lambda=0.000 gpu=3.0/15.8GB
[06:06:23] [ep_summary] ep=65/100 val_live=0.9691/0.9690 val_ema=0.9815/0.9818 test77_live=0.6655/0.6160 test77_diag_ema=0.5216/0.4393 v13=0.0000 v15=0.0000 v16=0.0000 v17=0.0000 v18=0.0000 das=jitter[-1,-1] p=1.00 ep_time=11.1s
[06:06:23] [save] best_sourceval_ema val_acc_ema=0.9815 source_val_live=0.9691/0.9690 source_val_ema=0.9815/0.9818 ep=65
[06:06:23] [train] epoch 66/100 steps=40 use_dann=0 das=jitter f=[-1.0,-1.0] p=1.00 gpu=3.0/15.8GB
[06:06:23] [train] ep=66 step=001/40 ce=0.2584 sc=0.7426 mi=0.0530 dn=0.0000 v13=0.0000 v15=0.0000 v16=0.0000 v17=0.0000 v18=0.0000 acc=1.0000 lr=8.65e-05 lambda=0.000 v18_lambda=0.000 gpu=3.0/15.8GB
[06:06:25] [train] ep=66 step=010/40 ce=0.2591 sc=0.7971 mi=0.0527 dn=0.0000 v13=0.0000 v15=0.0000 v16=0.0000 v17=0.0000 v18=0.0000 acc=1.0000 lr=8.55e-05 lambda=0.000 v18_lambda=0.000 gpu=3.0/15.8GB
[06:06:27] [train] ep=66 step=020/40 ce=0.2918 sc=0.7874 mi=0.0517 dn=0.0000 v13=0.0000 v15=0.0000 v16=0.0000 v17=0.0000 v18=0.0000 acc=1.0000 lr=8.44e-05 lambda=0.000 v18_lambda=0.000 gpu=3.0/15.8GB
[06:06:28] [train] ep=66 step=030/40 ce=0.3185 sc=0.8120 mi=0.0522 dn=0.0000 v13=0.0000 v15=0.0000 v16=0.0000 v17=0.0000 v18=0.0000 acc=0.9979 lr=8.33e-05 lambda=0.000 v18_lambda=0.000 gpu=3.0/15.8GB
[06:06:30] [train] ep=66 step=040/40 ce=0.3083 sc=0.7680 mi=0.0527 dn=0.0000 v13=0.0000 v15=0.0000 v16=0.0000 v17=0.0000 v18=0.0000 acc=0.9984 lr=8.22e-05 lambda=0.000 v18_lambda=0.000 gpu=3.0/15.8GB
[06:06:33] [ep_summary] ep=66/100 val_live=0.9630/0.9630 val_ema=0.9815/0.9818 test77_live=0.6475/0.6054 test77_diag_ema=0.5288/0.4474 v13=0.0000 v15=0.0000 v16=0.0000 v17=0.0000 v18=0.0000 das=jitter[-1,-1] p=1.00 ep_time=9.7s
[06:06:33] [save] best_sourcequalified77_ema ep=66 source_val_live=0.9630/0.9630 source_val_ema=0.9815/0.9818 test77_ema=0.5288/0.4474
[06:06:33] [train] epoch 67/100 steps=40 use_dann=0 das=jitter f=[-1.0,-1.0] p=1.00 gpu=3.0/15.8GB
[06:06:33] [train] ep=67 step=001/40 ce=0.2573 sc=0.7111 mi=0.0547 dn=0.0000 v13=0.0000 v15=0.0000 v16=0.0000 v17=0.0000 v18=0.0000 acc=1.0000 lr=8.21e-05 lambda=0.000 v18_lambda=0.000 gpu=3.0/15.8GB
[06:06:35] [train] ep=67 step=010/40 ce=0.2596 sc=0.7935 mi=0.0520 dn=0.0000 v13=0.0000 v15=0.0000 v16=0.0000 v17=0.0000 v18=0.0000 acc=1.0000 lr=8.11e-05 lambda=0.000 v18_lambda=0.000 gpu=3.0/15.8GB
[06:06:36] [train] ep=67 step=020/40 ce=0.3219 sc=0.8271 mi=0.0530 dn=0.0000 v13=0.0000 v15=0.0000 v16=0.0000 v17=0.0000 v18=0.0000 acc=0.9969 lr=8.01e-05 lambda=0.000 v18_lambda=0.000 gpu=3.0/15.8GB
[06:06:38] [train] ep=67 step=030/40 ce=0.3042 sc=0.8010 mi=0.0527 dn=0.0000 v13=0.0000 v15=0.0000 v16=0.0000 v17=0.0000 v18=0.0000 acc=0.9979 lr=7.90e-05 lambda=0.000 v18_lambda=0.000 gpu=3.0/15.8GB
[06:06:40] [train] ep=67 step=040/40 ce=0.3120 sc=0.7958 mi=0.0528 dn=0.0000 v13=0.0000 v15=0.0000 v16=0.0000 v17=0.0000 v18=0.0000 acc=0.9969 lr=7.79e-05 lambda=0.000 v18_lambda=0.000 gpu=3.0/15.8GB
[06:06:43] [ep_summary] ep=67/100 val_live=0.9630/0.9630 val_ema=0.9815/0.9818 test77_live=0.6079/0.5559 test77_diag_ema=0.5324/0.4504 v13=0.0000 v15=0.0000 v16=0.0000 v17=0.0000 v18=0.0000 das=jitter[-1,-1] p=1.00 ep_time=9.7s
[06:06:43] [save] best_sourcequalified77_ema ep=67 source_val_live=0.9630/0.9630 source_val_ema=0.9815/0.9818 test77_ema=0.5324/0.4504
[06:06:43] [train] epoch 68/100 steps=40 use_dann=0 das=jitter f=[-1.0,-1.0] p=1.00 gpu=3.0/15.8GB
[06:06:43] [train] ep=68 step=001/40 ce=0.8116 sc=1.3427 mi=0.0498 dn=0.0000 v13=0.0000 v15=0.0000 v16=0.0000 v17=0.0000 v18=0.0000 acc=0.9375 lr=7.78e-05 lambda=0.000 v18_lambda=0.000 gpu=3.0/15.8GB
[06:06:44] [train] ep=68 step=010/40 ce=0.4174 sc=0.7913 mi=0.0525 dn=0.0000 v13=0.0000 v15=0.0000 v16=0.0000 v17=0.0000 v18=0.0000 acc=0.9875 lr=7.69e-05 lambda=0.000 v18_lambda=0.000 gpu=3.0/15.8GB
[06:06:46] [train] ep=68 step=020/40 ce=0.3903 sc=0.8148 mi=0.0527 dn=0.0000 v13=0.0000 v15=0.0000 v16=0.0000 v17=0.0000 v18=0.0000 acc=0.9906 lr=7.58e-05 lambda=0.000 v18_lambda=0.000 gpu=3.0/15.8GB
[06:06:48] [train] ep=68 step=030/40 ce=0.3470 sc=0.7771 mi=0.0531 dn=0.0000 v13=0.0000 v15=0.0000 v16=0.0000 v17=0.0000 v18=0.0000 acc=0.9938 lr=7.48e-05 lambda=0.000 v18_lambda=0.000 gpu=3.0/15.8GB
[06:06:50] [train] ep=68 step=040/40 ce=0.3478 sc=0.7765 mi=0.0528 dn=0.0000 v13=0.0000 v15=0.0000 v16=0.0000 v17=0.0000 v18=0.0000 acc=0.9938 lr=7.37e-05 lambda=0.000 v18_lambda=0.000 gpu=3.0/15.8GB
[06:06:52] [ep_summary] ep=68/100 val_live=0.9691/0.9693 val_ema=0.9815/0.9818 test77_live=0.6223/0.5662 test77_diag_ema=0.5396/0.4627 v13=0.0000 v15=0.0000 v16=0.0000 v17=0.0000 v18=0.0000 das=jitter[-1,-1] p=1.00 ep_time=9.8s
[06:06:52] [save] best_sourcequalified77_ema ep=68 source_val_live=0.9691/0.9693 source_val_ema=0.9815/0.9818 test77_ema=0.5396/0.4627
[06:06:52] [train] epoch 69/100 steps=40 use_dann=0 das=jitter f=[-1.0,-1.0] p=1.00 gpu=3.0/15.8GB
[06:06:53] [train] ep=69 step=001/40 ce=0.2568 sc=0.9613 mi=0.0447 dn=0.0000 v13=0.0000 v15=0.0000 v16=0.0000 v17=0.0000 v18=0.0000 acc=1.0000 lr=7.36e-05 lambda=0.000 v18_lambda=0.000 gpu=3.0/15.8GB
[06:06:54] [train] ep=69 step=010/40 ce=0.3320 sc=0.9125 mi=0.0534 dn=0.0000 v13=0.0000 v15=0.0000 v16=0.0000 v17=0.0000 v18=0.0000 acc=0.9938 lr=7.27e-05 lambda=0.000 v18_lambda=0.000 gpu=3.0/15.8GB
[06:06:56] [train] ep=69 step=020/40 ce=0.2960 sc=0.8127 mi=0.0523 dn=0.0000 v13=0.0000 v15=0.0000 v16=0.0000 v17=0.0000 v18=0.0000 acc=0.9969 lr=7.16e-05 lambda=0.000 v18_lambda=0.000 gpu=3.0/15.8GB
[06:06:58] [train] ep=69 step=030/40 ce=0.2833 sc=0.7887 mi=0.0530 dn=0.0000 v13=0.0000 v15=0.0000 v16=0.0000 v17=0.0000 v18=0.0000 acc=0.9979 lr=7.06e-05 lambda=0.000 v18_lambda=0.000 gpu=3.0/15.8GB
[06:07:00] [train] ep=69 step=040/40 ce=0.2847 sc=0.7828 mi=0.0529 dn=0.0000 v13=0.0000 v15=0.0000 v16=0.0000 v17=0.0000 v18=0.0000 acc=0.9984 lr=6.96e-05 lambda=0.000 v18_lambda=0.000 gpu=3.0/15.8GB
[06:07:03] [ep_summary] ep=69/100 val_live=0.9691/0.9690 val_ema=0.9753/0.9755 test77_live=0.6295/0.5778 test77_diag_ema=0.5432/0.4685 v13=0.0000 v15=0.0000 v16=0.0000 v17=0.0000 v18=0.0000 das=jitter[-1,-1] p=1.00 ep_time=10.7s
[06:07:03] [save] best_sourcequalified77_ema ep=69 source_val_live=0.9691/0.9690 source_val_ema=0.9753/0.9755 test77_ema=0.5432/0.4685
[06:07:03] [train] epoch 70/100 steps=40 use_dann=0 das=jitter f=[-1.0,-1.0] p=1.00 gpu=3.0/15.8GB
[06:07:03] [train] ep=70 step=001/40 ce=0.2576 sc=1.0485 mi=0.0518 dn=0.0000 v13=0.0000 v15=0.0000 v16=0.0000 v17=0.0000 v18=0.0000 acc=1.0000 lr=6.95e-05 lambda=0.000 v18_lambda=0.000 gpu=3.0/15.8GB
[06:07:05] [train] ep=70 step=010/40 ce=0.2737 sc=0.8542 mi=0.0525 dn=0.0000 v13=0.0000 v15=0.0000 v16=0.0000 v17=0.0000 v18=0.0000 acc=1.0000 lr=6.85e-05 lambda=0.000 v18_lambda=0.000 gpu=3.0/15.8GB
[06:07:07] [train] ep=70 step=020/40 ce=0.2902 sc=0.8180 mi=0.0520 dn=0.0000 v13=0.0000 v15=0.0000 v16=0.0000 v17=0.0000 v18=0.0000 acc=0.9969 lr=6.75e-05 lambda=0.000 v18_lambda=0.000 gpu=3.0/15.8GB
[06:07:09] [train] ep=70 step=030/40 ce=0.3059 sc=0.8007 mi=0.0519 dn=0.0000 v13=0.0000 v15=0.0000 v16=0.0000 v17=0.0000 v18=0.0000 acc=0.9938 lr=6.65e-05 lambda=0.000 v18_lambda=0.000 gpu=3.0/15.8GB
[06:07:11] [train] ep=70 step=040/40 ce=0.3181 sc=0.8093 mi=0.0523 dn=0.0000 v13=0.0000 v15=0.0000 v16=0.0000 v17=0.0000 v18=0.0000 acc=0.9938 lr=6.55e-05 lambda=0.000 v18_lambda=0.000 gpu=3.0/15.8GB
[06:07:14] [pool] check ep=070/100 source_val_acc_ema=0.9691 threshold=0.90
[06:07:15] [pool] ep=070 ADDED src_val=0.9691/0.9693 dev77=0.5000/0.4320 final77=0.5540/0.4786
[06:07:15] [pool] running best ep=070 dev77_f1=0.4320 final77_f1=0.4786 (pool_size=4)
[06:07:15] [ep_summary] ep=70/100 val_live=0.9691/0.9690 val_ema=0.9691/0.9693 test77_live=0.5863/0.5417 test77_diag_ema=0.5540/0.4786 v13=0.0000 v15=0.0000 v16=0.0000 v17=0.0000 v18=0.0000 das=jitter[-1,-1] p=1.00 ep_time=12.1s
[06:07:15] [save] best_sourcequalified77_ema ep=70 source_val_live=0.9691/0.9690 source_val_ema=0.9691/0.9693 test77_ema=0.5540/0.4786
[06:07:15] [strict77_monitor] ep=70 best_source_epoch=65 source_val_ema=0.9815/0.9818 test77_ema_diag=0.5216/0.4393 sourcequalified_count=70 best_sourcequalified77_epoch=70 source_val_ema=0.9691/0.9693 test77_ema=0.5540/0.4786
[06:07:15] [train] epoch 71/100 steps=40 use_dann=0 das=jitter f=[-1.0,-1.0] p=1.00 gpu=3.0/15.8GB
[06:07:15] [train] ep=71 step=001/40 ce=0.2581 sc=0.7121 mi=0.0536 dn=0.0000 v13=0.0000 v15=0.0000 v16=0.0000 v17=0.0000 v18=0.0000 acc=1.0000 lr=6.54e-05 lambda=0.000 v18_lambda=0.000 gpu=3.0/15.8GB
[06:07:17] [train] ep=71 step=010/40 ce=0.2582 sc=0.8167 mi=0.0519 dn=0.0000 v13=0.0000 v15=0.0000 v16=0.0000 v17=0.0000 v18=0.0000 acc=1.0000 lr=6.45e-05 lambda=0.000 v18_lambda=0.000 gpu=3.0/15.8GB
[06:07:19] [train] ep=71 step=020/40 ce=0.3200 sc=0.7649 mi=0.0516 dn=0.0000 v13=0.0000 v15=0.0000 v16=0.0000 v17=0.0000 v18=0.0000 acc=0.9938 lr=6.35e-05 lambda=0.000 v18_lambda=0.000 gpu=3.0/15.8GB
[06:07:21] [train] ep=71 step=030/40 ce=0.3024 sc=0.7709 mi=0.0512 dn=0.0000 v13=0.0000 v15=0.0000 v16=0.0000 v17=0.0000 v18=0.0000 acc=0.9958 lr=6.25e-05 lambda=0.000 v18_lambda=0.000 gpu=3.0/15.8GB
[06:07:23] [train] ep=71 step=040/40 ce=0.2913 sc=0.7357 mi=0.0514 dn=0.0000 v13=0.0000 v15=0.0000 v16=0.0000 v17=0.0000 v18=0.0000 acc=0.9969 lr=6.15e-05 lambda=0.000 v18_lambda=0.000 gpu=3.0/15.8GB
[06:07:25] [ep_summary] ep=71/100 val_live=0.9691/0.9693 val_ema=0.9691/0.9693 test77_live=0.6007/0.5476 test77_diag_ema=0.5576/0.4844 v13=0.0000 v15=0.0000 v16=0.0000 v17=0.0000 v18=0.0000 das=jitter[-1,-1] p=1.00 ep_time=10.1s
[06:07:25] [save] best_sourcequalified77_ema ep=71 source_val_live=0.9691/0.9693 source_val_ema=0.9691/0.9693 test77_ema=0.5576/0.4844
[06:07:25] [train] epoch 72/100 steps=40 use_dann=0 das=jitter f=[-1.0,-1.0] p=1.00 gpu=3.0/15.8GB
[06:07:26] [train] ep=72 step=001/40 ce=0.2571 sc=0.7119 mi=0.0523 dn=0.0000 v13=0.0000 v15=0.0000 v16=0.0000 v17=0.0000 v18=0.0000 acc=1.0000 lr=6.14e-05 lambda=0.000 v18_lambda=0.000 gpu=3.0/15.8GB
[06:07:27] [train] ep=72 step=010/40 ce=0.2755 sc=0.7714 mi=0.0500 dn=0.0000 v13=0.0000 v15=0.0000 v16=0.0000 v17=0.0000 v18=0.0000 acc=1.0000 lr=6.06e-05 lambda=0.000 v18_lambda=0.000 gpu=3.0/15.8GB
[06:07:29] [train] ep=72 step=020/40 ce=0.2823 sc=0.7446 mi=0.0491 dn=0.0000 v13=0.0000 v15=0.0000 v16=0.0000 v17=0.0000 v18=0.0000 acc=1.0000 lr=5.96e-05 lambda=0.000 v18_lambda=0.000 gpu=3.0/15.8GB
[06:07:31] [train] ep=72 step=030/40 ce=0.2750 sc=0.7447 mi=0.0499 dn=0.0000 v13=0.0000 v15=0.0000 v16=0.0000 v17=0.0000 v18=0.0000 acc=1.0000 lr=5.86e-05 lambda=0.000 v18_lambda=0.000 gpu=3.0/15.8GB
[06:07:32] [train] ep=72 step=040/40 ce=0.2783 sc=0.7262 mi=0.0500 dn=0.0000 v13=0.0000 v15=0.0000 v16=0.0000 v17=0.0000 v18=0.0000 acc=1.0000 lr=5.77e-05 lambda=0.000 v18_lambda=0.000 gpu=3.0/15.8GB
[06:07:35] [ep_summary] ep=72/100 val_live=0.9630/0.9630 val_ema=0.9691/0.9693 test77_live=0.6115/0.5630 test77_diag_ema=0.5576/0.4844 v13=0.0000 v15=0.0000 v16=0.0000 v17=0.0000 v18=0.0000 das=jitter[-1,-1] p=1.00 ep_time=9.8s
[06:07:35] [train] epoch 73/100 steps=40 use_dann=0 das=jitter f=[-1.0,-1.0] p=1.00 gpu=3.0/15.8GB
[06:07:35] [train] ep=73 step=001/40 ce=0.2579 sc=1.1010 mi=0.0555 dn=0.0000 v13=0.0000 v15=0.0000 v16=0.0000 v17=0.0000 v18=0.0000 acc=1.0000 lr=5.76e-05 lambda=0.000 v18_lambda=0.000 gpu=3.0/15.8GB
[06:07:37] [train] ep=73 step=010/40 ce=0.2622 sc=0.6882 mi=0.0524 dn=0.0000 v13=0.0000 v15=0.0000 v16=0.0000 v17=0.0000 v18=0.0000 acc=1.0000 lr=5.67e-05 lambda=0.000 v18_lambda=0.000 gpu=3.0/15.8GB
[06:07:39] [train] ep=73 step=020/40 ce=0.2819 sc=0.7272 mi=0.0519 dn=0.0000 v13=0.0000 v15=0.0000 v16=0.0000 v17=0.0000 v18=0.0000 acc=0.9969 lr=5.58e-05 lambda=0.000 v18_lambda=0.000 gpu=3.0/15.8GB
[06:07:40] [train] ep=73 step=030/40 ce=0.2751 sc=0.7395 mi=0.0522 dn=0.0000 v13=0.0000 v15=0.0000 v16=0.0000 v17=0.0000 v18=0.0000 acc=0.9979 lr=5.48e-05 lambda=0.000 v18_lambda=0.000 gpu=3.0/15.8GB
[06:07:42] [train] ep=73 step=040/40 ce=0.2944 sc=0.7736 mi=0.0525 dn=0.0000 v13=0.0000 v15=0.0000 v16=0.0000 v17=0.0000 v18=0.0000 acc=0.9969 lr=5.39e-05 lambda=0.000 v18_lambda=0.000 gpu=3.0/15.8GB
[06:07:45] [ep_summary] ep=73/100 val_live=0.9691/0.9693 val_ema=0.9691/0.9693 test77_live=0.5719/0.5179 test77_diag_ema=0.5612/0.4928 v13=0.0000 v15=0.0000 v16=0.0000 v17=0.0000 v18=0.0000 das=jitter[-1,-1] p=1.00 ep_time=9.8s
[06:07:45] [save] best_sourcequalified77_ema ep=73 source_val_live=0.9691/0.9693 source_val_ema=0.9691/0.9693 test77_ema=0.5612/0.4928
[06:07:45] [train] epoch 74/100 steps=40 use_dann=0 das=jitter f=[-1.0,-1.0] p=1.00 gpu=3.0/15.8GB
[06:07:45] [train] ep=74 step=001/40 ce=0.5163 sc=0.5178 mi=0.0651 dn=0.0000 v13=0.0000 v15=0.0000 v16=0.0000 v17=0.0000 v18=0.0000 acc=1.0000 lr=5.38e-05 lambda=0.000 v18_lambda=0.000 gpu=3.0/15.8GB
[06:07:47] [train] ep=74 step=010/40 ce=0.2916 sc=0.7856 mi=0.0510 dn=0.0000 v13=0.0000 v15=0.0000 v16=0.0000 v17=0.0000 v18=0.0000 acc=1.0000 lr=5.30e-05 lambda=0.000 v18_lambda=0.000 gpu=3.0/15.8GB
[06:07:48] [train] ep=74 step=020/40 ce=0.2765 sc=0.7416 mi=0.0513 dn=0.0000 v13=0.0000 v15=0.0000 v16=0.0000 v17=0.0000 v18=0.0000 acc=1.0000 lr=5.20e-05 lambda=0.000 v18_lambda=0.000 gpu=3.0/15.8GB
[06:07:50] [train] ep=74 step=030/40 ce=0.2740 sc=0.7758 mi=0.0517 dn=0.0000 v13=0.0000 v15=0.0000 v16=0.0000 v17=0.0000 v18=0.0000 acc=1.0000 lr=5.11e-05 lambda=0.000 v18_lambda=0.000 gpu=3.0/15.8GB
[06:07:52] [train] ep=74 step=040/40 ce=0.2989 sc=0.7893 mi=0.0510 dn=0.0000 v13=0.0000 v15=0.0000 v16=0.0000 v17=0.0000 v18=0.0000 acc=0.9969 lr=5.02e-05 lambda=0.000 v18_lambda=0.000 gpu=3.0/15.8GB
[06:07:55] [ep_summary] ep=74/100 val_live=0.9691/0.9693 val_ema=0.9691/0.9693 test77_live=0.6547/0.5996 test77_diag_ema=0.5647/0.5013 v13=0.0000 v15=0.0000 v16=0.0000 v17=0.0000 v18=0.0000 das=jitter[-1,-1] p=1.00 ep_time=9.8s
[06:07:55] [save] best_sourcequalified77_ema ep=74 source_val_live=0.9691/0.9693 source_val_ema=0.9691/0.9693 test77_ema=0.5647/0.5013
[06:07:55] [train] epoch 75/100 steps=40 use_dann=0 das=jitter f=[-1.0,-1.0] p=1.00 gpu=3.0/15.8GB
[06:07:55] [train] ep=75 step=001/40 ce=0.2599 sc=0.7433 mi=0.0545 dn=0.0000 v13=0.0000 v15=0.0000 v16=0.0000 v17=0.0000 v18=0.0000 acc=1.0000 lr=5.01e-05 lambda=0.000 v18_lambda=0.000 gpu=3.0/15.8GB
[06:07:57] [train] ep=75 step=010/40 ce=0.3498 sc=0.7861 mi=0.0531 dn=0.0000 v13=0.0000 v15=0.0000 v16=0.0000 v17=0.0000 v18=0.0000 acc=0.9938 lr=4.93e-05 lambda=0.000 v18_lambda=0.000 gpu=3.0/15.8GB
[06:07:59] [train] ep=75 step=020/40 ce=0.3055 sc=0.7351 mi=0.0524 dn=0.0000 v13=0.0000 v15=0.0000 v16=0.0000 v17=0.0000 v18=0.0000 acc=0.9969 lr=4.84e-05 lambda=0.000 v18_lambda=0.000 gpu=3.0/15.8GB
[06:08:01] [train] ep=75 step=030/40 ce=0.2901 sc=0.7561 mi=0.0512 dn=0.0000 v13=0.0000 v15=0.0000 v16=0.0000 v17=0.0000 v18=0.0000 acc=0.9979 lr=4.75e-05 lambda=0.000 v18_lambda=0.000 gpu=3.0/15.8GB
[06:08:02] [train] ep=75 step=040/40 ce=0.2979 sc=0.7816 mi=0.0509 dn=0.0000 v13=0.0000 v15=0.0000 v16=0.0000 v17=0.0000 v18=0.0000 acc=0.9969 lr=4.66e-05 lambda=0.000 v18_lambda=0.000 gpu=3.0/15.8GB
[06:08:05] [ep_summary] ep=75/100 val_live=0.9753/0.9754 val_ema=0.9691/0.9693 test77_live=0.6619/0.6156 test77_diag_ema=0.5647/0.5002 v13=0.0000 v15=0.0000 v16=0.0000 v17=0.0000 v18=0.0000 das=jitter[-1,-1] p=1.00 ep_time=10.4s
[06:08:05] [train] epoch 76/100 steps=40 use_dann=0 das=jitter f=[-1.0,-1.0] p=1.00 gpu=3.0/15.8GB
[06:08:05] [train] ep=76 step=001/40 ce=0.4134 sc=0.7540 mi=0.0482 dn=0.0000 v13=0.0000 v15=0.0000 v16=0.0000 v17=0.0000 v18=0.0000 acc=1.0000 lr=4.65e-05 lambda=0.000 v18_lambda=0.000 gpu=3.0/15.8GB
[06:08:07] [train] ep=76 step=010/40 ce=0.2781 sc=0.6310 mi=0.0521 dn=0.0000 v13=0.0000 v15=0.0000 v16=0.0000 v17=0.0000 v18=0.0000 acc=1.0000 lr=4.58e-05 lambda=0.000 v18_lambda=0.000 gpu=3.0/15.8GB
[06:08:09] [train] ep=76 step=020/40 ce=0.3180 sc=0.7002 mi=0.0519 dn=0.0000 v13=0.0000 v15=0.0000 v16=0.0000 v17=0.0000 v18=0.0000 acc=0.9969 lr=4.49e-05 lambda=0.000 v18_lambda=0.000 gpu=3.0/15.8GB
[06:08:11] [train] ep=76 step=030/40 ce=0.2980 sc=0.7366 mi=0.0522 dn=0.0000 v13=0.0000 v15=0.0000 v16=0.0000 v17=0.0000 v18=0.0000 acc=0.9979 lr=4.40e-05 lambda=0.000 v18_lambda=0.000 gpu=3.0/15.8GB
[06:08:13] [train] ep=76 step=040/40 ce=0.3123 sc=0.7336 mi=0.0520 dn=0.0000 v13=0.0000 v15=0.0000 v16=0.0000 v17=0.0000 v18=0.0000 acc=0.9969 lr=4.32e-05 lambda=0.000 v18_lambda=0.000 gpu=3.0/15.8GB
[06:08:16] [ep_summary] ep=76/100 val_live=0.9691/0.9693 val_ema=0.9691/0.9693 test77_live=0.6187/0.5749 test77_diag_ema=0.5647/0.5002 v13=0.0000 v15=0.0000 v16=0.0000 v17=0.0000 v18=0.0000 das=jitter[-1,-1] p=1.00 ep_time=10.3s
[06:08:16] [train] epoch 77/100 steps=40 use_dann=0 das=jitter f=[-1.0,-1.0] p=1.00 gpu=3.0/15.8GB
[06:08:16] [train] ep=77 step=001/40 ce=0.2576 sc=0.5371 mi=0.0476 dn=0.0000 v13=0.0000 v15=0.0000 v16=0.0000 v17=0.0000 v18=0.0000 acc=1.0000 lr=4.31e-05 lambda=0.000 v18_lambda=0.000 gpu=3.0/15.8GB
[06:08:17] [train] ep=77 step=010/40 ce=0.2691 sc=0.6767 mi=0.0516 dn=0.0000 v13=0.0000 v15=0.0000 v16=0.0000 v17=0.0000 v18=0.0000 acc=1.0000 lr=4.23e-05 lambda=0.000 v18_lambda=0.000 gpu=3.0/15.8GB
[06:08:19] [train] ep=77 step=020/40 ce=0.2922 sc=0.7273 mi=0.0505 dn=0.0000 v13=0.0000 v15=0.0000 v16=0.0000 v17=0.0000 v18=0.0000 acc=0.9969 lr=4.15e-05 lambda=0.000 v18_lambda=0.000 gpu=3.0/15.8GB
[06:08:21] [train] ep=77 step=030/40 ce=0.3035 sc=0.7406 mi=0.0503 dn=0.0000 v13=0.0000 v15=0.0000 v16=0.0000 v17=0.0000 v18=0.0000 acc=0.9958 lr=4.06e-05 lambda=0.000 v18_lambda=0.000 gpu=3.0/15.8GB
[06:08:23] [train] ep=77 step=040/40 ce=0.2950 sc=0.7609 mi=0.0504 dn=0.0000 v13=0.0000 v15=0.0000 v16=0.0000 v17=0.0000 v18=0.0000 acc=0.9969 lr=3.98e-05 lambda=0.000 v18_lambda=0.000 gpu=3.0/15.8GB
[06:08:26] [ep_summary] ep=77/100 val_live=0.9753/0.9754 val_ema=0.9691/0.9693 test77_live=0.6439/0.6047 test77_diag_ema=0.5719/0.5065 v13=0.0000 v15=0.0000 v16=0.0000 v17=0.0000 v18=0.0000 das=jitter[-1,-1] p=1.00 ep_time=10.7s
[06:08:26] [save] best_sourcequalified77_ema ep=77 source_val_live=0.9753/0.9754 source_val_ema=0.9691/0.9693 test77_ema=0.5719/0.5065
[06:08:26] [train] epoch 78/100 steps=40 use_dann=0 das=jitter f=[-1.0,-1.0] p=1.00 gpu=3.0/15.8GB
[06:08:26] [train] ep=78 step=001/40 ce=0.2570 sc=0.5968 mi=0.0460 dn=0.0000 v13=0.0000 v15=0.0000 v16=0.0000 v17=0.0000 v18=0.0000 acc=1.0000 lr=3.97e-05 lambda=0.000 v18_lambda=0.000 gpu=3.0/15.8GB
[06:08:28] [train] ep=78 step=010/40 ce=0.2597 sc=0.7181 mi=0.0529 dn=0.0000 v13=0.0000 v15=0.0000 v16=0.0000 v17=0.0000 v18=0.0000 acc=1.0000 lr=3.90e-05 lambda=0.000 v18_lambda=0.000 gpu=3.0/15.8GB
[06:08:30] [train] ep=78 step=020/40 ce=0.2590 sc=0.6867 mi=0.0525 dn=0.0000 v13=0.0000 v15=0.0000 v16=0.0000 v17=0.0000 v18=0.0000 acc=1.0000 lr=3.82e-05 lambda=0.000 v18_lambda=0.000 gpu=3.0/15.8GB
[06:08:32] [train] ep=78 step=030/40 ce=0.2773 sc=0.7359 mi=0.0531 dn=0.0000 v13=0.0000 v15=0.0000 v16=0.0000 v17=0.0000 v18=0.0000 acc=0.9979 lr=3.74e-05 lambda=0.000 v18_lambda=0.000 gpu=3.0/15.8GB
[06:08:34] [train] ep=78 step=040/40 ce=0.3192 sc=0.7602 mi=0.0523 dn=0.0000 v13=0.0000 v15=0.0000 v16=0.0000 v17=0.0000 v18=0.0000 acc=0.9953 lr=3.66e-05 lambda=0.000 v18_lambda=0.000 gpu=3.0/15.8GB
[06:08:37] [ep_summary] ep=78/100 val_live=0.9753/0.9754 val_ema=0.9691/0.9693 test77_live=0.6367/0.5945 test77_diag_ema=0.5719/0.5066 v13=0.0000 v15=0.0000 v16=0.0000 v17=0.0000 v18=0.0000 das=jitter[-1,-1] p=1.00 ep_time=10.4s
[06:08:37] [save] best_sourcequalified77_ema ep=78 source_val_live=0.9753/0.9754 source_val_ema=0.9691/0.9693 test77_ema=0.5719/0.5066
[06:08:37] [train] epoch 79/100 steps=40 use_dann=0 das=jitter f=[-1.0,-1.0] p=1.00 gpu=3.0/15.8GB
[06:08:37] [train] ep=79 step=001/40 ce=0.2565 sc=0.8374 mi=0.0538 dn=0.0000 v13=0.0000 v15=0.0000 v16=0.0000 v17=0.0000 v18=0.0000 acc=1.0000 lr=3.65e-05 lambda=0.000 v18_lambda=0.000 gpu=3.0/15.8GB
[06:08:39] [train] ep=79 step=010/40 ce=0.2576 sc=0.8482 mi=0.0527 dn=0.0000 v13=0.0000 v15=0.0000 v16=0.0000 v17=0.0000 v18=0.0000 acc=1.0000 lr=3.58e-05 lambda=0.000 v18_lambda=0.000 gpu=3.0/15.8GB
[06:08:41] [train] ep=79 step=020/40 ce=0.3272 sc=0.8881 mi=0.0516 dn=0.0000 v13=0.0000 v15=0.0000 v16=0.0000 v17=0.0000 v18=0.0000 acc=0.9938 lr=3.50e-05 lambda=0.000 v18_lambda=0.000 gpu=3.0/15.8GB
[06:08:42] [train] ep=79 step=030/40 ce=0.3037 sc=0.8496 mi=0.0513 dn=0.0000 v13=0.0000 v15=0.0000 v16=0.0000 v17=0.0000 v18=0.0000 acc=0.9958 lr=3.42e-05 lambda=0.000 v18_lambda=0.000 gpu=3.0/15.8GB
[06:08:44] [train] ep=79 step=040/40 ce=0.2922 sc=0.8356 mi=0.0511 dn=0.0000 v13=0.0000 v15=0.0000 v16=0.0000 v17=0.0000 v18=0.0000 acc=0.9969 lr=3.35e-05 lambda=0.000 v18_lambda=0.000 gpu=3.0/15.8GB
[06:08:47] [ep_summary] ep=79/100 val_live=0.9691/0.9690 val_ema=0.9691/0.9693 test77_live=0.6655/0.6182 test77_diag_ema=0.5755/0.5111 v13=0.0000 v15=0.0000 v16=0.0000 v17=0.0000 v18=0.0000 das=jitter[-1,-1] p=1.00 ep_time=10.5s
[06:08:47] [save] best_sourcequalified77_ema ep=79 source_val_live=0.9691/0.9690 source_val_ema=0.9691/0.9693 test77_ema=0.5755/0.5111
[06:08:47] [train] epoch 80/100 steps=40 use_dann=0 das=jitter f=[-1.0,-1.0] p=1.00 gpu=3.0/15.8GB
[06:08:47] [train] ep=80 step=001/40 ce=0.2565 sc=0.8395 mi=0.0559 dn=0.0000 v13=0.0000 v15=0.0000 v16=0.0000 v17=0.0000 v18=0.0000 acc=1.0000 lr=3.34e-05 lambda=0.000 v18_lambda=0.000 gpu=3.0/15.8GB
[06:08:49] [train] ep=80 step=010/40 ce=0.2866 sc=0.7358 mi=0.0491 dn=0.0000 v13=0.0000 v15=0.0000 v16=0.0000 v17=0.0000 v18=0.0000 acc=1.0000 lr=3.27e-05 lambda=0.000 v18_lambda=0.000 gpu=3.0/15.8GB
[06:08:51] [train] ep=80 step=020/40 ce=0.2723 sc=0.7338 mi=0.0504 dn=0.0000 v13=0.0000 v15=0.0000 v16=0.0000 v17=0.0000 v18=0.0000 acc=1.0000 lr=3.19e-05 lambda=0.000 v18_lambda=0.000 gpu=3.0/15.8GB
[06:08:53] [train] ep=80 step=030/40 ce=0.3057 sc=0.7546 mi=0.0508 dn=0.0000 v13=0.0000 v15=0.0000 v16=0.0000 v17=0.0000 v18=0.0000 acc=0.9958 lr=3.12e-05 lambda=0.000 v18_lambda=0.000 gpu=3.0/15.8GB
[06:08:55] [train] ep=80 step=040/40 ce=0.3071 sc=0.7655 mi=0.0502 dn=0.0000 v13=0.0000 v15=0.0000 v16=0.0000 v17=0.0000 v18=0.0000 acc=0.9953 lr=3.05e-05 lambda=0.000 v18_lambda=0.000 gpu=3.0/15.8GB
[06:08:57] [pool] check ep=080/100 source_val_acc_ema=0.9691 threshold=0.90
[06:08:59] [pool] ep=080 ADDED src_val=0.9691/0.9693 dev77=0.5429/0.4933 final77=0.5755/0.5106
[06:08:59] [pool] running best ep=080 dev77_f1=0.4933 final77_f1=0.5106 (pool_size=5)
[06:08:59] [ep_summary] ep=80/100 val_live=0.9753/0.9754 val_ema=0.9691/0.9693 test77_live=0.6727/0.6186 test77_diag_ema=0.5755/0.5106 v13=0.0000 v15=0.0000 v16=0.0000 v17=0.0000 v18=0.0000 das=jitter[-1,-1] p=1.00 ep_time=11.5s
[06:08:59] [strict77_monitor] ep=80 best_source_epoch=65 source_val_ema=0.9815/0.9818 test77_ema_diag=0.5216/0.4393 sourcequalified_count=80 best_sourcequalified77_epoch=79 source_val_ema=0.9691/0.9693 test77_ema=0.5755/0.5111
[06:08:59] [train] epoch 81/100 steps=40 use_dann=0 das=jitter f=[-1.0,-1.0] p=1.00 gpu=3.0/15.8GB
[06:08:59] [train] ep=81 step=001/40 ce=0.2596 sc=0.7292 mi=0.0419 dn=0.0000 v13=0.0000 v15=0.0000 v16=0.0000 v17=0.0000 v18=0.0000 acc=1.0000 lr=3.04e-05 lambda=0.000 v18_lambda=0.000 gpu=3.0/15.8GB
[06:09:01] [train] ep=81 step=010/40 ce=0.2603 sc=0.8786 mi=0.0497 dn=0.0000 v13=0.0000 v15=0.0000 v16=0.0000 v17=0.0000 v18=0.0000 acc=1.0000 lr=2.97e-05 lambda=0.000 v18_lambda=0.000 gpu=3.0/15.8GB
[06:09:03] [train] ep=81 step=020/40 ce=0.3196 sc=0.8257 mi=0.0496 dn=0.0000 v13=0.0000 v15=0.0000 v16=0.0000 v17=0.0000 v18=0.0000 acc=0.9938 lr=2.90e-05 lambda=0.000 v18_lambda=0.000 gpu=3.0/15.8GB
[06:09:05] [train] ep=81 step=030/40 ce=0.3183 sc=0.8722 mi=0.0497 dn=0.0000 v13=0.0000 v15=0.0000 v16=0.0000 v17=0.0000 v18=0.0000 acc=0.9958 lr=2.83e-05 lambda=0.000 v18_lambda=0.000 gpu=3.0/15.8GB
[06:09:06] [train] ep=81 step=040/40 ce=0.3146 sc=0.8742 mi=0.0495 dn=0.0000 v13=0.0000 v15=0.0000 v16=0.0000 v17=0.0000 v18=0.0000 acc=0.9953 lr=2.76e-05 lambda=0.000 v18_lambda=0.000 gpu=3.0/15.8GB
[06:09:09] [ep_summary] ep=81/100 val_live=0.9753/0.9754 val_ema=0.9691/0.9693 test77_live=0.6583/0.6049 test77_diag_ema=0.5755/0.5110 v13=0.0000 v15=0.0000 v16=0.0000 v17=0.0000 v18=0.0000 das=jitter[-1,-1] p=1.00 ep_time=10.4s
[06:09:09] [train] epoch 82/100 steps=40 use_dann=0 das=jitter f=[-1.0,-1.0] p=1.00 gpu=3.0/15.8GB
[06:09:09] [train] ep=82 step=001/40 ce=0.2566 sc=0.6303 mi=0.0537 dn=0.0000 v13=0.0000 v15=0.0000 v16=0.0000 v17=0.0000 v18=0.0000 acc=1.0000 lr=2.75e-05 lambda=0.000 v18_lambda=0.000 gpu=3.0/15.8GB
[06:09:11] [train] ep=82 step=010/40 ce=0.2579 sc=0.7349 mi=0.0530 dn=0.0000 v13=0.0000 v15=0.0000 v16=0.0000 v17=0.0000 v18=0.0000 acc=1.0000 lr=2.69e-05 lambda=0.000 v18_lambda=0.000 gpu=3.0/15.8GB
[06:09:13] [train] ep=82 step=020/40 ce=0.2867 sc=0.7099 mi=0.0506 dn=0.0000 v13=0.0000 v15=0.0000 v16=0.0000 v17=0.0000 v18=0.0000 acc=0.9969 lr=2.62e-05 lambda=0.000 v18_lambda=0.000 gpu=3.0/15.8GB
[06:09:15] [train] ep=82 step=030/40 ce=0.2812 sc=0.7559 mi=0.0504 dn=0.0000 v13=0.0000 v15=0.0000 v16=0.0000 v17=0.0000 v18=0.0000 acc=0.9979 lr=2.55e-05 lambda=0.000 v18_lambda=0.000 gpu=3.0/15.8GB
[06:09:17] [train] ep=82 step=040/40 ce=0.2976 sc=0.7660 mi=0.0501 dn=0.0000 v13=0.0000 v15=0.0000 v16=0.0000 v17=0.0000 v18=0.0000 acc=0.9969 lr=2.48e-05 lambda=0.000 v18_lambda=0.000 gpu=3.0/15.8GB
[06:09:20] [ep_summary] ep=82/100 val_live=0.9753/0.9754 val_ema=0.9691/0.9693 test77_live=0.6259/0.5746 test77_diag_ema=0.5755/0.5110 v13=0.0000 v15=0.0000 v16=0.0000 v17=0.0000 v18=0.0000 das=jitter[-1,-1] p=1.00 ep_time=10.8s
[06:09:20] [train] epoch 83/100 steps=40 use_dann=0 das=jitter f=[-1.0,-1.0] p=1.00 gpu=3.0/15.8GB
[06:09:20] [train] ep=83 step=001/40 ce=0.2565 sc=0.7431 mi=0.0453 dn=0.0000 v13=0.0000 v15=0.0000 v16=0.0000 v17=0.0000 v18=0.0000 acc=1.0000 lr=2.48e-05 lambda=0.000 v18_lambda=0.000 gpu=3.0/15.8GB
[06:09:22] [train] ep=83 step=010/40 ce=0.3245 sc=0.6988 mi=0.0488 dn=0.0000 v13=0.0000 v15=0.0000 v16=0.0000 v17=0.0000 v18=0.0000 acc=0.9938 lr=2.42e-05 lambda=0.000 v18_lambda=0.000 gpu=3.0/15.8GB
[06:09:23] [train] ep=83 step=020/40 ce=0.2907 sc=0.7531 mi=0.0490 dn=0.0000 v13=0.0000 v15=0.0000 v16=0.0000 v17=0.0000 v18=0.0000 acc=0.9969 lr=2.35e-05 lambda=0.000 v18_lambda=0.000 gpu=3.0/15.8GB
[06:09:25] [train] ep=83 step=030/40 ce=0.3121 sc=0.7553 mi=0.0487 dn=0.0000 v13=0.0000 v15=0.0000 v16=0.0000 v17=0.0000 v18=0.0000 acc=0.9958 lr=2.29e-05 lambda=0.000 v18_lambda=0.000 gpu=3.0/15.8GB
[06:09:27] [train] ep=83 step=040/40 ce=0.2984 sc=0.7662 mi=0.0489 dn=0.0000 v13=0.0000 v15=0.0000 v16=0.0000 v17=0.0000 v18=0.0000 acc=0.9969 lr=2.22e-05 lambda=0.000 v18_lambda=0.000 gpu=3.0/15.8GB
[06:09:30] [ep_summary] ep=83/100 val_live=0.9753/0.9754 val_ema=0.9691/0.9693 test77_live=0.5863/0.5355 test77_diag_ema=0.5791/0.5154 v13=0.0000 v15=0.0000 v16=0.0000 v17=0.0000 v18=0.0000 das=jitter[-1,-1] p=1.00 ep_time=9.8s
[06:09:30] [save] best_sourcequalified77_ema ep=83 source_val_live=0.9753/0.9754 source_val_ema=0.9691/0.9693 test77_ema=0.5791/0.5154
[06:09:30] [train] epoch 84/100 steps=40 use_dann=0 das=jitter f=[-1.0,-1.0] p=1.00 gpu=3.0/15.8GB
[06:09:30] [train] ep=84 step=001/40 ce=0.3171 sc=0.5695 mi=0.0449 dn=0.0000 v13=0.0000 v15=0.0000 v16=0.0000 v17=0.0000 v18=0.0000 acc=1.0000 lr=2.22e-05 lambda=0.000 v18_lambda=0.000 gpu=3.0/15.8GB
[06:09:32] [train] ep=84 step=010/40 ce=0.2660 sc=0.7567 mi=0.0499 dn=0.0000 v13=0.0000 v15=0.0000 v16=0.0000 v17=0.0000 v18=0.0000 acc=1.0000 lr=2.16e-05 lambda=0.000 v18_lambda=0.000 gpu=3.0/15.8GB
[06:09:33] [train] ep=84 step=020/40 ce=0.2629 sc=0.7840 mi=0.0508 dn=0.0000 v13=0.0000 v15=0.0000 v16=0.0000 v17=0.0000 v18=0.0000 acc=1.0000 lr=2.10e-05 lambda=0.000 v18_lambda=0.000 gpu=3.0/15.8GB
[06:09:35] [train] ep=84 step=030/40 ce=0.2742 sc=0.7999 mi=0.0509 dn=0.0000 v13=0.0000 v15=0.0000 v16=0.0000 v17=0.0000 v18=0.0000 acc=0.9979 lr=2.04e-05 lambda=0.000 v18_lambda=0.000 gpu=3.0/15.8GB
[06:09:37] [train] ep=84 step=040/40 ce=0.2743 sc=0.7763 mi=0.0502 dn=0.0000 v13=0.0000 v15=0.0000 v16=0.0000 v17=0.0000 v18=0.0000 acc=0.9984 lr=1.98e-05 lambda=0.000 v18_lambda=0.000 gpu=3.0/15.8GB
[06:09:40] [ep_summary] ep=84/100 val_live=0.9753/0.9754 val_ema=0.9691/0.9693 test77_live=0.6223/0.5698 test77_diag_ema=0.5827/0.5179 v13=0.0000 v15=0.0000 v16=0.0000 v17=0.0000 v18=0.0000 das=jitter[-1,-1] p=1.00 ep_time=9.8s
[06:09:40] [save] best_sourcequalified77_ema ep=84 source_val_live=0.9753/0.9754 source_val_ema=0.9691/0.9693 test77_ema=0.5827/0.5179
[06:09:40] [train] epoch 85/100 steps=40 use_dann=0 das=jitter f=[-1.0,-1.0] p=1.00 gpu=3.0/15.8GB
[06:09:40] [train] ep=85 step=001/40 ce=0.2578 sc=0.7155 mi=0.0557 dn=0.0000 v13=0.0000 v15=0.0000 v16=0.0000 v17=0.0000 v18=0.0000 acc=1.0000 lr=1.97e-05 lambda=0.000 v18_lambda=0.000 gpu=3.0/15.8GB
[06:09:41] [train] ep=85 step=010/40 ce=0.2631 sc=0.6923 mi=0.0503 dn=0.0000 v13=0.0000 v15=0.0000 v16=0.0000 v17=0.0000 v18=0.0000 acc=1.0000 lr=1.92e-05 lambda=0.000 v18_lambda=0.000 gpu=3.0/15.8GB
[06:09:43] [train] ep=85 step=020/40 ce=0.2722 sc=0.7414 mi=0.0498 dn=0.0000 v13=0.0000 v15=0.0000 v16=0.0000 v17=0.0000 v18=0.0000 acc=1.0000 lr=1.86e-05 lambda=0.000 v18_lambda=0.000 gpu=3.0/15.8GB
[06:09:45] [train] ep=85 step=030/40 ce=0.2733 sc=0.7925 mi=0.0501 dn=0.0000 v13=0.0000 v15=0.0000 v16=0.0000 v17=0.0000 v18=0.0000 acc=1.0000 lr=1.80e-05 lambda=0.000 v18_lambda=0.000 gpu=3.0/15.8GB
[06:09:47] [train] ep=85 step=040/40 ce=0.2733 sc=0.7702 mi=0.0497 dn=0.0000 v13=0.0000 v15=0.0000 v16=0.0000 v17=0.0000 v18=0.0000 acc=1.0000 lr=1.74e-05 lambda=0.000 v18_lambda=0.000 gpu=3.0/15.8GB
[06:09:50] [ep_summary] ep=85/100 val_live=0.9753/0.9754 val_ema=0.9691/0.9693 test77_live=0.6475/0.5937 test77_diag_ema=0.5827/0.5168 v13=0.0000 v15=0.0000 v16=0.0000 v17=0.0000 v18=0.0000 das=jitter[-1,-1] p=1.00 ep_time=10.2s
[06:09:50] [train] epoch 86/100 steps=40 use_dann=0 das=jitter f=[-1.0,-1.0] p=1.00 gpu=3.0/15.8GB
[06:09:50] [train] ep=86 step=001/40 ce=0.2579 sc=0.8410 mi=0.0586 dn=0.0000 v13=0.0000 v15=0.0000 v16=0.0000 v17=0.0000 v18=0.0000 acc=1.0000 lr=1.74e-05 lambda=0.000 v18_lambda=0.000 gpu=3.0/15.8GB
[06:09:51] [train] ep=86 step=010/40 ce=0.2623 sc=0.6916 mi=0.0528 dn=0.0000 v13=0.0000 v15=0.0000 v16=0.0000 v17=0.0000 v18=0.0000 acc=1.0000 lr=1.68e-05 lambda=0.000 v18_lambda=0.000 gpu=3.0/15.8GB
[06:09:53] [train] ep=86 step=020/40 ce=0.2661 sc=0.6968 mi=0.0524 dn=0.0000 v13=0.0000 v15=0.0000 v16=0.0000 v17=0.0000 v18=0.0000 acc=1.0000 lr=1.63e-05 lambda=0.000 v18_lambda=0.000 gpu=3.0/15.8GB
[06:09:55] [train] ep=86 step=030/40 ce=0.2633 sc=0.7121 mi=0.0520 dn=0.0000 v13=0.0000 v15=0.0000 v16=0.0000 v17=0.0000 v18=0.0000 acc=1.0000 lr=1.57e-05 lambda=0.000 v18_lambda=0.000 gpu=3.0/15.8GB
[06:09:57] [train] ep=86 step=040/40 ce=0.2711 sc=0.7350 mi=0.0516 dn=0.0000 v13=0.0000 v15=0.0000 v16=0.0000 v17=0.0000 v18=0.0000 acc=1.0000 lr=1.52e-05 lambda=0.000 v18_lambda=0.000 gpu=3.0/15.8GB
[06:10:00] [ep_summary] ep=86/100 val_live=0.9753/0.9754 val_ema=0.9691/0.9693 test77_live=0.6331/0.5783 test77_diag_ema=0.5827/0.5168 v13=0.0000 v15=0.0000 v16=0.0000 v17=0.0000 v18=0.0000 das=jitter[-1,-1] p=1.00 ep_time=9.9s
[06:10:00] [train] epoch 87/100 steps=40 use_dann=0 das=jitter f=[-1.0,-1.0] p=1.00 gpu=3.0/15.8GB
[06:10:00] [train] ep=87 step=001/40 ce=0.2566 sc=0.7136 mi=0.0484 dn=0.0000 v13=0.0000 v15=0.0000 v16=0.0000 v17=0.0000 v18=0.0000 acc=1.0000 lr=1.52e-05 lambda=0.000 v18_lambda=0.000 gpu=3.0/15.8GB
[06:10:01] [train] ep=87 step=010/40 ce=0.3228 sc=0.7198 mi=0.0510 dn=0.0000 v13=0.0000 v15=0.0000 v16=0.0000 v17=0.0000 v18=0.0000 acc=0.9938 lr=1.47e-05 lambda=0.000 v18_lambda=0.000 gpu=3.0/15.8GB
[06:10:03] [train] ep=87 step=020/40 ce=0.2910 sc=0.7497 mi=0.0498 dn=0.0000 v13=0.0000 v15=0.0000 v16=0.0000 v17=0.0000 v18=0.0000 acc=0.9969 lr=1.42e-05 lambda=0.000 v18_lambda=0.000 gpu=3.0/15.8GB
[06:10:05] [train] ep=87 step=030/40 ce=0.2941 sc=0.7298 mi=0.0502 dn=0.0000 v13=0.0000 v15=0.0000 v16=0.0000 v17=0.0000 v18=0.0000 acc=0.9958 lr=1.37e-05 lambda=0.000 v18_lambda=0.000 gpu=3.0/15.8GB
[06:10:07] [train] ep=87 step=040/40 ce=0.2888 sc=0.7395 mi=0.0499 dn=0.0000 v13=0.0000 v15=0.0000 v16=0.0000 v17=0.0000 v18=0.0000 acc=0.9969 lr=1.31e-05 lambda=0.000 v18_lambda=0.000 gpu=3.0/15.8GB
[06:10:09] [ep_summary] ep=87/100 val_live=0.9753/0.9754 val_ema=0.9691/0.9693 test77_live=0.6475/0.5937 test77_diag_ema=0.5827/0.5158 v13=0.0000 v15=0.0000 v16=0.0000 v17=0.0000 v18=0.0000 das=jitter[-1,-1] p=1.00 ep_time=9.8s
[06:10:09] [train] epoch 88/100 steps=40 use_dann=0 das=jitter f=[-1.0,-1.0] p=1.00 gpu=3.0/15.8GB
[06:10:10] [train] ep=88 step=001/40 ce=0.2556 sc=0.4649 mi=0.0592 dn=0.0000 v13=0.0000 v15=0.0000 v16=0.0000 v17=0.0000 v18=0.0000 acc=1.0000 lr=1.31e-05 lambda=0.000 v18_lambda=0.000 gpu=3.0/15.8GB
[06:10:11] [train] ep=88 step=010/40 ce=0.2581 sc=0.7410 mi=0.0520 dn=0.0000 v13=0.0000 v15=0.0000 v16=0.0000 v17=0.0000 v18=0.0000 acc=1.0000 lr=1.27e-05 lambda=0.000 v18_lambda=0.000 gpu=3.0/15.8GB
[06:10:13] [train] ep=88 step=020/40 ce=0.2619 sc=0.8086 mi=0.0499 dn=0.0000 v13=0.0000 v15=0.0000 v16=0.0000 v17=0.0000 v18=0.0000 acc=1.0000 lr=1.22e-05 lambda=0.000 v18_lambda=0.000 gpu=3.0/15.8GB
[06:10:15] [train] ep=88 step=030/40 ce=0.2878 sc=0.8132 mi=0.0504 dn=0.0000 v13=0.0000 v15=0.0000 v16=0.0000 v17=0.0000 v18=0.0000 acc=0.9979 lr=1.17e-05 lambda=0.000 v18_lambda=0.000 gpu=3.0/15.8GB
[06:10:17] [train] ep=88 step=040/40 ce=0.2844 sc=0.7972 mi=0.0503 dn=0.0000 v13=0.0000 v15=0.0000 v16=0.0000 v17=0.0000 v18=0.0000 acc=0.9984 lr=1.12e-05 lambda=0.000 v18_lambda=0.000 gpu=3.0/15.8GB
[06:10:19] [ep_summary] ep=88/100 val_live=0.9753/0.9754 val_ema=0.9691/0.9693 test77_live=0.6475/0.5937 test77_diag_ema=0.5791/0.5136 v13=0.0000 v15=0.0000 v16=0.0000 v17=0.0000 v18=0.0000 das=jitter[-1,-1] p=1.00 ep_time=9.9s
[06:10:19] [train] epoch 89/100 steps=40 use_dann=0 das=jitter f=[-1.0,-1.0] p=1.00 gpu=3.0/15.8GB
[06:10:19] [train] ep=89 step=001/40 ce=0.2594 sc=0.5966 mi=0.0546 dn=0.0000 v13=0.0000 v15=0.0000 v16=0.0000 v17=0.0000 v18=0.0000 acc=1.0000 lr=1.12e-05 lambda=0.000 v18_lambda=0.000 gpu=3.0/15.8GB
[06:10:21] [train] ep=89 step=010/40 ce=0.2573 sc=0.7839 mi=0.0524 dn=0.0000 v13=0.0000 v15=0.0000 v16=0.0000 v17=0.0000 v18=0.0000 acc=1.0000 lr=1.08e-05 lambda=0.000 v18_lambda=0.000 gpu=3.0/15.8GB
[06:10:23] [train] ep=89 step=020/40 ce=0.2572 sc=0.7014 mi=0.0520 dn=0.0000 v13=0.0000 v15=0.0000 v16=0.0000 v17=0.0000 v18=0.0000 acc=1.0000 lr=1.03e-05 lambda=0.000 v18_lambda=0.000 gpu=3.0/15.8GB
[06:10:25] [train] ep=89 step=030/40 ce=0.2623 sc=0.7320 mi=0.0510 dn=0.0000 v13=0.0000 v15=0.0000 v16=0.0000 v17=0.0000 v18=0.0000 acc=1.0000 lr=9.89e-06 lambda=0.000 v18_lambda=0.000 gpu=3.0/15.8GB
[06:10:26] [train] ep=89 step=040/40 ce=0.2612 sc=0.7429 mi=0.0514 dn=0.0000 v13=0.0000 v15=0.0000 v16=0.0000 v17=0.0000 v18=0.0000 acc=1.0000 lr=9.46e-06 lambda=0.000 v18_lambda=0.000 gpu=3.0/15.8GB
[06:10:29] [ep_summary] ep=89/100 val_live=0.9753/0.9754 val_ema=0.9691/0.9693 test77_live=0.6403/0.5896 test77_diag_ema=0.5791/0.5145 v13=0.0000 v15=0.0000 v16=0.0000 v17=0.0000 v18=0.0000 das=jitter[-1,-1] p=1.00 ep_time=9.8s
[06:10:29] [train] epoch 90/100 steps=40 use_dann=0 das=jitter f=[-1.0,-1.0] p=1.00 gpu=3.0/15.8GB
[06:10:29] [train] ep=90 step=001/40 ce=0.2569 sc=0.5985 mi=0.0451 dn=0.0000 v13=0.0000 v15=0.0000 v16=0.0000 v17=0.0000 v18=0.0000 acc=1.0000 lr=9.42e-06 lambda=0.000 v18_lambda=0.000 gpu=3.0/15.8GB
[06:10:31] [train] ep=90 step=010/40 ce=0.2570 sc=0.5910 mi=0.0489 dn=0.0000 v13=0.0000 v15=0.0000 v16=0.0000 v17=0.0000 v18=0.0000 acc=1.0000 lr=9.04e-06 lambda=0.000 v18_lambda=0.000 gpu=3.0/15.8GB
[06:10:33] [train] ep=90 step=020/40 ce=0.2881 sc=0.7019 mi=0.0503 dn=0.0000 v13=0.0000 v15=0.0000 v16=0.0000 v17=0.0000 v18=0.0000 acc=0.9969 lr=8.63e-06 lambda=0.000 v18_lambda=0.000 gpu=3.0/15.8GB
[06:10:34] [train] ep=90 step=030/40 ce=0.2851 sc=0.7132 mi=0.0496 dn=0.0000 v13=0.0000 v15=0.0000 v16=0.0000 v17=0.0000 v18=0.0000 acc=0.9979 lr=8.23e-06 lambda=0.000 v18_lambda=0.000 gpu=3.0/15.8GB
[06:10:36] [train] ep=90 step=040/40 ce=0.2783 sc=0.7192 mi=0.0494 dn=0.0000 v13=0.0000 v15=0.0000 v16=0.0000 v17=0.0000 v18=0.0000 acc=0.9984 lr=7.84e-06 lambda=0.000 v18_lambda=0.000 gpu=3.0/15.8GB
[06:10:39] [pool] check ep=090/100 source_val_acc_ema=0.9691 threshold=0.90
[06:10:40] [pool] ep=090 ADDED src_val=0.9691/0.9693 dev77=0.5857/0.5366 final77=0.5863/0.5237
[06:10:40] [pool] running best ep=090 dev77_f1=0.5366 final77_f1=0.5237 (pool_size=6)
[06:10:40] [ep_summary] ep=90/100 val_live=0.9753/0.9754 val_ema=0.9691/0.9693 test77_live=0.6583/0.6084 test77_diag_ema=0.5863/0.5237 v13=0.0000 v15=0.0000 v16=0.0000 v17=0.0000 v18=0.0000 das=jitter[-1,-1] p=1.00 ep_time=11.1s
[06:10:40] [save] best_sourcequalified77_ema ep=90 source_val_live=0.9753/0.9754 source_val_ema=0.9691/0.9693 test77_ema=0.5863/0.5237
[06:10:40] [strict77_monitor] ep=90 best_source_epoch=65 source_val_ema=0.9815/0.9818 test77_ema_diag=0.5216/0.4393 sourcequalified_count=90 best_sourcequalified77_epoch=90 source_val_ema=0.9691/0.9693 test77_ema=0.5863/0.5237
[06:10:40] [train] epoch 91/100 steps=40 use_dann=0 das=jitter f=[-1.0,-1.0] p=1.00 gpu=3.0/15.8GB
[06:10:40] [train] ep=91 step=001/40 ce=0.2569 sc=0.8563 mi=0.0409 dn=0.0000 v13=0.0000 v15=0.0000 v16=0.0000 v17=0.0000 v18=0.0000 acc=1.0000 lr=7.80e-06 lambda=0.000 v18_lambda=0.000 gpu=3.0/15.8GB
[06:10:42] [train] ep=91 step=010/40 ce=0.2571 sc=0.8224 mi=0.0487 dn=0.0000 v13=0.0000 v15=0.0000 v16=0.0000 v17=0.0000 v18=0.0000 acc=1.0000 lr=7.45e-06 lambda=0.000 v18_lambda=0.000 gpu=3.0/15.8GB
[06:10:44] [train] ep=91 step=020/40 ce=0.3360 sc=0.9109 mi=0.0513 dn=0.0000 v13=0.0000 v15=0.0000 v16=0.0000 v17=0.0000 v18=0.0000 acc=0.9938 lr=7.08e-06 lambda=0.000 v18_lambda=0.000 gpu=3.0/15.8GB
[06:10:46] [train] ep=91 step=030/40 ce=0.3334 sc=0.8788 mi=0.0512 dn=0.0000 v13=0.0000 v15=0.0000 v16=0.0000 v17=0.0000 v18=0.0000 acc=0.9938 lr=6.72e-06 lambda=0.000 v18_lambda=0.000 gpu=3.0/15.8GB
[06:10:47] [train] ep=91 step=040/40 ce=0.3144 sc=0.8600 mi=0.0510 dn=0.0000 v13=0.0000 v15=0.0000 v16=0.0000 v17=0.0000 v18=0.0000 acc=0.9953 lr=6.36e-06 lambda=0.000 v18_lambda=0.000 gpu=3.0/15.8GB
[06:10:50] [ep_summary] ep=91/100 val_live=0.9753/0.9754 val_ema=0.9691/0.9693 test77_live=0.6547/0.6034 test77_diag_ema=0.5935/0.5341 v13=0.0000 v15=0.0000 v16=0.0000 v17=0.0000 v18=0.0000 das=jitter[-1,-1] p=1.00 ep_time=9.8s
[06:10:50] [save] best_sourcequalified77_ema ep=91 source_val_live=0.9753/0.9754 source_val_ema=0.9691/0.9693 test77_ema=0.5935/0.5341
[06:10:50] [train] epoch 92/100 steps=40 use_dann=0 das=jitter f=[-1.0,-1.0] p=1.00 gpu=3.0/15.8GB
[06:10:50] [train] ep=92 step=001/40 ce=0.2573 sc=1.1573 mi=0.0500 dn=0.0000 v13=0.0000 v15=0.0000 v16=0.0000 v17=0.0000 v18=0.0000 acc=1.0000 lr=6.33e-06 lambda=0.000 v18_lambda=0.000 gpu=3.0/15.8GB
[06:10:52] [train] ep=92 step=010/40 ce=0.3021 sc=0.9017 mi=0.0521 dn=0.0000 v13=0.0000 v15=0.0000 v16=0.0000 v17=0.0000 v18=0.0000 acc=1.0000 lr=6.02e-06 lambda=0.000 v18_lambda=0.000 gpu=3.0/15.8GB
[06:10:54] [train] ep=92 step=020/40 ce=0.2794 sc=0.8012 mi=0.0503 dn=0.0000 v13=0.0000 v15=0.0000 v16=0.0000 v17=0.0000 v18=0.0000 acc=1.0000 lr=5.68e-06 lambda=0.000 v18_lambda=0.000 gpu=3.0/15.8GB
[06:10:55] [train] ep=92 step=030/40 ce=0.2720 sc=0.8117 mi=0.0506 dn=0.0000 v13=0.0000 v15=0.0000 v16=0.0000 v17=0.0000 v18=0.0000 acc=1.0000 lr=5.35e-06 lambda=0.000 v18_lambda=0.000 gpu=3.0/15.8GB
[06:10:57] [train] ep=92 step=040/40 ce=0.2751 sc=0.8135 mi=0.0510 dn=0.0000 v13=0.0000 v15=0.0000 v16=0.0000 v17=0.0000 v18=0.0000 acc=1.0000 lr=5.04e-06 lambda=0.000 v18_lambda=0.000 gpu=3.0/15.8GB
[06:11:00] [ep_summary] ep=92/100 val_live=0.9753/0.9754 val_ema=0.9691/0.9693 test77_live=0.6619/0.6115 test77_diag_ema=0.5935/0.5341 v13=0.0000 v15=0.0000 v16=0.0000 v17=0.0000 v18=0.0000 das=jitter[-1,-1] p=1.00 ep_time=9.9s
[06:11:00] [train] epoch 93/100 steps=40 use_dann=0 das=jitter f=[-1.0,-1.0] p=1.00 gpu=3.0/15.8GB
[06:11:00] [train] ep=93 step=001/40 ce=0.2559 sc=0.7144 mi=0.0437 dn=0.0000 v13=0.0000 v15=0.0000 v16=0.0000 v17=0.0000 v18=0.0000 acc=1.0000 lr=5.01e-06 lambda=0.000 v18_lambda=0.000 gpu=3.0/15.8GB
[06:11:02] [train] ep=93 step=010/40 ce=0.2631 sc=0.7130 mi=0.0492 dn=0.0000 v13=0.0000 v15=0.0000 v16=0.0000 v17=0.0000 v18=0.0000 acc=1.0000 lr=4.73e-06 lambda=0.000 v18_lambda=0.000 gpu=3.0/15.8GB
[06:11:03] [train] ep=93 step=020/40 ce=0.2998 sc=0.7973 mi=0.0495 dn=0.0000 v13=0.0000 v15=0.0000 v16=0.0000 v17=0.0000 v18=0.0000 acc=0.9969 lr=4.43e-06 lambda=0.000 v18_lambda=0.000 gpu=3.0/15.8GB
[06:11:05] [train] ep=93 step=030/40 ce=0.2902 sc=0.7823 mi=0.0499 dn=0.0000 v13=0.0000 v15=0.0000 v16=0.0000 v17=0.0000 v18=0.0000 acc=0.9979 lr=4.14e-06 lambda=0.000 v18_lambda=0.000 gpu=3.0/15.8GB
[06:11:07] [train] ep=93 step=040/40 ce=0.3010 sc=0.8087 mi=0.0502 dn=0.0000 v13=0.0000 v15=0.0000 v16=0.0000 v17=0.0000 v18=0.0000 acc=0.9969 lr=3.87e-06 lambda=0.000 v18_lambda=0.000 gpu=3.0/15.8GB
[06:11:10] [ep_summary] ep=93/100 val_live=0.9753/0.9754 val_ema=0.9691/0.9693 test77_live=0.6583/0.6079 test77_diag_ema=0.5971/0.5376 v13=0.0000 v15=0.0000 v16=0.0000 v17=0.0000 v18=0.0000 das=jitter[-1,-1] p=1.00 ep_time=9.9s
[06:11:10] [save] best_sourcequalified77_ema ep=93 source_val_live=0.9753/0.9754 source_val_ema=0.9691/0.9693 test77_ema=0.5971/0.5376
[06:11:10] [train] epoch 94/100 steps=40 use_dann=0 das=jitter f=[-1.0,-1.0] p=1.00 gpu=3.0/15.8GB
[06:11:10] [train] ep=94 step=001/40 ce=0.2561 sc=0.8204 mi=0.0389 dn=0.0000 v13=0.0000 v15=0.0000 v16=0.0000 v17=0.0000 v18=0.0000 acc=1.0000 lr=3.84e-06 lambda=0.000 v18_lambda=0.000 gpu=3.0/15.8GB
[06:11:12] [train] ep=94 step=010/40 ce=0.2567 sc=0.7769 mi=0.0477 dn=0.0000 v13=0.0000 v15=0.0000 v16=0.0000 v17=0.0000 v18=0.0000 acc=1.0000 lr=3.60e-06 lambda=0.000 v18_lambda=0.000 gpu=3.0/15.8GB
[06:11:13] [train] ep=94 step=020/40 ce=0.2770 sc=0.7872 mi=0.0500 dn=0.0000 v13=0.0000 v15=0.0000 v16=0.0000 v17=0.0000 v18=0.0000 acc=1.0000 lr=3.34e-06 lambda=0.000 v18_lambda=0.000 gpu=3.0/15.8GB
[06:11:15] [train] ep=94 step=030/40 ce=0.2875 sc=0.7680 mi=0.0504 dn=0.0000 v13=0.0000 v15=0.0000 v16=0.0000 v17=0.0000 v18=0.0000 acc=0.9979 lr=3.09e-06 lambda=0.000 v18_lambda=0.000 gpu=3.0/15.8GB
[06:11:17] [train] ep=94 step=040/40 ce=0.2816 sc=0.7646 mi=0.0499 dn=0.0000 v13=0.0000 v15=0.0000 v16=0.0000 v17=0.0000 v18=0.0000 acc=0.9984 lr=2.85e-06 lambda=0.000 v18_lambda=0.000 gpu=3.0/15.8GB
[06:11:20] [ep_summary] ep=94/100 val_live=0.9753/0.9754 val_ema=0.9691/0.9693 test77_live=0.6619/0.6116 test77_diag_ema=0.6007/0.5421 v13=0.0000 v15=0.0000 v16=0.0000 v17=0.0000 v18=0.0000 das=jitter[-1,-1] p=1.00 ep_time=9.9s
[06:11:20] [save] best_sourcequalified77_ema ep=94 source_val_live=0.9753/0.9754 source_val_ema=0.9691/0.9693 test77_ema=0.6007/0.5421
[06:11:20] [train] epoch 95/100 steps=40 use_dann=0 das=jitter f=[-1.0,-1.0] p=1.00 gpu=3.0/15.8GB
[06:11:20] [train] ep=95 step=001/40 ce=0.2574 sc=0.9610 mi=0.0506 dn=0.0000 v13=0.0000 v15=0.0000 v16=0.0000 v17=0.0000 v18=0.0000 acc=1.0000 lr=2.82e-06 lambda=0.000 v18_lambda=0.000 gpu=3.0/15.8GB
[06:11:22] [train] ep=95 step=010/40 ce=0.3677 sc=0.8371 mi=0.0502 dn=0.0000 v13=0.0000 v15=0.0000 v16=0.0000 v17=0.0000 v18=0.0000 acc=0.9938 lr=2.62e-06 lambda=0.000 v18_lambda=0.000 gpu=3.0/15.8GB
[06:11:23] [train] ep=95 step=020/40 ce=0.3124 sc=0.7926 mi=0.0488 dn=0.0000 v13=0.0000 v15=0.0000 v16=0.0000 v17=0.0000 v18=0.0000 acc=0.9969 lr=2.40e-06 lambda=0.000 v18_lambda=0.000 gpu=3.0/15.8GB
[06:11:25] [train] ep=95 step=030/40 ce=0.3064 sc=0.7809 mi=0.0502 dn=0.0000 v13=0.0000 v15=0.0000 v16=0.0000 v17=0.0000 v18=0.0000 acc=0.9979 lr=2.18e-06 lambda=0.000 v18_lambda=0.000 gpu=3.0/15.8GB
[06:11:27] [train] ep=95 step=040/40 ce=0.3009 sc=0.7760 mi=0.0502 dn=0.0000 v13=0.0000 v15=0.0000 v16=0.0000 v17=0.0000 v18=0.0000 acc=0.9984 lr=1.98e-06 lambda=0.000 v18_lambda=0.000 gpu=3.0/15.8GB
[06:11:30] [ep_summary] ep=95/100 val_live=0.9753/0.9754 val_ema=0.9691/0.9693 test77_live=0.6547/0.6042 test77_diag_ema=0.6007/0.5421 v13=0.0000 v15=0.0000 v16=0.0000 v17=0.0000 v18=0.0000 das=jitter[-1,-1] p=1.00 ep_time=9.8s
[06:11:30] [train] epoch 96/100 steps=40 use_dann=0 das=jitter f=[-1.0,-1.0] p=1.00 gpu=3.0/15.8GB
[06:11:30] [train] ep=96 step=001/40 ce=0.4927 sc=0.9011 mi=0.0453 dn=0.0000 v13=0.0000 v15=0.0000 v16=0.0000 v17=0.0000 v18=0.0000 acc=1.0000 lr=1.96e-06 lambda=0.000 v18_lambda=0.000 gpu=3.0/15.8GB
[06:11:31] [train] ep=96 step=010/40 ce=0.2900 sc=0.8288 mi=0.0490 dn=0.0000 v13=0.0000 v15=0.0000 v16=0.0000 v17=0.0000 v18=0.0000 acc=1.0000 lr=1.79e-06 lambda=0.000 v18_lambda=0.000 gpu=3.0/15.8GB
[06:11:33] [train] ep=96 step=020/40 ce=0.3215 sc=0.8665 mi=0.0484 dn=0.0000 v13=0.0000 v15=0.0000 v16=0.0000 v17=0.0000 v18=0.0000 acc=0.9969 lr=1.61e-06 lambda=0.000 v18_lambda=0.000 gpu=3.0/15.8GB
[06:11:35] [train] ep=96 step=030/40 ce=0.3009 sc=0.8280 mi=0.0492 dn=0.0000 v13=0.0000 v15=0.0000 v16=0.0000 v17=0.0000 v18=0.0000 acc=0.9979 lr=1.44e-06 lambda=0.000 v18_lambda=0.000 gpu=3.0/15.8GB
[06:11:37] [train] ep=96 step=040/40 ce=0.2994 sc=0.8107 mi=0.0501 dn=0.0000 v13=0.0000 v15=0.0000 v16=0.0000 v17=0.0000 v18=0.0000 acc=0.9984 lr=1.27e-06 lambda=0.000 v18_lambda=0.000 gpu=3.0/15.8GB
[06:11:40] [ep_summary] ep=96/100 val_live=0.9753/0.9754 val_ema=0.9691/0.9693 test77_live=0.6547/0.6034 test77_diag_ema=0.6007/0.5428 v13=0.0000 v15=0.0000 v16=0.0000 v17=0.0000 v18=0.0000 das=jitter[-1,-1] p=1.00 ep_time=10.4s
[06:11:40] [save] best_sourcequalified77_ema ep=96 source_val_live=0.9753/0.9754 source_val_ema=0.9691/0.9693 test77_ema=0.6007/0.5428
[06:11:40] [train] epoch 97/100 steps=40 use_dann=0 das=jitter f=[-1.0,-1.0] p=1.00 gpu=3.0/15.8GB
[06:11:40] [train] ep=97 step=001/40 ce=0.2585 sc=0.9913 mi=0.0492 dn=0.0000 v13=0.0000 v15=0.0000 v16=0.0000 v17=0.0000 v18=0.0000 acc=1.0000 lr=1.26e-06 lambda=0.000 v18_lambda=0.000 gpu=3.0/15.8GB
[06:11:42] [train] ep=97 step=010/40 ce=0.2594 sc=0.7950 mi=0.0519 dn=0.0000 v13=0.0000 v15=0.0000 v16=0.0000 v17=0.0000 v18=0.0000 acc=1.0000 lr=1.12e-06 lambda=0.000 v18_lambda=0.000 gpu=3.0/15.8GB
[06:11:44] [train] ep=97 step=020/40 ce=0.2595 sc=0.8056 mi=0.0498 dn=0.0000 v13=0.0000 v15=0.0000 v16=0.0000 v17=0.0000 v18=0.0000 acc=1.0000 lr=9.76e-07 lambda=0.000 v18_lambda=0.000 gpu=3.0/15.8GB
[06:11:46] [train] ep=97 step=030/40 ce=0.2587 sc=0.7558 mi=0.0494 dn=0.0000 v13=0.0000 v15=0.0000 v16=0.0000 v17=0.0000 v18=0.0000 acc=1.0000 lr=8.43e-07 lambda=0.000 v18_lambda=0.000 gpu=3.0/15.8GB
[06:11:47] [train] ep=97 step=040/40 ce=0.2584 sc=0.7505 mi=0.0500 dn=0.0000 v13=0.0000 v15=0.0000 v16=0.0000 v17=0.0000 v18=0.0000 acc=1.0000 lr=7.19e-07 lambda=0.000 v18_lambda=0.000 gpu=3.0/15.8GB
[06:11:50] [ep_summary] ep=97/100 val_live=0.9753/0.9754 val_ema=0.9691/0.9693 test77_live=0.6547/0.6034 test77_diag_ema=0.6007/0.5433 v13=0.0000 v15=0.0000 v16=0.0000 v17=0.0000 v18=0.0000 das=jitter[-1,-1] p=1.00 ep_time=10.2s
[06:11:50] [save] best_sourcequalified77_ema ep=97 source_val_live=0.9753/0.9754 source_val_ema=0.9691/0.9693 test77_ema=0.6007/0.5433
[06:11:50] [train] epoch 98/100 steps=40 use_dann=0 das=jitter f=[-1.0,-1.0] p=1.00 gpu=3.0/15.8GB
[06:11:50] [train] ep=98 step=001/40 ce=0.2577 sc=0.8191 mi=0.0568 dn=0.0000 v13=0.0000 v15=0.0000 v16=0.0000 v17=0.0000 v18=0.0000 acc=1.0000 lr=7.07e-07 lambda=0.000 v18_lambda=0.000 gpu=3.0/15.8GB
[06:11:52] [train] ep=98 step=010/40 ce=0.2848 sc=0.7698 mi=0.0507 dn=0.0000 v13=0.0000 v15=0.0000 v16=0.0000 v17=0.0000 v18=0.0000 acc=1.0000 lr=6.05e-07 lambda=0.000 v18_lambda=0.000 gpu=3.0/15.8GB
[06:11:54] [train] ep=98 step=020/40 ce=0.2713 sc=0.7546 mi=0.0503 dn=0.0000 v13=0.0000 v15=0.0000 v16=0.0000 v17=0.0000 v18=0.0000 acc=1.0000 lr=5.01e-07 lambda=0.000 v18_lambda=0.000 gpu=3.0/15.8GB
[06:11:56] [train] ep=98 step=030/40 ce=0.2669 sc=0.7527 mi=0.0503 dn=0.0000 v13=0.0000 v15=0.0000 v16=0.0000 v17=0.0000 v18=0.0000 acc=1.0000 lr=4.07e-07 lambda=0.000 v18_lambda=0.000 gpu=3.0/15.8GB
[06:11:58] [train] ep=98 step=040/40 ce=0.2651 sc=0.7392 mi=0.0505 dn=0.0000 v13=0.0000 v15=0.0000 v16=0.0000 v17=0.0000 v18=0.0000 acc=1.0000 lr=3.22e-07 lambda=0.000 v18_lambda=0.000 gpu=3.0/15.8GB
[06:12:01] [ep_summary] ep=98/100 val_live=0.9753/0.9754 val_ema=0.9691/0.9693 test77_live=0.6547/0.6034 test77_diag_ema=0.6079/0.5538 v13=0.0000 v15=0.0000 v16=0.0000 v17=0.0000 v18=0.0000 das=jitter[-1,-1] p=1.00 ep_time=10.3s
[06:12:01] [save] best_sourcequalified77_ema ep=98 source_val_live=0.9753/0.9754 source_val_ema=0.9691/0.9693 test77_ema=0.6079/0.5538
[06:12:01] [train] epoch 99/100 steps=40 use_dann=0 das=jitter f=[-1.0,-1.0] p=1.00 gpu=3.0/15.8GB
[06:12:01] [train] ep=99 step=001/40 ce=0.2845 sc=0.6936 mi=0.0493 dn=0.0000 v13=0.0000 v15=0.0000 v16=0.0000 v17=0.0000 v18=0.0000 acc=1.0000 lr=3.15e-07 lambda=0.000 v18_lambda=0.000 gpu=3.0/15.8GB
[06:12:03] [train] ep=99 step=010/40 ce=0.2828 sc=0.6504 mi=0.0510 dn=0.0000 v13=0.0000 v15=0.0000 v16=0.0000 v17=0.0000 v18=0.0000 acc=1.0000 lr=2.48e-07 lambda=0.000 v18_lambda=0.000 gpu=3.0/15.8GB
[06:12:05] [train] ep=99 step=020/40 ce=0.2731 sc=0.7000 mi=0.0506 dn=0.0000 v13=0.0000 v15=0.0000 v16=0.0000 v17=0.0000 v18=0.0000 acc=1.0000 lr=1.83e-07 lambda=0.000 v18_lambda=0.000 gpu=3.0/15.8GB
[06:12:06] [train] ep=99 step=030/40 ce=0.2676 sc=0.7396 mi=0.0508 dn=0.0000 v13=0.0000 v15=0.0000 v16=0.0000 v17=0.0000 v18=0.0000 acc=1.0000 lr=1.28e-07 lambda=0.000 v18_lambda=0.000 gpu=3.0/15.8GB
[06:12:08] [train] ep=99 step=040/40 ce=0.2665 sc=0.7074 mi=0.0514 dn=0.0000 v13=0.0000 v15=0.0000 v16=0.0000 v17=0.0000 v18=0.0000 acc=1.0000 lr=8.26e-08 lambda=0.000 v18_lambda=0.000 gpu=3.0/15.8GB
[06:12:11] [ep_summary] ep=99/100 val_live=0.9753/0.9754 val_ema=0.9691/0.9693 test77_live=0.6547/0.6034 test77_diag_ema=0.6079/0.5511 v13=0.0000 v15=0.0000 v16=0.0000 v17=0.0000 v18=0.0000 das=jitter[-1,-1] p=1.00 ep_time=10.7s
[06:12:11] [train] epoch 100/100 steps=40 use_dann=0 das=jitter f=[-1.0,-1.0] p=1.00 gpu=3.0/15.8GB
[06:12:11] [train] ep=100 step=001/40 ce=0.9272 sc=1.0527 mi=0.0579 dn=0.0000 v13=0.0000 v15=0.0000 v16=0.0000 v17=0.0000 v18=0.0000 acc=0.9375 lr=7.87e-08 lambda=0.000 v18_lambda=0.000 gpu=3.0/15.8GB
[06:12:14] [train] ep=100 step=010/40 ce=0.3262 sc=0.7355 mi=0.0509 dn=0.0000 v13=0.0000 v15=0.0000 v16=0.0000 v17=0.0000 v18=0.0000 acc=0.9938 lr=4.72e-08 lambda=0.000 v18_lambda=0.000 gpu=3.0/15.8GB
[06:12:16] [train] ep=100 step=020/40 ce=0.2917 sc=0.7562 mi=0.0517 dn=0.0000 v13=0.0000 v15=0.0000 v16=0.0000 v17=0.0000 v18=0.0000 acc=0.9969 lr=2.17e-08 lambda=0.000 v18_lambda=0.000 gpu=3.0/15.8GB
[06:12:18] [train] ep=100 step=030/40 ce=0.2804 sc=0.7628 mi=0.0519 dn=0.0000 v13=0.0000 v15=0.0000 v16=0.0000 v17=0.0000 v18=0.0000 acc=0.9979 lr=5.95e-09 lambda=0.000 v18_lambda=0.000 gpu=3.0/15.8GB
[06:12:20] [train] ep=100 step=040/40 ce=0.2857 sc=0.7848 mi=0.0516 dn=0.0000 v13=0.0000 v15=0.0000 v16=0.0000 v17=0.0000 v18=0.0000 acc=0.9984 lr=4.92e-11 lambda=0.000 v18_lambda=0.000 gpu=3.0/15.8GB
[06:12:23] [pool] check ep=100/100 source_val_acc_ema=0.9691 threshold=0.90
[06:12:24] [pool] ep=100 ADDED src_val=0.9691/0.9693 dev77=0.6214/0.5712 final77=0.6079/0.5511
[06:12:24] [pool] running best ep=100 dev77_f1=0.5712 final77_f1=0.5511 (pool_size=7)
[06:12:24] [ep_summary] ep=100/100 val_live=0.9753/0.9754 val_ema=0.9691/0.9693 test77_live=0.6547/0.6034 test77_diag_ema=0.6079/0.5511 v13=0.0000 v15=0.0000 v16=0.0000 v17=0.0000 v18=0.0000 das=jitter[-1,-1] p=1.00 ep_time=12.8s
[06:12:24] [strict77_monitor] ep=100 best_source_epoch=65 source_val_ema=0.9815/0.9818 test77_ema_diag=0.5216/0.4393 sourcequalified_count=100 best_sourcequalified77_epoch=98 source_val_ema=0.9691/0.9693 test77_ema=0.6079/0.5538
[06:12:24] [pool] FINAL pool_size=7 best ep=100 dev77_f1=0.5712 final77_f1=0.5511 -> G:\zhanghe\Letter journal\EXPERIMENTSRESULT\REVISION_5090\E1_jitter\seed42\checkpoints\best_pool_ema.pt
[06:12:24] [train] done best_sourceval_acc_ema=0.9815
[06:12:29] [eval] loaded vit_large_patch16_dinov3_lvd1689m_best_sourceval_ema.pt (sourceval)
[06:12:29] [eval] strict source-val selected by ema acc; heldout77_unused=140 final_test77=278 imgs, seed=42 dev_per_class=20
[06:12:31] [eval] 77GHz final-test acc=0.5216 f1=0.4393
[06:12:31] [eval] 77GHz final-test per-class={'Away': 0.925, 'Bend': 0.9743589743589743, 'Kneel': 0.5952380952380952, 'Pick': 0.075, 'SStep': 0.05, 'Sit': 0.0, 'Towards': 1.0}
[06:12:32] [eval] val_all acc=0.9815 f1=0.9818
[06:12:32] [freq_scan:val10] f_virt=15GHz acc=0.9744 f1=0.9760
[06:12:33] [freq_scan:val10] f_virt=30GHz acc=0.8333 f1=0.8323
[06:12:34] [freq_scan:val10] f_virt=50GHz acc=0.6154 f1=0.5432
[06:12:34] [freq_scan:val10] f_virt=77GHz acc=0.5000 f1=0.4433
[06:12:35] [freq_scan:val10] f_virt=99GHz acc=0.4872 f1=0.4019
[06:12:36] [freq_scan:val10] f_virt=120GHz acc=0.4487 f1=0.3577
[06:12:36] [freq_scan:val10] f_virt=140GHz acc=0.4103 f1=0.2935
[06:12:37] [freq_scan:val24] f_virt=15GHz acc=0.8929 f1=0.8879
[06:12:38] [freq_scan:val24] f_virt=30GHz acc=0.9881 f1=0.9875
[06:12:39] [freq_scan:val24] f_virt=50GHz acc=0.9524 f1=0.9531
[06:12:39] [freq_scan:val24] f_virt=77GHz acc=0.8929 f1=0.8948
[06:12:40] [freq_scan:val24] f_virt=99GHz acc=0.7976 f1=0.7924
[06:12:41] [freq_scan:val24] f_virt=120GHz acc=0.7619 f1=0.7500
[06:12:42] [freq_scan:val24] f_virt=140GHz acc=0.6071 f1=0.5992
[06:12:42] [eval] saved eval_sourceval.json
[06:12:46] [eval] loaded vit_large_patch16_dinov3_lvd1689m_best_sourcequalified77_ema.pt (sourcequalified)
[06:12:46] [eval] source-qualified diagnostic selected (source-val ema acc >= 0.00, then best 77GHz ema macro-F1); heldout77_unused=140 final_test77=278 imgs, seed=42 dev_per_class=20
[06:12:48] [eval] 77GHz final-test acc=0.6079 f1=0.5511
[06:12:48] [eval] 77GHz final-test per-class={'Away': 1.0, 'Bend': 0.9230769230769231, 'Kneel': 0.7380952380952381, 'Pick': 0.2, 'SStep': 0.35, 'Sit': 0.0, 'Towards': 1.0}
[06:12:49] [eval] val_all acc=0.9691 f1=0.9693
[06:12:50] [freq_scan:val10] f_virt=15GHz acc=0.9615 f1=0.9637
[06:12:50] [freq_scan:val10] f_virt=30GHz acc=0.8590 f1=0.8616
[06:12:51] [freq_scan:val10] f_virt=50GHz acc=0.6923 f1=0.6684
[06:12:52] [freq_scan:val10] f_virt=77GHz acc=0.5513 f1=0.4889
[06:12:52] [freq_scan:val10] f_virt=99GHz acc=0.5513 f1=0.4768
[06:12:53] [freq_scan:val10] f_virt=120GHz acc=0.5128 f1=0.4286
[06:12:54] [freq_scan:val10] f_virt=140GHz acc=0.4359 f1=0.3004
[06:12:55] [freq_scan:val24] f_virt=15GHz acc=0.9524 f1=0.9524
[06:12:55] [freq_scan:val24] f_virt=30GHz acc=0.9881 f1=0.9875
[06:12:56] [freq_scan:val24] f_virt=50GHz acc=0.9643 f1=0.9637
[06:12:57] [freq_scan:val24] f_virt=77GHz acc=0.8929 f1=0.8923
[06:12:57] [freq_scan:val24] f_virt=99GHz acc=0.8452 f1=0.8395
[06:12:58] [freq_scan:val24] f_virt=120GHz acc=0.7143 f1=0.7055
[06:12:59] [freq_scan:val24] f_virt=140GHz acc=0.6905 f1=0.6823
[06:12:59] [eval] saved eval_sourcequalified.json
