[11:18:55] run_dir=EXPERIMENTSRESULT\REVISION_5090\SUPP_ABLATION\ACR_Lfreq_only\seed1234
[11:18:55] device=cuda
[11:18:55] backbone=vit_large_patch16_dinov3.lvd1689m
[11:18:55] env: manifest_dir=G:\zhanghe\Letter journal\tasks\known_people_unknown_freq\manifest dataset_root=G:\zhanghe\Letter journal use_dann=False selection=source_val_acc_ema adapter_mode=lora
[11:18:55] set_seed(1234)
[11:18:56] [fast_gpu] source cache 644 imgs (0.39GB) on cuda
[11:18:56] train_source=644 train_src_rows=10:302 24:342 source_steps/epoch=40 val_all=162 heldout77_unused=140 test77_final=278
[11:18:56] [test77_split] seed=42 dev_per_class=20
[11:19:04] trainable params=2378753 (encoder_lora+neck+head + miro_proj+v15_falsification+v13_residual_split)
[11:19:04] logit_prior=[-1.9678890705108643, -1.913821816444397, -1.8427258729934692, -1.9678890705108643, -2.0133514404296875, -1.8929877281188965, -2.036881923675537]
[11:19:04] use_dann=False
[11:19:04] use_das=True
[11:19:04] das_mode=curriculum initial_stage={'name': 'stage1', 'p': 0.35, 'f_low': 10.0, 'f_high': 24.0}
[11:19:04] aug_flags: USE_HFT=True USE_SPEC_AUGMENT=True
[11:19:04] adapter_mode=lora
[11:19:04] schedule: epochs=100 steps/epoch=40 imgs/step=16 total_steps=4000 total_imgs=64000 warmup_steps=120
[11:19:04] source_qualified_policy: val_acc_ema>=0.00 candidates are recorded; best candidate by 77GHz F1 is saved as diagnostic
[11:19:04] [pool] init threshold=0.90 period=10 selection=dev77_f1
[11:19:04] [train] epoch 1/100 steps=40 use_dann=0 das=stage1 f=[10.0,24.0] p=0.35 gpu=3.0/3.0GB
[11:19:05] [train] ep=01 step=001/40 ce=8.0138 sc=2.6784 mi=1.0577 dn=0.0000 v13=0.0064 grl=0.0000 v15=0.0000 v15r=0.0000 v16=0.0000 v17=0.0000 v18=0.0000 acc=0.0625 lr=2.50e-06 lambda=0.000 grl_lambda=0.000 v18_lambda=0.000 gpu=3.0/11.8GB
[11:19:06] [train] ep=01 step=010/40 ce=7.9851 sc=2.8169 mi=1.0393 dn=0.0000 v13=0.0041 grl=0.0000 v15=0.0000 v15r=0.0000 v16=0.0000 v17=0.0000 v18=0.0000 acc=0.1062 lr=2.50e-05 lambda=0.000 grl_lambda=0.000 v18_lambda=0.000 gpu=3.0/11.8GB
[11:19:08] [train] ep=01 step=020/40 ce=7.9078 sc=2.8133 mi=0.9952 dn=0.0000 v13=0.0037 grl=0.0000 v15=0.0000 v15r=0.0000 v16=0.0000 v17=0.0000 v18=0.0000 acc=0.1187 lr=5.00e-05 lambda=0.000 grl_lambda=0.000 v18_lambda=0.000 gpu=3.0/11.8GB
[11:19:10] [train] ep=01 step=030/40 ce=7.8620 sc=2.7863 mi=0.9229 dn=0.0000 v13=0.0031 grl=0.0000 v15=0.0000 v15r=0.0000 v16=0.0000 v17=0.0000 v18=0.0000 acc=0.1396 lr=7.50e-05 lambda=0.000 grl_lambda=0.000 v18_lambda=0.000 gpu=3.0/11.8GB
[11:19:12] [train] ep=01 step=040/40 ce=7.8035 sc=2.7780 mi=0.8339 dn=0.0000 v13=0.0029 grl=0.0000 v15=0.0000 v15r=0.0000 v16=0.0000 v17=0.0000 v18=0.0000 acc=0.1516 lr=1.00e-04 lambda=0.000 grl_lambda=0.000 v18_lambda=0.000 gpu=3.0/11.8GB
[11:19:14] [ep_summary] ep=01/100 val_live=0.2099/0.1208 val_ema=0.0000/0.0000 test77_live=0.1403/0.0352 test77_diag_ema=0.0000/0.0000 v13=0.0029 grl=0.0000 v15=0.0000 v15r=0.0000 v16=0.0000 v17=0.0000 v18=0.0000 das=stage1[10,24] p=0.35 ep_time=9.9s
[11:19:14] [train] epoch 2/100 steps=40 use_dann=0 das=stage1 f=[10.0,24.0] p=0.35 gpu=3.0/15.8GB
[11:19:14] [train] ep=02 step=001/40 ce=7.1353 sc=2.3990 mi=0.4742 dn=0.0000 v13=0.0031 grl=0.0000 v15=0.0000 v15r=0.0000 v16=0.0000 v17=0.0000 v18=0.0000 acc=0.3750 lr=1.02e-04 lambda=0.000 grl_lambda=0.000 v18_lambda=0.000 gpu=3.0/15.8GB
[11:19:15] [train] ep=02 step=010/40 ce=7.5280 sc=2.7092 mi=0.3881 dn=0.0000 v13=0.0017 grl=0.0000 v15=0.0000 v15r=0.0000 v16=0.0000 v17=0.0000 v18=0.0000 acc=0.2437 lr=1.25e-04 lambda=0.000 grl_lambda=0.000 v18_lambda=0.000 gpu=3.0/15.8GB
[11:19:17] [train] ep=02 step=020/40 ce=7.4097 sc=2.6965 mi=0.3297 dn=0.0000 v13=0.0016 grl=0.0000 v15=0.0000 v15r=0.0000 v16=0.0000 v17=0.0000 v18=0.0000 acc=0.2750 lr=1.50e-04 lambda=0.000 grl_lambda=0.000 v18_lambda=0.000 gpu=3.0/15.8GB
[11:19:19] [train] ep=02 step=030/40 ce=7.2516 sc=2.6867 mi=0.2927 dn=0.0000 v13=0.0015 grl=0.0000 v15=0.0000 v15r=0.0000 v16=0.0000 v17=0.0000 v18=0.0000 acc=0.3229 lr=1.75e-04 lambda=0.000 grl_lambda=0.000 v18_lambda=0.000 gpu=3.0/15.8GB
[11:19:21] [train] ep=02 step=040/40 ce=6.9913 sc=2.6449 mi=0.2670 dn=0.0000 v13=0.0014 grl=0.0000 v15=0.0000 v15r=0.0000 v16=0.0000 v17=0.0000 v18=0.0000 acc=0.3766 lr=2.00e-04 lambda=0.000 grl_lambda=0.000 v18_lambda=0.000 gpu=3.0/15.8GB
[11:19:22] [ep_summary] ep=02/100 val_live=0.4815/0.4261 val_ema=0.0000/0.0000 test77_live=0.2626/0.1430 test77_diag_ema=0.0000/0.0000 v13=0.0014 grl=0.0000 v15=0.0000 v15r=0.0000 v16=0.0000 v17=0.0000 v18=0.0000 das=stage1[10,24] p=0.35 ep_time=8.7s
[11:19:22] [train] epoch 3/100 steps=40 use_dann=0 das=stage1 f=[10.0,24.0] p=0.35 gpu=3.0/15.8GB
[11:19:23] [train] ep=03 step=001/40 ce=5.0794 sc=2.5472 mi=0.1899 dn=0.0000 v13=0.0011 grl=0.0000 v15=0.0000 v15r=0.0000 v16=0.0000 v17=0.0000 v18=0.0000 acc=0.5625 lr=2.02e-04 lambda=0.000 grl_lambda=0.000 v18_lambda=0.000 gpu=3.0/15.8GB
[11:19:24] [train] ep=03 step=010/40 ce=5.5294 sc=2.2874 mi=0.1985 dn=0.0000 v13=0.0012 grl=0.0000 v15=0.0000 v15r=0.0000 v16=0.0000 v17=0.0000 v18=0.0000 acc=0.5375 lr=2.25e-04 lambda=0.000 grl_lambda=0.000 v18_lambda=0.000 gpu=3.0/15.8GB
[11:19:26] [train] ep=03 step=020/40 ce=5.2244 sc=2.1582 mi=0.1970 dn=0.0000 v13=0.0012 grl=0.0000 v15=0.0000 v15r=0.0000 v16=0.0000 v17=0.0000 v18=0.0000 acc=0.5938 lr=2.50e-04 lambda=0.000 grl_lambda=0.000 v18_lambda=0.000 gpu=3.0/15.8GB
[11:19:28] [train] ep=03 step=030/40 ce=4.6322 sc=1.9778 mi=0.1988 dn=0.0000 v13=0.0012 grl=0.0000 v15=0.0000 v15r=0.0000 v16=0.0000 v17=0.0000 v18=0.0000 acc=0.6500 lr=2.75e-04 lambda=0.000 grl_lambda=0.000 v18_lambda=0.000 gpu=3.0/15.8GB
[11:19:30] [train] ep=03 step=040/40 ce=4.3243 sc=1.8754 mi=0.1916 dn=0.0000 v13=0.0012 grl=0.0000 v15=0.0000 v15r=0.0000 v16=0.0000 v17=0.0000 v18=0.0000 acc=0.6844 lr=3.00e-04 lambda=0.000 grl_lambda=0.000 v18_lambda=0.000 gpu=3.0/15.8GB
[11:19:31] [ep_summary] ep=03/100 val_live=0.7222/0.6936 val_ema=0.0000/0.0000 test77_live=0.3489/0.2675 test77_diag_ema=0.0000/0.0000 v13=0.0012 grl=0.0000 v15=0.0000 v15r=0.0000 v16=0.0000 v17=0.0000 v18=0.0000 das=stage1[10,24] p=0.35 ep_time=9.2s
[11:19:31] [train] epoch 4/100 steps=40 use_dann=0 das=stage1 f=[10.0,24.0] p=0.35 gpu=3.0/15.8GB
[11:19:32] [train] ep=04 step=001/40 ce=3.9587 sc=1.6292 mi=0.1577 dn=0.0000 v13=0.0009 grl=0.0000 v15=0.0000 v15r=0.0000 v16=0.0000 v17=0.0000 v18=0.0000 acc=0.6250 lr=3.00e-04 lambda=0.000 grl_lambda=0.000 v18_lambda=0.000 gpu=3.0/15.8GB
[11:19:33] [train] ep=04 step=010/40 ce=4.0295 sc=1.8140 mi=0.1431 dn=0.0000 v13=0.0007 grl=0.0000 v15=0.0000 v15r=0.0000 v16=0.0000 v17=0.0000 v18=0.0000 acc=0.7188 lr=3.00e-04 lambda=0.000 grl_lambda=0.000 v18_lambda=0.000 gpu=3.0/15.8GB
[11:19:35] [train] ep=04 step=020/40 ce=3.9464 sc=1.7717 mi=0.1389 dn=0.0000 v13=0.0007 grl=0.0000 v15=0.0000 v15r=0.0000 v16=0.0000 v17=0.0000 v18=0.0000 acc=0.7281 lr=3.00e-04 lambda=0.000 grl_lambda=0.000 v18_lambda=0.000 gpu=3.0/15.8GB
[11:19:37] [train] ep=04 step=030/40 ce=3.8665 sc=1.8264 mi=0.1316 dn=0.0000 v13=0.0008 grl=0.0000 v15=0.0000 v15r=0.0000 v16=0.0000 v17=0.0000 v18=0.0000 acc=0.7229 lr=3.00e-04 lambda=0.000 grl_lambda=0.000 v18_lambda=0.000 gpu=3.0/15.8GB
[11:19:39] [train] ep=04 step=040/40 ce=3.6612 sc=1.7389 mi=0.1274 dn=0.0000 v13=0.0008 grl=0.0000 v15=0.0000 v15r=0.0000 v16=0.0000 v17=0.0000 v18=0.0000 acc=0.7500 lr=3.00e-04 lambda=0.000 grl_lambda=0.000 v18_lambda=0.000 gpu=3.0/15.8GB
[11:19:40] [ep_summary] ep=04/100 val_live=0.8148/0.7694 val_ema=0.0000/0.0000 test77_live=0.4928/0.4528 test77_diag_ema=0.0000/0.0000 v13=0.0008 grl=0.0000 v15=0.0000 v15r=0.0000 v16=0.0000 v17=0.0000 v18=0.0000 das=stage1[10,24] p=0.35 ep_time=8.9s
[11:19:40] [train] epoch 5/100 steps=40 use_dann=0 das=stage1 f=[10.0,24.0] p=0.35 gpu=3.0/15.8GB
[11:19:41] [train] ep=05 step=001/40 ce=1.8582 sc=1.3803 mi=0.1167 dn=0.0000 v13=0.0011 grl=0.0000 v15=0.0000 v15r=0.0000 v16=0.0000 v17=0.0000 v18=0.0000 acc=0.9375 lr=3.00e-04 lambda=0.000 grl_lambda=0.000 v18_lambda=0.000 gpu=3.0/15.8GB
[11:19:42] [train] ep=05 step=010/40 ce=2.6560 sc=1.4206 mi=0.1140 dn=0.0000 v13=0.0008 grl=0.0000 v15=0.0000 v15r=0.0000 v16=0.0000 v17=0.0000 v18=0.0000 acc=0.8500 lr=3.00e-04 lambda=0.000 grl_lambda=0.000 v18_lambda=0.000 gpu=3.0/15.8GB
[11:19:44] [train] ep=05 step=020/40 ce=2.5982 sc=1.4592 mi=0.1090 dn=0.0000 v13=0.0008 grl=0.0000 v15=0.0000 v15r=0.0000 v16=0.0000 v17=0.0000 v18=0.0000 acc=0.8500 lr=3.00e-04 lambda=0.000 grl_lambda=0.000 v18_lambda=0.000 gpu=3.0/15.8GB
[11:19:46] [train] ep=05 step=030/40 ce=2.6128 sc=1.4564 mi=0.1043 dn=0.0000 v13=0.0008 grl=0.0000 v15=0.0000 v15r=0.0000 v16=0.0000 v17=0.0000 v18=0.0000 acc=0.8438 lr=3.00e-04 lambda=0.000 grl_lambda=0.000 v18_lambda=0.000 gpu=3.0/15.8GB
[11:19:48] [train] ep=05 step=040/40 ce=2.6384 sc=1.4690 mi=0.1016 dn=0.0000 v13=0.0007 grl=0.0000 v15=0.0000 v15r=0.0000 v16=0.0000 v17=0.0000 v18=0.0000 acc=0.8391 lr=3.00e-04 lambda=0.000 grl_lambda=0.000 v18_lambda=0.000 gpu=3.0/15.8GB
[11:19:51] [ep_summary] ep=05/100 val_live=0.8272/0.7888 val_ema=0.1852/0.0813 test77_live=0.5755/0.5146 test77_diag_ema=0.1403/0.0352 v13=0.0007 grl=0.0000 v15=0.0000 v15r=0.0000 v16=0.0000 v17=0.0000 v18=0.0000 das=stage1[10,24] p=0.35 ep_time=10.3s
[11:19:51] [save] best_sourceval_ema val_acc_ema=0.1852 source_val_live=0.8272/0.7888 source_val_ema=0.1852/0.0813 ep=5
[11:19:51] [save] best_sourcequalified77_ema ep=5 source_val_live=0.8272/0.7888 source_val_ema=0.1852/0.0813 test77_ema=0.1403/0.0352
[11:19:51] [train] epoch 6/100 steps=40 use_dann=0 das=stage1 f=[10.0,24.0] p=0.35 gpu=3.0/15.8GB
[11:19:51] [train] ep=06 step=001/40 ce=4.1810 sc=1.7355 mi=0.0890 dn=0.0000 v13=0.0003 grl=0.0000 v15=0.0000 v15r=0.0000 v16=0.0000 v17=0.0000 v18=0.0000 acc=0.6250 lr=3.00e-04 lambda=0.000 grl_lambda=0.000 v18_lambda=0.000 gpu=3.0/15.8GB
[11:19:53] [train] ep=06 step=010/40 ce=2.2267 sc=1.3780 mi=0.0896 dn=0.0000 v13=0.0006 grl=0.0000 v15=0.0000 v15r=0.0000 v16=0.0000 v17=0.0000 v18=0.0000 acc=0.8375 lr=3.00e-04 lambda=0.000 grl_lambda=0.000 v18_lambda=0.000 gpu=3.0/15.8GB
[11:19:54] [train] ep=06 step=020/40 ce=2.3851 sc=1.3181 mi=0.0878 dn=0.0000 v13=0.0006 grl=0.0000 v15=0.0000 v15r=0.0000 v16=0.0000 v17=0.0000 v18=0.0000 acc=0.8344 lr=3.00e-04 lambda=0.000 grl_lambda=0.000 v18_lambda=0.000 gpu=3.0/15.8GB
[11:19:56] [train] ep=06 step=030/40 ce=2.5239 sc=1.3715 mi=0.0877 dn=0.0000 v13=0.0006 grl=0.0000 v15=0.0000 v15r=0.0000 v16=0.0000 v17=0.0000 v18=0.0000 acc=0.8292 lr=2.99e-04 lambda=0.000 grl_lambda=0.000 v18_lambda=0.000 gpu=3.0/15.8GB
[11:19:58] [train] ep=06 step=040/40 ce=2.4787 sc=1.3877 mi=0.0863 dn=0.0000 v13=0.0006 grl=0.0000 v15=0.0000 v15r=0.0000 v16=0.0000 v17=0.0000 v18=0.0000 acc=0.8359 lr=2.99e-04 lambda=0.000 grl_lambda=0.000 v18_lambda=0.000 gpu=3.0/15.8GB
[11:20:01] [ep_summary] ep=06/100 val_live=0.8704/0.8739 val_ema=0.2037/0.0929 test77_live=0.4065/0.3383 test77_diag_ema=0.1403/0.0352 v13=0.0006 grl=0.0000 v15=0.0000 v15r=0.0000 v16=0.0000 v17=0.0000 v18=0.0000 das=stage1[10,24] p=0.35 ep_time=10.2s
[11:20:01] [save] best_sourceval_ema val_acc_ema=0.2037 source_val_live=0.8704/0.8739 source_val_ema=0.2037/0.0929 ep=6
[11:20:01] [train] epoch 7/100 steps=40 use_dann=0 das=stage1 f=[10.0,24.0] p=0.35 gpu=3.0/15.8GB
[11:20:01] [train] ep=07 step=001/40 ce=2.6864 sc=1.2103 mi=0.0804 dn=0.0000 v13=0.0007 grl=0.0000 v15=0.0000 v15r=0.0000 v16=0.0000 v17=0.0000 v18=0.0000 acc=0.8125 lr=2.99e-04 lambda=0.000 grl_lambda=0.000 v18_lambda=0.000 gpu=3.0/15.8GB
[11:20:03] [train] ep=07 step=010/40 ce=2.7734 sc=1.4073 mi=0.0772 dn=0.0000 v13=0.0009 grl=0.0000 v15=0.0000 v15r=0.0000 v16=0.0000 v17=0.0000 v18=0.0000 acc=0.8125 lr=2.99e-04 lambda=0.000 grl_lambda=0.000 v18_lambda=0.000 gpu=3.0/15.8GB
[11:20:05] [train] ep=07 step=020/40 ce=2.5913 sc=1.3944 mi=0.0759 dn=0.0000 v13=0.0008 grl=0.0000 v15=0.0000 v15r=0.0000 v16=0.0000 v17=0.0000 v18=0.0000 acc=0.8438 lr=2.99e-04 lambda=0.000 grl_lambda=0.000 v18_lambda=0.000 gpu=3.0/15.8GB
[11:20:06] [train] ep=07 step=030/40 ce=2.2631 sc=1.3325 mi=0.0753 dn=0.0000 v13=0.0007 grl=0.0000 v15=0.0000 v15r=0.0000 v16=0.0000 v17=0.0000 v18=0.0000 acc=0.8688 lr=2.99e-04 lambda=0.000 grl_lambda=0.000 v18_lambda=0.000 gpu=3.0/15.8GB
[11:20:08] [train] ep=07 step=040/40 ce=2.0505 sc=1.2882 mi=0.0750 dn=0.0000 v13=0.0007 grl=0.0000 v15=0.0000 v15r=0.0000 v16=0.0000 v17=0.0000 v18=0.0000 acc=0.8938 lr=2.99e-04 lambda=0.000 grl_lambda=0.000 v18_lambda=0.000 gpu=3.0/15.8GB
[11:20:11] [ep_summary] ep=07/100 val_live=0.8951/0.8947 val_ema=0.2099/0.1039 test77_live=0.5108/0.4514 test77_diag_ema=0.1403/0.0352 v13=0.0007 grl=0.0000 v15=0.0000 v15r=0.0000 v16=0.0000 v17=0.0000 v18=0.0000 das=stage1[10,24] p=0.35 ep_time=10.2s
[11:20:11] [save] best_sourceval_ema val_acc_ema=0.2099 source_val_live=0.8951/0.8947 source_val_ema=0.2099/0.1039 ep=7
[11:20:11] [train] epoch 8/100 steps=40 use_dann=0 das=stage1 f=[10.0,24.0] p=0.35 gpu=3.0/15.8GB
[11:20:11] [train] ep=08 step=001/40 ce=1.3217 sc=0.8912 mi=0.0762 dn=0.0000 v13=0.0005 grl=0.0000 v15=0.0000 v15r=0.0000 v16=0.0000 v17=0.0000 v18=0.0000 acc=0.9375 lr=2.99e-04 lambda=0.000 grl_lambda=0.000 v18_lambda=0.000 gpu=3.0/15.8GB
[11:20:13] [train] ep=08 step=010/40 ce=1.3980 sc=1.1330 mi=0.0741 dn=0.0000 v13=0.0006 grl=0.0000 v15=0.0000 v15r=0.0000 v16=0.0000 v17=0.0000 v18=0.0000 acc=0.9250 lr=2.99e-04 lambda=0.000 grl_lambda=0.000 v18_lambda=0.000 gpu=3.0/15.8GB
[11:20:15] [train] ep=08 step=020/40 ce=1.5668 sc=1.2131 mi=0.0761 dn=0.0000 v13=0.0005 grl=0.0000 v15=0.0000 v15r=0.0000 v16=0.0000 v17=0.0000 v18=0.0000 acc=0.9031 lr=2.98e-04 lambda=0.000 grl_lambda=0.000 v18_lambda=0.000 gpu=3.0/15.8GB
[11:20:17] [train] ep=08 step=030/40 ce=1.5462 sc=1.2349 mi=0.0764 dn=0.0000 v13=0.0006 grl=0.0000 v15=0.0000 v15r=0.0000 v16=0.0000 v17=0.0000 v18=0.0000 acc=0.9146 lr=2.98e-04 lambda=0.000 grl_lambda=0.000 v18_lambda=0.000 gpu=3.0/15.8GB
[11:20:19] [train] ep=08 step=040/40 ce=1.6743 sc=1.2140 mi=0.0766 dn=0.0000 v13=0.0006 grl=0.0000 v15=0.0000 v15r=0.0000 v16=0.0000 v17=0.0000 v18=0.0000 acc=0.9062 lr=2.98e-04 lambda=0.000 grl_lambda=0.000 v18_lambda=0.000 gpu=3.0/15.8GB
[11:20:21] [ep_summary] ep=08/100 val_live=0.8951/0.8965 val_ema=0.2099/0.1051 test77_live=0.6187/0.5442 test77_diag_ema=0.1403/0.0352 v13=0.0006 grl=0.0000 v15=0.0000 v15r=0.0000 v16=0.0000 v17=0.0000 v18=0.0000 das=stage1[10,24] p=0.35 ep_time=10.2s
[11:20:21] [train] epoch 9/100 steps=40 use_dann=0 das=stage2 f=[10.0,50.0] p=0.70 gpu=3.0/15.8GB
[11:20:22] [train] ep=09 step=001/40 ce=0.5741 sc=1.1351 mi=0.0824 dn=0.0000 v13=0.0012 grl=0.0000 v15=0.0000 v15r=0.0000 v16=0.0000 v17=0.0000 v18=0.0000 acc=1.0000 lr=2.98e-04 lambda=0.000 grl_lambda=0.000 v18_lambda=0.000 gpu=3.0/15.8GB
[11:20:23] [train] ep=09 step=010/40 ce=1.5981 sc=1.2037 mi=0.0802 dn=0.0000 v13=0.0010 grl=0.0000 v15=0.0000 v15r=0.0000 v16=0.0000 v17=0.0000 v18=0.0000 acc=0.9187 lr=2.98e-04 lambda=0.000 grl_lambda=0.000 v18_lambda=0.000 gpu=3.0/15.8GB
[11:20:25] [train] ep=09 step=020/40 ce=1.7470 sc=1.2712 mi=0.0805 dn=0.0000 v13=0.0011 grl=0.0000 v15=0.0000 v15r=0.0000 v16=0.0000 v17=0.0000 v18=0.0000 acc=0.8969 lr=2.98e-04 lambda=0.000 grl_lambda=0.000 v18_lambda=0.000 gpu=3.0/15.8GB
[11:20:27] [train] ep=09 step=030/40 ce=1.6760 sc=1.2620 mi=0.0778 dn=0.0000 v13=0.0012 grl=0.0000 v15=0.0000 v15r=0.0000 v16=0.0000 v17=0.0000 v18=0.0000 acc=0.9021 lr=2.97e-04 lambda=0.000 grl_lambda=0.000 v18_lambda=0.000 gpu=3.0/15.8GB
[11:20:29] [train] ep=09 step=040/40 ce=1.6265 sc=1.2193 mi=0.0775 dn=0.0000 v13=0.0012 grl=0.0000 v15=0.0000 v15r=0.0000 v16=0.0000 v17=0.0000 v18=0.0000 acc=0.9062 lr=2.97e-04 lambda=0.000 grl_lambda=0.000 v18_lambda=0.000 gpu=3.0/15.8GB
[11:20:32] [ep_summary] ep=09/100 val_live=0.9321/0.9336 val_ema=0.2160/0.1142 test77_live=0.6331/0.5471 test77_diag_ema=0.1403/0.0352 v13=0.0012 grl=0.0000 v15=0.0000 v15r=0.0000 v16=0.0000 v17=0.0000 v18=0.0000 das=stage2[10,50] p=0.70 ep_time=10.3s
[11:20:32] [save] best_sourceval_ema val_acc_ema=0.2160 source_val_live=0.9321/0.9336 source_val_ema=0.2160/0.1142 ep=9
[11:20:32] [train] epoch 10/100 steps=40 use_dann=0 das=stage2 f=[10.0,50.0] p=0.70 gpu=3.0/15.8GB
[11:20:32] [train] ep=10 step=001/40 ce=2.2103 sc=1.1370 mi=0.0720 dn=0.0000 v13=0.0010 grl=0.0000 v15=0.0000 v15r=0.0000 v16=0.0000 v17=0.0000 v18=0.0000 acc=0.8125 lr=2.97e-04 lambda=0.000 grl_lambda=0.000 v18_lambda=0.000 gpu=3.0/15.8GB
[11:20:34] [train] ep=10 step=010/40 ce=1.3441 sc=1.1966 mi=0.0760 dn=0.0000 v13=0.0010 grl=0.0000 v15=0.0000 v15r=0.0000 v16=0.0000 v17=0.0000 v18=0.0000 acc=0.9375 lr=2.97e-04 lambda=0.000 grl_lambda=0.000 v18_lambda=0.000 gpu=3.0/15.8GB
[11:20:35] [train] ep=10 step=020/40 ce=1.2739 sc=1.1634 mi=0.0774 dn=0.0000 v13=0.0009 grl=0.0000 v15=0.0000 v15r=0.0000 v16=0.0000 v17=0.0000 v18=0.0000 acc=0.9375 lr=2.97e-04 lambda=0.000 grl_lambda=0.000 v18_lambda=0.000 gpu=3.0/15.8GB
[11:20:37] [train] ep=10 step=030/40 ce=1.2055 sc=1.0810 mi=0.0753 dn=0.0000 v13=0.0009 grl=0.0000 v15=0.0000 v15r=0.0000 v16=0.0000 v17=0.0000 v18=0.0000 acc=0.9396 lr=2.96e-04 lambda=0.000 grl_lambda=0.000 v18_lambda=0.000 gpu=3.0/15.8GB
[11:20:39] [train] ep=10 step=040/40 ce=1.2440 sc=1.0773 mi=0.0760 dn=0.0000 v13=0.0009 grl=0.0000 v15=0.0000 v15r=0.0000 v16=0.0000 v17=0.0000 v18=0.0000 acc=0.9344 lr=2.96e-04 lambda=0.000 grl_lambda=0.000 v18_lambda=0.000 gpu=3.0/15.8GB
[11:20:42] [pool] check ep=010/100 source_val_acc_ema=0.2160 threshold=0.90
[11:20:42] [pool] ep=010 SKIP (source_val_acc_ema=0.2160 < 0.90)
[11:20:42] [ep_summary] ep=10/100 val_live=0.9321/0.9310 val_ema=0.2160/0.1172 test77_live=0.7374/0.6849 test77_diag_ema=0.1403/0.0352 v13=0.0009 grl=0.0000 v15=0.0000 v15r=0.0000 v16=0.0000 v17=0.0000 v18=0.0000 das=stage2[10,50] p=0.70 ep_time=10.2s
[11:20:42] [strict77_monitor] ep=10 best_source_epoch=9 source_val_ema=0.2160/0.1142 test77_ema_diag=0.1403/0.0352 sourcequalified_count=10 best_sourcequalified77_epoch=5 source_val_ema=0.1852/0.0813 test77_ema=0.1403/0.0352
[11:20:42] [train] epoch 11/100 steps=40 use_dann=0 das=stage2 f=[10.0,50.0] p=0.70 gpu=3.0/15.8GB
[11:20:42] [train] ep=11 step=001/40 ce=1.7367 sc=1.2743 mi=0.0829 dn=0.0000 v13=0.0006 grl=0.0000 v15=0.0000 v15r=0.0000 v16=0.0000 v17=0.0000 v18=0.0000 acc=0.8750 lr=2.96e-04 lambda=0.000 grl_lambda=0.000 v18_lambda=0.000 gpu=3.0/15.8GB
[11:20:44] [train] ep=11 step=010/40 ce=1.2940 sc=1.0292 mi=0.0726 dn=0.0000 v13=0.0010 grl=0.0000 v15=0.0000 v15r=0.0000 v16=0.0000 v17=0.0000 v18=0.0000 acc=0.9250 lr=2.96e-04 lambda=0.000 grl_lambda=0.000 v18_lambda=0.000 gpu=3.0/15.8GB
[11:20:46] [train] ep=11 step=020/40 ce=1.1817 sc=1.0363 mi=0.0729 dn=0.0000 v13=0.0009 grl=0.0000 v15=0.0000 v15r=0.0000 v16=0.0000 v17=0.0000 v18=0.0000 acc=0.9406 lr=2.96e-04 lambda=0.000 grl_lambda=0.000 v18_lambda=0.000 gpu=3.0/15.8GB
[11:20:48] [train] ep=11 step=030/40 ce=1.1434 sc=1.0400 mi=0.0730 dn=0.0000 v13=0.0009 grl=0.0000 v15=0.0000 v15r=0.0000 v16=0.0000 v17=0.0000 v18=0.0000 acc=0.9458 lr=2.95e-04 lambda=0.000 grl_lambda=0.000 v18_lambda=0.000 gpu=3.0/15.8GB
[11:20:49] [train] ep=11 step=040/40 ce=1.0996 sc=1.0238 mi=0.0724 dn=0.0000 v13=0.0009 grl=0.0000 v15=0.0000 v15r=0.0000 v16=0.0000 v17=0.0000 v18=0.0000 acc=0.9484 lr=2.95e-04 lambda=0.000 grl_lambda=0.000 v18_lambda=0.000 gpu=3.0/15.8GB
[11:20:52] [ep_summary] ep=11/100 val_live=0.9691/0.9687 val_ema=0.2160/0.1207 test77_live=0.7410/0.7247 test77_diag_ema=0.1403/0.0352 v13=0.0009 grl=0.0000 v15=0.0000 v15r=0.0000 v16=0.0000 v17=0.0000 v18=0.0000 das=stage2[10,50] p=0.70 ep_time=10.3s
[11:20:52] [train] epoch 12/100 steps=40 use_dann=0 das=stage2 f=[10.0,50.0] p=0.70 gpu=3.0/15.8GB
[11:20:52] [train] ep=12 step=001/40 ce=0.6132 sc=0.3290 mi=0.0686 dn=0.0000 v13=0.0011 grl=0.0000 v15=0.0000 v15r=0.0000 v16=0.0000 v17=0.0000 v18=0.0000 acc=1.0000 lr=2.95e-04 lambda=0.000 grl_lambda=0.000 v18_lambda=0.000 gpu=3.0/15.8GB
[11:20:54] [train] ep=12 step=010/40 ce=0.8876 sc=1.0095 mi=0.0716 dn=0.0000 v13=0.0009 grl=0.0000 v15=0.0000 v15r=0.0000 v16=0.0000 v17=0.0000 v18=0.0000 acc=0.9625 lr=2.95e-04 lambda=0.000 grl_lambda=0.000 v18_lambda=0.000 gpu=3.0/15.8GB
[11:20:56] [train] ep=12 step=020/40 ce=0.9293 sc=1.0615 mi=0.0730 dn=0.0000 v13=0.0009 grl=0.0000 v15=0.0000 v15r=0.0000 v16=0.0000 v17=0.0000 v18=0.0000 acc=0.9625 lr=2.94e-04 lambda=0.000 grl_lambda=0.000 v18_lambda=0.000 gpu=3.0/15.8GB
[11:20:58] [train] ep=12 step=030/40 ce=0.9969 sc=1.0280 mi=0.0723 dn=0.0000 v13=0.0010 grl=0.0000 v15=0.0000 v15r=0.0000 v16=0.0000 v17=0.0000 v18=0.0000 acc=0.9583 lr=2.94e-04 lambda=0.000 grl_lambda=0.000 v18_lambda=0.000 gpu=3.0/15.8GB
[11:20:59] [train] ep=12 step=040/40 ce=0.8959 sc=1.0000 mi=0.0714 dn=0.0000 v13=0.0009 grl=0.0000 v15=0.0000 v15r=0.0000 v16=0.0000 v17=0.0000 v18=0.0000 acc=0.9641 lr=2.94e-04 lambda=0.000 grl_lambda=0.000 v18_lambda=0.000 gpu=3.0/15.8GB
[11:21:02] [ep_summary] ep=12/100 val_live=0.9568/0.9564 val_ema=0.2222/0.1352 test77_live=0.6619/0.6137 test77_diag_ema=0.1403/0.0352 v13=0.0009 grl=0.0000 v15=0.0000 v15r=0.0000 v16=0.0000 v17=0.0000 v18=0.0000 das=stage2[10,50] p=0.70 ep_time=10.1s
[11:21:02] [save] best_sourceval_ema val_acc_ema=0.2222 source_val_live=0.9568/0.9564 source_val_ema=0.2222/0.1352 ep=12
[11:21:02] [train] epoch 13/100 steps=40 use_dann=0 das=stage2 f=[10.0,50.0] p=0.70 gpu=3.0/15.8GB
[11:21:02] [train] ep=13 step=001/40 ce=0.6794 sc=0.5936 mi=0.0799 dn=0.0000 v13=0.0003 grl=0.0000 v15=0.0000 v15r=0.0000 v16=0.0000 v17=0.0000 v18=0.0000 acc=1.0000 lr=2.94e-04 lambda=0.000 grl_lambda=0.000 v18_lambda=0.000 gpu=3.0/15.8GB
[11:21:04] [train] ep=13 step=010/40 ce=0.7898 sc=0.8557 mi=0.0721 dn=0.0000 v13=0.0006 grl=0.0000 v15=0.0000 v15r=0.0000 v16=0.0000 v17=0.0000 v18=0.0000 acc=0.9750 lr=2.93e-04 lambda=0.000 grl_lambda=0.000 v18_lambda=0.000 gpu=3.0/15.8GB
[11:21:06] [train] ep=13 step=020/40 ce=0.8295 sc=0.9434 mi=0.0704 dn=0.0000 v13=0.0007 grl=0.0000 v15=0.0000 v15r=0.0000 v16=0.0000 v17=0.0000 v18=0.0000 acc=0.9719 lr=2.93e-04 lambda=0.000 grl_lambda=0.000 v18_lambda=0.000 gpu=3.0/15.8GB
[11:21:08] [train] ep=13 step=030/40 ce=0.7606 sc=0.9252 mi=0.0709 dn=0.0000 v13=0.0007 grl=0.0000 v15=0.0000 v15r=0.0000 v16=0.0000 v17=0.0000 v18=0.0000 acc=0.9729 lr=2.93e-04 lambda=0.000 grl_lambda=0.000 v18_lambda=0.000 gpu=3.0/15.8GB
[11:21:10] [train] ep=13 step=040/40 ce=0.8269 sc=0.9367 mi=0.0708 dn=0.0000 v13=0.0007 grl=0.0000 v15=0.0000 v15r=0.0000 v16=0.0000 v17=0.0000 v18=0.0000 acc=0.9641 lr=2.92e-04 lambda=0.000 grl_lambda=0.000 v18_lambda=0.000 gpu=3.0/15.8GB
[11:21:13] [ep_summary] ep=13/100 val_live=0.9753/0.9749 val_ema=0.2407/0.1666 test77_live=0.7878/0.7653 test77_diag_ema=0.1403/0.0352 v13=0.0007 grl=0.0000 v15=0.0000 v15r=0.0000 v16=0.0000 v17=0.0000 v18=0.0000 das=stage2[10,50] p=0.70 ep_time=10.4s
[11:21:13] [save] best_sourceval_ema val_acc_ema=0.2407 source_val_live=0.9753/0.9749 source_val_ema=0.2407/0.1666 ep=13
[11:21:13] [train] epoch 14/100 steps=40 use_dann=0 das=stage2 f=[10.0,50.0] p=0.70 gpu=3.0/15.8GB
[11:21:13] [train] ep=14 step=001/40 ce=1.0873 sc=1.2597 mi=0.0778 dn=0.0000 v13=0.0003 grl=0.0000 v15=0.0000 v15r=0.0000 v16=0.0000 v17=0.0000 v18=0.0000 acc=0.9375 lr=2.92e-04 lambda=0.000 grl_lambda=0.000 v18_lambda=0.000 gpu=3.0/15.8GB
[11:21:15] [train] ep=14 step=010/40 ce=0.8600 sc=0.9623 mi=0.0740 dn=0.0000 v13=0.0007 grl=0.0000 v15=0.0000 v15r=0.0000 v16=0.0000 v17=0.0000 v18=0.0000 acc=0.9625 lr=2.92e-04 lambda=0.000 grl_lambda=0.000 v18_lambda=0.000 gpu=3.0/15.8GB
[11:21:17] [train] ep=14 step=020/40 ce=0.7724 sc=0.8885 mi=0.0723 dn=0.0000 v13=0.0007 grl=0.0000 v15=0.0000 v15r=0.0000 v16=0.0000 v17=0.0000 v18=0.0000 acc=0.9688 lr=2.91e-04 lambda=0.000 grl_lambda=0.000 v18_lambda=0.000 gpu=3.0/15.8GB
[11:21:18] [train] ep=14 step=030/40 ce=0.9828 sc=0.9392 mi=0.0716 dn=0.0000 v13=0.0007 grl=0.0000 v15=0.0000 v15r=0.0000 v16=0.0000 v17=0.0000 v18=0.0000 acc=0.9479 lr=2.91e-04 lambda=0.000 grl_lambda=0.000 v18_lambda=0.000 gpu=3.0/15.8GB
[11:21:20] [train] ep=14 step=040/40 ce=0.9517 sc=0.9878 mi=0.0707 dn=0.0000 v13=0.0007 grl=0.0000 v15=0.0000 v15r=0.0000 v16=0.0000 v17=0.0000 v18=0.0000 acc=0.9516 lr=2.91e-04 lambda=0.000 grl_lambda=0.000 v18_lambda=0.000 gpu=3.0/15.8GB
[11:21:23] [ep_summary] ep=14/100 val_live=0.9506/0.9515 val_ema=0.2778/0.2249 test77_live=0.7806/0.7397 test77_diag_ema=0.1403/0.0352 v13=0.0007 grl=0.0000 v15=0.0000 v15r=0.0000 v16=0.0000 v17=0.0000 v18=0.0000 das=stage2[10,50] p=0.70 ep_time=10.4s
[11:21:23] [save] best_sourceval_ema val_acc_ema=0.2778 source_val_live=0.9506/0.9515 source_val_ema=0.2778/0.2249 ep=14
[11:21:23] [train] epoch 15/100 steps=40 use_dann=0 das=stage2 f=[10.0,50.0] p=0.70 gpu=3.0/15.8GB
[11:21:23] [train] ep=15 step=001/40 ce=0.3590 sc=0.9960 mi=0.0583 dn=0.0000 v13=0.0008 grl=0.0000 v15=0.0000 v15r=0.0000 v16=0.0000 v17=0.0000 v18=0.0000 acc=1.0000 lr=2.91e-04 lambda=0.000 grl_lambda=0.000 v18_lambda=0.000 gpu=3.0/15.8GB
[11:21:25] [train] ep=15 step=010/40 ce=1.0323 sc=1.0752 mi=0.0718 dn=0.0000 v13=0.0008 grl=0.0000 v15=0.0000 v15r=0.0000 v16=0.0000 v17=0.0000 v18=0.0000 acc=0.9500 lr=2.90e-04 lambda=0.000 grl_lambda=0.000 v18_lambda=0.000 gpu=3.0/15.8GB
[11:21:27] [train] ep=15 step=020/40 ce=0.8271 sc=0.9652 mi=0.0714 dn=0.0000 v13=0.0007 grl=0.0000 v15=0.0000 v15r=0.0000 v16=0.0000 v17=0.0000 v18=0.0000 acc=0.9656 lr=2.90e-04 lambda=0.000 grl_lambda=0.000 v18_lambda=0.000 gpu=3.0/15.8GB
[11:21:29] [train] ep=15 step=030/40 ce=0.8019 sc=0.9341 mi=0.0702 dn=0.0000 v13=0.0007 grl=0.0000 v15=0.0000 v15r=0.0000 v16=0.0000 v17=0.0000 v18=0.0000 acc=0.9708 lr=2.89e-04 lambda=0.000 grl_lambda=0.000 v18_lambda=0.000 gpu=3.0/15.8GB
[11:21:31] [train] ep=15 step=040/40 ce=0.7758 sc=0.9071 mi=0.0693 dn=0.0000 v13=0.0007 grl=0.0000 v15=0.0000 v15r=0.0000 v16=0.0000 v17=0.0000 v18=0.0000 acc=0.9734 lr=2.89e-04 lambda=0.000 grl_lambda=0.000 v18_lambda=0.000 gpu=3.0/15.8GB
[11:21:34] [ep_summary] ep=15/100 val_live=0.9753/0.9749 val_ema=0.3272/0.2936 test77_live=0.7266/0.6947 test77_diag_ema=0.1403/0.0352 v13=0.0007 grl=0.0000 v15=0.0000 v15r=0.0000 v16=0.0000 v17=0.0000 v18=0.0000 das=stage2[10,50] p=0.70 ep_time=10.5s
[11:21:34] [save] best_sourceval_ema val_acc_ema=0.3272 source_val_live=0.9753/0.9749 source_val_ema=0.3272/0.2936 ep=15
[11:21:34] [train] epoch 16/100 steps=40 use_dann=0 das=stage2 f=[10.0,50.0] p=0.70 gpu=3.0/15.8GB
[11:21:34] [train] ep=16 step=001/40 ce=0.3557 sc=0.4689 mi=0.0642 dn=0.0000 v13=0.0009 grl=0.0000 v15=0.0000 v15r=0.0000 v16=0.0000 v17=0.0000 v18=0.0000 acc=1.0000 lr=2.89e-04 lambda=0.000 grl_lambda=0.000 v18_lambda=0.000 gpu=3.0/15.8GB
[11:21:36] [train] ep=16 step=010/40 ce=0.5522 sc=0.7565 mi=0.0724 dn=0.0000 v13=0.0010 grl=0.0000 v15=0.0000 v15r=0.0000 v16=0.0000 v17=0.0000 v18=0.0000 acc=0.9812 lr=2.88e-04 lambda=0.000 grl_lambda=0.000 v18_lambda=0.000 gpu=3.0/15.8GB
[11:21:38] [train] ep=16 step=020/40 ce=0.5355 sc=0.7910 mi=0.0710 dn=0.0000 v13=0.0009 grl=0.0000 v15=0.0000 v15r=0.0000 v16=0.0000 v17=0.0000 v18=0.0000 acc=0.9844 lr=2.88e-04 lambda=0.000 grl_lambda=0.000 v18_lambda=0.000 gpu=3.0/15.8GB
[11:21:39] [train] ep=16 step=030/40 ce=0.5364 sc=0.8459 mi=0.0688 dn=0.0000 v13=0.0009 grl=0.0000 v15=0.0000 v15r=0.0000 v16=0.0000 v17=0.0000 v18=0.0000 acc=0.9833 lr=2.87e-04 lambda=0.000 grl_lambda=0.000 v18_lambda=0.000 gpu=3.0/15.8GB
[11:21:41] [train] ep=16 step=040/40 ce=0.5451 sc=0.8566 mi=0.0686 dn=0.0000 v13=0.0009 grl=0.0000 v15=0.0000 v15r=0.0000 v16=0.0000 v17=0.0000 v18=0.0000 acc=0.9828 lr=2.87e-04 lambda=0.000 grl_lambda=0.000 v18_lambda=0.000 gpu=3.0/15.8GB
[11:21:44] [ep_summary] ep=16/100 val_live=0.9444/0.9451 val_ema=0.3951/0.3765 test77_live=0.7590/0.7193 test77_diag_ema=0.1403/0.0352 v13=0.0009 grl=0.0000 v15=0.0000 v15r=0.0000 v16=0.0000 v17=0.0000 v18=0.0000 das=stage2[10,50] p=0.70 ep_time=10.5s
[11:21:44] [save] best_sourceval_ema val_acc_ema=0.3951 source_val_live=0.9444/0.9451 source_val_ema=0.3951/0.3765 ep=16
[11:21:44] [train] epoch 17/100 steps=40 use_dann=0 das=stage2 f=[10.0,50.0] p=0.70 gpu=3.0/15.8GB
[11:21:44] [train] ep=17 step=001/40 ce=0.4945 sc=0.7577 mi=0.0709 dn=0.0000 v13=0.0004 grl=0.0000 v15=0.0000 v15r=0.0000 v16=0.0000 v17=0.0000 v18=0.0000 acc=1.0000 lr=2.87e-04 lambda=0.000 grl_lambda=0.000 v18_lambda=0.000 gpu=3.0/15.8GB
[11:21:46] [train] ep=17 step=010/40 ce=0.8923 sc=1.0405 mi=0.0704 dn=0.0000 v13=0.0008 grl=0.0000 v15=0.0000 v15r=0.0000 v16=0.0000 v17=0.0000 v18=0.0000 acc=0.9688 lr=2.86e-04 lambda=0.000 grl_lambda=0.000 v18_lambda=0.000 gpu=3.0/15.8GB
[11:21:48] [train] ep=17 step=020/40 ce=0.7408 sc=0.9793 mi=0.0692 dn=0.0000 v13=0.0008 grl=0.0000 v15=0.0000 v15r=0.0000 v16=0.0000 v17=0.0000 v18=0.0000 acc=0.9781 lr=2.86e-04 lambda=0.000 grl_lambda=0.000 v18_lambda=0.000 gpu=3.0/15.8GB
[11:21:50] [train] ep=17 step=030/40 ce=0.7475 sc=0.9847 mi=0.0679 dn=0.0000 v13=0.0008 grl=0.0000 v15=0.0000 v15r=0.0000 v16=0.0000 v17=0.0000 v18=0.0000 acc=0.9750 lr=2.85e-04 lambda=0.000 grl_lambda=0.000 v18_lambda=0.000 gpu=3.0/15.8GB
[11:21:52] [train] ep=17 step=040/40 ce=0.7216 sc=0.9452 mi=0.0672 dn=0.0000 v13=0.0007 grl=0.0000 v15=0.0000 v15r=0.0000 v16=0.0000 v17=0.0000 v18=0.0000 acc=0.9750 lr=2.85e-04 lambda=0.000 grl_lambda=0.000 v18_lambda=0.000 gpu=3.0/15.8GB
[11:21:55] [ep_summary] ep=17/100 val_live=0.9506/0.9513 val_ema=0.4444/0.4307 test77_live=0.7698/0.7493 test77_diag_ema=0.1403/0.0352 v13=0.0007 grl=0.0000 v15=0.0000 v15r=0.0000 v16=0.0000 v17=0.0000 v18=0.0000 das=stage2[10,50] p=0.70 ep_time=10.5s
[11:21:55] [save] best_sourceval_ema val_acc_ema=0.4444 source_val_live=0.9506/0.9513 source_val_ema=0.4444/0.4307 ep=17
[11:21:55] [train] epoch 18/100 steps=40 use_dann=0 das=stage2 f=[10.0,50.0] p=0.70 gpu=3.0/15.8GB
[11:21:55] [train] ep=18 step=001/40 ce=0.4191 sc=0.8467 mi=0.0605 dn=0.0000 v13=0.0007 grl=0.0000 v15=0.0000 v15r=0.0000 v16=0.0000 v17=0.0000 v18=0.0000 acc=1.0000 lr=2.85e-04 lambda=0.000 grl_lambda=0.000 v18_lambda=0.000 gpu=3.0/15.8GB
[11:21:57] [train] ep=18 step=010/40 ce=0.6019 sc=0.8574 mi=0.0663 dn=0.0000 v13=0.0007 grl=0.0000 v15=0.0000 v15r=0.0000 v16=0.0000 v17=0.0000 v18=0.0000 acc=0.9812 lr=2.84e-04 lambda=0.000 grl_lambda=0.000 v18_lambda=0.000 gpu=3.0/15.8GB
[11:21:59] [train] ep=18 step=020/40 ce=0.7927 sc=0.9503 mi=0.0658 dn=0.0000 v13=0.0008 grl=0.0000 v15=0.0000 v15r=0.0000 v16=0.0000 v17=0.0000 v18=0.0000 acc=0.9656 lr=2.84e-04 lambda=0.000 grl_lambda=0.000 v18_lambda=0.000 gpu=3.0/15.8GB
[11:22:01] [train] ep=18 step=030/40 ce=0.7971 sc=0.9353 mi=0.0662 dn=0.0000 v13=0.0008 grl=0.0000 v15=0.0000 v15r=0.0000 v16=0.0000 v17=0.0000 v18=0.0000 acc=0.9688 lr=2.83e-04 lambda=0.000 grl_lambda=0.000 v18_lambda=0.000 gpu=3.0/15.8GB
[11:22:02] [train] ep=18 step=040/40 ce=0.7065 sc=0.9111 mi=0.0668 dn=0.0000 v13=0.0008 grl=0.0000 v15=0.0000 v15r=0.0000 v16=0.0000 v17=0.0000 v18=0.0000 acc=0.9734 lr=2.83e-04 lambda=0.000 grl_lambda=0.000 v18_lambda=0.000 gpu=3.0/15.8GB
[11:22:05] [ep_summary] ep=18/100 val_live=0.9630/0.9642 val_ema=0.4815/0.4702 test77_live=0.7194/0.6831 test77_diag_ema=0.1403/0.0352 v13=0.0008 grl=0.0000 v15=0.0000 v15r=0.0000 v16=0.0000 v17=0.0000 v18=0.0000 das=stage2[10,50] p=0.70 ep_time=10.6s
[11:22:05] [save] best_sourceval_ema val_acc_ema=0.4815 source_val_live=0.9630/0.9642 source_val_ema=0.4815/0.4702 ep=18
[11:22:05] [train] epoch 19/100 steps=40 use_dann=0 das=stage2 f=[10.0,50.0] p=0.70 gpu=3.0/15.8GB
[11:22:06] [train] ep=19 step=001/40 ce=0.2954 sc=0.6459 mi=0.0621 dn=0.0000 v13=0.0009 grl=0.0000 v15=0.0000 v15r=0.0000 v16=0.0000 v17=0.0000 v18=0.0000 acc=1.0000 lr=2.83e-04 lambda=0.000 grl_lambda=0.000 v18_lambda=0.000 gpu=3.0/15.8GB
[11:22:07] [train] ep=19 step=010/40 ce=0.5611 sc=0.8497 mi=0.0669 dn=0.0000 v13=0.0007 grl=0.0000 v15=0.0000 v15r=0.0000 v16=0.0000 v17=0.0000 v18=0.0000 acc=0.9750 lr=2.82e-04 lambda=0.000 grl_lambda=0.000 v18_lambda=0.000 gpu=3.0/15.8GB
[11:22:09] [train] ep=19 step=020/40 ce=0.6021 sc=0.9378 mi=0.0677 dn=0.0000 v13=0.0007 grl=0.0000 v15=0.0000 v15r=0.0000 v16=0.0000 v17=0.0000 v18=0.0000 acc=0.9719 lr=2.82e-04 lambda=0.000 grl_lambda=0.000 v18_lambda=0.000 gpu=3.0/15.8GB
[11:22:11] [train] ep=19 step=030/40 ce=0.6128 sc=0.9357 mi=0.0670 dn=0.0000 v13=0.0007 grl=0.0000 v15=0.0000 v15r=0.0000 v16=0.0000 v17=0.0000 v18=0.0000 acc=0.9729 lr=2.81e-04 lambda=0.000 grl_lambda=0.000 v18_lambda=0.000 gpu=3.0/15.8GB
[11:22:13] [train] ep=19 step=040/40 ce=0.6186 sc=0.9411 mi=0.0669 dn=0.0000 v13=0.0007 grl=0.0000 v15=0.0000 v15r=0.0000 v16=0.0000 v17=0.0000 v18=0.0000 acc=0.9719 lr=2.80e-04 lambda=0.000 grl_lambda=0.000 v18_lambda=0.000 gpu=3.0/15.8GB
[11:22:16] [ep_summary] ep=19/100 val_live=0.9691/0.9695 val_ema=0.5123/0.5046 test77_live=0.7338/0.6963 test77_diag_ema=0.1403/0.0352 v13=0.0007 grl=0.0000 v15=0.0000 v15r=0.0000 v16=0.0000 v17=0.0000 v18=0.0000 das=stage2[10,50] p=0.70 ep_time=10.4s
[11:22:16] [save] best_sourceval_ema val_acc_ema=0.5123 source_val_live=0.9691/0.9695 source_val_ema=0.5123/0.5046 ep=19
[11:22:16] [train] epoch 20/100 steps=40 use_dann=0 das=stage2 f=[10.0,50.0] p=0.70 gpu=3.0/15.8GB
[11:22:16] [train] ep=20 step=001/40 ce=0.9190 sc=1.0315 mi=0.0631 dn=0.0000 v13=0.0008 grl=0.0000 v15=0.0000 v15r=0.0000 v16=0.0000 v17=0.0000 v18=0.0000 acc=1.0000 lr=2.80e-04 lambda=0.000 grl_lambda=0.000 v18_lambda=0.000 gpu=3.0/15.8GB
[11:22:18] [train] ep=20 step=010/40 ce=0.5852 sc=0.9157 mi=0.0645 dn=0.0000 v13=0.0008 grl=0.0000 v15=0.0000 v15r=0.0000 v16=0.0000 v17=0.0000 v18=0.0000 acc=0.9875 lr=2.80e-04 lambda=0.000 grl_lambda=0.000 v18_lambda=0.000 gpu=3.0/15.8GB
[11:22:20] [train] ep=20 step=020/40 ce=0.6025 sc=0.9289 mi=0.0653 dn=0.0000 v13=0.0007 grl=0.0000 v15=0.0000 v15r=0.0000 v16=0.0000 v17=0.0000 v18=0.0000 acc=0.9812 lr=2.79e-04 lambda=0.000 grl_lambda=0.000 v18_lambda=0.000 gpu=3.0/15.8GB
[11:22:22] [train] ep=20 step=030/40 ce=0.5203 sc=0.8717 mi=0.0663 dn=0.0000 v13=0.0007 grl=0.0000 v15=0.0000 v15r=0.0000 v16=0.0000 v17=0.0000 v18=0.0000 acc=0.9854 lr=2.79e-04 lambda=0.000 grl_lambda=0.000 v18_lambda=0.000 gpu=3.0/15.8GB
[11:22:24] [train] ep=20 step=040/40 ce=0.5115 sc=0.8716 mi=0.0662 dn=0.0000 v13=0.0007 grl=0.0000 v15=0.0000 v15r=0.0000 v16=0.0000 v17=0.0000 v18=0.0000 acc=0.9844 lr=2.78e-04 lambda=0.000 grl_lambda=0.000 v18_lambda=0.000 gpu=3.0/15.8GB
[11:22:26] [pool] check ep=020/100 source_val_acc_ema=0.5679 threshold=0.90
[11:22:26] [pool] ep=020 SKIP (source_val_acc_ema=0.5679 < 0.90)
[11:22:26] [ep_summary] ep=20/100 val_live=0.9444/0.9421 val_ema=0.5679/0.5648 test77_live=0.6978/0.6473 test77_diag_ema=0.1403/0.0352 v13=0.0007 grl=0.0000 v15=0.0000 v15r=0.0000 v16=0.0000 v17=0.0000 v18=0.0000 das=stage2[10,50] p=0.70 ep_time=10.8s
[11:22:27] [save] best_sourceval_ema val_acc_ema=0.5679 source_val_live=0.9444/0.9421 source_val_ema=0.5679/0.5648 ep=20
[11:22:27] [strict77_monitor] ep=20 best_source_epoch=20 source_val_ema=0.5679/0.5648 test77_ema_diag=0.1403/0.0352 sourcequalified_count=20 best_sourcequalified77_epoch=5 source_val_ema=0.1852/0.0813 test77_ema=0.1403/0.0352
[11:22:27] [train] epoch 21/100 steps=40 use_dann=0 das=stage2 f=[10.0,50.0] p=0.70 gpu=3.0/15.8GB
[11:22:27] [train] ep=21 step=001/40 ce=0.3329 sc=0.4531 mi=0.0614 dn=0.0000 v13=0.0006 grl=0.0000 v15=0.0000 v15r=0.0000 v16=0.0000 v17=0.0000 v18=0.0000 acc=1.0000 lr=2.78e-04 lambda=0.000 grl_lambda=0.000 v18_lambda=0.000 gpu=3.0/15.8GB
[11:22:29] [train] ep=21 step=010/40 ce=0.5709 sc=0.7604 mi=0.0630 dn=0.0000 v13=0.0006 grl=0.0000 v15=0.0000 v15r=0.0000 v16=0.0000 v17=0.0000 v18=0.0000 acc=0.9812 lr=2.77e-04 lambda=0.000 grl_lambda=0.000 v18_lambda=0.000 gpu=3.0/15.8GB
[11:22:31] [train] ep=21 step=020/40 ce=0.5267 sc=0.8384 mi=0.0650 dn=0.0000 v13=0.0007 grl=0.0000 v15=0.0000 v15r=0.0000 v16=0.0000 v17=0.0000 v18=0.0000 acc=0.9844 lr=2.77e-04 lambda=0.000 grl_lambda=0.000 v18_lambda=0.000 gpu=3.0/15.8GB
[11:22:33] [train] ep=21 step=030/40 ce=0.4928 sc=0.8364 mi=0.0639 dn=0.0000 v13=0.0007 grl=0.0000 v15=0.0000 v15r=0.0000 v16=0.0000 v17=0.0000 v18=0.0000 acc=0.9854 lr=2.76e-04 lambda=0.000 grl_lambda=0.000 v18_lambda=0.000 gpu=3.0/15.8GB
[11:22:35] [train] ep=21 step=040/40 ce=0.4712 sc=0.8176 mi=0.0645 dn=0.0000 v13=0.0007 grl=0.0000 v15=0.0000 v15r=0.0000 v16=0.0000 v17=0.0000 v18=0.0000 acc=0.9875 lr=2.75e-04 lambda=0.000 grl_lambda=0.000 v18_lambda=0.000 gpu=3.0/15.8GB
[11:22:37] [ep_summary] ep=21/100 val_live=0.9630/0.9635 val_ema=0.6296/0.6179 test77_live=0.7590/0.7415 test77_diag_ema=0.1403/0.0352 v13=0.0007 grl=0.0000 v15=0.0000 v15r=0.0000 v16=0.0000 v17=0.0000 v18=0.0000 das=stage2[10,50] p=0.70 ep_time=11.0s
[11:22:38] [save] best_sourceval_ema val_acc_ema=0.6296 source_val_live=0.9630/0.9635 source_val_ema=0.6296/0.6179 ep=21
[11:22:38] [train] epoch 22/100 steps=40 use_dann=0 das=stage2 f=[10.0,50.0] p=0.70 gpu=3.0/15.8GB
[11:22:38] [train] ep=22 step=001/40 ce=0.2755 sc=0.5486 mi=0.0590 dn=0.0000 v13=0.0005 grl=0.0000 v15=0.0000 v15r=0.0000 v16=0.0000 v17=0.0000 v18=0.0000 acc=1.0000 lr=2.75e-04 lambda=0.000 grl_lambda=0.000 v18_lambda=0.000 gpu=3.0/15.8GB
[11:22:40] [train] ep=22 step=010/40 ce=0.4723 sc=0.7544 mi=0.0694 dn=0.0000 v13=0.0006 grl=0.0000 v15=0.0000 v15r=0.0000 v16=0.0000 v17=0.0000 v18=0.0000 acc=0.9875 lr=2.75e-04 lambda=0.000 grl_lambda=0.000 v18_lambda=0.000 gpu=3.0/15.8GB
[11:22:42] [train] ep=22 step=020/40 ce=0.4353 sc=0.7694 mi=0.0653 dn=0.0000 v13=0.0006 grl=0.0000 v15=0.0000 v15r=0.0000 v16=0.0000 v17=0.0000 v18=0.0000 acc=0.9906 lr=2.74e-04 lambda=0.000 grl_lambda=0.000 v18_lambda=0.000 gpu=3.0/15.8GB
[11:22:44] [train] ep=22 step=030/40 ce=0.3940 sc=0.8390 mi=0.0641 dn=0.0000 v13=0.0007 grl=0.0000 v15=0.0000 v15r=0.0000 v16=0.0000 v17=0.0000 v18=0.0000 acc=0.9938 lr=2.73e-04 lambda=0.000 grl_lambda=0.000 v18_lambda=0.000 gpu=3.0/15.8GB
[11:22:46] [train] ep=22 step=040/40 ce=0.4145 sc=0.8744 mi=0.0645 dn=0.0000 v13=0.0007 grl=0.0000 v15=0.0000 v15r=0.0000 v16=0.0000 v17=0.0000 v18=0.0000 acc=0.9906 lr=2.73e-04 lambda=0.000 grl_lambda=0.000 v18_lambda=0.000 gpu=3.0/15.8GB
[11:22:48] [ep_summary] ep=22/100 val_live=0.9444/0.9425 val_ema=0.6543/0.6382 test77_live=0.7446/0.7030 test77_diag_ema=0.1403/0.0352 v13=0.0007 grl=0.0000 v15=0.0000 v15r=0.0000 v16=0.0000 v17=0.0000 v18=0.0000 das=stage2[10,50] p=0.70 ep_time=10.9s
[11:22:48] [save] best_sourceval_ema val_acc_ema=0.6543 source_val_live=0.9444/0.9425 source_val_ema=0.6543/0.6382 ep=22
[11:22:48] [train] epoch 23/100 steps=40 use_dann=0 das=stage2 f=[10.0,50.0] p=0.70 gpu=3.0/15.8GB
[11:22:49] [train] ep=23 step=001/40 ce=0.2771 sc=0.4402 mi=0.0611 dn=0.0000 v13=0.0006 grl=0.0000 v15=0.0000 v15r=0.0000 v16=0.0000 v17=0.0000 v18=0.0000 acc=1.0000 lr=2.72e-04 lambda=0.000 grl_lambda=0.000 v18_lambda=0.000 gpu=3.0/15.8GB
[11:22:51] [train] ep=23 step=010/40 ce=0.3700 sc=0.7692 mi=0.0676 dn=0.0000 v13=0.0007 grl=0.0000 v15=0.0000 v15r=0.0000 v16=0.0000 v17=0.0000 v18=0.0000 acc=1.0000 lr=2.72e-04 lambda=0.000 grl_lambda=0.000 v18_lambda=0.000 gpu=3.0/15.8GB
[11:22:52] [train] ep=23 step=020/40 ce=0.4640 sc=0.7980 mi=0.0652 dn=0.0000 v13=0.0007 grl=0.0000 v15=0.0000 v15r=0.0000 v16=0.0000 v17=0.0000 v18=0.0000 acc=0.9906 lr=2.71e-04 lambda=0.000 grl_lambda=0.000 v18_lambda=0.000 gpu=3.0/15.8GB
[11:22:55] [train] ep=23 step=030/40 ce=0.4243 sc=0.7563 mi=0.0650 dn=0.0000 v13=0.0007 grl=0.0000 v15=0.0000 v15r=0.0000 v16=0.0000 v17=0.0000 v18=0.0000 acc=0.9938 lr=2.70e-04 lambda=0.000 grl_lambda=0.000 v18_lambda=0.000 gpu=3.0/15.8GB
[11:22:57] [train] ep=23 step=040/40 ce=0.4191 sc=0.7793 mi=0.0649 dn=0.0000 v13=0.0007 grl=0.0000 v15=0.0000 v15r=0.0000 v16=0.0000 v17=0.0000 v18=0.0000 acc=0.9938 lr=2.70e-04 lambda=0.000 grl_lambda=0.000 v18_lambda=0.000 gpu=3.0/15.8GB
[11:22:59] [ep_summary] ep=23/100 val_live=0.9753/0.9749 val_ema=0.6914/0.6714 test77_live=0.7914/0.7890 test77_diag_ema=0.1403/0.0352 v13=0.0007 grl=0.0000 v15=0.0000 v15r=0.0000 v16=0.0000 v17=0.0000 v18=0.0000 das=stage2[10,50] p=0.70 ep_time=11.0s
[11:23:00] [save] best_sourceval_ema val_acc_ema=0.6914 source_val_live=0.9753/0.9749 source_val_ema=0.6914/0.6714 ep=23
[11:23:00] [train] epoch 24/100 steps=40 use_dann=0 das=stage2 f=[10.0,50.0] p=0.70 gpu=3.0/15.8GB
[11:23:00] [train] ep=24 step=001/40 ce=0.2989 sc=0.8528 mi=0.0575 dn=0.0000 v13=0.0004 grl=0.0000 v15=0.0000 v15r=0.0000 v16=0.0000 v17=0.0000 v18=0.0000 acc=1.0000 lr=2.70e-04 lambda=0.000 grl_lambda=0.000 v18_lambda=0.000 gpu=3.0/15.8GB
[11:23:02] [train] ep=24 step=010/40 ce=0.5690 sc=0.9274 mi=0.0621 dn=0.0000 v13=0.0007 grl=0.0000 v15=0.0000 v15r=0.0000 v16=0.0000 v17=0.0000 v18=0.0000 acc=0.9875 lr=2.69e-04 lambda=0.000 grl_lambda=0.000 v18_lambda=0.000 gpu=3.0/15.8GB
[11:23:03] [train] ep=24 step=020/40 ce=0.5400 sc=0.8213 mi=0.0625 dn=0.0000 v13=0.0008 grl=0.0000 v15=0.0000 v15r=0.0000 v16=0.0000 v17=0.0000 v18=0.0000 acc=0.9875 lr=2.68e-04 lambda=0.000 grl_lambda=0.000 v18_lambda=0.000 gpu=3.0/15.8GB
[11:23:06] [train] ep=24 step=030/40 ce=0.5281 sc=0.8775 mi=0.0643 dn=0.0000 v13=0.0008 grl=0.0000 v15=0.0000 v15r=0.0000 v16=0.0000 v17=0.0000 v18=0.0000 acc=0.9854 lr=2.67e-04 lambda=0.000 grl_lambda=0.000 v18_lambda=0.000 gpu=3.0/15.8GB
[11:23:08] [train] ep=24 step=040/40 ce=0.5262 sc=0.9293 mi=0.0644 dn=0.0000 v13=0.0008 grl=0.0000 v15=0.0000 v15r=0.0000 v16=0.0000 v17=0.0000 v18=0.0000 acc=0.9844 lr=2.67e-04 lambda=0.000 grl_lambda=0.000 v18_lambda=0.000 gpu=3.0/15.8GB
[11:23:10] [ep_summary] ep=24/100 val_live=0.9691/0.9698 val_ema=0.7531/0.7331 test77_live=0.8129/0.8049 test77_diag_ema=0.1439/0.0422 v13=0.0008 grl=0.0000 v15=0.0000 v15r=0.0000 v16=0.0000 v17=0.0000 v18=0.0000 das=stage2[10,50] p=0.70 ep_time=10.8s
[11:23:10] [save] best_sourceval_ema val_acc_ema=0.7531 source_val_live=0.9691/0.9698 source_val_ema=0.7531/0.7331 ep=24
[11:23:10] [save] best_sourcequalified77_ema ep=24 source_val_live=0.9691/0.9698 source_val_ema=0.7531/0.7331 test77_ema=0.1439/0.0422
[11:23:10] [train] epoch 25/100 steps=40 use_dann=0 das=stage3 f=[12.0,95.0] p=1.00 gpu=3.0/15.8GB
[11:23:11] [train] ep=25 step=001/40 ce=1.0521 sc=1.2191 mi=0.0748 dn=0.0000 v13=0.0016 grl=0.0000 v15=0.0000 v15r=0.0000 v16=0.0000 v17=0.0000 v18=0.0000 acc=0.9375 lr=2.67e-04 lambda=0.000 grl_lambda=0.000 v18_lambda=0.000 gpu=3.0/15.8GB
[11:23:12] [train] ep=25 step=010/40 ce=0.5508 sc=0.8137 mi=0.0715 dn=0.0000 v13=0.0011 grl=0.0000 v15=0.0000 v15r=0.0000 v16=0.0000 v17=0.0000 v18=0.0000 acc=0.9812 lr=2.66e-04 lambda=0.000 grl_lambda=0.000 v18_lambda=0.000 gpu=3.0/15.8GB
[11:23:14] [train] ep=25 step=020/40 ce=0.5499 sc=0.9061 mi=0.0686 dn=0.0000 v13=0.0011 grl=0.0000 v15=0.0000 v15r=0.0000 v16=0.0000 v17=0.0000 v18=0.0000 acc=0.9844 lr=2.65e-04 lambda=0.000 grl_lambda=0.000 v18_lambda=0.000 gpu=3.0/15.8GB
[11:23:17] [train] ep=25 step=030/40 ce=0.5595 sc=0.8862 mi=0.0680 dn=0.0000 v13=0.0011 grl=0.0000 v15=0.0000 v15r=0.0000 v16=0.0000 v17=0.0000 v18=0.0000 acc=0.9833 lr=2.64e-04 lambda=0.000 grl_lambda=0.000 v18_lambda=0.000 gpu=3.0/15.8GB
[11:23:19] [train] ep=25 step=040/40 ce=0.5488 sc=0.8541 mi=0.0669 dn=0.0000 v13=0.0011 grl=0.0000 v15=0.0000 v15r=0.0000 v16=0.0000 v17=0.0000 v18=0.0000 acc=0.9859 lr=2.64e-04 lambda=0.000 grl_lambda=0.000 v18_lambda=0.000 gpu=3.0/15.8GB
[11:23:21] [ep_summary] ep=25/100 val_live=0.9753/0.9758 val_ema=0.7901/0.7784 test77_live=0.7986/0.7919 test77_diag_ema=0.1439/0.0422 v13=0.0011 grl=0.0000 v15=0.0000 v15r=0.0000 v16=0.0000 v17=0.0000 v18=0.0000 das=stage3[12,95] p=1.00 ep_time=11.0s
[11:23:21] [save] best_sourceval_ema val_acc_ema=0.7901 source_val_live=0.9753/0.9758 source_val_ema=0.7901/0.7784 ep=25
[11:23:21] [train] epoch 26/100 steps=40 use_dann=0 das=stage3 f=[12.0,95.0] p=1.00 gpu=3.0/15.8GB
[11:23:22] [train] ep=26 step=001/40 ce=0.3593 sc=0.6521 mi=0.0738 dn=0.0000 v13=0.0006 grl=0.0000 v15=0.0000 v15r=0.0000 v16=0.0000 v17=0.0000 v18=0.0000 acc=1.0000 lr=2.64e-04 lambda=0.000 grl_lambda=0.000 v18_lambda=0.000 gpu=3.0/15.8GB
[11:23:23] [train] ep=26 step=010/40 ce=0.7256 sc=0.8168 mi=0.0684 dn=0.0000 v13=0.0010 grl=0.0000 v15=0.0000 v15r=0.0000 v16=0.0000 v17=0.0000 v18=0.0000 acc=0.9688 lr=2.63e-04 lambda=0.000 grl_lambda=0.000 v18_lambda=0.000 gpu=3.0/15.8GB
[11:23:25] [train] ep=26 step=020/40 ce=0.7026 sc=0.8546 mi=0.0672 dn=0.0000 v13=0.0011 grl=0.0000 v15=0.0000 v15r=0.0000 v16=0.0000 v17=0.0000 v18=0.0000 acc=0.9719 lr=2.62e-04 lambda=0.000 grl_lambda=0.000 v18_lambda=0.000 gpu=3.0/15.8GB
[11:23:27] [train] ep=26 step=030/40 ce=0.6345 sc=0.8482 mi=0.0664 dn=0.0000 v13=0.0011 grl=0.0000 v15=0.0000 v15r=0.0000 v16=0.0000 v17=0.0000 v18=0.0000 acc=0.9771 lr=2.61e-04 lambda=0.000 grl_lambda=0.000 v18_lambda=0.000 gpu=3.0/15.8GB
[11:23:29] [train] ep=26 step=040/40 ce=0.5887 sc=0.8566 mi=0.0662 dn=0.0000 v13=0.0011 grl=0.0000 v15=0.0000 v15r=0.0000 v16=0.0000 v17=0.0000 v18=0.0000 acc=0.9797 lr=2.60e-04 lambda=0.000 grl_lambda=0.000 v18_lambda=0.000 gpu=3.0/15.8GB
[11:23:32] [ep_summary] ep=26/100 val_live=0.9444/0.9434 val_ema=0.7963/0.7831 test77_live=0.7662/0.7285 test77_diag_ema=0.1475/0.0490 v13=0.0011 grl=0.0000 v15=0.0000 v15r=0.0000 v16=0.0000 v17=0.0000 v18=0.0000 das=stage3[12,95] p=1.00 ep_time=10.9s
[11:23:32] [save] best_sourceval_ema val_acc_ema=0.7963 source_val_live=0.9444/0.9434 source_val_ema=0.7963/0.7831 ep=26
[11:23:32] [save] best_sourcequalified77_ema ep=26 source_val_live=0.9444/0.9434 source_val_ema=0.7963/0.7831 test77_ema=0.1475/0.0490
[11:23:32] [train] epoch 27/100 steps=40 use_dann=0 das=stage3 f=[12.0,95.0] p=1.00 gpu=3.0/15.8GB
[11:23:32] [train] ep=27 step=001/40 ce=0.2850 sc=1.0114 mi=0.0606 dn=0.0000 v13=0.0009 grl=0.0000 v15=0.0000 v15r=0.0000 v16=0.0000 v17=0.0000 v18=0.0000 acc=1.0000 lr=2.60e-04 lambda=0.000 grl_lambda=0.000 v18_lambda=0.000 gpu=3.0/15.8GB
[11:23:34] [train] ep=27 step=010/40 ce=0.4769 sc=0.8991 mi=0.0616 dn=0.0000 v13=0.0009 grl=0.0000 v15=0.0000 v15r=0.0000 v16=0.0000 v17=0.0000 v18=0.0000 acc=0.9875 lr=2.60e-04 lambda=0.000 grl_lambda=0.000 v18_lambda=0.000 gpu=3.0/15.8GB
[11:23:36] [train] ep=27 step=020/40 ce=0.5339 sc=0.9209 mi=0.0634 dn=0.0000 v13=0.0008 grl=0.0000 v15=0.0000 v15r=0.0000 v16=0.0000 v17=0.0000 v18=0.0000 acc=0.9812 lr=2.59e-04 lambda=0.000 grl_lambda=0.000 v18_lambda=0.000 gpu=3.0/15.8GB
[11:23:38] [train] ep=27 step=030/40 ce=0.5514 sc=0.9420 mi=0.0635 dn=0.0000 v13=0.0008 grl=0.0000 v15=0.0000 v15r=0.0000 v16=0.0000 v17=0.0000 v18=0.0000 acc=0.9771 lr=2.58e-04 lambda=0.000 grl_lambda=0.000 v18_lambda=0.000 gpu=3.0/15.8GB
[11:23:40] [train] ep=27 step=040/40 ce=0.5216 sc=0.9045 mi=0.0634 dn=0.0000 v13=0.0008 grl=0.0000 v15=0.0000 v15r=0.0000 v16=0.0000 v17=0.0000 v18=0.0000 acc=0.9797 lr=2.57e-04 lambda=0.000 grl_lambda=0.000 v18_lambda=0.000 gpu=3.0/15.8GB
[11:23:43] [ep_summary] ep=27/100 val_live=0.9753/0.9759 val_ema=0.8210/0.8085 test77_live=0.7842/0.7677 test77_diag_ema=0.1655/0.0802 v13=0.0008 grl=0.0000 v15=0.0000 v15r=0.0000 v16=0.0000 v17=0.0000 v18=0.0000 das=stage3[12,95] p=1.00 ep_time=10.7s
[11:23:43] [save] best_sourceval_ema val_acc_ema=0.8210 source_val_live=0.9753/0.9759 source_val_ema=0.8210/0.8085 ep=27
[11:23:43] [save] best_sourcequalified77_ema ep=27 source_val_live=0.9753/0.9759 source_val_ema=0.8210/0.8085 test77_ema=0.1655/0.0802
[11:23:43] [train] epoch 28/100 steps=40 use_dann=0 das=stage3 f=[12.0,95.0] p=1.00 gpu=3.0/15.8GB
[11:23:43] [train] ep=28 step=001/40 ce=0.3423 sc=1.0891 mi=0.0542 dn=0.0000 v13=0.0007 grl=0.0000 v15=0.0000 v15r=0.0000 v16=0.0000 v17=0.0000 v18=0.0000 acc=1.0000 lr=2.57e-04 lambda=0.000 grl_lambda=0.000 v18_lambda=0.000 gpu=3.0/15.8GB
[11:23:45] [train] ep=28 step=010/40 ce=0.5243 sc=0.9280 mi=0.0615 dn=0.0000 v13=0.0006 grl=0.0000 v15=0.0000 v15r=0.0000 v16=0.0000 v17=0.0000 v18=0.0000 acc=0.9812 lr=2.56e-04 lambda=0.000 grl_lambda=0.000 v18_lambda=0.000 gpu=3.0/15.8GB
[11:23:47] [train] ep=28 step=020/40 ce=0.5259 sc=0.8770 mi=0.0628 dn=0.0000 v13=0.0007 grl=0.0000 v15=0.0000 v15r=0.0000 v16=0.0000 v17=0.0000 v18=0.0000 acc=0.9812 lr=2.55e-04 lambda=0.000 grl_lambda=0.000 v18_lambda=0.000 gpu=3.0/15.8GB
[11:23:49] [train] ep=28 step=030/40 ce=0.6029 sc=0.8714 mi=0.0639 dn=0.0000 v13=0.0007 grl=0.0000 v15=0.0000 v15r=0.0000 v16=0.0000 v17=0.0000 v18=0.0000 acc=0.9792 lr=2.54e-04 lambda=0.000 grl_lambda=0.000 v18_lambda=0.000 gpu=3.0/15.8GB
[11:23:51] [train] ep=28 step=040/40 ce=0.5677 sc=0.8606 mi=0.0642 dn=0.0000 v13=0.0007 grl=0.0000 v15=0.0000 v15r=0.0000 v16=0.0000 v17=0.0000 v18=0.0000 acc=0.9812 lr=2.54e-04 lambda=0.000 grl_lambda=0.000 v18_lambda=0.000 gpu=3.0/15.8GB
[11:23:54] [ep_summary] ep=28/100 val_live=0.9691/0.9690 val_ema=0.8395/0.8337 test77_live=0.8633/0.8601 test77_diag_ema=0.1763/0.0988 v13=0.0007 grl=0.0000 v15=0.0000 v15r=0.0000 v16=0.0000 v17=0.0000 v18=0.0000 das=stage3[12,95] p=1.00 ep_time=10.9s
[11:23:54] [save] best_sourceval_ema val_acc_ema=0.8395 source_val_live=0.9691/0.9690 source_val_ema=0.8395/0.8337 ep=28
[11:23:54] [save] best_sourcequalified77_ema ep=28 source_val_live=0.9691/0.9690 source_val_ema=0.8395/0.8337 test77_ema=0.1763/0.0988
[11:23:54] [train] epoch 29/100 steps=40 use_dann=0 das=stage3 f=[12.0,95.0] p=1.00 gpu=3.0/15.8GB
[11:23:54] [train] ep=29 step=001/40 ce=0.5415 sc=1.0671 mi=0.0692 dn=0.0000 v13=0.0009 grl=0.0000 v15=0.0000 v15r=0.0000 v16=0.0000 v17=0.0000 v18=0.0000 acc=1.0000 lr=2.53e-04 lambda=0.000 grl_lambda=0.000 v18_lambda=0.000 gpu=3.0/15.8GB
[11:23:56] [train] ep=29 step=010/40 ce=0.3185 sc=0.7155 mi=0.0609 dn=0.0000 v13=0.0007 grl=0.0000 v15=0.0000 v15r=0.0000 v16=0.0000 v17=0.0000 v18=0.0000 acc=1.0000 lr=2.53e-04 lambda=0.000 grl_lambda=0.000 v18_lambda=0.000 gpu=3.0/15.8GB
[11:23:58] [train] ep=29 step=020/40 ce=0.3716 sc=0.7643 mi=0.0631 dn=0.0000 v13=0.0008 grl=0.0000 v15=0.0000 v15r=0.0000 v16=0.0000 v17=0.0000 v18=0.0000 acc=0.9969 lr=2.52e-04 lambda=0.000 grl_lambda=0.000 v18_lambda=0.000 gpu=3.0/15.8GB
[11:24:00] [train] ep=29 step=030/40 ce=0.3824 sc=0.7690 mi=0.0633 dn=0.0000 v13=0.0008 grl=0.0000 v15=0.0000 v15r=0.0000 v16=0.0000 v17=0.0000 v18=0.0000 acc=0.9958 lr=2.51e-04 lambda=0.000 grl_lambda=0.000 v18_lambda=0.000 gpu=3.0/15.8GB
[11:24:02] [train] ep=29 step=040/40 ce=0.3730 sc=0.7604 mi=0.0630 dn=0.0000 v13=0.0008 grl=0.0000 v15=0.0000 v15r=0.0000 v16=0.0000 v17=0.0000 v18=0.0000 acc=0.9969 lr=2.50e-04 lambda=0.000 grl_lambda=0.000 v18_lambda=0.000 gpu=3.0/15.8GB
[11:24:05] [ep_summary] ep=29/100 val_live=0.9321/0.9323 val_ema=0.8580/0.8535 test77_live=0.8597/0.8559 test77_diag_ema=0.2086/0.1433 v13=0.0008 grl=0.0000 v15=0.0000 v15r=0.0000 v16=0.0000 v17=0.0000 v18=0.0000 das=stage3[12,95] p=1.00 ep_time=11.0s
[11:24:05] [save] best_sourceval_ema val_acc_ema=0.8580 source_val_live=0.9321/0.9323 source_val_ema=0.8580/0.8535 ep=29
[11:24:05] [save] best_sourcequalified77_ema ep=29 source_val_live=0.9321/0.9323 source_val_ema=0.8580/0.8535 test77_ema=0.2086/0.1433
[11:24:05] [train] epoch 30/100 steps=40 use_dann=0 das=stage3 f=[12.0,95.0] p=1.00 gpu=3.0/15.8GB
[11:24:05] [train] ep=30 step=001/40 ce=0.4131 sc=1.3579 mi=0.0754 dn=0.0000 v13=0.0008 grl=0.0000 v15=0.0000 v15r=0.0000 v16=0.0000 v17=0.0000 v18=0.0000 acc=1.0000 lr=2.50e-04 lambda=0.000 grl_lambda=0.000 v18_lambda=0.000 gpu=3.0/15.8GB
[11:24:07] [train] ep=30 step=010/40 ce=0.3733 sc=0.8391 mi=0.0625 dn=0.0000 v13=0.0007 grl=0.0000 v15=0.0000 v15r=0.0000 v16=0.0000 v17=0.0000 v18=0.0000 acc=0.9938 lr=2.49e-04 lambda=0.000 grl_lambda=0.000 v18_lambda=0.000 gpu=3.0/15.8GB
[11:24:09] [train] ep=30 step=020/40 ce=0.4763 sc=0.8661 mi=0.0631 dn=0.0000 v13=0.0008 grl=0.0000 v15=0.0000 v15r=0.0000 v16=0.0000 v17=0.0000 v18=0.0000 acc=0.9875 lr=2.48e-04 lambda=0.000 grl_lambda=0.000 v18_lambda=0.000 gpu=3.0/15.8GB
[11:24:11] [train] ep=30 step=030/40 ce=0.5345 sc=0.9429 mi=0.0632 dn=0.0000 v13=0.0008 grl=0.0000 v15=0.0000 v15r=0.0000 v16=0.0000 v17=0.0000 v18=0.0000 acc=0.9833 lr=2.47e-04 lambda=0.000 grl_lambda=0.000 v18_lambda=0.000 gpu=3.0/15.8GB
[11:24:13] [train] ep=30 step=040/40 ce=0.5567 sc=1.0016 mi=0.0629 dn=0.0000 v13=0.0008 grl=0.0000 v15=0.0000 v15r=0.0000 v16=0.0000 v17=0.0000 v18=0.0000 acc=0.9812 lr=2.46e-04 lambda=0.000 grl_lambda=0.000 v18_lambda=0.000 gpu=3.0/15.8GB
[11:24:16] [pool] check ep=030/100 source_val_acc_ema=0.8580 threshold=0.90
[11:24:16] [pool] ep=030 SKIP (source_val_acc_ema=0.8580 < 0.90)
[11:24:16] [ep_summary] ep=30/100 val_live=0.9630/0.9623 val_ema=0.8580/0.8535 test77_live=0.7842/0.7805 test77_diag_ema=0.2518/0.1931 v13=0.0008 grl=0.0000 v15=0.0000 v15r=0.0000 v16=0.0000 v17=0.0000 v18=0.0000 das=stage3[12,95] p=1.00 ep_time=10.7s
[11:24:16] [save] best_sourcequalified77_ema ep=30 source_val_live=0.9630/0.9623 source_val_ema=0.8580/0.8535 test77_ema=0.2518/0.1931
[11:24:16] [strict77_monitor] ep=30 best_source_epoch=29 source_val_ema=0.8580/0.8535 test77_ema_diag=0.2086/0.1433 sourcequalified_count=30 best_sourcequalified77_epoch=30 source_val_ema=0.8580/0.8535 test77_ema=0.2518/0.1931
[11:24:16] [train] epoch 31/100 steps=40 use_dann=0 das=stage3 f=[12.0,95.0] p=1.00 gpu=3.0/15.8GB
[11:24:16] [train] ep=31 step=001/40 ce=1.0350 sc=1.3522 mi=0.0603 dn=0.0000 v13=0.0010 grl=0.0000 v15=0.0000 v15r=0.0000 v16=0.0000 v17=0.0000 v18=0.0000 acc=0.9375 lr=2.46e-04 lambda=0.000 grl_lambda=0.000 v18_lambda=0.000 gpu=3.0/15.8GB
[11:24:18] [train] ep=31 step=010/40 ce=0.3629 sc=0.8104 mi=0.0624 dn=0.0000 v13=0.0008 grl=0.0000 v15=0.0000 v15r=0.0000 v16=0.0000 v17=0.0000 v18=0.0000 acc=0.9938 lr=2.45e-04 lambda=0.000 grl_lambda=0.000 v18_lambda=0.000 gpu=3.0/15.8GB
[11:24:20] [train] ep=31 step=020/40 ce=0.3397 sc=0.7796 mi=0.0623 dn=0.0000 v13=0.0008 grl=0.0000 v15=0.0000 v15r=0.0000 v16=0.0000 v17=0.0000 v18=0.0000 acc=0.9969 lr=2.44e-04 lambda=0.000 grl_lambda=0.000 v18_lambda=0.000 gpu=3.0/15.8GB
[11:24:22] [train] ep=31 step=030/40 ce=0.3768 sc=0.7650 mi=0.0622 dn=0.0000 v13=0.0007 grl=0.0000 v15=0.0000 v15r=0.0000 v16=0.0000 v17=0.0000 v18=0.0000 acc=0.9958 lr=2.43e-04 lambda=0.000 grl_lambda=0.000 v18_lambda=0.000 gpu=3.0/15.8GB
[11:24:24] [train] ep=31 step=040/40 ce=0.3620 sc=0.7604 mi=0.0626 dn=0.0000 v13=0.0007 grl=0.0000 v15=0.0000 v15r=0.0000 v16=0.0000 v17=0.0000 v18=0.0000 acc=0.9969 lr=2.43e-04 lambda=0.000 grl_lambda=0.000 v18_lambda=0.000 gpu=3.0/15.8GB
[11:24:27] [ep_summary] ep=31/100 val_live=0.9383/0.9388 val_ema=0.8951/0.8977 test77_live=0.8237/0.8145 test77_diag_ema=0.2878/0.2303 v13=0.0007 grl=0.0000 v15=0.0000 v15r=0.0000 v16=0.0000 v17=0.0000 v18=0.0000 das=stage3[12,95] p=1.00 ep_time=10.8s
[11:24:27] [save] best_sourceval_ema val_acc_ema=0.8951 source_val_live=0.9383/0.9388 source_val_ema=0.8951/0.8977 ep=31
[11:24:27] [save] best_sourcequalified77_ema ep=31 source_val_live=0.9383/0.9388 source_val_ema=0.8951/0.8977 test77_ema=0.2878/0.2303
[11:24:27] [train] epoch 32/100 steps=40 use_dann=0 das=stage3 f=[12.0,95.0] p=1.00 gpu=3.0/15.8GB
[11:24:27] [train] ep=32 step=001/40 ce=0.3127 sc=0.5688 mi=0.0578 dn=0.0000 v13=0.0008 grl=0.0000 v15=0.0000 v15r=0.0000 v16=0.0000 v17=0.0000 v18=0.0000 acc=1.0000 lr=2.42e-04 lambda=0.000 grl_lambda=0.000 v18_lambda=0.000 gpu=3.0/15.8GB
[11:24:29] [train] ep=32 step=010/40 ce=0.3539 sc=0.7430 mi=0.0645 dn=0.0000 v13=0.0007 grl=0.0000 v15=0.0000 v15r=0.0000 v16=0.0000 v17=0.0000 v18=0.0000 acc=1.0000 lr=2.42e-04 lambda=0.000 grl_lambda=0.000 v18_lambda=0.000 gpu=3.0/15.8GB
[11:24:31] [train] ep=32 step=020/40 ce=0.4601 sc=0.9032 mi=0.0644 dn=0.0000 v13=0.0007 grl=0.0000 v15=0.0000 v15r=0.0000 v16=0.0000 v17=0.0000 v18=0.0000 acc=0.9844 lr=2.41e-04 lambda=0.000 grl_lambda=0.000 v18_lambda=0.000 gpu=3.0/15.8GB
[11:24:33] [train] ep=32 step=030/40 ce=0.4940 sc=0.9395 mi=0.0636 dn=0.0000 v13=0.0007 grl=0.0000 v15=0.0000 v15r=0.0000 v16=0.0000 v17=0.0000 v18=0.0000 acc=0.9833 lr=2.40e-04 lambda=0.000 grl_lambda=0.000 v18_lambda=0.000 gpu=3.0/15.8GB
[11:24:35] [train] ep=32 step=040/40 ce=0.4810 sc=0.9181 mi=0.0638 dn=0.0000 v13=0.0007 grl=0.0000 v15=0.0000 v15r=0.0000 v16=0.0000 v17=0.0000 v18=0.0000 acc=0.9844 lr=2.39e-04 lambda=0.000 grl_lambda=0.000 v18_lambda=0.000 gpu=3.0/15.8GB
[11:24:37] [ep_summary] ep=32/100 val_live=0.9383/0.9361 val_ema=0.9074/0.9106 test77_live=0.7986/0.7938 test77_diag_ema=0.3309/0.2662 v13=0.0007 grl=0.0000 v15=0.0000 v15r=0.0000 v16=0.0000 v17=0.0000 v18=0.0000 das=stage3[12,95] p=1.00 ep_time=10.6s
[11:24:37] [save] best_sourceval_ema val_acc_ema=0.9074 source_val_live=0.9383/0.9361 source_val_ema=0.9074/0.9106 ep=32
[11:24:37] [save] best_sourcequalified77_ema ep=32 source_val_live=0.9383/0.9361 source_val_ema=0.9074/0.9106 test77_ema=0.3309/0.2662
[11:24:37] [train] epoch 33/100 steps=40 use_dann=0 das=stage3 f=[12.0,95.0] p=1.00 gpu=3.0/15.8GB
[11:24:38] [train] ep=33 step=001/40 ce=1.0442 sc=1.2444 mi=0.0623 dn=0.0000 v13=0.0015 grl=0.0000 v15=0.0000 v15r=0.0000 v16=0.0000 v17=0.0000 v18=0.0000 acc=0.9375 lr=2.39e-04 lambda=0.000 grl_lambda=0.000 v18_lambda=0.000 gpu=3.0/15.8GB
[11:24:39] [train] ep=33 step=010/40 ce=0.4173 sc=0.7738 mi=0.0633 dn=0.0000 v13=0.0008 grl=0.0000 v15=0.0000 v15r=0.0000 v16=0.0000 v17=0.0000 v18=0.0000 acc=0.9875 lr=2.38e-04 lambda=0.000 grl_lambda=0.000 v18_lambda=0.000 gpu=3.0/15.8GB
[11:24:41] [train] ep=33 step=020/40 ce=0.4618 sc=0.8353 mi=0.0637 dn=0.0000 v13=0.0009 grl=0.0000 v15=0.0000 v15r=0.0000 v16=0.0000 v17=0.0000 v18=0.0000 acc=0.9875 lr=2.37e-04 lambda=0.000 grl_lambda=0.000 v18_lambda=0.000 gpu=3.0/15.8GB
[11:24:43] [train] ep=33 step=030/40 ce=0.4595 sc=0.8177 mi=0.0624 dn=0.0000 v13=0.0009 grl=0.0000 v15=0.0000 v15r=0.0000 v16=0.0000 v17=0.0000 v18=0.0000 acc=0.9854 lr=2.36e-04 lambda=0.000 grl_lambda=0.000 v18_lambda=0.000 gpu=3.0/15.8GB
[11:24:45] [train] ep=33 step=040/40 ce=0.4502 sc=0.8111 mi=0.0624 dn=0.0000 v13=0.0009 grl=0.0000 v15=0.0000 v15r=0.0000 v16=0.0000 v17=0.0000 v18=0.0000 acc=0.9875 lr=2.35e-04 lambda=0.000 grl_lambda=0.000 v18_lambda=0.000 gpu=3.0/15.8GB
[11:24:48] [ep_summary] ep=33/100 val_live=0.9383/0.9370 val_ema=0.9198/0.9213 test77_live=0.8022/0.7942 test77_diag_ema=0.3417/0.2798 v13=0.0009 grl=0.0000 v15=0.0000 v15r=0.0000 v16=0.0000 v17=0.0000 v18=0.0000 das=stage3[12,95] p=1.00 ep_time=10.7s
[11:24:48] [save] best_sourceval_ema val_acc_ema=0.9198 source_val_live=0.9383/0.9370 source_val_ema=0.9198/0.9213 ep=33
[11:24:48] [save] best_sourcequalified77_ema ep=33 source_val_live=0.9383/0.9370 source_val_ema=0.9198/0.9213 test77_ema=0.3417/0.2798
[11:24:48] [train] epoch 34/100 steps=40 use_dann=0 das=stage3 f=[12.0,95.0] p=1.00 gpu=3.0/15.8GB
[11:24:48] [train] ep=34 step=001/40 ce=0.2693 sc=0.5601 mi=0.0522 dn=0.0000 v13=0.0012 grl=0.0000 v15=0.0000 v15r=0.0000 v16=0.0000 v17=0.0000 v18=0.0000 acc=1.0000 lr=2.35e-04 lambda=0.000 grl_lambda=0.000 v18_lambda=0.000 gpu=3.0/15.8GB
[11:24:50] [train] ep=34 step=010/40 ce=0.6033 sc=0.9047 mi=0.0660 dn=0.0000 v13=0.0008 grl=0.0000 v15=0.0000 v15r=0.0000 v16=0.0000 v17=0.0000 v18=0.0000 acc=0.9688 lr=2.34e-04 lambda=0.000 grl_lambda=0.000 v18_lambda=0.000 gpu=3.0/15.8GB
[11:24:52] [train] ep=34 step=020/40 ce=0.5511 sc=0.9137 mi=0.0652 dn=0.0000 v13=0.0009 grl=0.0000 v15=0.0000 v15r=0.0000 v16=0.0000 v17=0.0000 v18=0.0000 acc=0.9750 lr=2.33e-04 lambda=0.000 grl_lambda=0.000 v18_lambda=0.000 gpu=3.0/15.8GB
[11:24:54] [train] ep=34 step=030/40 ce=0.4833 sc=0.8568 mi=0.0641 dn=0.0000 v13=0.0009 grl=0.0000 v15=0.0000 v15r=0.0000 v16=0.0000 v17=0.0000 v18=0.0000 acc=0.9812 lr=2.32e-04 lambda=0.000 grl_lambda=0.000 v18_lambda=0.000 gpu=3.0/15.8GB
[11:24:56] [train] ep=34 step=040/40 ce=0.4676 sc=0.8530 mi=0.0632 dn=0.0000 v13=0.0010 grl=0.0000 v15=0.0000 v15r=0.0000 v16=0.0000 v17=0.0000 v18=0.0000 acc=0.9828 lr=2.31e-04 lambda=0.000 grl_lambda=0.000 v18_lambda=0.000 gpu=3.0/15.8GB
[11:24:59] [ep_summary] ep=34/100 val_live=0.9383/0.9370 val_ema=0.9136/0.9152 test77_live=0.7770/0.7698 test77_diag_ema=0.3777/0.3229 v13=0.0010 grl=0.0000 v15=0.0000 v15r=0.0000 v16=0.0000 v17=0.0000 v18=0.0000 das=stage3[12,95] p=1.00 ep_time=10.8s
[11:24:59] [save] best_sourcequalified77_ema ep=34 source_val_live=0.9383/0.9370 source_val_ema=0.9136/0.9152 test77_ema=0.3777/0.3229
[11:24:59] [train] epoch 35/100 steps=40 use_dann=0 das=stage3 f=[12.0,95.0] p=1.00 gpu=3.0/15.8GB
[11:24:59] [train] ep=35 step=001/40 ce=0.2724 sc=1.1368 mi=0.0661 dn=0.0000 v13=0.0008 grl=0.0000 v15=0.0000 v15r=0.0000 v16=0.0000 v17=0.0000 v18=0.0000 acc=1.0000 lr=2.31e-04 lambda=0.000 grl_lambda=0.000 v18_lambda=0.000 gpu=3.0/15.8GB
[11:25:01] [train] ep=35 step=010/40 ce=0.4180 sc=0.9060 mi=0.0611 dn=0.0000 v13=0.0010 grl=0.0000 v15=0.0000 v15r=0.0000 v16=0.0000 v17=0.0000 v18=0.0000 acc=0.9875 lr=2.30e-04 lambda=0.000 grl_lambda=0.000 v18_lambda=0.000 gpu=3.0/15.8GB
[11:25:03] [train] ep=35 step=020/40 ce=0.3801 sc=0.8467 mi=0.0611 dn=0.0000 v13=0.0010 grl=0.0000 v15=0.0000 v15r=0.0000 v16=0.0000 v17=0.0000 v18=0.0000 acc=0.9906 lr=2.29e-04 lambda=0.000 grl_lambda=0.000 v18_lambda=0.000 gpu=3.0/15.8GB
[11:25:05] [train] ep=35 step=030/40 ce=0.3909 sc=0.8583 mi=0.0607 dn=0.0000 v13=0.0009 grl=0.0000 v15=0.0000 v15r=0.0000 v16=0.0000 v17=0.0000 v18=0.0000 acc=0.9896 lr=2.28e-04 lambda=0.000 grl_lambda=0.000 v18_lambda=0.000 gpu=3.0/15.8GB
[11:25:09] [train] ep=35 step=040/40 ce=0.3891 sc=0.8289 mi=0.0594 dn=0.0000 v13=0.0009 grl=0.0000 v15=0.0000 v15r=0.0000 v16=0.0000 v17=0.0000 v18=0.0000 acc=0.9906 lr=2.27e-04 lambda=0.000 grl_lambda=0.000 v18_lambda=0.000 gpu=3.0/15.8GB
[11:25:12] [ep_summary] ep=35/100 val_live=0.9506/0.9507 val_ema=0.9321/0.9336 test77_live=0.7446/0.7236 test77_diag_ema=0.4101/0.3667 v13=0.0009 grl=0.0000 v15=0.0000 v15r=0.0000 v16=0.0000 v17=0.0000 v18=0.0000 das=stage3[12,95] p=1.00 ep_time=13.4s
[11:25:12] [save] best_sourceval_ema val_acc_ema=0.9321 source_val_live=0.9506/0.9507 source_val_ema=0.9321/0.9336 ep=35
[11:25:12] [save] best_sourcequalified77_ema ep=35 source_val_live=0.9506/0.9507 source_val_ema=0.9321/0.9336 test77_ema=0.4101/0.3667
[11:25:12] [train] epoch 36/100 steps=40 use_dann=0 das=stage3 f=[12.0,95.0] p=1.00 gpu=3.0/15.8GB
[11:25:13] [train] ep=36 step=001/40 ce=0.2743 sc=0.9773 mi=0.0741 dn=0.0000 v13=0.0004 grl=0.0000 v15=0.0000 v15r=0.0000 v16=0.0000 v17=0.0000 v18=0.0000 acc=1.0000 lr=2.26e-04 lambda=0.000 grl_lambda=0.000 v18_lambda=0.000 gpu=3.0/15.8GB
[11:25:18] [train] ep=36 step=010/40 ce=0.4108 sc=0.8105 mi=0.0616 dn=0.0000 v13=0.0007 grl=0.0000 v15=0.0000 v15r=0.0000 v16=0.0000 v17=0.0000 v18=0.0000 acc=0.9938 lr=2.25e-04 lambda=0.000 grl_lambda=0.000 v18_lambda=0.000 gpu=3.0/15.8GB
[11:25:22] [train] ep=36 step=020/40 ce=0.3469 sc=0.7806 mi=0.0624 dn=0.0000 v13=0.0007 grl=0.0000 v15=0.0000 v15r=0.0000 v16=0.0000 v17=0.0000 v18=0.0000 acc=0.9969 lr=2.24e-04 lambda=0.000 grl_lambda=0.000 v18_lambda=0.000 gpu=3.0/15.8GB
[11:25:27] [train] ep=36 step=030/40 ce=0.3289 sc=0.7945 mi=0.0610 dn=0.0000 v13=0.0007 grl=0.0000 v15=0.0000 v15r=0.0000 v16=0.0000 v17=0.0000 v18=0.0000 acc=0.9979 lr=2.23e-04 lambda=0.000 grl_lambda=0.000 v18_lambda=0.000 gpu=3.0/15.8GB
[11:25:32] [train] ep=36 step=040/40 ce=0.3762 sc=0.8361 mi=0.0608 dn=0.0000 v13=0.0008 grl=0.0000 v15=0.0000 v15r=0.0000 v16=0.0000 v17=0.0000 v18=0.0000 acc=0.9953 lr=2.22e-04 lambda=0.000 grl_lambda=0.000 v18_lambda=0.000 gpu=3.0/15.8GB
[11:25:35] [ep_summary] ep=36/100 val_live=0.9506/0.9495 val_ema=0.9444/0.9455 test77_live=0.7842/0.7765 test77_diag_ema=0.4388/0.4069 v13=0.0008 grl=0.0000 v15=0.0000 v15r=0.0000 v16=0.0000 v17=0.0000 v18=0.0000 das=stage3[12,95] p=1.00 ep_time=22.4s
[11:25:35] [save] best_sourceval_ema val_acc_ema=0.9444 source_val_live=0.9506/0.9495 source_val_ema=0.9444/0.9455 ep=36
[11:25:35] [save] best_sourcequalified77_ema ep=36 source_val_live=0.9506/0.9495 source_val_ema=0.9444/0.9455 test77_ema=0.4388/0.4069
[11:25:35] [train] epoch 37/100 steps=40 use_dann=0 das=stage3 f=[12.0,95.0] p=1.00 gpu=3.0/15.8GB
[11:25:35] [train] ep=37 step=001/40 ce=0.2733 sc=1.1481 mi=0.0562 dn=0.0000 v13=0.0008 grl=0.0000 v15=0.0000 v15r=0.0000 v16=0.0000 v17=0.0000 v18=0.0000 acc=1.0000 lr=2.22e-04 lambda=0.000 grl_lambda=0.000 v18_lambda=0.000 gpu=3.0/15.8GB
[11:25:40] [train] ep=37 step=010/40 ce=0.4598 sc=0.8946 mi=0.0608 dn=0.0000 v13=0.0009 grl=0.0000 v15=0.0000 v15r=0.0000 v16=0.0000 v17=0.0000 v18=0.0000 acc=0.9875 lr=2.21e-04 lambda=0.000 grl_lambda=0.000 v18_lambda=0.000 gpu=3.0/15.8GB
[11:25:41] [train] ep=37 step=020/40 ce=0.4805 sc=0.9363 mi=0.0616 dn=0.0000 v13=0.0008 grl=0.0000 v15=0.0000 v15r=0.0000 v16=0.0000 v17=0.0000 v18=0.0000 acc=0.9844 lr=2.20e-04 lambda=0.000 grl_lambda=0.000 v18_lambda=0.000 gpu=3.0/15.8GB
[11:25:43] [train] ep=37 step=030/40 ce=0.4983 sc=0.9289 mi=0.0612 dn=0.0000 v13=0.0008 grl=0.0000 v15=0.0000 v15r=0.0000 v16=0.0000 v17=0.0000 v18=0.0000 acc=0.9833 lr=2.19e-04 lambda=0.000 grl_lambda=0.000 v18_lambda=0.000 gpu=3.0/15.8GB
[11:25:45] [train] ep=37 step=040/40 ce=0.4543 sc=0.9050 mi=0.0617 dn=0.0000 v13=0.0008 grl=0.0000 v15=0.0000 v15r=0.0000 v16=0.0000 v17=0.0000 v18=0.0000 acc=0.9875 lr=2.18e-04 lambda=0.000 grl_lambda=0.000 v18_lambda=0.000 gpu=3.0/15.8GB
[11:25:48] [ep_summary] ep=37/100 val_live=0.9630/0.9630 val_ema=0.9444/0.9455 test77_live=0.7878/0.7743 test77_diag_ema=0.4856/0.4637 v13=0.0008 grl=0.0000 v15=0.0000 v15r=0.0000 v16=0.0000 v17=0.0000 v18=0.0000 das=stage3[12,95] p=1.00 ep_time=12.9s
[11:25:48] [save] best_sourcequalified77_ema ep=37 source_val_live=0.9630/0.9630 source_val_ema=0.9444/0.9455 test77_ema=0.4856/0.4637
[11:25:48] [train] epoch 38/100 steps=40 use_dann=0 das=stage3 f=[12.0,95.0] p=1.00 gpu=3.0/15.8GB
[11:25:48] [train] ep=38 step=001/40 ce=0.2635 sc=0.8799 mi=0.0532 dn=0.0000 v13=0.0011 grl=0.0000 v15=0.0000 v15r=0.0000 v16=0.0000 v17=0.0000 v18=0.0000 acc=1.0000 lr=2.18e-04 lambda=0.000 grl_lambda=0.000 v18_lambda=0.000 gpu=3.0/15.8GB
[11:25:50] [train] ep=38 step=010/40 ce=0.2886 sc=0.7241 mi=0.0611 dn=0.0000 v13=0.0009 grl=0.0000 v15=0.0000 v15r=0.0000 v16=0.0000 v17=0.0000 v18=0.0000 acc=1.0000 lr=2.17e-04 lambda=0.000 grl_lambda=0.000 v18_lambda=0.000 gpu=3.0/15.8GB
[11:25:52] [train] ep=38 step=020/40 ce=0.3843 sc=0.7739 mi=0.0604 dn=0.0000 v13=0.0009 grl=0.0000 v15=0.0000 v15r=0.0000 v16=0.0000 v17=0.0000 v18=0.0000 acc=0.9938 lr=2.16e-04 lambda=0.000 grl_lambda=0.000 v18_lambda=0.000 gpu=3.0/15.8GB
[11:25:53] [train] ep=38 step=030/40 ce=0.3869 sc=0.7540 mi=0.0606 dn=0.0000 v13=0.0008 grl=0.0000 v15=0.0000 v15r=0.0000 v16=0.0000 v17=0.0000 v18=0.0000 acc=0.9938 lr=2.15e-04 lambda=0.000 grl_lambda=0.000 v18_lambda=0.000 gpu=3.0/15.8GB
[11:25:55] [train] ep=38 step=040/40 ce=0.3769 sc=0.7520 mi=0.0606 dn=0.0000 v13=0.0008 grl=0.0000 v15=0.0000 v15r=0.0000 v16=0.0000 v17=0.0000 v18=0.0000 acc=0.9938 lr=2.14e-04 lambda=0.000 grl_lambda=0.000 v18_lambda=0.000 gpu=3.0/15.8GB
[11:25:58] [ep_summary] ep=38/100 val_live=0.9568/0.9558 val_ema=0.9506/0.9514 test77_live=0.7266/0.7076 test77_diag_ema=0.5288/0.5049 v13=0.0008 grl=0.0000 v15=0.0000 v15r=0.0000 v16=0.0000 v17=0.0000 v18=0.0000 das=stage3[12,95] p=1.00 ep_time=10.1s
[11:25:58] [save] best_sourceval_ema val_acc_ema=0.9506 source_val_live=0.9568/0.9558 source_val_ema=0.9506/0.9514 ep=38
[11:25:58] [save] best_sourcequalified77_ema ep=38 source_val_live=0.9568/0.9558 source_val_ema=0.9506/0.9514 test77_ema=0.5288/0.5049
[11:25:58] [train] epoch 39/100 steps=40 use_dann=0 das=stage3 f=[12.0,95.0] p=1.00 gpu=3.0/15.8GB
[11:25:58] [train] ep=39 step=001/40 ce=0.2665 sc=0.4403 mi=0.0554 dn=0.0000 v13=0.0008 grl=0.0000 v15=0.0000 v15r=0.0000 v16=0.0000 v17=0.0000 v18=0.0000 acc=1.0000 lr=2.14e-04 lambda=0.000 grl_lambda=0.000 v18_lambda=0.000 gpu=3.0/15.8GB
[11:26:00] [train] ep=39 step=010/40 ce=0.2714 sc=0.7372 mi=0.0575 dn=0.0000 v13=0.0008 grl=0.0000 v15=0.0000 v15r=0.0000 v16=0.0000 v17=0.0000 v18=0.0000 acc=1.0000 lr=2.13e-04 lambda=0.000 grl_lambda=0.000 v18_lambda=0.000 gpu=3.0/15.8GB
[11:26:02] [train] ep=39 step=020/40 ce=0.3350 sc=0.8111 mi=0.0598 dn=0.0000 v13=0.0008 grl=0.0000 v15=0.0000 v15r=0.0000 v16=0.0000 v17=0.0000 v18=0.0000 acc=0.9938 lr=2.11e-04 lambda=0.000 grl_lambda=0.000 v18_lambda=0.000 gpu=3.0/15.8GB
[11:26:04] [train] ep=39 step=030/40 ce=0.3453 sc=0.8302 mi=0.0589 dn=0.0000 v13=0.0008 grl=0.0000 v15=0.0000 v15r=0.0000 v16=0.0000 v17=0.0000 v18=0.0000 acc=0.9938 lr=2.10e-04 lambda=0.000 grl_lambda=0.000 v18_lambda=0.000 gpu=3.0/15.8GB
[11:26:05] [train] ep=39 step=040/40 ce=0.3566 sc=0.8215 mi=0.0594 dn=0.0000 v13=0.0008 grl=0.0000 v15=0.0000 v15r=0.0000 v16=0.0000 v17=0.0000 v18=0.0000 acc=0.9922 lr=2.09e-04 lambda=0.000 grl_lambda=0.000 v18_lambda=0.000 gpu=3.0/15.8GB
[11:26:08] [ep_summary] ep=39/100 val_live=0.9383/0.9371 val_ema=0.9506/0.9514 test77_live=0.6583/0.5927 test77_diag_ema=0.5935/0.5701 v13=0.0008 grl=0.0000 v15=0.0000 v15r=0.0000 v16=0.0000 v17=0.0000 v18=0.0000 das=stage3[12,95] p=1.00 ep_time=10.2s
[11:26:08] [save] best_sourcequalified77_ema ep=39 source_val_live=0.9383/0.9371 source_val_ema=0.9506/0.9514 test77_ema=0.5935/0.5701
[11:26:08] [train] epoch 40/100 steps=40 use_dann=0 das=stage3 f=[12.0,95.0] p=1.00 gpu=3.0/15.8GB
[11:26:09] [train] ep=40 step=001/40 ce=1.3865 sc=1.4577 mi=0.0645 dn=0.0000 v13=0.0002 grl=0.0000 v15=0.0000 v15r=0.0000 v16=0.0000 v17=0.0000 v18=0.0000 acc=0.9375 lr=2.09e-04 lambda=0.000 grl_lambda=0.000 v18_lambda=0.000 gpu=3.0/15.8GB
[11:26:10] [train] ep=40 step=010/40 ce=0.6036 sc=0.8744 mi=0.0621 dn=0.0000 v13=0.0007 grl=0.0000 v15=0.0000 v15r=0.0000 v16=0.0000 v17=0.0000 v18=0.0000 acc=0.9812 lr=2.08e-04 lambda=0.000 grl_lambda=0.000 v18_lambda=0.000 gpu=3.0/15.8GB
[11:26:12] [train] ep=40 step=020/40 ce=0.4746 sc=0.8561 mi=0.0619 dn=0.0000 v13=0.0007 grl=0.0000 v15=0.0000 v15r=0.0000 v16=0.0000 v17=0.0000 v18=0.0000 acc=0.9875 lr=2.07e-04 lambda=0.000 grl_lambda=0.000 v18_lambda=0.000 gpu=3.0/15.8GB
[11:26:14] [train] ep=40 step=030/40 ce=0.4124 sc=0.8539 mi=0.0626 dn=0.0000 v13=0.0006 grl=0.0000 v15=0.0000 v15r=0.0000 v16=0.0000 v17=0.0000 v18=0.0000 acc=0.9917 lr=2.06e-04 lambda=0.000 grl_lambda=0.000 v18_lambda=0.000 gpu=3.0/15.8GB
[11:26:16] [train] ep=40 step=040/40 ce=0.4183 sc=0.8752 mi=0.0626 dn=0.0000 v13=0.0006 grl=0.0000 v15=0.0000 v15r=0.0000 v16=0.0000 v17=0.0000 v18=0.0000 acc=0.9906 lr=2.05e-04 lambda=0.000 grl_lambda=0.000 v18_lambda=0.000 gpu=3.0/15.8GB
[11:26:18] [pool] check ep=040/100 source_val_acc_ema=0.9444 threshold=0.90
[11:26:20] [pool] ep=040 ADDED src_val=0.9444/0.9452 dev77=0.5857/0.5678 final77=0.6079/0.5839
[11:26:20] [pool] running best ep=040 dev77_f1=0.5678 final77_f1=0.5839 (pool_size=1)
[11:26:20] [ep_summary] ep=40/100 val_live=0.9568/0.9559 val_ema=0.9444/0.9452 test77_live=0.7410/0.7272 test77_diag_ema=0.6079/0.5839 v13=0.0006 grl=0.0000 v15=0.0000 v15r=0.0000 v16=0.0000 v17=0.0000 v18=0.0000 das=stage3[12,95] p=1.00 ep_time=11.5s
[11:26:20] [save] best_sourcequalified77_ema ep=40 source_val_live=0.9568/0.9559 source_val_ema=0.9444/0.9452 test77_ema=0.6079/0.5839
[11:26:20] [strict77_monitor] ep=40 best_source_epoch=38 source_val_ema=0.9506/0.9514 test77_ema_diag=0.5288/0.5049 sourcequalified_count=40 best_sourcequalified77_epoch=40 source_val_ema=0.9444/0.9452 test77_ema=0.6079/0.5839
[11:26:20] [train] epoch 41/100 steps=40 use_dann=0 das=stage3 f=[12.0,95.0] p=1.00 gpu=3.0/15.8GB
[11:26:20] [train] ep=41 step=001/40 ce=0.2651 sc=0.6181 mi=0.0583 dn=0.0000 v13=0.0009 grl=0.0000 v15=0.0000 v15r=0.0000 v16=0.0000 v17=0.0000 v18=0.0000 acc=1.0000 lr=2.05e-04 lambda=0.000 grl_lambda=0.000 v18_lambda=0.000 gpu=3.0/15.8GB
[11:26:22] [train] ep=41 step=010/40 ce=0.3457 sc=0.7051 mi=0.0556 dn=0.0000 v13=0.0006 grl=0.0000 v15=0.0000 v15r=0.0000 v16=0.0000 v17=0.0000 v18=0.0000 acc=0.9938 lr=2.04e-04 lambda=0.000 grl_lambda=0.000 v18_lambda=0.000 gpu=3.0/15.8GB
[11:26:24] [train] ep=41 step=020/40 ce=0.3563 sc=0.7680 mi=0.0585 dn=0.0000 v13=0.0006 grl=0.0000 v15=0.0000 v15r=0.0000 v16=0.0000 v17=0.0000 v18=0.0000 acc=0.9906 lr=2.02e-04 lambda=0.000 grl_lambda=0.000 v18_lambda=0.000 gpu=3.0/15.8GB
[11:26:26] [train] ep=41 step=030/40 ce=0.3633 sc=0.7876 mi=0.0585 dn=0.0000 v13=0.0006 grl=0.0000 v15=0.0000 v15r=0.0000 v16=0.0000 v17=0.0000 v18=0.0000 acc=0.9917 lr=2.01e-04 lambda=0.000 grl_lambda=0.000 v18_lambda=0.000 gpu=3.0/15.8GB
[11:26:28] [train] ep=41 step=040/40 ce=0.3615 sc=0.7436 mi=0.0589 dn=0.0000 v13=0.0006 grl=0.0000 v15=0.0000 v15r=0.0000 v16=0.0000 v17=0.0000 v18=0.0000 acc=0.9922 lr=2.00e-04 lambda=0.000 grl_lambda=0.000 v18_lambda=0.000 gpu=3.0/15.8GB
[11:26:30] [ep_summary] ep=41/100 val_live=0.9568/0.9563 val_ema=0.9444/0.9452 test77_live=0.8237/0.8127 test77_diag_ema=0.6475/0.6217 v13=0.0006 grl=0.0000 v15=0.0000 v15r=0.0000 v16=0.0000 v17=0.0000 v18=0.0000 das=stage3[12,95] p=1.00 ep_time=10.7s
[11:26:31] [save] best_sourcequalified77_ema ep=41 source_val_live=0.9568/0.9563 source_val_ema=0.9444/0.9452 test77_ema=0.6475/0.6217
[11:26:31] [train] epoch 42/100 steps=40 use_dann=0 das=stage3 f=[12.0,95.0] p=1.00 gpu=3.0/15.8GB
[11:26:31] [train] ep=42 step=001/40 ce=0.2854 sc=0.6168 mi=0.0511 dn=0.0000 v13=0.0005 grl=0.0000 v15=0.0000 v15r=0.0000 v16=0.0000 v17=0.0000 v18=0.0000 acc=1.0000 lr=2.00e-04 lambda=0.000 grl_lambda=0.000 v18_lambda=0.000 gpu=3.0/15.8GB
[11:26:33] [train] ep=42 step=010/40 ce=0.2844 sc=0.7477 mi=0.0605 dn=0.0000 v13=0.0007 grl=0.0000 v15=0.0000 v15r=0.0000 v16=0.0000 v17=0.0000 v18=0.0000 acc=1.0000 lr=1.99e-04 lambda=0.000 grl_lambda=0.000 v18_lambda=0.000 gpu=3.0/15.8GB
[11:26:34] [train] ep=42 step=020/40 ce=0.3213 sc=0.7364 mi=0.0620 dn=0.0000 v13=0.0006 grl=0.0000 v15=0.0000 v15r=0.0000 v16=0.0000 v17=0.0000 v18=0.0000 acc=0.9969 lr=1.98e-04 lambda=0.000 grl_lambda=0.000 v18_lambda=0.000 gpu=3.0/15.8GB
[11:26:36] [train] ep=42 step=030/40 ce=0.3445 sc=0.7878 mi=0.0608 dn=0.0000 v13=0.0006 grl=0.0000 v15=0.0000 v15r=0.0000 v16=0.0000 v17=0.0000 v18=0.0000 acc=0.9917 lr=1.97e-04 lambda=0.000 grl_lambda=0.000 v18_lambda=0.000 gpu=3.0/15.8GB
[11:26:38] [train] ep=42 step=040/40 ce=0.3250 sc=0.7954 mi=0.0601 dn=0.0000 v13=0.0007 grl=0.0000 v15=0.0000 v15r=0.0000 v16=0.0000 v17=0.0000 v18=0.0000 acc=0.9938 lr=1.96e-04 lambda=0.000 grl_lambda=0.000 v18_lambda=0.000 gpu=3.0/15.8GB
[11:26:41] [ep_summary] ep=42/100 val_live=0.9691/0.9692 val_ema=0.9444/0.9452 test77_live=0.8165/0.8055 test77_diag_ema=0.6871/0.6683 v13=0.0007 grl=0.0000 v15=0.0000 v15r=0.0000 v16=0.0000 v17=0.0000 v18=0.0000 das=stage3[12,95] p=1.00 ep_time=10.5s
[11:26:41] [save] best_sourcequalified77_ema ep=42 source_val_live=0.9691/0.9692 source_val_ema=0.9444/0.9452 test77_ema=0.6871/0.6683
[11:26:41] [train] epoch 43/100 steps=40 use_dann=0 das=stage3 f=[12.0,95.0] p=1.00 gpu=3.0/15.8GB
[11:26:41] [train] ep=43 step=001/40 ce=0.2615 sc=0.6210 mi=0.0621 dn=0.0000 v13=0.0007 grl=0.0000 v15=0.0000 v15r=0.0000 v16=0.0000 v17=0.0000 v18=0.0000 acc=1.0000 lr=1.95e-04 lambda=0.000 grl_lambda=0.000 v18_lambda=0.000 gpu=3.0/15.8GB
[11:26:43] [train] ep=43 step=010/40 ce=0.3133 sc=0.7561 mi=0.0600 dn=0.0000 v13=0.0007 grl=0.0000 v15=0.0000 v15r=0.0000 v16=0.0000 v17=0.0000 v18=0.0000 acc=0.9938 lr=1.94e-04 lambda=0.000 grl_lambda=0.000 v18_lambda=0.000 gpu=3.0/15.8GB
[11:26:45] [train] ep=43 step=020/40 ce=0.3028 sc=0.7949 mi=0.0613 dn=0.0000 v13=0.0007 grl=0.0000 v15=0.0000 v15r=0.0000 v16=0.0000 v17=0.0000 v18=0.0000 acc=0.9969 lr=1.93e-04 lambda=0.000 grl_lambda=0.000 v18_lambda=0.000 gpu=3.0/15.8GB
[11:26:47] [train] ep=43 step=030/40 ce=0.2940 sc=0.8112 mi=0.0613 dn=0.0000 v13=0.0007 grl=0.0000 v15=0.0000 v15r=0.0000 v16=0.0000 v17=0.0000 v18=0.0000 acc=0.9979 lr=1.92e-04 lambda=0.000 grl_lambda=0.000 v18_lambda=0.000 gpu=3.0/15.8GB
[11:26:48] [train] ep=43 step=040/40 ce=0.2919 sc=0.7825 mi=0.0607 dn=0.0000 v13=0.0007 grl=0.0000 v15=0.0000 v15r=0.0000 v16=0.0000 v17=0.0000 v18=0.0000 acc=0.9984 lr=1.91e-04 lambda=0.000 grl_lambda=0.000 v18_lambda=0.000 gpu=3.0/15.8GB
[11:26:51] [ep_summary] ep=43/100 val_live=0.9630/0.9631 val_ema=0.9444/0.9452 test77_live=0.8381/0.8276 test77_diag_ema=0.7122/0.6966 v13=0.0007 grl=0.0000 v15=0.0000 v15r=0.0000 v16=0.0000 v17=0.0000 v18=0.0000 das=stage3[12,95] p=1.00 ep_time=10.2s
[11:26:51] [save] best_sourcequalified77_ema ep=43 source_val_live=0.9630/0.9631 source_val_ema=0.9444/0.9452 test77_ema=0.7122/0.6966
[11:26:51] [train] epoch 44/100 steps=40 use_dann=0 das=stage3 f=[12.0,95.0] p=1.00 gpu=3.0/15.8GB
[11:26:51] [train] ep=44 step=001/40 ce=0.2611 sc=0.4391 mi=0.0602 dn=0.0000 v13=0.0006 grl=0.0000 v15=0.0000 v15r=0.0000 v16=0.0000 v17=0.0000 v18=0.0000 acc=1.0000 lr=1.91e-04 lambda=0.000 grl_lambda=0.000 v18_lambda=0.000 gpu=3.0/15.8GB
[11:26:53] [train] ep=44 step=010/40 ce=0.3185 sc=0.7481 mi=0.0588 dn=0.0000 v13=0.0006 grl=0.0000 v15=0.0000 v15r=0.0000 v16=0.0000 v17=0.0000 v18=0.0000 acc=0.9938 lr=1.90e-04 lambda=0.000 grl_lambda=0.000 v18_lambda=0.000 gpu=3.0/15.8GB
[11:26:55] [train] ep=44 step=020/40 ce=0.3115 sc=0.7976 mi=0.0583 dn=0.0000 v13=0.0007 grl=0.0000 v15=0.0000 v15r=0.0000 v16=0.0000 v17=0.0000 v18=0.0000 acc=0.9969 lr=1.89e-04 lambda=0.000 grl_lambda=0.000 v18_lambda=0.000 gpu=3.0/15.8GB
[11:26:57] [train] ep=44 step=030/40 ce=0.3256 sc=0.7869 mi=0.0584 dn=0.0000 v13=0.0007 grl=0.0000 v15=0.0000 v15r=0.0000 v16=0.0000 v17=0.0000 v18=0.0000 acc=0.9958 lr=1.87e-04 lambda=0.000 grl_lambda=0.000 v18_lambda=0.000 gpu=3.0/15.8GB
[11:26:59] [train] ep=44 step=040/40 ce=0.3406 sc=0.7698 mi=0.0585 dn=0.0000 v13=0.0007 grl=0.0000 v15=0.0000 v15r=0.0000 v16=0.0000 v17=0.0000 v18=0.0000 acc=0.9938 lr=1.86e-04 lambda=0.000 grl_lambda=0.000 v18_lambda=0.000 gpu=3.0/15.8GB
[11:27:01] [ep_summary] ep=44/100 val_live=0.9630/0.9629 val_ema=0.9444/0.9452 test77_live=0.8381/0.8360 test77_diag_ema=0.7266/0.7148 v13=0.0007 grl=0.0000 v15=0.0000 v15r=0.0000 v16=0.0000 v17=0.0000 v18=0.0000 das=stage3[12,95] p=1.00 ep_time=10.2s
[11:27:01] [save] best_sourcequalified77_ema ep=44 source_val_live=0.9630/0.9629 source_val_ema=0.9444/0.9452 test77_ema=0.7266/0.7148
[11:27:01] [train] epoch 45/100 steps=40 use_dann=0 das=stage3 f=[12.0,95.0] p=1.00 gpu=3.0/15.8GB
[11:27:02] [train] ep=45 step=001/40 ce=0.6745 sc=1.4588 mi=0.0641 dn=0.0000 v13=0.0011 grl=0.0000 v15=0.0000 v15r=0.0000 v16=0.0000 v17=0.0000 v18=0.0000 acc=0.9375 lr=1.86e-04 lambda=0.000 grl_lambda=0.000 v18_lambda=0.000 gpu=3.0/15.8GB
[11:27:03] [train] ep=45 step=010/40 ce=0.3929 sc=0.8195 mi=0.0600 dn=0.0000 v13=0.0008 grl=0.0000 v15=0.0000 v15r=0.0000 v16=0.0000 v17=0.0000 v18=0.0000 acc=0.9875 lr=1.85e-04 lambda=0.000 grl_lambda=0.000 v18_lambda=0.000 gpu=3.0/15.8GB
[11:27:05] [train] ep=45 step=020/40 ce=0.4264 sc=0.8009 mi=0.0615 dn=0.0000 v13=0.0008 grl=0.0000 v15=0.0000 v15r=0.0000 v16=0.0000 v17=0.0000 v18=0.0000 acc=0.9844 lr=1.84e-04 lambda=0.000 grl_lambda=0.000 v18_lambda=0.000 gpu=3.0/15.8GB
[11:27:07] [train] ep=45 step=030/40 ce=0.4214 sc=0.8393 mi=0.0607 dn=0.0000 v13=0.0008 grl=0.0000 v15=0.0000 v15r=0.0000 v16=0.0000 v17=0.0000 v18=0.0000 acc=0.9854 lr=1.83e-04 lambda=0.000 grl_lambda=0.000 v18_lambda=0.000 gpu=3.0/15.8GB
[11:27:09] [train] ep=45 step=040/40 ce=0.4113 sc=0.8456 mi=0.0612 dn=0.0000 v13=0.0009 grl=0.0000 v15=0.0000 v15r=0.0000 v16=0.0000 v17=0.0000 v18=0.0000 acc=0.9859 lr=1.81e-04 lambda=0.000 grl_lambda=0.000 v18_lambda=0.000 gpu=3.0/15.8GB
[11:27:12] [ep_summary] ep=45/100 val_live=0.9568/0.9559 val_ema=0.9506/0.9510 test77_live=0.8525/0.8430 test77_diag_ema=0.7590/0.7507 v13=0.0009 grl=0.0000 v15=0.0000 v15r=0.0000 v16=0.0000 v17=0.0000 v18=0.0000 das=stage3[12,95] p=1.00 ep_time=10.2s
[11:27:12] [save] best_sourcequalified77_ema ep=45 source_val_live=0.9568/0.9559 source_val_ema=0.9506/0.9510 test77_ema=0.7590/0.7507
[11:27:12] [train] epoch 46/100 steps=40 use_dann=0 das=stage3 f=[12.0,95.0] p=1.00 gpu=3.0/15.8GB
[11:27:12] [train] ep=46 step=001/40 ce=0.2763 sc=0.6335 mi=0.0543 dn=0.0000 v13=0.0007 grl=0.0000 v15=0.0000 v15r=0.0000 v16=0.0000 v17=0.0000 v18=0.0000 acc=1.0000 lr=1.81e-04 lambda=0.000 grl_lambda=0.000 v18_lambda=0.000 gpu=3.0/15.8GB
[11:27:14] [train] ep=46 step=010/40 ce=0.2663 sc=0.7908 mi=0.0603 dn=0.0000 v13=0.0006 grl=0.0000 v15=0.0000 v15r=0.0000 v16=0.0000 v17=0.0000 v18=0.0000 acc=1.0000 lr=1.80e-04 lambda=0.000 grl_lambda=0.000 v18_lambda=0.000 gpu=3.0/15.8GB
[11:27:15] [train] ep=46 step=020/40 ce=0.2660 sc=0.8332 mi=0.0607 dn=0.0000 v13=0.0006 grl=0.0000 v15=0.0000 v15r=0.0000 v16=0.0000 v17=0.0000 v18=0.0000 acc=1.0000 lr=1.79e-04 lambda=0.000 grl_lambda=0.000 v18_lambda=0.000 gpu=3.0/15.8GB
[11:27:17] [train] ep=46 step=030/40 ce=0.2742 sc=0.8274 mi=0.0604 dn=0.0000 v13=0.0006 grl=0.0000 v15=0.0000 v15r=0.0000 v16=0.0000 v17=0.0000 v18=0.0000 acc=1.0000 lr=1.78e-04 lambda=0.000 grl_lambda=0.000 v18_lambda=0.000 gpu=3.0/15.8GB
[11:27:19] [train] ep=46 step=040/40 ce=0.3156 sc=0.8493 mi=0.0601 dn=0.0000 v13=0.0006 grl=0.0000 v15=0.0000 v15r=0.0000 v16=0.0000 v17=0.0000 v18=0.0000 acc=0.9969 lr=1.77e-04 lambda=0.000 grl_lambda=0.000 v18_lambda=0.000 gpu=3.0/15.8GB
[11:27:22] [ep_summary] ep=46/100 val_live=0.9506/0.9494 val_ema=0.9506/0.9510 test77_live=0.8345/0.8140 test77_diag_ema=0.7770/0.7687 v13=0.0006 grl=0.0000 v15=0.0000 v15r=0.0000 v16=0.0000 v17=0.0000 v18=0.0000 das=stage3[12,95] p=1.00 ep_time=10.1s
[11:27:22] [save] best_sourcequalified77_ema ep=46 source_val_live=0.9506/0.9494 source_val_ema=0.9506/0.9510 test77_ema=0.7770/0.7687
[11:27:22] [train] epoch 47/100 steps=40 use_dann=0 das=stage3 f=[12.0,95.0] p=1.00 gpu=3.0/15.8GB
[11:27:22] [train] ep=47 step=001/40 ce=0.4544 sc=0.7814 mi=0.0671 dn=0.0000 v13=0.0009 grl=0.0000 v15=0.0000 v15r=0.0000 v16=0.0000 v17=0.0000 v18=0.0000 acc=1.0000 lr=1.77e-04 lambda=0.000 grl_lambda=0.000 v18_lambda=0.000 gpu=3.0/15.8GB
[11:27:24] [train] ep=47 step=010/40 ce=0.3649 sc=0.9592 mi=0.0610 dn=0.0000 v13=0.0008 grl=0.0000 v15=0.0000 v15r=0.0000 v16=0.0000 v17=0.0000 v18=0.0000 acc=0.9938 lr=1.76e-04 lambda=0.000 grl_lambda=0.000 v18_lambda=0.000 gpu=3.0/15.8GB
[11:27:26] [train] ep=47 step=020/40 ce=0.3246 sc=0.9202 mi=0.0615 dn=0.0000 v13=0.0008 grl=0.0000 v15=0.0000 v15r=0.0000 v16=0.0000 v17=0.0000 v18=0.0000 acc=0.9969 lr=1.74e-04 lambda=0.000 grl_lambda=0.000 v18_lambda=0.000 gpu=3.0/15.8GB
[11:27:27] [train] ep=47 step=030/40 ce=0.3084 sc=0.8359 mi=0.0613 dn=0.0000 v13=0.0008 grl=0.0000 v15=0.0000 v15r=0.0000 v16=0.0000 v17=0.0000 v18=0.0000 acc=0.9979 lr=1.73e-04 lambda=0.000 grl_lambda=0.000 v18_lambda=0.000 gpu=3.0/15.8GB
[11:27:29] [train] ep=47 step=040/40 ce=0.3560 sc=0.8424 mi=0.0613 dn=0.0000 v13=0.0008 grl=0.0000 v15=0.0000 v15r=0.0000 v16=0.0000 v17=0.0000 v18=0.0000 acc=0.9938 lr=1.72e-04 lambda=0.000 grl_lambda=0.000 v18_lambda=0.000 gpu=3.0/15.8GB
[11:27:32] [ep_summary] ep=47/100 val_live=0.9568/0.9562 val_ema=0.9568/0.9569 test77_live=0.8273/0.8131 test77_diag_ema=0.7878/0.7787 v13=0.0008 grl=0.0000 v15=0.0000 v15r=0.0000 v16=0.0000 v17=0.0000 v18=0.0000 das=stage3[12,95] p=1.00 ep_time=10.1s
[11:27:32] [save] best_sourceval_ema val_acc_ema=0.9568 source_val_live=0.9568/0.9562 source_val_ema=0.9568/0.9569 ep=47
[11:27:32] [save] best_sourcequalified77_ema ep=47 source_val_live=0.9568/0.9562 source_val_ema=0.9568/0.9569 test77_ema=0.7878/0.7787
[11:27:32] [train] epoch 48/100 steps=40 use_dann=0 das=stage3 f=[12.0,95.0] p=1.00 gpu=3.0/15.8GB
[11:27:32] [train] ep=48 step=001/40 ce=0.2627 sc=0.7292 mi=0.0539 dn=0.0000 v13=0.0012 grl=0.0000 v15=0.0000 v15r=0.0000 v16=0.0000 v17=0.0000 v18=0.0000 acc=1.0000 lr=1.72e-04 lambda=0.000 grl_lambda=0.000 v18_lambda=0.000 gpu=3.0/15.8GB
[11:27:34] [train] ep=48 step=010/40 ce=0.3552 sc=0.8146 mi=0.0568 dn=0.0000 v13=0.0009 grl=0.0000 v15=0.0000 v15r=0.0000 v16=0.0000 v17=0.0000 v18=0.0000 acc=0.9938 lr=1.71e-04 lambda=0.000 grl_lambda=0.000 v18_lambda=0.000 gpu=3.0/15.8GB
[11:27:36] [train] ep=48 step=020/40 ce=0.4182 sc=0.8085 mi=0.0577 dn=0.0000 v13=0.0007 grl=0.0000 v15=0.0000 v15r=0.0000 v16=0.0000 v17=0.0000 v18=0.0000 acc=0.9875 lr=1.69e-04 lambda=0.000 grl_lambda=0.000 v18_lambda=0.000 gpu=3.0/15.8GB
[11:27:38] [train] ep=48 step=030/40 ce=0.3695 sc=0.8031 mi=0.0593 dn=0.0000 v13=0.0007 grl=0.0000 v15=0.0000 v15r=0.0000 v16=0.0000 v17=0.0000 v18=0.0000 acc=0.9917 lr=1.68e-04 lambda=0.000 grl_lambda=0.000 v18_lambda=0.000 gpu=3.0/15.8GB
[11:27:39] [train] ep=48 step=040/40 ce=0.3428 sc=0.7908 mi=0.0587 dn=0.0000 v13=0.0007 grl=0.0000 v15=0.0000 v15r=0.0000 v16=0.0000 v17=0.0000 v18=0.0000 acc=0.9938 lr=1.67e-04 lambda=0.000 grl_lambda=0.000 v18_lambda=0.000 gpu=3.0/15.8GB
[11:27:42] [ep_summary] ep=48/100 val_live=0.9568/0.9559 val_ema=0.9568/0.9569 test77_live=0.8525/0.8474 test77_diag_ema=0.7806/0.7717 v13=0.0007 grl=0.0000 v15=0.0000 v15r=0.0000 v16=0.0000 v17=0.0000 v18=0.0000 das=stage3[12,95] p=1.00 ep_time=10.2s
[11:27:42] [train] epoch 49/100 steps=40 use_dann=0 das=stage3 f=[12.0,95.0] p=1.00 gpu=3.0/15.8GB
[11:27:42] [train] ep=49 step=001/40 ce=0.5576 sc=0.8713 mi=0.0560 dn=0.0000 v13=0.0007 grl=0.0000 v15=0.0000 v15r=0.0000 v16=0.0000 v17=0.0000 v18=0.0000 acc=1.0000 lr=1.67e-04 lambda=0.000 grl_lambda=0.000 v18_lambda=0.000 gpu=3.0/15.8GB
[11:27:44] [train] ep=49 step=010/40 ce=0.2903 sc=0.6436 mi=0.0564 dn=0.0000 v13=0.0007 grl=0.0000 v15=0.0000 v15r=0.0000 v16=0.0000 v17=0.0000 v18=0.0000 acc=1.0000 lr=1.66e-04 lambda=0.000 grl_lambda=0.000 v18_lambda=0.000 gpu=3.0/15.8GB
[11:27:46] [train] ep=49 step=020/40 ce=0.3626 sc=0.7466 mi=0.0595 dn=0.0000 v13=0.0007 grl=0.0000 v15=0.0000 v15r=0.0000 v16=0.0000 v17=0.0000 v18=0.0000 acc=0.9938 lr=1.65e-04 lambda=0.000 grl_lambda=0.000 v18_lambda=0.000 gpu=3.0/15.8GB
[11:27:48] [train] ep=49 step=030/40 ce=0.3751 sc=0.7738 mi=0.0591 dn=0.0000 v13=0.0007 grl=0.0000 v15=0.0000 v15r=0.0000 v16=0.0000 v17=0.0000 v18=0.0000 acc=0.9938 lr=1.63e-04 lambda=0.000 grl_lambda=0.000 v18_lambda=0.000 gpu=3.0/15.8GB
[11:27:50] [train] ep=49 step=040/40 ce=0.3995 sc=0.8234 mi=0.0591 dn=0.0000 v13=0.0007 grl=0.0000 v15=0.0000 v15r=0.0000 v16=0.0000 v17=0.0000 v18=0.0000 acc=0.9906 lr=1.62e-04 lambda=0.000 grl_lambda=0.000 v18_lambda=0.000 gpu=3.0/15.8GB
[11:27:52] [ep_summary] ep=49/100 val_live=0.9383/0.9356 val_ema=0.9568/0.9569 test77_live=0.8129/0.7956 test77_diag_ema=0.7986/0.7876 v13=0.0007 grl=0.0000 v15=0.0000 v15r=0.0000 v16=0.0000 v17=0.0000 v18=0.0000 das=stage3[12,95] p=1.00 ep_time=10.2s
[11:27:52] [save] best_sourcequalified77_ema ep=49 source_val_live=0.9383/0.9356 source_val_ema=0.9568/0.9569 test77_ema=0.7986/0.7876
[11:27:52] [train] epoch 50/100 steps=40 use_dann=0 das=stage3 f=[12.0,95.0] p=1.00 gpu=3.0/15.8GB
[11:27:53] [train] ep=50 step=001/40 ce=0.2617 sc=0.6153 mi=0.0595 dn=0.0000 v13=0.0006 grl=0.0000 v15=0.0000 v15r=0.0000 v16=0.0000 v17=0.0000 v18=0.0000 acc=1.0000 lr=1.62e-04 lambda=0.000 grl_lambda=0.000 v18_lambda=0.000 gpu=3.0/15.8GB
[11:27:54] [train] ep=50 step=010/40 ce=0.3216 sc=0.8247 mi=0.0616 dn=0.0000 v13=0.0006 grl=0.0000 v15=0.0000 v15r=0.0000 v16=0.0000 v17=0.0000 v18=0.0000 acc=0.9938 lr=1.61e-04 lambda=0.000 grl_lambda=0.000 v18_lambda=0.000 gpu=3.0/15.8GB
[11:27:56] [train] ep=50 step=020/40 ce=0.4085 sc=0.8160 mi=0.0606 dn=0.0000 v13=0.0006 grl=0.0000 v15=0.0000 v15r=0.0000 v16=0.0000 v17=0.0000 v18=0.0000 acc=0.9906 lr=1.60e-04 lambda=0.000 grl_lambda=0.000 v18_lambda=0.000 gpu=3.0/15.8GB
[11:27:58] [train] ep=50 step=030/40 ce=0.3802 sc=0.8077 mi=0.0595 dn=0.0000 v13=0.0006 grl=0.0000 v15=0.0000 v15r=0.0000 v16=0.0000 v17=0.0000 v18=0.0000 acc=0.9938 lr=1.59e-04 lambda=0.000 grl_lambda=0.000 v18_lambda=0.000 gpu=3.0/15.8GB
[11:28:00] [train] ep=50 step=040/40 ce=0.3865 sc=0.8144 mi=0.0595 dn=0.0000 v13=0.0006 grl=0.0000 v15=0.0000 v15r=0.0000 v16=0.0000 v17=0.0000 v18=0.0000 acc=0.9922 lr=1.57e-04 lambda=0.000 grl_lambda=0.000 v18_lambda=0.000 gpu=3.0/15.8GB
[11:28:03] [pool] check ep=050/100 source_val_acc_ema=0.9630 threshold=0.90
[11:28:04] [pool] ep=050 ADDED src_val=0.9630/0.9627 dev77=0.7500/0.7477 final77=0.7914/0.7809
[11:28:04] [pool] running best ep=050 dev77_f1=0.7477 final77_f1=0.7809 (pool_size=2)
[11:28:04] [ep_summary] ep=50/100 val_live=0.9321/0.9292 val_ema=0.9630/0.9627 test77_live=0.8165/0.8005 test77_diag_ema=0.7914/0.7809 v13=0.0006 grl=0.0000 v15=0.0000 v15r=0.0000 v16=0.0000 v17=0.0000 v18=0.0000 das=stage3[12,95] p=1.00 ep_time=11.7s
[11:28:04] [save] best_sourceval_ema val_acc_ema=0.9630 source_val_live=0.9321/0.9292 source_val_ema=0.9630/0.9627 ep=50
[11:28:04] [strict77_monitor] ep=50 best_source_epoch=50 source_val_ema=0.9630/0.9627 test77_ema_diag=0.7914/0.7809 sourcequalified_count=50 best_sourcequalified77_epoch=49 source_val_ema=0.9568/0.9569 test77_ema=0.7986/0.7876
[11:28:04] [train] epoch 51/100 steps=40 use_dann=0 das=stage3 f=[12.0,95.0] p=1.00 gpu=3.0/15.8GB
[11:28:04] [train] ep=51 step=001/40 ce=0.2574 sc=1.3626 mi=0.0588 dn=0.0000 v13=0.0003 grl=0.0000 v15=0.0000 v15r=0.0000 v16=0.0000 v17=0.0000 v18=0.0000 acc=1.0000 lr=1.57e-04 lambda=0.000 grl_lambda=0.000 v18_lambda=0.000 gpu=3.0/15.8GB
[11:28:06] [train] ep=51 step=010/40 ce=0.3566 sc=0.8935 mi=0.0595 dn=0.0000 v13=0.0005 grl=0.0000 v15=0.0000 v15r=0.0000 v16=0.0000 v17=0.0000 v18=0.0000 acc=0.9938 lr=1.56e-04 lambda=0.000 grl_lambda=0.000 v18_lambda=0.000 gpu=3.0/15.8GB
[11:28:08] [train] ep=51 step=020/40 ce=0.3117 sc=0.8699 mi=0.0574 dn=0.0000 v13=0.0006 grl=0.0000 v15=0.0000 v15r=0.0000 v16=0.0000 v17=0.0000 v18=0.0000 acc=0.9969 lr=1.55e-04 lambda=0.000 grl_lambda=0.000 v18_lambda=0.000 gpu=3.0/15.8GB
[11:28:10] [train] ep=51 step=030/40 ce=0.3584 sc=0.9274 mi=0.0579 dn=0.0000 v13=0.0006 grl=0.0000 v15=0.0000 v15r=0.0000 v16=0.0000 v17=0.0000 v18=0.0000 acc=0.9938 lr=1.54e-04 lambda=0.000 grl_lambda=0.000 v18_lambda=0.000 gpu=3.0/15.8GB
[11:28:12] [train] ep=51 step=040/40 ce=0.3606 sc=0.9130 mi=0.0580 dn=0.0000 v13=0.0006 grl=0.0000 v15=0.0000 v15r=0.0000 v16=0.0000 v17=0.0000 v18=0.0000 acc=0.9938 lr=1.53e-04 lambda=0.000 grl_lambda=0.000 v18_lambda=0.000 gpu=3.0/15.8GB
[11:28:14] [ep_summary] ep=51/100 val_live=0.9630/0.9628 val_ema=0.9630/0.9627 test77_live=0.8489/0.8433 test77_diag_ema=0.7950/0.7842 v13=0.0006 grl=0.0000 v15=0.0000 v15r=0.0000 v16=0.0000 v17=0.0000 v18=0.0000 das=stage3[12,95] p=1.00 ep_time=10.2s
[11:28:14] [train] epoch 52/100 steps=40 use_dann=0 das=stage3 f=[12.0,95.0] p=1.00 gpu=3.0/15.8GB
[11:28:15] [train] ep=52 step=001/40 ce=0.2594 sc=0.5529 mi=0.0692 dn=0.0000 v13=0.0006 grl=0.0000 v15=0.0000 v15r=0.0000 v16=0.0000 v17=0.0000 v18=0.0000 acc=1.0000 lr=1.52e-04 lambda=0.000 grl_lambda=0.000 v18_lambda=0.000 gpu=3.0/15.8GB
[11:28:16] [train] ep=52 step=010/40 ce=0.2685 sc=0.6790 mi=0.0592 dn=0.0000 v13=0.0007 grl=0.0000 v15=0.0000 v15r=0.0000 v16=0.0000 v17=0.0000 v18=0.0000 acc=1.0000 lr=1.51e-04 lambda=0.000 grl_lambda=0.000 v18_lambda=0.000 gpu=3.0/15.8GB
[11:28:18] [train] ep=52 step=020/40 ce=0.3383 sc=0.7302 mi=0.0583 dn=0.0000 v13=0.0006 grl=0.0000 v15=0.0000 v15r=0.0000 v16=0.0000 v17=0.0000 v18=0.0000 acc=0.9938 lr=1.50e-04 lambda=0.000 grl_lambda=0.000 v18_lambda=0.000 gpu=3.0/15.8GB
[11:28:20] [train] ep=52 step=030/40 ce=0.3146 sc=0.7491 mi=0.0588 dn=0.0000 v13=0.0007 grl=0.0000 v15=0.0000 v15r=0.0000 v16=0.0000 v17=0.0000 v18=0.0000 acc=0.9958 lr=1.49e-04 lambda=0.000 grl_lambda=0.000 v18_lambda=0.000 gpu=3.0/15.8GB
[11:28:22] [train] ep=52 step=040/40 ce=0.3017 sc=0.7709 mi=0.0584 dn=0.0000 v13=0.0007 grl=0.0000 v15=0.0000 v15r=0.0000 v16=0.0000 v17=0.0000 v18=0.0000 acc=0.9969 lr=1.48e-04 lambda=0.000 grl_lambda=0.000 v18_lambda=0.000 gpu=3.0/15.8GB
[11:28:25] [ep_summary] ep=52/100 val_live=0.9321/0.9287 val_ema=0.9568/0.9566 test77_live=0.8094/0.7903 test77_diag_ema=0.7914/0.7804 v13=0.0007 grl=0.0000 v15=0.0000 v15r=0.0000 v16=0.0000 v17=0.0000 v18=0.0000 das=stage3[12,95] p=1.00 ep_time=10.2s
[11:28:25] [train] epoch 53/100 steps=40 use_dann=0 das=stage3 f=[12.0,95.0] p=1.00 gpu=3.0/15.8GB
[11:28:25] [train] ep=53 step=001/40 ce=0.2605 sc=0.9344 mi=0.0592 dn=0.0000 v13=0.0014 grl=0.0000 v15=0.0000 v15r=0.0000 v16=0.0000 v17=0.0000 v18=0.0000 acc=1.0000 lr=1.48e-04 lambda=0.000 grl_lambda=0.000 v18_lambda=0.000 gpu=3.0/15.8GB
[11:28:27] [train] ep=53 step=010/40 ce=0.3850 sc=0.7741 mi=0.0591 dn=0.0000 v13=0.0007 grl=0.0000 v15=0.0000 v15r=0.0000 v16=0.0000 v17=0.0000 v18=0.0000 acc=0.9938 lr=1.46e-04 lambda=0.000 grl_lambda=0.000 v18_lambda=0.000 gpu=3.0/15.8GB
[11:28:29] [train] ep=53 step=020/40 ce=0.3733 sc=0.7500 mi=0.0584 dn=0.0000 v13=0.0007 grl=0.0000 v15=0.0000 v15r=0.0000 v16=0.0000 v17=0.0000 v18=0.0000 acc=0.9906 lr=1.45e-04 lambda=0.000 grl_lambda=0.000 v18_lambda=0.000 gpu=3.0/15.8GB
[11:28:31] [train] ep=53 step=030/40 ce=0.3388 sc=0.7355 mi=0.0588 dn=0.0000 v13=0.0007 grl=0.0000 v15=0.0000 v15r=0.0000 v16=0.0000 v17=0.0000 v18=0.0000 acc=0.9938 lr=1.44e-04 lambda=0.000 grl_lambda=0.000 v18_lambda=0.000 gpu=3.0/15.8GB
[11:28:33] [train] ep=53 step=040/40 ce=0.3219 sc=0.7431 mi=0.0579 dn=0.0000 v13=0.0006 grl=0.0000 v15=0.0000 v15r=0.0000 v16=0.0000 v17=0.0000 v18=0.0000 acc=0.9953 lr=1.43e-04 lambda=0.000 grl_lambda=0.000 v18_lambda=0.000 gpu=3.0/15.8GB
[11:28:36] [ep_summary] ep=53/100 val_live=0.9691/0.9692 val_ema=0.9630/0.9626 test77_live=0.8417/0.8376 test77_diag_ema=0.7878/0.7773 v13=0.0006 grl=0.0000 v15=0.0000 v15r=0.0000 v16=0.0000 v17=0.0000 v18=0.0000 das=stage3[12,95] p=1.00 ep_time=11.6s
[11:28:36] [train] epoch 54/100 steps=40 use_dann=0 das=stage3 f=[12.0,95.0] p=1.00 gpu=3.0/15.8GB
[11:28:37] [train] ep=54 step=001/40 ce=0.2586 sc=1.0799 mi=0.0558 dn=0.0000 v13=0.0006 grl=0.0000 v15=0.0000 v15r=0.0000 v16=0.0000 v17=0.0000 v18=0.0000 acc=1.0000 lr=1.43e-04 lambda=0.000 grl_lambda=0.000 v18_lambda=0.000 gpu=3.0/15.8GB
[11:28:38] [train] ep=54 step=010/40 ce=0.3557 sc=0.9124 mi=0.0579 dn=0.0000 v13=0.0007 grl=0.0000 v15=0.0000 v15r=0.0000 v16=0.0000 v17=0.0000 v18=0.0000 acc=0.9938 lr=1.42e-04 lambda=0.000 grl_lambda=0.000 v18_lambda=0.000 gpu=3.0/15.8GB
[11:28:40] [train] ep=54 step=020/40 ce=0.3366 sc=0.8361 mi=0.0577 dn=0.0000 v13=0.0006 grl=0.0000 v15=0.0000 v15r=0.0000 v16=0.0000 v17=0.0000 v18=0.0000 acc=0.9969 lr=1.40e-04 lambda=0.000 grl_lambda=0.000 v18_lambda=0.000 gpu=3.0/15.8GB
[11:28:43] [train] ep=54 step=030/40 ce=0.3318 sc=0.8074 mi=0.0568 dn=0.0000 v13=0.0006 grl=0.0000 v15=0.0000 v15r=0.0000 v16=0.0000 v17=0.0000 v18=0.0000 acc=0.9958 lr=1.39e-04 lambda=0.000 grl_lambda=0.000 v18_lambda=0.000 gpu=3.0/15.8GB
[11:28:45] [train] ep=54 step=040/40 ce=0.3375 sc=0.8046 mi=0.0573 dn=0.0000 v13=0.0006 grl=0.0000 v15=0.0000 v15r=0.0000 v16=0.0000 v17=0.0000 v18=0.0000 acc=0.9953 lr=1.38e-04 lambda=0.000 grl_lambda=0.000 v18_lambda=0.000 gpu=3.0/15.8GB
[11:28:48] [ep_summary] ep=54/100 val_live=0.9691/0.9692 val_ema=0.9630/0.9626 test77_live=0.8381/0.8288 test77_diag_ema=0.7914/0.7805 v13=0.0006 grl=0.0000 v15=0.0000 v15r=0.0000 v16=0.0000 v17=0.0000 v18=0.0000 das=stage3[12,95] p=1.00 ep_time=11.3s
[11:28:48] [train] epoch 55/100 steps=40 use_dann=0 das=stage3 f=[12.0,95.0] p=1.00 gpu=3.0/15.8GB
[11:28:48] [train] ep=55 step=001/40 ce=0.2608 sc=0.6575 mi=0.0558 dn=0.0000 v13=0.0004 grl=0.0000 v15=0.0000 v15r=0.0000 v16=0.0000 v17=0.0000 v18=0.0000 acc=1.0000 lr=1.38e-04 lambda=0.000 grl_lambda=0.000 v18_lambda=0.000 gpu=3.0/15.8GB
[11:28:50] [train] ep=55 step=010/40 ce=0.3210 sc=0.7470 mi=0.0553 dn=0.0000 v13=0.0008 grl=0.0000 v15=0.0000 v15r=0.0000 v16=0.0000 v17=0.0000 v18=0.0000 acc=0.9938 lr=1.37e-04 lambda=0.000 grl_lambda=0.000 v18_lambda=0.000 gpu=3.0/15.8GB
[11:28:51] [train] ep=55 step=020/40 ce=0.3037 sc=0.7778 mi=0.0560 dn=0.0000 v13=0.0007 grl=0.0000 v15=0.0000 v15r=0.0000 v16=0.0000 v17=0.0000 v18=0.0000 acc=0.9969 lr=1.36e-04 lambda=0.000 grl_lambda=0.000 v18_lambda=0.000 gpu=3.0/15.8GB
[11:28:53] [train] ep=55 step=030/40 ce=0.2936 sc=0.7772 mi=0.0564 dn=0.0000 v13=0.0006 grl=0.0000 v15=0.0000 v15r=0.0000 v16=0.0000 v17=0.0000 v18=0.0000 acc=0.9979 lr=1.34e-04 lambda=0.000 grl_lambda=0.000 v18_lambda=0.000 gpu=3.0/15.8GB
[11:28:55] [train] ep=55 step=040/40 ce=0.3083 sc=0.8268 mi=0.0564 dn=0.0000 v13=0.0006 grl=0.0000 v15=0.0000 v15r=0.0000 v16=0.0000 v17=0.0000 v18=0.0000 acc=0.9969 lr=1.33e-04 lambda=0.000 grl_lambda=0.000 v18_lambda=0.000 gpu=3.0/15.8GB
[11:28:58] [ep_summary] ep=55/100 val_live=0.9568/0.9560 val_ema=0.9630/0.9626 test77_live=0.7950/0.7847 test77_diag_ema=0.7986/0.7870 v13=0.0006 grl=0.0000 v15=0.0000 v15r=0.0000 v16=0.0000 v17=0.0000 v18=0.0000 das=stage3[12,95] p=1.00 ep_time=10.5s
[11:28:58] [train] epoch 56/100 steps=40 use_dann=0 das=stage3 f=[12.0,95.0] p=1.00 gpu=3.0/15.8GB
[11:28:58] [train] ep=56 step=001/40 ce=0.2615 sc=0.7468 mi=0.0506 dn=0.0000 v13=0.0005 grl=0.0000 v15=0.0000 v15r=0.0000 v16=0.0000 v17=0.0000 v18=0.0000 acc=1.0000 lr=1.33e-04 lambda=0.000 grl_lambda=0.000 v18_lambda=0.000 gpu=3.0/15.8GB
[11:29:00] [train] ep=56 step=010/40 ce=0.2865 sc=0.9482 mi=0.0549 dn=0.0000 v13=0.0006 grl=0.0000 v15=0.0000 v15r=0.0000 v16=0.0000 v17=0.0000 v18=0.0000 acc=1.0000 lr=1.32e-04 lambda=0.000 grl_lambda=0.000 v18_lambda=0.000 gpu=3.0/15.8GB
[11:29:02] [train] ep=56 step=020/40 ce=0.2769 sc=0.8053 mi=0.0557 dn=0.0000 v13=0.0006 grl=0.0000 v15=0.0000 v15r=0.0000 v16=0.0000 v17=0.0000 v18=0.0000 acc=1.0000 lr=1.31e-04 lambda=0.000 grl_lambda=0.000 v18_lambda=0.000 gpu=3.0/15.8GB
[11:29:05] [train] ep=56 step=030/40 ce=0.3162 sc=0.8017 mi=0.0561 dn=0.0000 v13=0.0006 grl=0.0000 v15=0.0000 v15r=0.0000 v16=0.0000 v17=0.0000 v18=0.0000 acc=0.9979 lr=1.30e-04 lambda=0.000 grl_lambda=0.000 v18_lambda=0.000 gpu=3.0/15.8GB
[11:29:06] [train] ep=56 step=040/40 ce=0.3056 sc=0.7978 mi=0.0563 dn=0.0000 v13=0.0006 grl=0.0000 v15=0.0000 v15r=0.0000 v16=0.0000 v17=0.0000 v18=0.0000 acc=0.9984 lr=1.28e-04 lambda=0.000 grl_lambda=0.000 v18_lambda=0.000 gpu=3.0/15.8GB
[11:29:09] [ep_summary] ep=56/100 val_live=0.9568/0.9564 val_ema=0.9630/0.9626 test77_live=0.8705/0.8652 test77_diag_ema=0.8094/0.8007 v13=0.0006 grl=0.0000 v15=0.0000 v15r=0.0000 v16=0.0000 v17=0.0000 v18=0.0000 das=stage3[12,95] p=1.00 ep_time=11.3s
[11:29:09] [save] best_sourcequalified77_ema ep=56 source_val_live=0.9568/0.9564 source_val_ema=0.9630/0.9626 test77_ema=0.8094/0.8007
[11:29:09] [train] epoch 57/100 steps=40 use_dann=0 das=stage3 f=[12.0,95.0] p=1.00 gpu=3.0/15.8GB
[11:29:10] [train] ep=57 step=001/40 ce=0.2618 sc=0.6344 mi=0.0533 dn=0.0000 v13=0.0007 grl=0.0000 v15=0.0000 v15r=0.0000 v16=0.0000 v17=0.0000 v18=0.0000 acc=1.0000 lr=1.28e-04 lambda=0.000 grl_lambda=0.000 v18_lambda=0.000 gpu=3.0/15.8GB
[11:29:11] [train] ep=57 step=010/40 ce=0.2637 sc=0.7335 mi=0.0566 dn=0.0000 v13=0.0008 grl=0.0000 v15=0.0000 v15r=0.0000 v16=0.0000 v17=0.0000 v18=0.0000 acc=1.0000 lr=1.27e-04 lambda=0.000 grl_lambda=0.000 v18_lambda=0.000 gpu=3.0/15.8GB
[11:29:14] [train] ep=57 step=020/40 ce=0.3039 sc=0.7697 mi=0.0563 dn=0.0000 v13=0.0006 grl=0.0000 v15=0.0000 v15r=0.0000 v16=0.0000 v17=0.0000 v18=0.0000 acc=0.9969 lr=1.26e-04 lambda=0.000 grl_lambda=0.000 v18_lambda=0.000 gpu=3.0/15.8GB
[11:29:15] [train] ep=57 step=030/40 ce=0.2909 sc=0.7784 mi=0.0569 dn=0.0000 v13=0.0006 grl=0.0000 v15=0.0000 v15r=0.0000 v16=0.0000 v17=0.0000 v18=0.0000 acc=0.9979 lr=1.25e-04 lambda=0.000 grl_lambda=0.000 v18_lambda=0.000 gpu=3.0/15.8GB
[11:29:18] [train] ep=57 step=040/40 ce=0.2833 sc=0.7626 mi=0.0572 dn=0.0000 v13=0.0006 grl=0.0000 v15=0.0000 v15r=0.0000 v16=0.0000 v17=0.0000 v18=0.0000 acc=0.9984 lr=1.24e-04 lambda=0.000 grl_lambda=0.000 v18_lambda=0.000 gpu=3.0/15.8GB
[11:29:20] [ep_summary] ep=57/100 val_live=0.9691/0.9689 val_ema=0.9691/0.9688 test77_live=0.8453/0.8402 test77_diag_ema=0.8201/0.8131 v13=0.0006 grl=0.0000 v15=0.0000 v15r=0.0000 v16=0.0000 v17=0.0000 v18=0.0000 das=stage3[12,95] p=1.00 ep_time=11.0s
[11:29:20] [save] best_sourceval_ema val_acc_ema=0.9691 source_val_live=0.9691/0.9689 source_val_ema=0.9691/0.9688 ep=57
[11:29:20] [save] best_sourcequalified77_ema ep=57 source_val_live=0.9691/0.9689 source_val_ema=0.9691/0.9688 test77_ema=0.8201/0.8131
[11:29:20] [train] epoch 58/100 steps=40 use_dann=0 das=stage3 f=[12.0,95.0] p=1.00 gpu=3.0/15.8GB
[11:29:21] [train] ep=58 step=001/40 ce=0.2592 sc=0.9496 mi=0.0541 dn=0.0000 v13=0.0006 grl=0.0000 v15=0.0000 v15r=0.0000 v16=0.0000 v17=0.0000 v18=0.0000 acc=1.0000 lr=1.23e-04 lambda=0.000 grl_lambda=0.000 v18_lambda=0.000 gpu=3.0/15.8GB
[11:29:23] [train] ep=58 step=010/40 ce=0.2795 sc=0.7579 mi=0.0557 dn=0.0000 v13=0.0005 grl=0.0000 v15=0.0000 v15r=0.0000 v16=0.0000 v17=0.0000 v18=0.0000 acc=1.0000 lr=1.22e-04 lambda=0.000 grl_lambda=0.000 v18_lambda=0.000 gpu=3.0/15.8GB
[11:29:25] [train] ep=58 step=020/40 ce=0.2734 sc=0.7266 mi=0.0564 dn=0.0000 v13=0.0005 grl=0.0000 v15=0.0000 v15r=0.0000 v16=0.0000 v17=0.0000 v18=0.0000 acc=1.0000 lr=1.21e-04 lambda=0.000 grl_lambda=0.000 v18_lambda=0.000 gpu=3.0/15.8GB
[11:29:27] [train] ep=58 step=030/40 ce=0.2753 sc=0.7646 mi=0.0572 dn=0.0000 v13=0.0005 grl=0.0000 v15=0.0000 v15r=0.0000 v16=0.0000 v17=0.0000 v18=0.0000 acc=1.0000 lr=1.20e-04 lambda=0.000 grl_lambda=0.000 v18_lambda=0.000 gpu=3.0/15.8GB
[11:29:29] [train] ep=58 step=040/40 ce=0.2721 sc=0.7556 mi=0.0577 dn=0.0000 v13=0.0005 grl=0.0000 v15=0.0000 v15r=0.0000 v16=0.0000 v17=0.0000 v18=0.0000 acc=1.0000 lr=1.19e-04 lambda=0.000 grl_lambda=0.000 v18_lambda=0.000 gpu=3.0/15.8GB
[11:29:32] [ep_summary] ep=58/100 val_live=0.9630/0.9624 val_ema=0.9753/0.9756 test77_live=0.8345/0.8203 test77_diag_ema=0.8309/0.8255 v13=0.0005 grl=0.0000 v15=0.0000 v15r=0.0000 v16=0.0000 v17=0.0000 v18=0.0000 das=stage3[12,95] p=1.00 ep_time=11.4s
[11:29:32] [save] best_sourceval_ema val_acc_ema=0.9753 source_val_live=0.9630/0.9624 source_val_ema=0.9753/0.9756 ep=58
[11:29:32] [save] best_sourcequalified77_ema ep=58 source_val_live=0.9630/0.9624 source_val_ema=0.9753/0.9756 test77_ema=0.8309/0.8255
[11:29:32] [train] epoch 59/100 steps=40 use_dann=0 das=stage3 f=[12.0,95.0] p=1.00 gpu=3.0/15.8GB
[11:29:32] [train] ep=59 step=001/40 ce=0.2567 sc=1.0803 mi=0.0525 dn=0.0000 v13=0.0004 grl=0.0000 v15=0.0000 v15r=0.0000 v16=0.0000 v17=0.0000 v18=0.0000 acc=1.0000 lr=1.19e-04 lambda=0.000 grl_lambda=0.000 v18_lambda=0.000 gpu=3.0/15.8GB
[11:29:34] [train] ep=59 step=010/40 ce=0.2596 sc=0.7796 mi=0.0554 dn=0.0000 v13=0.0006 grl=0.0000 v15=0.0000 v15r=0.0000 v16=0.0000 v17=0.0000 v18=0.0000 acc=1.0000 lr=1.18e-04 lambda=0.000 grl_lambda=0.000 v18_lambda=0.000 gpu=3.0/15.8GB
[11:29:36] [train] ep=59 step=020/40 ce=0.2734 sc=0.8298 mi=0.0562 dn=0.0000 v13=0.0006 grl=0.0000 v15=0.0000 v15r=0.0000 v16=0.0000 v17=0.0000 v18=0.0000 acc=1.0000 lr=1.16e-04 lambda=0.000 grl_lambda=0.000 v18_lambda=0.000 gpu=3.0/15.8GB
[11:29:38] [train] ep=59 step=030/40 ce=0.3158 sc=0.8182 mi=0.0567 dn=0.0000 v13=0.0006 grl=0.0000 v15=0.0000 v15r=0.0000 v16=0.0000 v17=0.0000 v18=0.0000 acc=0.9979 lr=1.15e-04 lambda=0.000 grl_lambda=0.000 v18_lambda=0.000 gpu=3.0/15.8GB
[11:29:40] [train] ep=59 step=040/40 ce=0.3208 sc=0.8146 mi=0.0559 dn=0.0000 v13=0.0006 grl=0.0000 v15=0.0000 v15r=0.0000 v16=0.0000 v17=0.0000 v18=0.0000 acc=0.9969 lr=1.14e-04 lambda=0.000 grl_lambda=0.000 v18_lambda=0.000 gpu=3.0/15.8GB
[11:29:43] [ep_summary] ep=59/100 val_live=0.9691/0.9689 val_ema=0.9753/0.9756 test77_live=0.8345/0.8260 test77_diag_ema=0.8309/0.8254 v13=0.0006 grl=0.0000 v15=0.0000 v15r=0.0000 v16=0.0000 v17=0.0000 v18=0.0000 das=stage3[12,95] p=1.00 ep_time=10.7s
[11:29:43] [train] epoch 60/100 steps=40 use_dann=0 das=stage3 f=[12.0,95.0] p=1.00 gpu=3.0/15.8GB
[11:29:43] [train] ep=60 step=001/40 ce=0.2570 sc=0.4181 mi=0.0603 dn=0.0000 v13=0.0005 grl=0.0000 v15=0.0000 v15r=0.0000 v16=0.0000 v17=0.0000 v18=0.0000 acc=1.0000 lr=1.14e-04 lambda=0.000 grl_lambda=0.000 v18_lambda=0.000 gpu=3.0/15.8GB
[11:29:44] [train] ep=60 step=010/40 ce=0.2876 sc=0.7014 mi=0.0561 dn=0.0000 v13=0.0005 grl=0.0000 v15=0.0000 v15r=0.0000 v16=0.0000 v17=0.0000 v18=0.0000 acc=1.0000 lr=1.13e-04 lambda=0.000 grl_lambda=0.000 v18_lambda=0.000 gpu=3.0/15.8GB
[11:29:46] [train] ep=60 step=020/40 ce=0.3249 sc=0.7946 mi=0.0578 dn=0.0000 v13=0.0006 grl=0.0000 v15=0.0000 v15r=0.0000 v16=0.0000 v17=0.0000 v18=0.0000 acc=0.9969 lr=1.12e-04 lambda=0.000 grl_lambda=0.000 v18_lambda=0.000 gpu=3.0/15.8GB
[11:29:48] [train] ep=60 step=030/40 ce=0.3292 sc=0.7898 mi=0.0585 dn=0.0000 v13=0.0006 grl=0.0000 v15=0.0000 v15r=0.0000 v16=0.0000 v17=0.0000 v18=0.0000 acc=0.9958 lr=1.11e-04 lambda=0.000 grl_lambda=0.000 v18_lambda=0.000 gpu=3.0/15.8GB
[11:29:50] [train] ep=60 step=040/40 ce=0.3126 sc=0.7654 mi=0.0578 dn=0.0000 v13=0.0006 grl=0.0000 v15=0.0000 v15r=0.0000 v16=0.0000 v17=0.0000 v18=0.0000 acc=0.9969 lr=1.09e-04 lambda=0.000 grl_lambda=0.000 v18_lambda=0.000 gpu=3.0/15.8GB
[11:29:53] [pool] check ep=060/100 source_val_acc_ema=0.9753 threshold=0.90
[11:29:54] [pool] ep=060 ADDED src_val=0.9753/0.9755 dev77=0.7643/0.7593 final77=0.8381/0.8325
[11:29:54] [pool] running best ep=060 dev77_f1=0.7593 final77_f1=0.8325 (pool_size=3)
[11:29:54] [ep_summary] ep=60/100 val_live=0.9630/0.9621 val_ema=0.9753/0.9755 test77_live=0.8201/0.8147 test77_diag_ema=0.8381/0.8325 v13=0.0006 grl=0.0000 v15=0.0000 v15r=0.0000 v16=0.0000 v17=0.0000 v18=0.0000 das=stage3[12,95] p=1.00 ep_time=11.6s
[11:29:54] [save] best_sourcequalified77_ema ep=60 source_val_live=0.9630/0.9621 source_val_ema=0.9753/0.9755 test77_ema=0.8381/0.8325
[11:29:54] [strict77_monitor] ep=60 best_source_epoch=58 source_val_ema=0.9753/0.9756 test77_ema_diag=0.8309/0.8255 sourcequalified_count=60 best_sourcequalified77_epoch=60 source_val_ema=0.9753/0.9755 test77_ema=0.8381/0.8325
[11:29:54] [train] epoch 61/100 steps=40 use_dann=0 das=stage3 f=[12.0,95.0] p=1.00 gpu=3.0/15.8GB
[11:29:54] [train] ep=61 step=001/40 ce=0.5419 sc=0.8793 mi=0.0506 dn=0.0000 v13=0.0007 grl=0.0000 v15=0.0000 v15r=0.0000 v16=0.0000 v17=0.0000 v18=0.0000 acc=1.0000 lr=1.09e-04 lambda=0.000 grl_lambda=0.000 v18_lambda=0.000 gpu=3.0/15.8GB
[11:29:56] [train] ep=61 step=010/40 ce=0.3376 sc=0.8447 mi=0.0568 dn=0.0000 v13=0.0006 grl=0.0000 v15=0.0000 v15r=0.0000 v16=0.0000 v17=0.0000 v18=0.0000 acc=1.0000 lr=1.08e-04 lambda=0.000 grl_lambda=0.000 v18_lambda=0.000 gpu=3.0/15.8GB
[11:29:58] [train] ep=61 step=020/40 ce=0.3105 sc=0.7897 mi=0.0572 dn=0.0000 v13=0.0005 grl=0.0000 v15=0.0000 v15r=0.0000 v16=0.0000 v17=0.0000 v18=0.0000 acc=1.0000 lr=1.07e-04 lambda=0.000 grl_lambda=0.000 v18_lambda=0.000 gpu=3.0/15.8GB
[11:30:00] [train] ep=61 step=030/40 ce=0.3111 sc=0.7919 mi=0.0574 dn=0.0000 v13=0.0005 grl=0.0000 v15=0.0000 v15r=0.0000 v16=0.0000 v17=0.0000 v18=0.0000 acc=1.0000 lr=1.06e-04 lambda=0.000 grl_lambda=0.000 v18_lambda=0.000 gpu=3.0/15.8GB
[11:30:02] [train] ep=61 step=040/40 ce=0.3258 sc=0.8008 mi=0.0579 dn=0.0000 v13=0.0005 grl=0.0000 v15=0.0000 v15r=0.0000 v16=0.0000 v17=0.0000 v18=0.0000 acc=0.9984 lr=1.05e-04 lambda=0.000 grl_lambda=0.000 v18_lambda=0.000 gpu=3.0/15.8GB
[11:30:05] [ep_summary] ep=61/100 val_live=0.9630/0.9627 val_ema=0.9753/0.9755 test77_live=0.8273/0.8149 test77_diag_ema=0.8345/0.8287 v13=0.0005 grl=0.0000 v15=0.0000 v15r=0.0000 v16=0.0000 v17=0.0000 v18=0.0000 das=stage3[12,95] p=1.00 ep_time=10.7s
[11:30:05] [train] epoch 62/100 steps=40 use_dann=0 das=stage3 f=[12.0,95.0] p=1.00 gpu=3.0/15.8GB
[11:30:05] [train] ep=62 step=001/40 ce=0.2606 sc=0.6189 mi=0.0590 dn=0.0000 v13=0.0003 grl=0.0000 v15=0.0000 v15r=0.0000 v16=0.0000 v17=0.0000 v18=0.0000 acc=1.0000 lr=1.05e-04 lambda=0.000 grl_lambda=0.000 v18_lambda=0.000 gpu=3.0/15.8GB
[11:30:07] [train] ep=62 step=010/40 ce=0.3733 sc=0.9879 mi=0.0557 dn=0.0000 v13=0.0006 grl=0.0000 v15=0.0000 v15r=0.0000 v16=0.0000 v17=0.0000 v18=0.0000 acc=0.9938 lr=1.04e-04 lambda=0.000 grl_lambda=0.000 v18_lambda=0.000 gpu=3.0/15.8GB
[11:30:09] [train] ep=62 step=020/40 ce=0.3468 sc=0.8556 mi=0.0546 dn=0.0000 v13=0.0005 grl=0.0000 v15=0.0000 v15r=0.0000 v16=0.0000 v17=0.0000 v18=0.0000 acc=0.9969 lr=1.02e-04 lambda=0.000 grl_lambda=0.000 v18_lambda=0.000 gpu=3.0/15.8GB
[11:30:11] [train] ep=62 step=030/40 ce=0.3383 sc=0.8086 mi=0.0552 dn=0.0000 v13=0.0005 grl=0.0000 v15=0.0000 v15r=0.0000 v16=0.0000 v17=0.0000 v18=0.0000 acc=0.9958 lr=1.01e-04 lambda=0.000 grl_lambda=0.000 v18_lambda=0.000 gpu=3.0/15.8GB
[11:30:13] [train] ep=62 step=040/40 ce=0.3222 sc=0.7868 mi=0.0553 dn=0.0000 v13=0.0005 grl=0.0000 v15=0.0000 v15r=0.0000 v16=0.0000 v17=0.0000 v18=0.0000 acc=0.9969 lr=1.00e-04 lambda=0.000 grl_lambda=0.000 v18_lambda=0.000 gpu=3.0/15.8GB
[11:30:16] [ep_summary] ep=62/100 val_live=0.9444/0.9428 val_ema=0.9753/0.9754 test77_live=0.8058/0.7965 test77_diag_ema=0.8345/0.8286 v13=0.0005 grl=0.0000 v15=0.0000 v15r=0.0000 v16=0.0000 v17=0.0000 v18=0.0000 das=stage3[12,95] p=1.00 ep_time=10.7s
[11:30:16] [train] epoch 63/100 steps=40 use_dann=0 das=stage3 f=[12.0,95.0] p=1.00 gpu=3.0/15.8GB
[11:30:16] [train] ep=63 step=001/40 ce=0.7612 sc=0.7161 mi=0.0519 dn=0.0000 v13=0.0006 grl=0.0000 v15=0.0000 v15r=0.0000 v16=0.0000 v17=0.0000 v18=0.0000 acc=0.9375 lr=1.00e-04 lambda=0.000 grl_lambda=0.000 v18_lambda=0.000 gpu=3.0/15.8GB
[11:30:18] [train] ep=63 step=010/40 ce=0.3235 sc=0.6021 mi=0.0580 dn=0.0000 v13=0.0007 grl=0.0000 v15=0.0000 v15r=0.0000 v16=0.0000 v17=0.0000 v18=0.0000 acc=0.9938 lr=9.89e-05 lambda=0.000 grl_lambda=0.000 v18_lambda=0.000 gpu=3.0/15.8GB
[11:30:20] [train] ep=63 step=020/40 ce=0.3165 sc=0.7120 mi=0.0570 dn=0.0000 v13=0.0006 grl=0.0000 v15=0.0000 v15r=0.0000 v16=0.0000 v17=0.0000 v18=0.0000 acc=0.9969 lr=9.78e-05 lambda=0.000 grl_lambda=0.000 v18_lambda=0.000 gpu=3.0/15.8GB
[11:30:22] [train] ep=63 step=030/40 ce=0.3015 sc=0.7356 mi=0.0566 dn=0.0000 v13=0.0006 grl=0.0000 v15=0.0000 v15r=0.0000 v16=0.0000 v17=0.0000 v18=0.0000 acc=0.9979 lr=9.67e-05 lambda=0.000 grl_lambda=0.000 v18_lambda=0.000 gpu=3.0/15.8GB
[11:30:23] [train] ep=63 step=040/40 ce=0.3190 sc=0.7514 mi=0.0560 dn=0.0000 v13=0.0005 grl=0.0000 v15=0.0000 v15r=0.0000 v16=0.0000 v17=0.0000 v18=0.0000 acc=0.9969 lr=9.55e-05 lambda=0.000 grl_lambda=0.000 v18_lambda=0.000 gpu=3.0/15.8GB
[11:30:26] [ep_summary] ep=63/100 val_live=0.9630/0.9623 val_ema=0.9753/0.9754 test77_live=0.8561/0.8508 test77_diag_ema=0.8453/0.8409 v13=0.0005 grl=0.0000 v15=0.0000 v15r=0.0000 v16=0.0000 v17=0.0000 v18=0.0000 das=stage3[12,95] p=1.00 ep_time=10.6s
[11:30:26] [save] best_sourcequalified77_ema ep=63 source_val_live=0.9630/0.9623 source_val_ema=0.9753/0.9754 test77_ema=0.8453/0.8409
[11:30:26] [train] epoch 64/100 steps=40 use_dann=0 das=stage3 f=[12.0,95.0] p=1.00 gpu=3.0/15.8GB
[11:30:26] [train] ep=64 step=001/40 ce=0.2671 sc=0.6222 mi=0.0547 dn=0.0000 v13=0.0005 grl=0.0000 v15=0.0000 v15r=0.0000 v16=0.0000 v17=0.0000 v18=0.0000 acc=1.0000 lr=9.54e-05 lambda=0.000 grl_lambda=0.000 v18_lambda=0.000 gpu=3.0/15.8GB
[11:30:28] [train] ep=64 step=010/40 ce=0.3331 sc=0.8218 mi=0.0577 dn=0.0000 v13=0.0004 grl=0.0000 v15=0.0000 v15r=0.0000 v16=0.0000 v17=0.0000 v18=0.0000 acc=0.9938 lr=9.44e-05 lambda=0.000 grl_lambda=0.000 v18_lambda=0.000 gpu=3.0/15.8GB
[11:30:30] [train] ep=64 step=020/40 ce=0.3087 sc=0.8326 mi=0.0546 dn=0.0000 v13=0.0005 grl=0.0000 v15=0.0000 v15r=0.0000 v16=0.0000 v17=0.0000 v18=0.0000 acc=0.9969 lr=9.33e-05 lambda=0.000 grl_lambda=0.000 v18_lambda=0.000 gpu=3.0/15.8GB
[11:30:32] [train] ep=64 step=030/40 ce=0.3238 sc=0.8467 mi=0.0548 dn=0.0000 v13=0.0005 grl=0.0000 v15=0.0000 v15r=0.0000 v16=0.0000 v17=0.0000 v18=0.0000 acc=0.9958 lr=9.21e-05 lambda=0.000 grl_lambda=0.000 v18_lambda=0.000 gpu=3.0/15.8GB
[11:30:34] [train] ep=64 step=040/40 ce=0.3081 sc=0.8359 mi=0.0546 dn=0.0000 v13=0.0005 grl=0.0000 v15=0.0000 v15r=0.0000 v16=0.0000 v17=0.0000 v18=0.0000 acc=0.9969 lr=9.10e-05 lambda=0.000 grl_lambda=0.000 v18_lambda=0.000 gpu=3.0/15.8GB
[11:30:37] [ep_summary] ep=64/100 val_live=0.9506/0.9492 val_ema=0.9753/0.9754 test77_live=0.8633/0.8532 test77_diag_ema=0.8453/0.8409 v13=0.0005 grl=0.0000 v15=0.0000 v15r=0.0000 v16=0.0000 v17=0.0000 v18=0.0000 das=stage3[12,95] p=1.00 ep_time=10.3s
[11:30:37] [train] epoch 65/100 steps=40 use_dann=0 das=stage3 f=[12.0,95.0] p=1.00 gpu=3.0/15.8GB
[11:30:37] [train] ep=65 step=001/40 ce=0.2600 sc=0.6146 mi=0.0538 dn=0.0000 v13=0.0004 grl=0.0000 v15=0.0000 v15r=0.0000 v16=0.0000 v17=0.0000 v18=0.0000 acc=1.0000 lr=9.09e-05 lambda=0.000 grl_lambda=0.000 v18_lambda=0.000 gpu=3.0/15.8GB
[11:30:38] [train] ep=65 step=010/40 ce=0.3732 sc=0.8474 mi=0.0527 dn=0.0000 v13=0.0005 grl=0.0000 v15=0.0000 v15r=0.0000 v16=0.0000 v17=0.0000 v18=0.0000 acc=0.9938 lr=8.99e-05 lambda=0.000 grl_lambda=0.000 v18_lambda=0.000 gpu=3.0/15.8GB
[11:30:40] [train] ep=65 step=020/40 ce=0.3159 sc=0.8139 mi=0.0550 dn=0.0000 v13=0.0005 grl=0.0000 v15=0.0000 v15r=0.0000 v16=0.0000 v17=0.0000 v18=0.0000 acc=0.9969 lr=8.88e-05 lambda=0.000 grl_lambda=0.000 v18_lambda=0.000 gpu=3.0/15.8GB
[11:30:42] [train] ep=65 step=030/40 ce=0.3154 sc=0.8179 mi=0.0556 dn=0.0000 v13=0.0005 grl=0.0000 v15=0.0000 v15r=0.0000 v16=0.0000 v17=0.0000 v18=0.0000 acc=0.9979 lr=8.77e-05 lambda=0.000 grl_lambda=0.000 v18_lambda=0.000 gpu=3.0/15.8GB
[11:30:44] [train] ep=65 step=040/40 ce=0.3018 sc=0.8144 mi=0.0553 dn=0.0000 v13=0.0005 grl=0.0000 v15=0.0000 v15r=0.0000 v16=0.0000 v17=0.0000 v18=0.0000 acc=0.9984 lr=8.66e-05 lambda=0.000 grl_lambda=0.000 v18_lambda=0.000 gpu=3.0/15.8GB
[11:30:47] [ep_summary] ep=65/100 val_live=0.9753/0.9753 val_ema=0.9753/0.9754 test77_live=0.8813/0.8756 test77_diag_ema=0.8489/0.8440 v13=0.0005 grl=0.0000 v15=0.0000 v15r=0.0000 v16=0.0000 v17=0.0000 v18=0.0000 das=stage3[12,95] p=1.00 ep_time=10.3s
[11:30:47] [save] best_sourcequalified77_ema ep=65 source_val_live=0.9753/0.9753 source_val_ema=0.9753/0.9754 test77_ema=0.8489/0.8440
[11:30:47] [train] epoch 66/100 steps=40 use_dann=0 das=stage3 f=[12.0,95.0] p=1.00 gpu=3.0/15.8GB
[11:30:47] [train] ep=66 step=001/40 ce=0.2618 sc=0.6473 mi=0.0512 dn=0.0000 v13=0.0005 grl=0.0000 v15=0.0000 v15r=0.0000 v16=0.0000 v17=0.0000 v18=0.0000 acc=1.0000 lr=8.65e-05 lambda=0.000 grl_lambda=0.000 v18_lambda=0.000 gpu=3.0/15.8GB
[11:30:49] [train] ep=66 step=010/40 ce=0.2630 sc=0.7501 mi=0.0545 dn=0.0000 v13=0.0005 grl=0.0000 v15=0.0000 v15r=0.0000 v16=0.0000 v17=0.0000 v18=0.0000 acc=1.0000 lr=8.55e-05 lambda=0.000 grl_lambda=0.000 v18_lambda=0.000 gpu=3.0/15.8GB
[11:30:51] [train] ep=66 step=020/40 ce=0.2613 sc=0.7081 mi=0.0545 dn=0.0000 v13=0.0005 grl=0.0000 v15=0.0000 v15r=0.0000 v16=0.0000 v17=0.0000 v18=0.0000 acc=1.0000 lr=8.44e-05 lambda=0.000 grl_lambda=0.000 v18_lambda=0.000 gpu=3.0/15.8GB
[11:30:53] [train] ep=66 step=030/40 ce=0.2609 sc=0.7256 mi=0.0539 dn=0.0000 v13=0.0005 grl=0.0000 v15=0.0000 v15r=0.0000 v16=0.0000 v17=0.0000 v18=0.0000 acc=1.0000 lr=8.33e-05 lambda=0.000 grl_lambda=0.000 v18_lambda=0.000 gpu=3.0/15.8GB
[11:30:54] [train] ep=66 step=040/40 ce=0.2605 sc=0.7285 mi=0.0540 dn=0.0000 v13=0.0005 grl=0.0000 v15=0.0000 v15r=0.0000 v16=0.0000 v17=0.0000 v18=0.0000 acc=1.0000 lr=8.22e-05 lambda=0.000 grl_lambda=0.000 v18_lambda=0.000 gpu=3.0/15.8GB
[11:30:57] [ep_summary] ep=66/100 val_live=0.9753/0.9753 val_ema=0.9753/0.9754 test77_live=0.8921/0.8882 test77_diag_ema=0.8489/0.8440 v13=0.0005 grl=0.0000 v15=0.0000 v15r=0.0000 v16=0.0000 v17=0.0000 v18=0.0000 das=stage3[12,95] p=1.00 ep_time=10.3s
[11:30:57] [train] epoch 67/100 steps=40 use_dann=0 das=stage3 f=[12.0,95.0] p=1.00 gpu=3.0/15.8GB
[11:30:58] [train] ep=67 step=001/40 ce=0.2582 sc=0.7296 mi=0.0497 dn=0.0000 v13=0.0003 grl=0.0000 v15=0.0000 v15r=0.0000 v16=0.0000 v17=0.0000 v18=0.0000 acc=1.0000 lr=8.21e-05 lambda=0.000 grl_lambda=0.000 v18_lambda=0.000 gpu=3.0/15.8GB
[11:30:59] [train] ep=67 step=010/40 ce=0.2594 sc=0.7083 mi=0.0567 dn=0.0000 v13=0.0005 grl=0.0000 v15=0.0000 v15r=0.0000 v16=0.0000 v17=0.0000 v18=0.0000 acc=1.0000 lr=8.11e-05 lambda=0.000 grl_lambda=0.000 v18_lambda=0.000 gpu=3.0/15.8GB
[11:31:01] [train] ep=67 step=020/40 ce=0.2999 sc=0.7399 mi=0.0560 dn=0.0000 v13=0.0006 grl=0.0000 v15=0.0000 v15r=0.0000 v16=0.0000 v17=0.0000 v18=0.0000 acc=0.9969 lr=8.01e-05 lambda=0.000 grl_lambda=0.000 v18_lambda=0.000 gpu=3.0/15.8GB
[11:31:03] [train] ep=67 step=030/40 ce=0.2930 sc=0.7481 mi=0.0564 dn=0.0000 v13=0.0005 grl=0.0000 v15=0.0000 v15r=0.0000 v16=0.0000 v17=0.0000 v18=0.0000 acc=0.9979 lr=7.90e-05 lambda=0.000 grl_lambda=0.000 v18_lambda=0.000 gpu=3.0/15.8GB
[11:31:05] [train] ep=67 step=040/40 ce=0.2841 sc=0.7684 mi=0.0563 dn=0.0000 v13=0.0005 grl=0.0000 v15=0.0000 v15r=0.0000 v16=0.0000 v17=0.0000 v18=0.0000 acc=0.9984 lr=7.79e-05 lambda=0.000 grl_lambda=0.000 v18_lambda=0.000 gpu=3.0/15.8GB
[11:31:08] [ep_summary] ep=67/100 val_live=0.9630/0.9624 val_ema=0.9753/0.9754 test77_live=0.8669/0.8592 test77_diag_ema=0.8489/0.8424 v13=0.0005 grl=0.0000 v15=0.0000 v15r=0.0000 v16=0.0000 v17=0.0000 v18=0.0000 das=stage3[12,95] p=1.00 ep_time=10.4s
[11:31:08] [train] epoch 68/100 steps=40 use_dann=0 das=stage3 f=[12.0,95.0] p=1.00 gpu=3.0/15.8GB
[11:31:08] [train] ep=68 step=001/40 ce=0.2592 sc=0.4195 mi=0.0593 dn=0.0000 v13=0.0006 grl=0.0000 v15=0.0000 v15r=0.0000 v16=0.0000 v17=0.0000 v18=0.0000 acc=1.0000 lr=7.78e-05 lambda=0.000 grl_lambda=0.000 v18_lambda=0.000 gpu=3.0/15.8GB
[11:31:10] [train] ep=68 step=010/40 ce=0.2606 sc=0.7060 mi=0.0552 dn=0.0000 v13=0.0006 grl=0.0000 v15=0.0000 v15r=0.0000 v16=0.0000 v17=0.0000 v18=0.0000 acc=1.0000 lr=7.69e-05 lambda=0.000 grl_lambda=0.000 v18_lambda=0.000 gpu=3.0/15.8GB
[11:31:11] [train] ep=68 step=020/40 ce=0.2688 sc=0.6950 mi=0.0533 dn=0.0000 v13=0.0006 grl=0.0000 v15=0.0000 v15r=0.0000 v16=0.0000 v17=0.0000 v18=0.0000 acc=1.0000 lr=7.58e-05 lambda=0.000 grl_lambda=0.000 v18_lambda=0.000 gpu=3.0/15.8GB
[11:31:13] [train] ep=68 step=030/40 ce=0.2784 sc=0.6890 mi=0.0540 dn=0.0000 v13=0.0006 grl=0.0000 v15=0.0000 v15r=0.0000 v16=0.0000 v17=0.0000 v18=0.0000 acc=0.9979 lr=7.48e-05 lambda=0.000 grl_lambda=0.000 v18_lambda=0.000 gpu=3.0/15.8GB
[11:31:15] [train] ep=68 step=040/40 ce=0.2851 sc=0.7208 mi=0.0547 dn=0.0000 v13=0.0005 grl=0.0000 v15=0.0000 v15r=0.0000 v16=0.0000 v17=0.0000 v18=0.0000 acc=0.9969 lr=7.37e-05 lambda=0.000 grl_lambda=0.000 v18_lambda=0.000 gpu=3.0/15.8GB
[11:31:18] [ep_summary] ep=68/100 val_live=0.9691/0.9689 val_ema=0.9753/0.9754 test77_live=0.8885/0.8818 test77_diag_ema=0.8489/0.8424 v13=0.0005 grl=0.0000 v15=0.0000 v15r=0.0000 v16=0.0000 v17=0.0000 v18=0.0000 das=stage3[12,95] p=1.00 ep_time=10.4s
[11:31:18] [train] epoch 69/100 steps=40 use_dann=0 das=stage3 f=[12.0,95.0] p=1.00 gpu=3.0/15.8GB
[11:31:18] [train] ep=69 step=001/40 ce=0.2695 sc=0.6484 mi=0.0527 dn=0.0000 v13=0.0003 grl=0.0000 v15=0.0000 v15r=0.0000 v16=0.0000 v17=0.0000 v18=0.0000 acc=1.0000 lr=7.36e-05 lambda=0.000 grl_lambda=0.000 v18_lambda=0.000 gpu=3.0/15.8GB
[11:31:20] [train] ep=69 step=010/40 ce=0.2596 sc=0.6643 mi=0.0551 dn=0.0000 v13=0.0004 grl=0.0000 v15=0.0000 v15r=0.0000 v16=0.0000 v17=0.0000 v18=0.0000 acc=1.0000 lr=7.27e-05 lambda=0.000 grl_lambda=0.000 v18_lambda=0.000 gpu=3.0/15.8GB
[11:31:22] [train] ep=69 step=020/40 ce=0.2826 sc=0.7133 mi=0.0552 dn=0.0000 v13=0.0005 grl=0.0000 v15=0.0000 v15r=0.0000 v16=0.0000 v17=0.0000 v18=0.0000 acc=1.0000 lr=7.16e-05 lambda=0.000 grl_lambda=0.000 v18_lambda=0.000 gpu=3.0/15.8GB
[11:31:24] [train] ep=69 step=030/40 ce=0.2752 sc=0.7172 mi=0.0554 dn=0.0000 v13=0.0005 grl=0.0000 v15=0.0000 v15r=0.0000 v16=0.0000 v17=0.0000 v18=0.0000 acc=1.0000 lr=7.06e-05 lambda=0.000 grl_lambda=0.000 v18_lambda=0.000 gpu=3.0/15.8GB
[11:31:26] [train] ep=69 step=040/40 ce=0.2783 sc=0.7249 mi=0.0560 dn=0.0000 v13=0.0005 grl=0.0000 v15=0.0000 v15r=0.0000 v16=0.0000 v17=0.0000 v18=0.0000 acc=1.0000 lr=6.96e-05 lambda=0.000 grl_lambda=0.000 v18_lambda=0.000 gpu=3.0/15.8GB
[11:31:29] [ep_summary] ep=69/100 val_live=0.9630/0.9627 val_ema=0.9753/0.9754 test77_live=0.8741/0.8685 test77_diag_ema=0.8489/0.8424 v13=0.0005 grl=0.0000 v15=0.0000 v15r=0.0000 v16=0.0000 v17=0.0000 v18=0.0000 das=stage3[12,95] p=1.00 ep_time=10.6s
[11:31:29] [train] epoch 70/100 steps=40 use_dann=0 das=stage3 f=[12.0,95.0] p=1.00 gpu=3.0/15.8GB
[11:31:29] [train] ep=70 step=001/40 ce=0.7154 sc=0.8641 mi=0.0510 dn=0.0000 v13=0.0004 grl=0.0000 v15=0.0000 v15r=0.0000 v16=0.0000 v17=0.0000 v18=0.0000 acc=0.9375 lr=6.95e-05 lambda=0.000 grl_lambda=0.000 v18_lambda=0.000 gpu=3.0/15.8GB
[11:31:31] [train] ep=70 step=010/40 ce=0.3473 sc=0.8175 mi=0.0577 dn=0.0000 v13=0.0005 grl=0.0000 v15=0.0000 v15r=0.0000 v16=0.0000 v17=0.0000 v18=0.0000 acc=0.9875 lr=6.85e-05 lambda=0.000 grl_lambda=0.000 v18_lambda=0.000 gpu=3.0/15.8GB
[11:31:32] [train] ep=70 step=020/40 ce=0.3048 sc=0.7715 mi=0.0565 dn=0.0000 v13=0.0005 grl=0.0000 v15=0.0000 v15r=0.0000 v16=0.0000 v17=0.0000 v18=0.0000 acc=0.9938 lr=6.75e-05 lambda=0.000 grl_lambda=0.000 v18_lambda=0.000 gpu=3.0/15.8GB
[11:31:34] [train] ep=70 step=030/40 ce=0.3023 sc=0.8005 mi=0.0563 dn=0.0000 v13=0.0005 grl=0.0000 v15=0.0000 v15r=0.0000 v16=0.0000 v17=0.0000 v18=0.0000 acc=0.9938 lr=6.65e-05 lambda=0.000 grl_lambda=0.000 v18_lambda=0.000 gpu=3.0/15.8GB
[11:31:36] [train] ep=70 step=040/40 ce=0.3160 sc=0.8363 mi=0.0557 dn=0.0000 v13=0.0005 grl=0.0000 v15=0.0000 v15r=0.0000 v16=0.0000 v17=0.0000 v18=0.0000 acc=0.9938 lr=6.55e-05 lambda=0.000 grl_lambda=0.000 v18_lambda=0.000 gpu=3.0/15.8GB
[11:31:39] [pool] check ep=070/100 source_val_acc_ema=0.9753 threshold=0.90
[11:31:40] [pool] ep=070 ADDED src_val=0.9753/0.9754 dev77=0.7643/0.7552 final77=0.8489/0.8424
[11:31:40] [pool] running best ep=060 dev77_f1=0.7593 final77_f1=0.8325 (pool_size=4)
[11:31:40] [ep_summary] ep=70/100 val_live=0.9691/0.9694 val_ema=0.9753/0.9754 test77_live=0.8669/0.8597 test77_diag_ema=0.8489/0.8424 v13=0.0005 grl=0.0000 v15=0.0000 v15r=0.0000 v16=0.0000 v17=0.0000 v18=0.0000 das=stage3[12,95] p=1.00 ep_time=11.8s
[11:31:40] [strict77_monitor] ep=70 best_source_epoch=58 source_val_ema=0.9753/0.9756 test77_ema_diag=0.8309/0.8255 sourcequalified_count=70 best_sourcequalified77_epoch=65 source_val_ema=0.9753/0.9754 test77_ema=0.8489/0.8440
[11:31:40] [train] epoch 71/100 steps=40 use_dann=0 das=stage3 f=[12.0,95.0] p=1.00 gpu=3.0/15.8GB
[11:31:41] [train] ep=71 step=001/40 ce=0.2602 sc=0.5396 mi=0.0514 dn=0.0000 v13=0.0003 grl=0.0000 v15=0.0000 v15r=0.0000 v16=0.0000 v17=0.0000 v18=0.0000 acc=1.0000 lr=6.54e-05 lambda=0.000 grl_lambda=0.000 v18_lambda=0.000 gpu=3.0/15.8GB
[11:31:43] [train] ep=71 step=010/40 ce=0.2590 sc=0.7215 mi=0.0540 dn=0.0000 v13=0.0005 grl=0.0000 v15=0.0000 v15r=0.0000 v16=0.0000 v17=0.0000 v18=0.0000 acc=1.0000 lr=6.45e-05 lambda=0.000 grl_lambda=0.000 v18_lambda=0.000 gpu=3.0/15.8GB
[11:31:45] [train] ep=71 step=020/40 ce=0.2758 sc=0.7160 mi=0.0536 dn=0.0000 v13=0.0005 grl=0.0000 v15=0.0000 v15r=0.0000 v16=0.0000 v17=0.0000 v18=0.0000 acc=1.0000 lr=6.35e-05 lambda=0.000 grl_lambda=0.000 v18_lambda=0.000 gpu=3.0/15.8GB
[11:31:47] [train] ep=71 step=030/40 ce=0.2935 sc=0.7879 mi=0.0534 dn=0.0000 v13=0.0005 grl=0.0000 v15=0.0000 v15r=0.0000 v16=0.0000 v17=0.0000 v18=0.0000 acc=0.9979 lr=6.25e-05 lambda=0.000 grl_lambda=0.000 v18_lambda=0.000 gpu=3.0/15.8GB
[11:31:48] [train] ep=71 step=040/40 ce=0.2884 sc=0.7895 mi=0.0536 dn=0.0000 v13=0.0005 grl=0.0000 v15=0.0000 v15r=0.0000 v16=0.0000 v17=0.0000 v18=0.0000 acc=0.9984 lr=6.15e-05 lambda=0.000 grl_lambda=0.000 v18_lambda=0.000 gpu=3.0/15.8GB
[11:31:51] [ep_summary] ep=71/100 val_live=0.9753/0.9754 val_ema=0.9753/0.9754 test77_live=0.8777/0.8701 test77_diag_ema=0.8453/0.8383 v13=0.0005 grl=0.0000 v15=0.0000 v15r=0.0000 v16=0.0000 v17=0.0000 v18=0.0000 das=stage3[12,95] p=1.00 ep_time=10.8s
[11:31:51] [train] epoch 72/100 steps=40 use_dann=0 das=stage3 f=[12.0,95.0] p=1.00 gpu=3.0/15.8GB
[11:31:52] [train] ep=72 step=001/40 ce=0.2573 sc=0.4184 mi=0.0539 dn=0.0000 v13=0.0006 grl=0.0000 v15=0.0000 v15r=0.0000 v16=0.0000 v17=0.0000 v18=0.0000 acc=1.0000 lr=6.14e-05 lambda=0.000 grl_lambda=0.000 v18_lambda=0.000 gpu=3.0/15.8GB
[11:31:53] [train] ep=72 step=010/40 ce=0.2691 sc=0.8736 mi=0.0560 dn=0.0000 v13=0.0005 grl=0.0000 v15=0.0000 v15r=0.0000 v16=0.0000 v17=0.0000 v18=0.0000 acc=1.0000 lr=6.06e-05 lambda=0.000 grl_lambda=0.000 v18_lambda=0.000 gpu=3.0/15.8GB
[11:31:55] [train] ep=72 step=020/40 ce=0.2636 sc=0.7799 mi=0.0562 dn=0.0000 v13=0.0005 grl=0.0000 v15=0.0000 v15r=0.0000 v16=0.0000 v17=0.0000 v18=0.0000 acc=1.0000 lr=5.96e-05 lambda=0.000 grl_lambda=0.000 v18_lambda=0.000 gpu=3.0/15.8GB
[11:31:57] [train] ep=72 step=030/40 ce=0.3034 sc=0.8191 mi=0.0553 dn=0.0000 v13=0.0005 grl=0.0000 v15=0.0000 v15r=0.0000 v16=0.0000 v17=0.0000 v18=0.0000 acc=0.9958 lr=5.86e-05 lambda=0.000 grl_lambda=0.000 v18_lambda=0.000 gpu=3.0/15.8GB
[11:31:59] [train] ep=72 step=040/40 ce=0.3242 sc=0.8632 mi=0.0554 dn=0.0000 v13=0.0005 grl=0.0000 v15=0.0000 v15r=0.0000 v16=0.0000 v17=0.0000 v18=0.0000 acc=0.9953 lr=5.77e-05 lambda=0.000 grl_lambda=0.000 v18_lambda=0.000 gpu=3.0/15.8GB
[11:32:02] [ep_summary] ep=72/100 val_live=0.9691/0.9689 val_ema=0.9753/0.9754 test77_live=0.8633/0.8535 test77_diag_ema=0.8489/0.8424 v13=0.0005 grl=0.0000 v15=0.0000 v15r=0.0000 v16=0.0000 v17=0.0000 v18=0.0000 das=stage3[12,95] p=1.00 ep_time=10.7s
[11:32:02] [train] epoch 73/100 steps=40 use_dann=0 das=stage3 f=[12.0,95.0] p=1.00 gpu=3.0/15.8GB
[11:32:02] [train] ep=73 step=001/40 ce=0.2595 sc=0.6170 mi=0.0589 dn=0.0000 v13=0.0004 grl=0.0000 v15=0.0000 v15r=0.0000 v16=0.0000 v17=0.0000 v18=0.0000 acc=1.0000 lr=5.76e-05 lambda=0.000 grl_lambda=0.000 v18_lambda=0.000 gpu=3.0/15.8GB
[11:32:04] [train] ep=73 step=010/40 ce=0.3794 sc=0.7349 mi=0.0554 dn=0.0000 v13=0.0006 grl=0.0000 v15=0.0000 v15r=0.0000 v16=0.0000 v17=0.0000 v18=0.0000 acc=0.9875 lr=5.67e-05 lambda=0.000 grl_lambda=0.000 v18_lambda=0.000 gpu=3.0/15.8GB
[11:32:06] [train] ep=73 step=020/40 ce=0.3331 sc=0.6946 mi=0.0563 dn=0.0000 v13=0.0005 grl=0.0000 v15=0.0000 v15r=0.0000 v16=0.0000 v17=0.0000 v18=0.0000 acc=0.9938 lr=5.58e-05 lambda=0.000 grl_lambda=0.000 v18_lambda=0.000 gpu=3.0/15.8GB
[11:32:08] [train] ep=73 step=030/40 ce=0.3444 sc=0.7017 mi=0.0559 dn=0.0000 v13=0.0005 grl=0.0000 v15=0.0000 v15r=0.0000 v16=0.0000 v17=0.0000 v18=0.0000 acc=0.9938 lr=5.48e-05 lambda=0.000 grl_lambda=0.000 v18_lambda=0.000 gpu=3.0/15.8GB
[11:32:10] [train] ep=73 step=040/40 ce=0.3234 sc=0.7131 mi=0.0561 dn=0.0000 v13=0.0005 grl=0.0000 v15=0.0000 v15r=0.0000 v16=0.0000 v17=0.0000 v18=0.0000 acc=0.9953 lr=5.39e-05 lambda=0.000 grl_lambda=0.000 v18_lambda=0.000 gpu=3.0/15.8GB
[11:32:13] [ep_summary] ep=73/100 val_live=0.9753/0.9754 val_ema=0.9753/0.9754 test77_live=0.8849/0.8812 test77_diag_ema=0.8489/0.8424 v13=0.0005 grl=0.0000 v15=0.0000 v15r=0.0000 v16=0.0000 v17=0.0000 v18=0.0000 das=stage3[12,95] p=1.00 ep_time=10.8s
[11:32:13] [train] epoch 74/100 steps=40 use_dann=0 das=stage3 f=[12.0,95.0] p=1.00 gpu=3.0/15.8GB
[11:32:13] [train] ep=74 step=001/40 ce=0.2614 sc=0.8673 mi=0.0526 dn=0.0000 v13=0.0002 grl=0.0000 v15=0.0000 v15r=0.0000 v16=0.0000 v17=0.0000 v18=0.0000 acc=1.0000 lr=5.38e-05 lambda=0.000 grl_lambda=0.000 v18_lambda=0.000 gpu=3.0/15.8GB
[11:32:15] [train] ep=74 step=010/40 ce=0.2722 sc=0.7573 mi=0.0534 dn=0.0000 v13=0.0005 grl=0.0000 v15=0.0000 v15r=0.0000 v16=0.0000 v17=0.0000 v18=0.0000 acc=1.0000 lr=5.30e-05 lambda=0.000 grl_lambda=0.000 v18_lambda=0.000 gpu=3.0/15.8GB
[11:32:17] [train] ep=74 step=020/40 ce=0.2998 sc=0.7631 mi=0.0554 dn=0.0000 v13=0.0005 grl=0.0000 v15=0.0000 v15r=0.0000 v16=0.0000 v17=0.0000 v18=0.0000 acc=0.9969 lr=5.20e-05 lambda=0.000 grl_lambda=0.000 v18_lambda=0.000 gpu=3.0/15.8GB
[11:32:19] [train] ep=74 step=030/40 ce=0.2859 sc=0.7620 mi=0.0544 dn=0.0000 v13=0.0005 grl=0.0000 v15=0.0000 v15r=0.0000 v16=0.0000 v17=0.0000 v18=0.0000 acc=0.9979 lr=5.11e-05 lambda=0.000 grl_lambda=0.000 v18_lambda=0.000 gpu=3.0/15.8GB
[11:32:21] [train] ep=74 step=040/40 ce=0.2832 sc=0.7561 mi=0.0544 dn=0.0000 v13=0.0005 grl=0.0000 v15=0.0000 v15r=0.0000 v16=0.0000 v17=0.0000 v18=0.0000 acc=0.9984 lr=5.02e-05 lambda=0.000 grl_lambda=0.000 v18_lambda=0.000 gpu=3.0/15.8GB
[11:32:24] [ep_summary] ep=74/100 val_live=0.9753/0.9754 val_ema=0.9753/0.9754 test77_live=0.8705/0.8662 test77_diag_ema=0.8489/0.8418 v13=0.0005 grl=0.0000 v15=0.0000 v15r=0.0000 v16=0.0000 v17=0.0000 v18=0.0000 das=stage3[12,95] p=1.00 ep_time=10.9s
[11:32:24] [train] epoch 75/100 steps=40 use_dann=0 das=stage3 f=[12.0,95.0] p=1.00 gpu=3.0/15.8GB
[11:32:24] [train] ep=75 step=001/40 ce=0.2562 sc=0.7433 mi=0.0517 dn=0.0000 v13=0.0006 grl=0.0000 v15=0.0000 v15r=0.0000 v16=0.0000 v17=0.0000 v18=0.0000 acc=1.0000 lr=5.01e-05 lambda=0.000 grl_lambda=0.000 v18_lambda=0.000 gpu=3.0/15.8GB
[11:32:26] [train] ep=75 step=010/40 ce=0.2796 sc=0.7421 mi=0.0516 dn=0.0000 v13=0.0005 grl=0.0000 v15=0.0000 v15r=0.0000 v16=0.0000 v17=0.0000 v18=0.0000 acc=1.0000 lr=4.93e-05 lambda=0.000 grl_lambda=0.000 v18_lambda=0.000 gpu=3.0/15.8GB
[11:32:28] [train] ep=75 step=020/40 ce=0.2703 sc=0.7542 mi=0.0530 dn=0.0000 v13=0.0005 grl=0.0000 v15=0.0000 v15r=0.0000 v16=0.0000 v17=0.0000 v18=0.0000 acc=1.0000 lr=4.84e-05 lambda=0.000 grl_lambda=0.000 v18_lambda=0.000 gpu=3.0/15.8GB
[11:32:30] [train] ep=75 step=030/40 ce=0.2661 sc=0.7501 mi=0.0539 dn=0.0000 v13=0.0005 grl=0.0000 v15=0.0000 v15r=0.0000 v16=0.0000 v17=0.0000 v18=0.0000 acc=1.0000 lr=4.75e-05 lambda=0.000 grl_lambda=0.000 v18_lambda=0.000 gpu=3.0/15.8GB
[11:32:32] [train] ep=75 step=040/40 ce=0.2640 sc=0.7319 mi=0.0545 dn=0.0000 v13=0.0005 grl=0.0000 v15=0.0000 v15r=0.0000 v16=0.0000 v17=0.0000 v18=0.0000 acc=1.0000 lr=4.66e-05 lambda=0.000 grl_lambda=0.000 v18_lambda=0.000 gpu=3.0/15.8GB
[11:32:35] [ep_summary] ep=75/100 val_live=0.9753/0.9756 val_ema=0.9753/0.9754 test77_live=0.8777/0.8735 test77_diag_ema=0.8525/0.8460 v13=0.0005 grl=0.0000 v15=0.0000 v15r=0.0000 v16=0.0000 v17=0.0000 v18=0.0000 das=stage3[12,95] p=1.00 ep_time=10.8s
[11:32:35] [save] best_sourcequalified77_ema ep=75 source_val_live=0.9753/0.9756 source_val_ema=0.9753/0.9754 test77_ema=0.8525/0.8460
[11:32:35] [train] epoch 76/100 steps=40 use_dann=0 das=stage3 f=[12.0,95.0] p=1.00 gpu=3.0/15.8GB
[11:32:35] [train] ep=76 step=001/40 ce=0.2590 sc=0.7436 mi=0.0475 dn=0.0000 v13=0.0003 grl=0.0000 v15=0.0000 v15r=0.0000 v16=0.0000 v17=0.0000 v18=0.0000 acc=1.0000 lr=4.65e-05 lambda=0.000 grl_lambda=0.000 v18_lambda=0.000 gpu=3.0/15.8GB
[11:32:37] [train] ep=76 step=010/40 ce=0.2858 sc=0.7868 mi=0.0504 dn=0.0000 v13=0.0004 grl=0.0000 v15=0.0000 v15r=0.0000 v16=0.0000 v17=0.0000 v18=0.0000 acc=1.0000 lr=4.58e-05 lambda=0.000 grl_lambda=0.000 v18_lambda=0.000 gpu=3.0/15.8GB
[11:32:39] [train] ep=76 step=020/40 ce=0.2718 sc=0.7791 mi=0.0524 dn=0.0000 v13=0.0004 grl=0.0000 v15=0.0000 v15r=0.0000 v16=0.0000 v17=0.0000 v18=0.0000 acc=1.0000 lr=4.49e-05 lambda=0.000 grl_lambda=0.000 v18_lambda=0.000 gpu=3.0/15.8GB
[11:32:41] [train] ep=76 step=030/40 ce=0.2975 sc=0.7982 mi=0.0526 dn=0.0000 v13=0.0004 grl=0.0000 v15=0.0000 v15r=0.0000 v16=0.0000 v17=0.0000 v18=0.0000 acc=0.9979 lr=4.40e-05 lambda=0.000 grl_lambda=0.000 v18_lambda=0.000 gpu=3.0/15.8GB
[11:32:43] [train] ep=76 step=040/40 ce=0.2894 sc=0.7488 mi=0.0525 dn=0.0000 v13=0.0004 grl=0.0000 v15=0.0000 v15r=0.0000 v16=0.0000 v17=0.0000 v18=0.0000 acc=0.9984 lr=4.32e-05 lambda=0.000 grl_lambda=0.000 v18_lambda=0.000 gpu=3.0/15.8GB
[11:32:45] [ep_summary] ep=76/100 val_live=0.9753/0.9754 val_ema=0.9753/0.9754 test77_live=0.8777/0.8694 test77_diag_ema=0.8489/0.8418 v13=0.0004 grl=0.0000 v15=0.0000 v15r=0.0000 v16=0.0000 v17=0.0000 v18=0.0000 das=stage3[12,95] p=1.00 ep_time=10.8s
[11:32:45] [train] epoch 77/100 steps=40 use_dann=0 das=stage3 f=[12.0,95.0] p=1.00 gpu=3.0/15.8GB
[11:32:46] [train] ep=77 step=001/40 ce=0.2588 sc=0.5384 mi=0.0501 dn=0.0000 v13=0.0002 grl=0.0000 v15=0.0000 v15r=0.0000 v16=0.0000 v17=0.0000 v18=0.0000 acc=1.0000 lr=4.31e-05 lambda=0.000 grl_lambda=0.000 v18_lambda=0.000 gpu=3.0/15.8GB
[11:32:47] [train] ep=77 step=010/40 ce=0.2576 sc=0.6573 mi=0.0529 dn=0.0000 v13=0.0005 grl=0.0000 v15=0.0000 v15r=0.0000 v16=0.0000 v17=0.0000 v18=0.0000 acc=1.0000 lr=4.23e-05 lambda=0.000 grl_lambda=0.000 v18_lambda=0.000 gpu=3.0/15.8GB
[11:32:49] [train] ep=77 step=020/40 ce=0.2575 sc=0.7473 mi=0.0536 dn=0.0000 v13=0.0004 grl=0.0000 v15=0.0000 v15r=0.0000 v16=0.0000 v17=0.0000 v18=0.0000 acc=1.0000 lr=4.15e-05 lambda=0.000 grl_lambda=0.000 v18_lambda=0.000 gpu=3.0/15.8GB
[11:32:51] [train] ep=77 step=030/40 ce=0.2847 sc=0.8079 mi=0.0551 dn=0.0000 v13=0.0004 grl=0.0000 v15=0.0000 v15r=0.0000 v16=0.0000 v17=0.0000 v18=0.0000 acc=0.9979 lr=4.06e-05 lambda=0.000 grl_lambda=0.000 v18_lambda=0.000 gpu=3.0/15.8GB
[11:32:53] [train] ep=77 step=040/40 ce=0.2836 sc=0.8187 mi=0.0548 dn=0.0000 v13=0.0005 grl=0.0000 v15=0.0000 v15r=0.0000 v16=0.0000 v17=0.0000 v18=0.0000 acc=0.9984 lr=3.98e-05 lambda=0.000 grl_lambda=0.000 v18_lambda=0.000 gpu=3.0/15.8GB
[11:32:56] [ep_summary] ep=77/100 val_live=0.9753/0.9754 val_ema=0.9753/0.9754 test77_live=0.8741/0.8652 test77_diag_ema=0.8489/0.8418 v13=0.0005 grl=0.0000 v15=0.0000 v15r=0.0000 v16=0.0000 v17=0.0000 v18=0.0000 das=stage3[12,95] p=1.00 ep_time=10.8s
[11:32:56] [train] epoch 78/100 steps=40 use_dann=0 das=stage3 f=[12.0,95.0] p=1.00 gpu=3.0/15.8GB
[11:32:56] [train] ep=78 step=001/40 ce=0.2590 sc=0.9601 mi=0.0576 dn=0.0000 v13=0.0005 grl=0.0000 v15=0.0000 v15r=0.0000 v16=0.0000 v17=0.0000 v18=0.0000 acc=1.0000 lr=3.97e-05 lambda=0.000 grl_lambda=0.000 v18_lambda=0.000 gpu=3.0/15.8GB
[11:32:58] [train] ep=78 step=010/40 ce=0.2593 sc=0.7675 mi=0.0557 dn=0.0000 v13=0.0004 grl=0.0000 v15=0.0000 v15r=0.0000 v16=0.0000 v17=0.0000 v18=0.0000 acc=1.0000 lr=3.90e-05 lambda=0.000 grl_lambda=0.000 v18_lambda=0.000 gpu=3.0/15.8GB
[11:33:00] [train] ep=78 step=020/40 ce=0.2585 sc=0.6798 mi=0.0545 dn=0.0000 v13=0.0004 grl=0.0000 v15=0.0000 v15r=0.0000 v16=0.0000 v17=0.0000 v18=0.0000 acc=1.0000 lr=3.82e-05 lambda=0.000 grl_lambda=0.000 v18_lambda=0.000 gpu=3.0/15.8GB
[11:33:02] [train] ep=78 step=030/40 ce=0.2733 sc=0.7049 mi=0.0554 dn=0.0000 v13=0.0004 grl=0.0000 v15=0.0000 v15r=0.0000 v16=0.0000 v17=0.0000 v18=0.0000 acc=0.9979 lr=3.74e-05 lambda=0.000 grl_lambda=0.000 v18_lambda=0.000 gpu=3.0/15.8GB
[11:33:04] [train] ep=78 step=040/40 ce=0.2693 sc=0.7187 mi=0.0559 dn=0.0000 v13=0.0004 grl=0.0000 v15=0.0000 v15r=0.0000 v16=0.0000 v17=0.0000 v18=0.0000 acc=0.9984 lr=3.66e-05 lambda=0.000 grl_lambda=0.000 v18_lambda=0.000 gpu=3.0/15.8GB
[11:33:07] [ep_summary] ep=78/100 val_live=0.9753/0.9754 val_ema=0.9753/0.9754 test77_live=0.8705/0.8609 test77_diag_ema=0.8489/0.8418 v13=0.0004 grl=0.0000 v15=0.0000 v15r=0.0000 v16=0.0000 v17=0.0000 v18=0.0000 das=stage3[12,95] p=1.00 ep_time=10.6s
[11:33:07] [train] epoch 79/100 steps=40 use_dann=0 das=stage3 f=[12.0,95.0] p=1.00 gpu=3.0/15.8GB
[11:33:07] [train] ep=79 step=001/40 ce=0.2587 sc=1.0105 mi=0.0527 dn=0.0000 v13=0.0005 grl=0.0000 v15=0.0000 v15r=0.0000 v16=0.0000 v17=0.0000 v18=0.0000 acc=1.0000 lr=3.65e-05 lambda=0.000 grl_lambda=0.000 v18_lambda=0.000 gpu=3.0/15.8GB
[11:33:09] [train] ep=79 step=010/40 ce=0.2570 sc=0.7963 mi=0.0517 dn=0.0000 v13=0.0004 grl=0.0000 v15=0.0000 v15r=0.0000 v16=0.0000 v17=0.0000 v18=0.0000 acc=1.0000 lr=3.58e-05 lambda=0.000 grl_lambda=0.000 v18_lambda=0.000 gpu=3.0/15.8GB
[11:33:11] [train] ep=79 step=020/40 ce=0.2573 sc=0.7681 mi=0.0530 dn=0.0000 v13=0.0005 grl=0.0000 v15=0.0000 v15r=0.0000 v16=0.0000 v17=0.0000 v18=0.0000 acc=1.0000 lr=3.50e-05 lambda=0.000 grl_lambda=0.000 v18_lambda=0.000 gpu=3.0/15.8GB
[11:33:13] [train] ep=79 step=030/40 ce=0.2799 sc=0.7829 mi=0.0521 dn=0.0000 v13=0.0005 grl=0.0000 v15=0.0000 v15r=0.0000 v16=0.0000 v17=0.0000 v18=0.0000 acc=0.9979 lr=3.42e-05 lambda=0.000 grl_lambda=0.000 v18_lambda=0.000 gpu=3.0/15.8GB
[11:33:15] [train] ep=79 step=040/40 ce=0.3055 sc=0.8049 mi=0.0524 dn=0.0000 v13=0.0005 grl=0.0000 v15=0.0000 v15r=0.0000 v16=0.0000 v17=0.0000 v18=0.0000 acc=0.9953 lr=3.35e-05 lambda=0.000 grl_lambda=0.000 v18_lambda=0.000 gpu=3.0/15.8GB
[11:33:18] [ep_summary] ep=79/100 val_live=0.9691/0.9690 val_ema=0.9753/0.9754 test77_live=0.8669/0.8564 test77_diag_ema=0.8489/0.8409 v13=0.0005 grl=0.0000 v15=0.0000 v15r=0.0000 v16=0.0000 v17=0.0000 v18=0.0000 das=stage3[12,95] p=1.00 ep_time=10.8s
[11:33:18] [train] epoch 80/100 steps=40 use_dann=0 das=stage3 f=[12.0,95.0] p=1.00 gpu=3.0/15.8GB
[11:33:18] [train] ep=80 step=001/40 ce=0.2568 sc=0.5988 mi=0.0604 dn=0.0000 v13=0.0005 grl=0.0000 v15=0.0000 v15r=0.0000 v16=0.0000 v17=0.0000 v18=0.0000 acc=1.0000 lr=3.34e-05 lambda=0.000 grl_lambda=0.000 v18_lambda=0.000 gpu=3.0/15.8GB
[11:33:20] [train] ep=80 step=010/40 ce=0.2673 sc=0.7539 mi=0.0530 dn=0.0000 v13=0.0004 grl=0.0000 v15=0.0000 v15r=0.0000 v16=0.0000 v17=0.0000 v18=0.0000 acc=1.0000 lr=3.27e-05 lambda=0.000 grl_lambda=0.000 v18_lambda=0.000 gpu=3.0/15.8GB
[11:33:22] [train] ep=80 step=020/40 ce=0.2624 sc=0.7933 mi=0.0530 dn=0.0000 v13=0.0005 grl=0.0000 v15=0.0000 v15r=0.0000 v16=0.0000 v17=0.0000 v18=0.0000 acc=1.0000 lr=3.19e-05 lambda=0.000 grl_lambda=0.000 v18_lambda=0.000 gpu=3.0/15.8GB
[11:33:24] [train] ep=80 step=030/40 ce=0.2722 sc=0.7946 mi=0.0526 dn=0.0000 v13=0.0005 grl=0.0000 v15=0.0000 v15r=0.0000 v16=0.0000 v17=0.0000 v18=0.0000 acc=1.0000 lr=3.12e-05 lambda=0.000 grl_lambda=0.000 v18_lambda=0.000 gpu=3.0/15.8GB
[11:33:26] [train] ep=80 step=040/40 ce=0.2699 sc=0.7839 mi=0.0528 dn=0.0000 v13=0.0005 grl=0.0000 v15=0.0000 v15r=0.0000 v16=0.0000 v17=0.0000 v18=0.0000 acc=1.0000 lr=3.05e-05 lambda=0.000 grl_lambda=0.000 v18_lambda=0.000 gpu=3.0/15.8GB
[11:33:29] [pool] check ep=080/100 source_val_acc_ema=0.9753 threshold=0.90
[11:33:30] [pool] ep=080 ADDED src_val=0.9753/0.9754 dev77=0.7786/0.7690 final77=0.8561/0.8493
[11:33:30] [pool] running best ep=080 dev77_f1=0.7690 final77_f1=0.8493 (pool_size=5)
[11:33:30] [ep_summary] ep=80/100 val_live=0.9691/0.9690 val_ema=0.9753/0.9754 test77_live=0.8597/0.8469 test77_diag_ema=0.8561/0.8493 v13=0.0005 grl=0.0000 v15=0.0000 v15r=0.0000 v16=0.0000 v17=0.0000 v18=0.0000 das=stage3[12,95] p=1.00 ep_time=12.4s
[11:33:30] [save] best_sourcequalified77_ema ep=80 source_val_live=0.9691/0.9690 source_val_ema=0.9753/0.9754 test77_ema=0.8561/0.8493
[11:33:30] [strict77_monitor] ep=80 best_source_epoch=58 source_val_ema=0.9753/0.9756 test77_ema_diag=0.8309/0.8255 sourcequalified_count=80 best_sourcequalified77_epoch=80 source_val_ema=0.9753/0.9754 test77_ema=0.8561/0.8493
[11:33:30] [train] epoch 81/100 steps=40 use_dann=0 das=stage3 f=[12.0,95.0] p=1.00 gpu=3.0/15.8GB
[11:33:30] [train] ep=81 step=001/40 ce=0.2571 sc=0.7324 mi=0.0433 dn=0.0000 v13=0.0002 grl=0.0000 v15=0.0000 v15r=0.0000 v16=0.0000 v17=0.0000 v18=0.0000 acc=1.0000 lr=3.04e-05 lambda=0.000 grl_lambda=0.000 v18_lambda=0.000 gpu=3.0/15.8GB
[11:33:32] [train] ep=81 step=010/40 ce=0.3308 sc=0.8723 mi=0.0527 dn=0.0000 v13=0.0005 grl=0.0000 v15=0.0000 v15r=0.0000 v16=0.0000 v17=0.0000 v18=0.0000 acc=0.9938 lr=2.97e-05 lambda=0.000 grl_lambda=0.000 v18_lambda=0.000 gpu=3.0/15.8GB
[11:33:34] [train] ep=81 step=020/40 ce=0.3004 sc=0.8435 mi=0.0529 dn=0.0000 v13=0.0005 grl=0.0000 v15=0.0000 v15r=0.0000 v16=0.0000 v17=0.0000 v18=0.0000 acc=0.9969 lr=2.90e-05 lambda=0.000 grl_lambda=0.000 v18_lambda=0.000 gpu=3.0/15.8GB
[11:33:36] [train] ep=81 step=030/40 ce=0.2861 sc=0.8152 mi=0.0537 dn=0.0000 v13=0.0005 grl=0.0000 v15=0.0000 v15r=0.0000 v16=0.0000 v17=0.0000 v18=0.0000 acc=0.9979 lr=2.83e-05 lambda=0.000 grl_lambda=0.000 v18_lambda=0.000 gpu=3.0/15.8GB
[11:33:38] [train] ep=81 step=040/40 ce=0.2795 sc=0.7695 mi=0.0532 dn=0.0000 v13=0.0005 grl=0.0000 v15=0.0000 v15r=0.0000 v16=0.0000 v17=0.0000 v18=0.0000 acc=0.9984 lr=2.76e-05 lambda=0.000 grl_lambda=0.000 v18_lambda=0.000 gpu=3.0/15.8GB
[11:33:41] [ep_summary] ep=81/100 val_live=0.9753/0.9754 val_ema=0.9753/0.9754 test77_live=0.8561/0.8437 test77_diag_ema=0.8633/0.8554 v13=0.0005 grl=0.0000 v15=0.0000 v15r=0.0000 v16=0.0000 v17=0.0000 v18=0.0000 das=stage3[12,95] p=1.00 ep_time=10.8s
[11:33:41] [save] best_sourcequalified77_ema ep=81 source_val_live=0.9753/0.9754 source_val_ema=0.9753/0.9754 test77_ema=0.8633/0.8554
[11:33:41] [train] epoch 82/100 steps=40 use_dann=0 das=stage3 f=[12.0,95.0] p=1.00 gpu=3.0/15.8GB
[11:33:41] [train] ep=82 step=001/40 ce=0.2567 sc=0.5666 mi=0.0452 dn=0.0000 v13=0.0002 grl=0.0000 v15=0.0000 v15r=0.0000 v16=0.0000 v17=0.0000 v18=0.0000 acc=1.0000 lr=2.75e-05 lambda=0.000 grl_lambda=0.000 v18_lambda=0.000 gpu=3.0/15.8GB
[11:33:43] [train] ep=82 step=010/40 ce=0.3430 sc=0.7749 mi=0.0526 dn=0.0000 v13=0.0004 grl=0.0000 v15=0.0000 v15r=0.0000 v16=0.0000 v17=0.0000 v18=0.0000 acc=0.9938 lr=2.69e-05 lambda=0.000 grl_lambda=0.000 v18_lambda=0.000 gpu=3.0/15.8GB
[11:33:45] [train] ep=82 step=020/40 ce=0.3081 sc=0.7759 mi=0.0531 dn=0.0000 v13=0.0004 grl=0.0000 v15=0.0000 v15r=0.0000 v16=0.0000 v17=0.0000 v18=0.0000 acc=0.9969 lr=2.62e-05 lambda=0.000 grl_lambda=0.000 v18_lambda=0.000 gpu=3.0/15.8GB
[11:33:47] [train] ep=82 step=030/40 ce=0.2936 sc=0.7914 mi=0.0531 dn=0.0000 v13=0.0004 grl=0.0000 v15=0.0000 v15r=0.0000 v16=0.0000 v17=0.0000 v18=0.0000 acc=0.9979 lr=2.55e-05 lambda=0.000 grl_lambda=0.000 v18_lambda=0.000 gpu=3.0/15.8GB
[11:33:49] [train] ep=82 step=040/40 ce=0.3104 sc=0.7995 mi=0.0531 dn=0.0000 v13=0.0004 grl=0.0000 v15=0.0000 v15r=0.0000 v16=0.0000 v17=0.0000 v18=0.0000 acc=0.9969 lr=2.48e-05 lambda=0.000 grl_lambda=0.000 v18_lambda=0.000 gpu=3.0/15.8GB
[11:33:52] [ep_summary] ep=82/100 val_live=0.9753/0.9754 val_ema=0.9753/0.9754 test77_live=0.8525/0.8423 test77_diag_ema=0.8633/0.8554 v13=0.0004 grl=0.0000 v15=0.0000 v15r=0.0000 v16=0.0000 v17=0.0000 v18=0.0000 das=stage3[12,95] p=1.00 ep_time=10.9s
[11:33:52] [train] epoch 83/100 steps=40 use_dann=0 das=stage3 f=[12.0,95.0] p=1.00 gpu=3.0/15.8GB
[11:33:52] [train] ep=83 step=001/40 ce=0.2584 sc=0.8243 mi=0.0499 dn=0.0000 v13=0.0002 grl=0.0000 v15=0.0000 v15r=0.0000 v16=0.0000 v17=0.0000 v18=0.0000 acc=1.0000 lr=2.48e-05 lambda=0.000 grl_lambda=0.000 v18_lambda=0.000 gpu=3.0/15.8GB
[11:33:54] [train] ep=83 step=010/40 ce=0.2646 sc=0.7438 mi=0.0551 dn=0.0000 v13=0.0005 grl=0.0000 v15=0.0000 v15r=0.0000 v16=0.0000 v17=0.0000 v18=0.0000 acc=1.0000 lr=2.42e-05 lambda=0.000 grl_lambda=0.000 v18_lambda=0.000 gpu=3.0/15.8GB
[11:33:56] [train] ep=83 step=020/40 ce=0.2648 sc=0.7231 mi=0.0536 dn=0.0000 v13=0.0004 grl=0.0000 v15=0.0000 v15r=0.0000 v16=0.0000 v17=0.0000 v18=0.0000 acc=1.0000 lr=2.35e-05 lambda=0.000 grl_lambda=0.000 v18_lambda=0.000 gpu=3.0/15.8GB
[11:33:58] [train] ep=83 step=030/40 ce=0.2835 sc=0.7500 mi=0.0537 dn=0.0000 v13=0.0004 grl=0.0000 v15=0.0000 v15r=0.0000 v16=0.0000 v17=0.0000 v18=0.0000 acc=0.9979 lr=2.29e-05 lambda=0.000 grl_lambda=0.000 v18_lambda=0.000 gpu=3.0/15.8GB
[11:34:00] [train] ep=83 step=040/40 ce=0.2768 sc=0.7785 mi=0.0534 dn=0.0000 v13=0.0004 grl=0.0000 v15=0.0000 v15r=0.0000 v16=0.0000 v17=0.0000 v18=0.0000 acc=0.9984 lr=2.22e-05 lambda=0.000 grl_lambda=0.000 v18_lambda=0.000 gpu=3.0/15.8GB
[11:34:03] [ep_summary] ep=83/100 val_live=0.9753/0.9754 val_ema=0.9753/0.9754 test77_live=0.8561/0.8465 test77_diag_ema=0.8633/0.8554 v13=0.0004 grl=0.0000 v15=0.0000 v15r=0.0000 v16=0.0000 v17=0.0000 v18=0.0000 das=stage3[12,95] p=1.00 ep_time=10.9s
[11:34:03] [train] epoch 84/100 steps=40 use_dann=0 das=stage3 f=[12.0,95.0] p=1.00 gpu=3.0/15.8GB
[11:34:03] [train] ep=84 step=001/40 ce=0.4220 sc=1.0360 mi=0.0565 dn=0.0000 v13=0.0004 grl=0.0000 v15=0.0000 v15r=0.0000 v16=0.0000 v17=0.0000 v18=0.0000 acc=1.0000 lr=2.22e-05 lambda=0.000 grl_lambda=0.000 v18_lambda=0.000 gpu=3.0/15.8GB
[11:34:05] [train] ep=84 step=010/40 ce=0.2815 sc=0.8095 mi=0.0539 dn=0.0000 v13=0.0004 grl=0.0000 v15=0.0000 v15r=0.0000 v16=0.0000 v17=0.0000 v18=0.0000 acc=1.0000 lr=2.16e-05 lambda=0.000 grl_lambda=0.000 v18_lambda=0.000 gpu=3.0/15.8GB
[11:34:07] [train] ep=84 step=020/40 ce=0.2724 sc=0.7629 mi=0.0540 dn=0.0000 v13=0.0005 grl=0.0000 v15=0.0000 v15r=0.0000 v16=0.0000 v17=0.0000 v18=0.0000 acc=1.0000 lr=2.10e-05 lambda=0.000 grl_lambda=0.000 v18_lambda=0.000 gpu=3.0/15.8GB
[11:34:08] [train] ep=84 step=030/40 ce=0.2811 sc=0.7703 mi=0.0544 dn=0.0000 v13=0.0004 grl=0.0000 v15=0.0000 v15r=0.0000 v16=0.0000 v17=0.0000 v18=0.0000 acc=0.9979 lr=2.04e-05 lambda=0.000 grl_lambda=0.000 v18_lambda=0.000 gpu=3.0/15.8GB
[11:34:10] [train] ep=84 step=040/40 ce=0.2818 sc=0.7366 mi=0.0548 dn=0.0000 v13=0.0004 grl=0.0000 v15=0.0000 v15r=0.0000 v16=0.0000 v17=0.0000 v18=0.0000 acc=0.9984 lr=1.98e-05 lambda=0.000 grl_lambda=0.000 v18_lambda=0.000 gpu=3.0/15.8GB
[11:34:13] [ep_summary] ep=84/100 val_live=0.9753/0.9754 val_ema=0.9753/0.9754 test77_live=0.8453/0.8366 test77_diag_ema=0.8633/0.8554 v13=0.0004 grl=0.0000 v15=0.0000 v15r=0.0000 v16=0.0000 v17=0.0000 v18=0.0000 das=stage3[12,95] p=1.00 ep_time=10.6s
[11:34:13] [train] epoch 85/100 steps=40 use_dann=0 das=stage3 f=[12.0,95.0] p=1.00 gpu=3.0/15.8GB
[11:34:14] [train] ep=85 step=001/40 ce=0.2558 sc=0.5513 mi=0.0503 dn=0.0000 v13=0.0005 grl=0.0000 v15=0.0000 v15r=0.0000 v16=0.0000 v17=0.0000 v18=0.0000 acc=1.0000 lr=1.97e-05 lambda=0.000 grl_lambda=0.000 v18_lambda=0.000 gpu=3.0/15.8GB
[11:34:15] [train] ep=85 step=010/40 ce=0.2570 sc=0.8931 mi=0.0519 dn=0.0000 v13=0.0004 grl=0.0000 v15=0.0000 v15r=0.0000 v16=0.0000 v17=0.0000 v18=0.0000 acc=1.0000 lr=1.92e-05 lambda=0.000 grl_lambda=0.000 v18_lambda=0.000 gpu=3.0/15.8GB
[11:34:17] [train] ep=85 step=020/40 ce=0.2576 sc=0.8050 mi=0.0535 dn=0.0000 v13=0.0004 grl=0.0000 v15=0.0000 v15r=0.0000 v16=0.0000 v17=0.0000 v18=0.0000 acc=1.0000 lr=1.86e-05 lambda=0.000 grl_lambda=0.000 v18_lambda=0.000 gpu=3.0/15.8GB
[11:34:19] [train] ep=85 step=030/40 ce=0.2668 sc=0.7704 mi=0.0529 dn=0.0000 v13=0.0004 grl=0.0000 v15=0.0000 v15r=0.0000 v16=0.0000 v17=0.0000 v18=0.0000 acc=1.0000 lr=1.80e-05 lambda=0.000 grl_lambda=0.000 v18_lambda=0.000 gpu=3.0/15.8GB
[11:34:21] [train] ep=85 step=040/40 ce=0.2663 sc=0.7722 mi=0.0528 dn=0.0000 v13=0.0004 grl=0.0000 v15=0.0000 v15r=0.0000 v16=0.0000 v17=0.0000 v18=0.0000 acc=1.0000 lr=1.74e-05 lambda=0.000 grl_lambda=0.000 v18_lambda=0.000 gpu=3.0/15.8GB
[11:34:24] [ep_summary] ep=85/100 val_live=0.9753/0.9754 val_ema=0.9753/0.9754 test77_live=0.8525/0.8432 test77_diag_ema=0.8633/0.8554 v13=0.0004 grl=0.0000 v15=0.0000 v15r=0.0000 v16=0.0000 v17=0.0000 v18=0.0000 das=stage3[12,95] p=1.00 ep_time=10.6s
[11:34:24] [train] epoch 86/100 steps=40 use_dann=0 das=stage3 f=[12.0,95.0] p=1.00 gpu=3.0/15.8GB
[11:34:24] [train] ep=86 step=001/40 ce=0.2567 sc=0.7261 mi=0.0574 dn=0.0000 v13=0.0007 grl=0.0000 v15=0.0000 v15r=0.0000 v16=0.0000 v17=0.0000 v18=0.0000 acc=1.0000 lr=1.74e-05 lambda=0.000 grl_lambda=0.000 v18_lambda=0.000 gpu=3.0/15.8GB
[11:34:26] [train] ep=86 step=010/40 ce=0.2644 sc=0.8854 mi=0.0536 dn=0.0000 v13=0.0004 grl=0.0000 v15=0.0000 v15r=0.0000 v16=0.0000 v17=0.0000 v18=0.0000 acc=1.0000 lr=1.68e-05 lambda=0.000 grl_lambda=0.000 v18_lambda=0.000 gpu=3.0/15.8GB
[11:34:28] [train] ep=86 step=020/40 ce=0.2607 sc=0.8243 mi=0.0531 dn=0.0000 v13=0.0004 grl=0.0000 v15=0.0000 v15r=0.0000 v16=0.0000 v17=0.0000 v18=0.0000 acc=1.0000 lr=1.63e-05 lambda=0.000 grl_lambda=0.000 v18_lambda=0.000 gpu=3.0/15.8GB
[11:34:30] [train] ep=86 step=030/40 ce=0.2663 sc=0.8080 mi=0.0534 dn=0.0000 v13=0.0004 grl=0.0000 v15=0.0000 v15r=0.0000 v16=0.0000 v17=0.0000 v18=0.0000 acc=1.0000 lr=1.57e-05 lambda=0.000 grl_lambda=0.000 v18_lambda=0.000 gpu=3.0/15.8GB
[11:34:32] [train] ep=86 step=040/40 ce=0.2644 sc=0.7848 mi=0.0536 dn=0.0000 v13=0.0004 grl=0.0000 v15=0.0000 v15r=0.0000 v16=0.0000 v17=0.0000 v18=0.0000 acc=1.0000 lr=1.52e-05 lambda=0.000 grl_lambda=0.000 v18_lambda=0.000 gpu=3.0/15.8GB
[11:34:35] [ep_summary] ep=86/100 val_live=0.9753/0.9754 val_ema=0.9753/0.9754 test77_live=0.8561/0.8476 test77_diag_ema=0.8597/0.8520 v13=0.0004 grl=0.0000 v15=0.0000 v15r=0.0000 v16=0.0000 v17=0.0000 v18=0.0000 das=stage3[12,95] p=1.00 ep_time=10.8s
[11:34:35] [train] epoch 87/100 steps=40 use_dann=0 das=stage3 f=[12.0,95.0] p=1.00 gpu=3.0/15.8GB
[11:34:35] [train] ep=87 step=001/40 ce=0.2559 sc=0.8753 mi=0.0556 dn=0.0000 v13=0.0003 grl=0.0000 v15=0.0000 v15r=0.0000 v16=0.0000 v17=0.0000 v18=0.0000 acc=1.0000 lr=1.52e-05 lambda=0.000 grl_lambda=0.000 v18_lambda=0.000 gpu=3.0/15.8GB
[11:34:37] [train] ep=87 step=010/40 ce=0.2570 sc=0.7926 mi=0.0514 dn=0.0000 v13=0.0004 grl=0.0000 v15=0.0000 v15r=0.0000 v16=0.0000 v17=0.0000 v18=0.0000 acc=1.0000 lr=1.47e-05 lambda=0.000 grl_lambda=0.000 v18_lambda=0.000 gpu=3.0/15.8GB
[11:34:39] [train] ep=87 step=020/40 ce=0.2892 sc=0.7512 mi=0.0512 dn=0.0000 v13=0.0004 grl=0.0000 v15=0.0000 v15r=0.0000 v16=0.0000 v17=0.0000 v18=0.0000 acc=0.9969 lr=1.42e-05 lambda=0.000 grl_lambda=0.000 v18_lambda=0.000 gpu=3.0/15.8GB
[11:34:41] [train] ep=87 step=030/40 ce=0.2871 sc=0.7669 mi=0.0519 dn=0.0000 v13=0.0004 grl=0.0000 v15=0.0000 v15r=0.0000 v16=0.0000 v17=0.0000 v18=0.0000 acc=0.9979 lr=1.37e-05 lambda=0.000 grl_lambda=0.000 v18_lambda=0.000 gpu=3.0/15.8GB
[11:34:43] [train] ep=87 step=040/40 ce=0.2872 sc=0.7349 mi=0.0521 dn=0.0000 v13=0.0004 grl=0.0000 v15=0.0000 v15r=0.0000 v16=0.0000 v17=0.0000 v18=0.0000 acc=0.9984 lr=1.31e-05 lambda=0.000 grl_lambda=0.000 v18_lambda=0.000 gpu=3.0/15.8GB
[11:34:46] [ep_summary] ep=87/100 val_live=0.9753/0.9754 val_ema=0.9753/0.9754 test77_live=0.8525/0.8444 test77_diag_ema=0.8597/0.8511 v13=0.0004 grl=0.0000 v15=0.0000 v15r=0.0000 v16=0.0000 v17=0.0000 v18=0.0000 das=stage3[12,95] p=1.00 ep_time=10.9s
[11:34:46] [train] epoch 88/100 steps=40 use_dann=0 das=stage3 f=[12.0,95.0] p=1.00 gpu=3.0/15.8GB
[11:34:46] [train] ep=88 step=001/40 ce=0.2565 sc=0.6479 mi=0.0516 dn=0.0000 v13=0.0006 grl=0.0000 v15=0.0000 v15r=0.0000 v16=0.0000 v17=0.0000 v18=0.0000 acc=1.0000 lr=1.31e-05 lambda=0.000 grl_lambda=0.000 v18_lambda=0.000 gpu=3.0/15.8GB
[11:34:48] [train] ep=88 step=010/40 ce=0.2654 sc=0.6651 mi=0.0506 dn=0.0000 v13=0.0004 grl=0.0000 v15=0.0000 v15r=0.0000 v16=0.0000 v17=0.0000 v18=0.0000 acc=1.0000 lr=1.27e-05 lambda=0.000 grl_lambda=0.000 v18_lambda=0.000 gpu=3.0/15.8GB
[11:34:50] [train] ep=88 step=020/40 ce=0.2672 sc=0.6907 mi=0.0500 dn=0.0000 v13=0.0004 grl=0.0000 v15=0.0000 v15r=0.0000 v16=0.0000 v17=0.0000 v18=0.0000 acc=1.0000 lr=1.22e-05 lambda=0.000 grl_lambda=0.000 v18_lambda=0.000 gpu=3.0/15.8GB
[11:34:52] [train] ep=88 step=030/40 ce=0.3035 sc=0.7668 mi=0.0514 dn=0.0000 v13=0.0004 grl=0.0000 v15=0.0000 v15r=0.0000 v16=0.0000 v17=0.0000 v18=0.0000 acc=0.9958 lr=1.17e-05 lambda=0.000 grl_lambda=0.000 v18_lambda=0.000 gpu=3.0/15.8GB
[11:34:54] [train] ep=88 step=040/40 ce=0.3241 sc=0.7459 mi=0.0518 dn=0.0000 v13=0.0004 grl=0.0000 v15=0.0000 v15r=0.0000 v16=0.0000 v17=0.0000 v18=0.0000 acc=0.9938 lr=1.12e-05 lambda=0.000 grl_lambda=0.000 v18_lambda=0.000 gpu=3.0/15.8GB
[11:34:57] [ep_summary] ep=88/100 val_live=0.9753/0.9754 val_ema=0.9753/0.9754 test77_live=0.8489/0.8396 test77_diag_ema=0.8561/0.8478 v13=0.0004 grl=0.0000 v15=0.0000 v15r=0.0000 v16=0.0000 v17=0.0000 v18=0.0000 das=stage3[12,95] p=1.00 ep_time=11.2s
[11:34:57] [train] epoch 89/100 steps=40 use_dann=0 das=stage3 f=[12.0,95.0] p=1.00 gpu=3.0/15.8GB
[11:34:57] [train] ep=89 step=001/40 ce=0.2576 sc=0.9509 mi=0.0491 dn=0.0000 v13=0.0009 grl=0.0000 v15=0.0000 v15r=0.0000 v16=0.0000 v17=0.0000 v18=0.0000 acc=1.0000 lr=1.12e-05 lambda=0.000 grl_lambda=0.000 v18_lambda=0.000 gpu=3.0/15.8GB
[11:34:59] [train] ep=89 step=010/40 ce=0.2597 sc=0.7271 mi=0.0521 dn=0.0000 v13=0.0005 grl=0.0000 v15=0.0000 v15r=0.0000 v16=0.0000 v17=0.0000 v18=0.0000 acc=1.0000 lr=1.08e-05 lambda=0.000 grl_lambda=0.000 v18_lambda=0.000 gpu=3.0/15.8GB
[11:35:01] [train] ep=89 step=020/40 ce=0.2585 sc=0.6952 mi=0.0524 dn=0.0000 v13=0.0005 grl=0.0000 v15=0.0000 v15r=0.0000 v16=0.0000 v17=0.0000 v18=0.0000 acc=1.0000 lr=1.03e-05 lambda=0.000 grl_lambda=0.000 v18_lambda=0.000 gpu=3.0/15.8GB
[11:35:03] [train] ep=89 step=030/40 ce=0.2581 sc=0.7207 mi=0.0535 dn=0.0000 v13=0.0005 grl=0.0000 v15=0.0000 v15r=0.0000 v16=0.0000 v17=0.0000 v18=0.0000 acc=1.0000 lr=9.89e-06 lambda=0.000 grl_lambda=0.000 v18_lambda=0.000 gpu=3.0/15.8GB
[11:35:05] [train] ep=89 step=040/40 ce=0.2766 sc=0.7655 mi=0.0530 dn=0.0000 v13=0.0004 grl=0.0000 v15=0.0000 v15r=0.0000 v16=0.0000 v17=0.0000 v18=0.0000 acc=0.9984 lr=9.46e-06 lambda=0.000 grl_lambda=0.000 v18_lambda=0.000 gpu=3.0/15.8GB
[11:35:08] [ep_summary] ep=89/100 val_live=0.9753/0.9754 val_ema=0.9753/0.9754 test77_live=0.8453/0.8362 test77_diag_ema=0.8561/0.8478 v13=0.0004 grl=0.0000 v15=0.0000 v15r=0.0000 v16=0.0000 v17=0.0000 v18=0.0000 das=stage3[12,95] p=1.00 ep_time=11.0s
[11:35:08] [train] epoch 90/100 steps=40 use_dann=0 das=stage3 f=[12.0,95.0] p=1.00 gpu=3.0/15.8GB
[11:35:08] [train] ep=90 step=001/40 ce=0.2571 sc=0.4182 mi=0.0544 dn=0.0000 v13=0.0002 grl=0.0000 v15=0.0000 v15r=0.0000 v16=0.0000 v17=0.0000 v18=0.0000 acc=1.0000 lr=9.42e-06 lambda=0.000 grl_lambda=0.000 v18_lambda=0.000 gpu=3.0/15.8GB
[11:35:10] [train] ep=90 step=010/40 ce=0.2762 sc=0.6605 mi=0.0533 dn=0.0000 v13=0.0004 grl=0.0000 v15=0.0000 v15r=0.0000 v16=0.0000 v17=0.0000 v18=0.0000 acc=1.0000 lr=9.04e-06 lambda=0.000 grl_lambda=0.000 v18_lambda=0.000 gpu=3.0/15.8GB
[11:35:12] [train] ep=90 step=020/40 ce=0.2896 sc=0.7095 mi=0.0522 dn=0.0000 v13=0.0004 grl=0.0000 v15=0.0000 v15r=0.0000 v16=0.0000 v17=0.0000 v18=0.0000 acc=0.9969 lr=8.63e-06 lambda=0.000 grl_lambda=0.000 v18_lambda=0.000 gpu=3.0/15.8GB
[11:35:14] [train] ep=90 step=030/40 ce=0.3070 sc=0.7348 mi=0.0522 dn=0.0000 v13=0.0004 grl=0.0000 v15=0.0000 v15r=0.0000 v16=0.0000 v17=0.0000 v18=0.0000 acc=0.9958 lr=8.23e-06 lambda=0.000 grl_lambda=0.000 v18_lambda=0.000 gpu=3.0/15.8GB
[11:35:16] [train] ep=90 step=040/40 ce=0.2983 sc=0.7254 mi=0.0529 dn=0.0000 v13=0.0004 grl=0.0000 v15=0.0000 v15r=0.0000 v16=0.0000 v17=0.0000 v18=0.0000 acc=0.9969 lr=7.84e-06 lambda=0.000 grl_lambda=0.000 v18_lambda=0.000 gpu=3.0/15.8GB
[11:35:19] [pool] check ep=090/100 source_val_acc_ema=0.9753 threshold=0.90
[11:35:20] [pool] ep=090 ADDED src_val=0.9753/0.9754 dev77=0.8000/0.7918 final77=0.8597/0.8520
[11:35:20] [pool] running best ep=090 dev77_f1=0.7918 final77_f1=0.8520 (pool_size=6)
[11:35:20] [ep_summary] ep=90/100 val_live=0.9753/0.9754 val_ema=0.9753/0.9754 test77_live=0.8453/0.8362 test77_diag_ema=0.8597/0.8520 v13=0.0004 grl=0.0000 v15=0.0000 v15r=0.0000 v16=0.0000 v17=0.0000 v18=0.0000 das=stage3[12,95] p=1.00 ep_time=12.3s
[11:35:20] [strict77_monitor] ep=90 best_source_epoch=58 source_val_ema=0.9753/0.9756 test77_ema_diag=0.8309/0.8255 sourcequalified_count=90 best_sourcequalified77_epoch=81 source_val_ema=0.9753/0.9754 test77_ema=0.8633/0.8554
[11:35:20] [train] epoch 91/100 steps=40 use_dann=0 das=stage3 f=[12.0,95.0] p=1.00 gpu=3.0/15.8GB
[11:35:20] [train] ep=91 step=001/40 ce=0.2889 sc=0.5620 mi=0.0510 dn=0.0000 v13=0.0005 grl=0.0000 v15=0.0000 v15r=0.0000 v16=0.0000 v17=0.0000 v18=0.0000 acc=1.0000 lr=7.80e-06 lambda=0.000 grl_lambda=0.000 v18_lambda=0.000 gpu=3.0/15.8GB
[11:35:22] [train] ep=91 step=010/40 ce=0.3207 sc=0.7507 mi=0.0535 dn=0.0000 v13=0.0004 grl=0.0000 v15=0.0000 v15r=0.0000 v16=0.0000 v17=0.0000 v18=0.0000 acc=0.9938 lr=7.45e-06 lambda=0.000 grl_lambda=0.000 v18_lambda=0.000 gpu=3.0/15.8GB
[11:35:24] [train] ep=91 step=020/40 ce=0.3115 sc=0.7690 mi=0.0525 dn=0.0000 v13=0.0003 grl=0.0000 v15=0.0000 v15r=0.0000 v16=0.0000 v17=0.0000 v18=0.0000 acc=0.9969 lr=7.08e-06 lambda=0.000 grl_lambda=0.000 v18_lambda=0.000 gpu=3.0/15.8GB
[11:35:26] [train] ep=91 step=030/40 ce=0.3013 sc=0.7999 mi=0.0535 dn=0.0000 v13=0.0003 grl=0.0000 v15=0.0000 v15r=0.0000 v16=0.0000 v17=0.0000 v18=0.0000 acc=0.9979 lr=6.72e-06 lambda=0.000 grl_lambda=0.000 v18_lambda=0.000 gpu=3.0/15.8GB
[11:35:28] [train] ep=91 step=040/40 ce=0.2908 sc=0.7923 mi=0.0534 dn=0.0000 v13=0.0004 grl=0.0000 v15=0.0000 v15r=0.0000 v16=0.0000 v17=0.0000 v18=0.0000 acc=0.9984 lr=6.36e-06 lambda=0.000 grl_lambda=0.000 v18_lambda=0.000 gpu=3.0/15.8GB
[11:35:31] [ep_summary] ep=91/100 val_live=0.9753/0.9754 val_ema=0.9753/0.9754 test77_live=0.8561/0.8476 test77_diag_ema=0.8561/0.8478 v13=0.0004 grl=0.0000 v15=0.0000 v15r=0.0000 v16=0.0000 v17=0.0000 v18=0.0000 das=stage3[12,95] p=1.00 ep_time=10.9s
[11:35:31] [train] epoch 92/100 steps=40 use_dann=0 das=stage3 f=[12.0,95.0] p=1.00 gpu=3.0/15.8GB
[11:35:31] [train] ep=92 step=001/40 ce=0.2782 sc=0.6604 mi=0.0622 dn=0.0000 v13=0.0003 grl=0.0000 v15=0.0000 v15r=0.0000 v16=0.0000 v17=0.0000 v18=0.0000 acc=1.0000 lr=6.33e-06 lambda=0.000 grl_lambda=0.000 v18_lambda=0.000 gpu=3.0/15.8GB
[11:35:33] [train] ep=92 step=010/40 ce=0.2596 sc=0.6970 mi=0.0534 dn=0.0000 v13=0.0004 grl=0.0000 v15=0.0000 v15r=0.0000 v16=0.0000 v17=0.0000 v18=0.0000 acc=1.0000 lr=6.02e-06 lambda=0.000 grl_lambda=0.000 v18_lambda=0.000 gpu=3.0/15.8GB
[11:35:35] [train] ep=92 step=020/40 ce=0.3082 sc=0.7596 mi=0.0540 dn=0.0000 v13=0.0004 grl=0.0000 v15=0.0000 v15r=0.0000 v16=0.0000 v17=0.0000 v18=0.0000 acc=0.9969 lr=5.68e-06 lambda=0.000 grl_lambda=0.000 v18_lambda=0.000 gpu=3.0/15.8GB
[11:35:37] [train] ep=92 step=030/40 ce=0.2912 sc=0.7472 mi=0.0558 dn=0.0000 v13=0.0004 grl=0.0000 v15=0.0000 v15r=0.0000 v16=0.0000 v17=0.0000 v18=0.0000 acc=0.9979 lr=5.35e-06 lambda=0.000 grl_lambda=0.000 v18_lambda=0.000 gpu=3.0/15.8GB
[11:35:39] [train] ep=92 step=040/40 ce=0.2826 sc=0.7219 mi=0.0542 dn=0.0000 v13=0.0004 grl=0.0000 v15=0.0000 v15r=0.0000 v16=0.0000 v17=0.0000 v18=0.0000 acc=0.9984 lr=5.04e-06 lambda=0.000 grl_lambda=0.000 v18_lambda=0.000 gpu=3.0/15.8GB
[11:35:42] [ep_summary] ep=92/100 val_live=0.9753/0.9754 val_ema=0.9753/0.9754 test77_live=0.8525/0.8442 test77_diag_ema=0.8561/0.8478 v13=0.0004 grl=0.0000 v15=0.0000 v15r=0.0000 v16=0.0000 v17=0.0000 v18=0.0000 das=stage3[12,95] p=1.00 ep_time=11.3s
[11:35:42] [train] epoch 93/100 steps=40 use_dann=0 das=stage3 f=[12.0,95.0] p=1.00 gpu=3.0/15.8GB
[11:35:42] [train] ep=93 step=001/40 ce=0.2560 sc=0.7562 mi=0.0538 dn=0.0000 v13=0.0004 grl=0.0000 v15=0.0000 v15r=0.0000 v16=0.0000 v17=0.0000 v18=0.0000 acc=1.0000 lr=5.01e-06 lambda=0.000 grl_lambda=0.000 v18_lambda=0.000 gpu=3.0/15.8GB
[11:35:44] [train] ep=93 step=010/40 ce=0.2576 sc=0.7591 mi=0.0542 dn=0.0000 v13=0.0003 grl=0.0000 v15=0.0000 v15r=0.0000 v16=0.0000 v17=0.0000 v18=0.0000 acc=1.0000 lr=4.73e-06 lambda=0.000 grl_lambda=0.000 v18_lambda=0.000 gpu=3.0/15.8GB
[11:35:46] [train] ep=93 step=020/40 ce=0.3165 sc=0.7577 mi=0.0531 dn=0.0000 v13=0.0005 grl=0.0000 v15=0.0000 v15r=0.0000 v16=0.0000 v17=0.0000 v18=0.0000 acc=0.9969 lr=4.43e-06 lambda=0.000 grl_lambda=0.000 v18_lambda=0.000 gpu=3.0/15.8GB
[11:35:48] [train] ep=93 step=030/40 ce=0.2968 sc=0.7514 mi=0.0530 dn=0.0000 v13=0.0005 grl=0.0000 v15=0.0000 v15r=0.0000 v16=0.0000 v17=0.0000 v18=0.0000 acc=0.9979 lr=4.14e-06 lambda=0.000 grl_lambda=0.000 v18_lambda=0.000 gpu=3.0/15.8GB
[11:35:50] [train] ep=93 step=040/40 ce=0.2868 sc=0.7402 mi=0.0534 dn=0.0000 v13=0.0004 grl=0.0000 v15=0.0000 v15r=0.0000 v16=0.0000 v17=0.0000 v18=0.0000 acc=0.9984 lr=3.87e-06 lambda=0.000 grl_lambda=0.000 v18_lambda=0.000 gpu=3.0/15.8GB
[11:35:53] [ep_summary] ep=93/100 val_live=0.9753/0.9754 val_ema=0.9753/0.9754 test77_live=0.8489/0.8407 test77_diag_ema=0.8561/0.8486 v13=0.0004 grl=0.0000 v15=0.0000 v15r=0.0000 v16=0.0000 v17=0.0000 v18=0.0000 das=stage3[12,95] p=1.00 ep_time=10.8s
[11:35:53] [train] epoch 94/100 steps=40 use_dann=0 das=stage3 f=[12.0,95.0] p=1.00 gpu=3.0/15.8GB
[11:35:53] [train] ep=94 step=001/40 ce=0.2571 sc=0.9317 mi=0.0583 dn=0.0000 v13=0.0003 grl=0.0000 v15=0.0000 v15r=0.0000 v16=0.0000 v17=0.0000 v18=0.0000 acc=1.0000 lr=3.84e-06 lambda=0.000 grl_lambda=0.000 v18_lambda=0.000 gpu=3.0/15.8GB
[11:35:55] [train] ep=94 step=010/40 ce=0.2595 sc=0.6748 mi=0.0535 dn=0.0000 v13=0.0004 grl=0.0000 v15=0.0000 v15r=0.0000 v16=0.0000 v17=0.0000 v18=0.0000 acc=1.0000 lr=3.60e-06 lambda=0.000 grl_lambda=0.000 v18_lambda=0.000 gpu=3.0/15.8GB
[11:35:57] [train] ep=94 step=020/40 ce=0.2623 sc=0.7395 mi=0.0537 dn=0.0000 v13=0.0004 grl=0.0000 v15=0.0000 v15r=0.0000 v16=0.0000 v17=0.0000 v18=0.0000 acc=1.0000 lr=3.34e-06 lambda=0.000 grl_lambda=0.000 v18_lambda=0.000 gpu=3.0/15.8GB
[11:35:59] [train] ep=94 step=030/40 ce=0.2892 sc=0.7885 mi=0.0533 dn=0.0000 v13=0.0004 grl=0.0000 v15=0.0000 v15r=0.0000 v16=0.0000 v17=0.0000 v18=0.0000 acc=0.9979 lr=3.09e-06 lambda=0.000 grl_lambda=0.000 v18_lambda=0.000 gpu=3.0/15.8GB
[11:36:01] [train] ep=94 step=040/40 ce=0.2820 sc=0.8003 mi=0.0538 dn=0.0000 v13=0.0004 grl=0.0000 v15=0.0000 v15r=0.0000 v16=0.0000 v17=0.0000 v18=0.0000 acc=0.9984 lr=2.85e-06 lambda=0.000 grl_lambda=0.000 v18_lambda=0.000 gpu=3.0/15.8GB
[11:36:04] [ep_summary] ep=94/100 val_live=0.9753/0.9754 val_ema=0.9753/0.9754 test77_live=0.8489/0.8407 test77_diag_ema=0.8525/0.8444 v13=0.0004 grl=0.0000 v15=0.0000 v15r=0.0000 v16=0.0000 v17=0.0000 v18=0.0000 das=stage3[12,95] p=1.00 ep_time=10.5s
[11:36:04] [train] epoch 95/100 steps=40 use_dann=0 das=stage3 f=[12.0,95.0] p=1.00 gpu=3.0/15.8GB
[11:36:04] [train] ep=95 step=001/40 ce=0.2572 sc=0.6454 mi=0.0426 dn=0.0000 v13=0.0003 grl=0.0000 v15=0.0000 v15r=0.0000 v16=0.0000 v17=0.0000 v18=0.0000 acc=1.0000 lr=2.82e-06 lambda=0.000 grl_lambda=0.000 v18_lambda=0.000 gpu=3.0/15.8GB
[11:36:06] [train] ep=95 step=010/40 ce=0.2591 sc=0.7821 mi=0.0519 dn=0.0000 v13=0.0005 grl=0.0000 v15=0.0000 v15r=0.0000 v16=0.0000 v17=0.0000 v18=0.0000 acc=1.0000 lr=2.62e-06 lambda=0.000 grl_lambda=0.000 v18_lambda=0.000 gpu=3.0/15.8GB
[11:36:08] [train] ep=95 step=020/40 ce=0.2595 sc=0.8266 mi=0.0533 dn=0.0000 v13=0.0004 grl=0.0000 v15=0.0000 v15r=0.0000 v16=0.0000 v17=0.0000 v18=0.0000 acc=1.0000 lr=2.40e-06 lambda=0.000 grl_lambda=0.000 v18_lambda=0.000 gpu=3.0/15.8GB
[11:36:10] [train] ep=95 step=030/40 ce=0.2587 sc=0.7736 mi=0.0537 dn=0.0000 v13=0.0004 grl=0.0000 v15=0.0000 v15r=0.0000 v16=0.0000 v17=0.0000 v18=0.0000 acc=1.0000 lr=2.18e-06 lambda=0.000 grl_lambda=0.000 v18_lambda=0.000 gpu=3.0/15.8GB
[11:36:12] [train] ep=95 step=040/40 ce=0.2583 sc=0.7788 mi=0.0534 dn=0.0000 v13=0.0004 grl=0.0000 v15=0.0000 v15r=0.0000 v16=0.0000 v17=0.0000 v18=0.0000 acc=1.0000 lr=1.98e-06 lambda=0.000 grl_lambda=0.000 v18_lambda=0.000 gpu=3.0/15.8GB
[11:36:15] [ep_summary] ep=95/100 val_live=0.9753/0.9754 val_ema=0.9753/0.9754 test77_live=0.8489/0.8407 test77_diag_ema=0.8525/0.8444 v13=0.0004 grl=0.0000 v15=0.0000 v15r=0.0000 v16=0.0000 v17=0.0000 v18=0.0000 das=stage3[12,95] p=1.00 ep_time=11.0s
[11:36:15] [train] epoch 96/100 steps=40 use_dann=0 das=stage3 f=[12.0,95.0] p=1.00 gpu=3.0/15.8GB
[11:36:15] [train] ep=96 step=001/40 ce=0.2577 sc=0.7311 mi=0.0572 dn=0.0000 v13=0.0005 grl=0.0000 v15=0.0000 v15r=0.0000 v16=0.0000 v17=0.0000 v18=0.0000 acc=1.0000 lr=1.96e-06 lambda=0.000 grl_lambda=0.000 v18_lambda=0.000 gpu=3.0/15.8GB
[11:36:17] [train] ep=96 step=010/40 ce=0.3313 sc=0.8132 mi=0.0532 dn=0.0000 v13=0.0005 grl=0.0000 v15=0.0000 v15r=0.0000 v16=0.0000 v17=0.0000 v18=0.0000 acc=0.9938 lr=1.79e-06 lambda=0.000 grl_lambda=0.000 v18_lambda=0.000 gpu=3.0/15.8GB
[11:36:19] [train] ep=96 step=020/40 ce=0.3028 sc=0.8019 mi=0.0519 dn=0.0000 v13=0.0004 grl=0.0000 v15=0.0000 v15r=0.0000 v16=0.0000 v17=0.0000 v18=0.0000 acc=0.9969 lr=1.61e-06 lambda=0.000 grl_lambda=0.000 v18_lambda=0.000 gpu=3.0/15.8GB
[11:36:20] [train] ep=96 step=030/40 ce=0.2888 sc=0.7928 mi=0.0519 dn=0.0000 v13=0.0004 grl=0.0000 v15=0.0000 v15r=0.0000 v16=0.0000 v17=0.0000 v18=0.0000 acc=0.9979 lr=1.44e-06 lambda=0.000 grl_lambda=0.000 v18_lambda=0.000 gpu=3.0/15.8GB
[11:36:22] [train] ep=96 step=040/40 ce=0.2884 sc=0.7623 mi=0.0518 dn=0.0000 v13=0.0004 grl=0.0000 v15=0.0000 v15r=0.0000 v16=0.0000 v17=0.0000 v18=0.0000 acc=0.9984 lr=1.27e-06 lambda=0.000 grl_lambda=0.000 v18_lambda=0.000 gpu=3.0/15.8GB
[11:36:25] [ep_summary] ep=96/100 val_live=0.9753/0.9754 val_ema=0.9753/0.9754 test77_live=0.8489/0.8407 test77_diag_ema=0.8525/0.8444 v13=0.0004 grl=0.0000 v15=0.0000 v15r=0.0000 v16=0.0000 v17=0.0000 v18=0.0000 das=stage3[12,95] p=1.00 ep_time=10.6s
[11:36:25] [train] epoch 97/100 steps=40 use_dann=0 das=stage3 f=[12.0,95.0] p=1.00 gpu=3.0/15.8GB
[11:36:25] [train] ep=97 step=001/40 ce=1.1183 sc=1.9181 mi=0.0519 dn=0.0000 v13=0.0003 grl=0.0000 v15=0.0000 v15r=0.0000 v16=0.0000 v17=0.0000 v18=0.0000 acc=0.9375 lr=1.26e-06 lambda=0.000 grl_lambda=0.000 v18_lambda=0.000 gpu=3.0/15.8GB
[11:36:27] [train] ep=97 step=010/40 ce=0.3433 sc=0.8872 mi=0.0549 dn=0.0000 v13=0.0003 grl=0.0000 v15=0.0000 v15r=0.0000 v16=0.0000 v17=0.0000 v18=0.0000 acc=0.9938 lr=1.12e-06 lambda=0.000 grl_lambda=0.000 v18_lambda=0.000 gpu=3.0/15.8GB
[11:36:29] [train] ep=97 step=020/40 ce=0.3315 sc=0.7999 mi=0.0548 dn=0.0000 v13=0.0003 grl=0.0000 v15=0.0000 v15r=0.0000 v16=0.0000 v17=0.0000 v18=0.0000 acc=0.9938 lr=9.76e-07 lambda=0.000 grl_lambda=0.000 v18_lambda=0.000 gpu=3.0/15.8GB
[11:36:31] [train] ep=97 step=030/40 ce=0.3203 sc=0.7989 mi=0.0541 dn=0.0000 v13=0.0004 grl=0.0000 v15=0.0000 v15r=0.0000 v16=0.0000 v17=0.0000 v18=0.0000 acc=0.9958 lr=8.43e-07 lambda=0.000 grl_lambda=0.000 v18_lambda=0.000 gpu=3.0/15.8GB
[11:36:34] [train] ep=97 step=040/40 ce=0.3046 sc=0.7639 mi=0.0540 dn=0.0000 v13=0.0004 grl=0.0000 v15=0.0000 v15r=0.0000 v16=0.0000 v17=0.0000 v18=0.0000 acc=0.9969 lr=7.19e-07 lambda=0.000 grl_lambda=0.000 v18_lambda=0.000 gpu=3.0/15.8GB
[11:36:37] [ep_summary] ep=97/100 val_live=0.9753/0.9754 val_ema=0.9753/0.9754 test77_live=0.8525/0.8449 test77_diag_ema=0.8525/0.8444 v13=0.0004 grl=0.0000 v15=0.0000 v15r=0.0000 v16=0.0000 v17=0.0000 v18=0.0000 das=stage3[12,95] p=1.00 ep_time=11.4s
[11:36:37] [train] epoch 98/100 steps=40 use_dann=0 das=stage3 f=[12.0,95.0] p=1.00 gpu=3.0/15.8GB
[11:36:37] [train] ep=98 step=001/40 ce=0.2562 sc=0.9610 mi=0.0520 dn=0.0000 v13=0.0003 grl=0.0000 v15=0.0000 v15r=0.0000 v16=0.0000 v17=0.0000 v18=0.0000 acc=1.0000 lr=7.07e-07 lambda=0.000 grl_lambda=0.000 v18_lambda=0.000 gpu=3.0/15.8GB
[11:36:42] [train] ep=98 step=010/40 ce=0.3293 sc=0.7725 mi=0.0531 dn=0.0000 v13=0.0004 grl=0.0000 v15=0.0000 v15r=0.0000 v16=0.0000 v17=0.0000 v18=0.0000 acc=0.9938 lr=6.05e-07 lambda=0.000 grl_lambda=0.000 v18_lambda=0.000 gpu=3.0/15.8GB
[11:36:46] [train] ep=98 step=020/40 ce=0.2972 sc=0.7732 mi=0.0532 dn=0.0000 v13=0.0004 grl=0.0000 v15=0.0000 v15r=0.0000 v16=0.0000 v17=0.0000 v18=0.0000 acc=0.9969 lr=5.01e-07 lambda=0.000 grl_lambda=0.000 v18_lambda=0.000 gpu=3.0/15.8GB
[11:36:51] [train] ep=98 step=030/40 ce=0.3158 sc=0.7693 mi=0.0530 dn=0.0000 v13=0.0004 grl=0.0000 v15=0.0000 v15r=0.0000 v16=0.0000 v17=0.0000 v18=0.0000 acc=0.9958 lr=4.07e-07 lambda=0.000 grl_lambda=0.000 v18_lambda=0.000 gpu=3.0/15.8GB
[11:36:56] [train] ep=98 step=040/40 ce=0.3059 sc=0.7769 mi=0.0528 dn=0.0000 v13=0.0004 grl=0.0000 v15=0.0000 v15r=0.0000 v16=0.0000 v17=0.0000 v18=0.0000 acc=0.9969 lr=3.22e-07 lambda=0.000 grl_lambda=0.000 v18_lambda=0.000 gpu=3.0/15.8GB
[11:36:59] [ep_summary] ep=98/100 val_live=0.9753/0.9754 val_ema=0.9753/0.9754 test77_live=0.8525/0.8449 test77_diag_ema=0.8525/0.8443 v13=0.0004 grl=0.0000 v15=0.0000 v15r=0.0000 v16=0.0000 v17=0.0000 v18=0.0000 das=stage3[12,95] p=1.00 ep_time=22.5s
[11:36:59] [train] epoch 99/100 steps=40 use_dann=0 das=stage3 f=[12.0,95.0] p=1.00 gpu=3.0/15.8GB
[11:37:00] [train] ep=99 step=001/40 ce=0.8359 sc=0.8400 mi=0.0537 dn=0.0000 v13=0.0003 grl=0.0000 v15=0.0000 v15r=0.0000 v16=0.0000 v17=0.0000 v18=0.0000 acc=0.9375 lr=3.15e-07 lambda=0.000 grl_lambda=0.000 v18_lambda=0.000 gpu=3.0/15.8GB
[11:37:04] [train] ep=99 step=010/40 ce=0.3201 sc=0.7944 mi=0.0532 dn=0.0000 v13=0.0004 grl=0.0000 v15=0.0000 v15r=0.0000 v16=0.0000 v17=0.0000 v18=0.0000 acc=0.9938 lr=2.48e-07 lambda=0.000 grl_lambda=0.000 v18_lambda=0.000 gpu=3.0/15.8GB
[11:37:09] [train] ep=99 step=020/40 ce=0.2887 sc=0.7275 mi=0.0536 dn=0.0000 v13=0.0004 grl=0.0000 v15=0.0000 v15r=0.0000 v16=0.0000 v17=0.0000 v18=0.0000 acc=0.9969 lr=1.83e-07 lambda=0.000 grl_lambda=0.000 v18_lambda=0.000 gpu=3.0/15.8GB
[11:37:14] [train] ep=99 step=030/40 ce=0.2815 sc=0.7565 mi=0.0533 dn=0.0000 v13=0.0004 grl=0.0000 v15=0.0000 v15r=0.0000 v16=0.0000 v17=0.0000 v18=0.0000 acc=0.9979 lr=1.28e-07 lambda=0.000 grl_lambda=0.000 v18_lambda=0.000 gpu=3.0/15.8GB
[11:37:19] [train] ep=99 step=040/40 ce=0.2847 sc=0.7839 mi=0.0534 dn=0.0000 v13=0.0004 grl=0.0000 v15=0.0000 v15r=0.0000 v16=0.0000 v17=0.0000 v18=0.0000 acc=0.9984 lr=8.26e-08 lambda=0.000 grl_lambda=0.000 v18_lambda=0.000 gpu=3.0/15.8GB
[11:37:22] [ep_summary] ep=99/100 val_live=0.9753/0.9754 val_ema=0.9753/0.9754 test77_live=0.8525/0.8449 test77_diag_ema=0.8525/0.8445 v13=0.0004 grl=0.0000 v15=0.0000 v15r=0.0000 v16=0.0000 v17=0.0000 v18=0.0000 das=stage3[12,95] p=1.00 ep_time=22.8s
[11:37:22] [train] epoch 100/100 steps=40 use_dann=0 das=stage3 f=[12.0,95.0] p=1.00 gpu=3.0/15.8GB
[11:37:22] [train] ep=100 step=001/40 ce=0.2575 sc=0.9923 mi=0.0542 dn=0.0000 v13=0.0005 grl=0.0000 v15=0.0000 v15r=0.0000 v16=0.0000 v17=0.0000 v18=0.0000 acc=1.0000 lr=7.87e-08 lambda=0.000 grl_lambda=0.000 v18_lambda=0.000 gpu=3.0/15.8GB
[11:37:27] [train] ep=100 step=010/40 ce=0.2952 sc=0.8466 mi=0.0529 dn=0.0000 v13=0.0004 grl=0.0000 v15=0.0000 v15r=0.0000 v16=0.0000 v17=0.0000 v18=0.0000 acc=0.9938 lr=4.72e-08 lambda=0.000 grl_lambda=0.000 v18_lambda=0.000 gpu=3.0/15.8GB
[11:37:32] [train] ep=100 step=020/40 ce=0.2768 sc=0.8169 mi=0.0519 dn=0.0000 v13=0.0004 grl=0.0000 v15=0.0000 v15r=0.0000 v16=0.0000 v17=0.0000 v18=0.0000 acc=0.9969 lr=2.17e-08 lambda=0.000 grl_lambda=0.000 v18_lambda=0.000 gpu=3.0/15.8GB
[11:37:37] [train] ep=100 step=030/40 ce=0.2706 sc=0.7754 mi=0.0522 dn=0.0000 v13=0.0004 grl=0.0000 v15=0.0000 v15r=0.0000 v16=0.0000 v17=0.0000 v18=0.0000 acc=0.9979 lr=5.95e-09 lambda=0.000 grl_lambda=0.000 v18_lambda=0.000 gpu=3.0/15.8GB
[11:37:42] [train] ep=100 step=040/40 ce=0.2673 sc=0.7618 mi=0.0525 dn=0.0000 v13=0.0004 grl=0.0000 v15=0.0000 v15r=0.0000 v16=0.0000 v17=0.0000 v18=0.0000 acc=0.9984 lr=4.92e-11 lambda=0.000 grl_lambda=0.000 v18_lambda=0.000 gpu=3.0/15.8GB
[11:37:45] [pool] check ep=100/100 source_val_acc_ema=0.9753 threshold=0.90
[11:37:47] [pool] ep=100 ADDED src_val=0.9753/0.9754 dev77=0.8000/0.7918 final77=0.8525/0.8445
[11:37:47] [pool] running best ep=090 dev77_f1=0.7918 final77_f1=0.8520 (pool_size=7)
[11:37:47] [ep_summary] ep=100/100 val_live=0.9753/0.9754 val_ema=0.9753/0.9754 test77_live=0.8525/0.8449 test77_diag_ema=0.8525/0.8445 v13=0.0004 grl=0.0000 v15=0.0000 v15r=0.0000 v16=0.0000 v17=0.0000 v18=0.0000 das=stage3[12,95] p=1.00 ep_time=24.9s
[11:37:47] [strict77_monitor] ep=100 best_source_epoch=58 source_val_ema=0.9753/0.9756 test77_ema_diag=0.8309/0.8255 sourcequalified_count=100 best_sourcequalified77_epoch=81 source_val_ema=0.9753/0.9754 test77_ema=0.8633/0.8554
[11:37:47] [pool] FINAL pool_size=7 best ep=090 dev77_f1=0.7918 final77_f1=0.8520 -> EXPERIMENTSRESULT\REVISION_5090\SUPP_ABLATION\ACR_Lfreq_only\seed1234\checkpoints\best_pool_ema.pt
[11:37:47] [train] done best_sourceval_acc_ema=0.9753
[11:37:54] [eval] loaded vit_large_patch16_dinov3_lvd1689m_best_sourceval_ema.pt (sourceval)
[11:37:54] [eval] strict source-val selected by ema acc; heldout77_unused=140 final_test77=278 imgs, seed=42 dev_per_class=20
[11:37:56] [eval] 77GHz final-test acc=0.8273 f1=0.8212
[11:37:56] [eval] 77GHz final-test per-class={'Away': 1.0, 'Bend': 0.6923076923076923, 'Kneel': 0.8333333333333334, 'Pick': 0.875, 'SStep': 1.0, 'Sit': 0.5405405405405406, 'Towards': 0.825}
[11:37:57] [eval] val_all acc=0.9753 f1=0.9756
[11:37:58] [freq_scan:val10] f_virt=15GHz acc=0.9744 f1=0.9760
[11:37:59] [freq_scan:val10] f_virt=30GHz acc=0.9744 f1=0.9722
[11:37:59] [freq_scan:val10] f_virt=50GHz acc=0.9615 f1=0.9601
[11:38:00] [freq_scan:val10] f_virt=77GHz acc=0.9487 f1=0.9478
[11:38:01] [freq_scan:val10] f_virt=99GHz acc=0.9359 f1=0.9401
[11:38:02] [freq_scan:val10] f_virt=120GHz acc=0.9231 f1=0.9283
[11:38:03] [freq_scan:val10] f_virt=140GHz acc=0.9103 f1=0.9170
[11:38:04] [freq_scan:val24] f_virt=15GHz acc=0.9881 f1=0.9885
[11:38:04] [freq_scan:val24] f_virt=30GHz acc=0.9762 f1=0.9760
[11:38:05] [freq_scan:val24] f_virt=50GHz acc=0.9643 f1=0.9646
[11:38:06] [freq_scan:val24] f_virt=77GHz acc=0.9643 f1=0.9631
[11:38:07] [freq_scan:val24] f_virt=99GHz acc=0.9405 f1=0.9387
[11:38:08] [freq_scan:val24] f_virt=120GHz acc=0.9048 f1=0.9070
[11:38:09] [freq_scan:val24] f_virt=140GHz acc=0.9048 f1=0.9038
[11:38:09] [eval] saved eval_sourceval.json
[11:38:16] [eval] loaded vit_large_patch16_dinov3_lvd1689m_best_sourcequalified77_ema.pt (sourcequalified)
[11:38:16] [eval] source-qualified diagnostic selected (source-val ema acc >= 0.00, then best 77GHz ema macro-F1); heldout77_unused=140 final_test77=278 imgs, seed=42 dev_per_class=20
[11:38:18] [eval] 77GHz final-test acc=0.8633 f1=0.8554
[11:38:18] [eval] 77GHz final-test per-class={'Away': 1.0, 'Bend': 0.5897435897435898, 'Kneel': 0.8809523809523809, 'Pick': 0.975, 'SStep': 1.0, 'Sit': 0.6216216216216216, 'Towards': 0.95}
[11:38:19] [eval] val_all acc=0.9753 f1=0.9754
[11:38:20] [freq_scan:val10] f_virt=15GHz acc=0.9744 f1=0.9756
[11:38:21] [freq_scan:val10] f_virt=30GHz acc=0.9744 f1=0.9760
[11:38:21] [freq_scan:val10] f_virt=50GHz acc=0.9744 f1=0.9760
[11:38:22] [freq_scan:val10] f_virt=77GHz acc=0.9615 f1=0.9637
[11:38:23] [freq_scan:val10] f_virt=99GHz acc=0.9487 f1=0.9523
[11:38:24] [freq_scan:val10] f_virt=120GHz acc=0.9359 f1=0.9401
[11:38:25] [freq_scan:val10] f_virt=140GHz acc=0.9231 f1=0.9265
[11:38:26] [freq_scan:val24] f_virt=15GHz acc=0.9881 f1=0.9885
[11:38:26] [freq_scan:val24] f_virt=30GHz acc=0.9762 f1=0.9760
[11:38:27] [freq_scan:val24] f_virt=50GHz acc=0.9643 f1=0.9631
[11:38:28] [freq_scan:val24] f_virt=77GHz acc=0.9643 f1=0.9627
[11:38:29] [freq_scan:val24] f_virt=99GHz acc=0.9643 f1=0.9627
[11:38:30] [freq_scan:val24] f_virt=120GHz acc=0.9524 f1=0.9513
[11:38:31] [freq_scan:val24] f_virt=140GHz acc=0.9405 f1=0.9398
[11:38:31] [eval] saved eval_sourcequalified.json
