[19:38:22] run_dir=G:\zhanghe\Letter journal\EXPERIMENTSRESULT\REVISION_5090\A_V15\seed44809
[19:38:22] device=cuda
[19:38:22] backbone=vit_large_patch16_dinov3.lvd1689m
[19:38:22] env: manifest_dir=G:\zhanghe\Letter journal\tasks\known_people_unknown_freq\manifest dataset_root=G:\zhanghe\Letter journal use_dann=False selection=source_val_acc_ema adapter_mode=lora
[19:38:22] set_seed(44809)
[19:38:27] [fast_gpu] source cache 644 imgs (0.39GB) on cuda
[19:38:27] train_source=644 train_src_rows=10:302 24:342 source_steps/epoch=40 val_all=162 heldout77_unused=140 test77_final=278
[19:38:27] [test77_split] seed=42 dev_per_class=20
[19:38:36] trainable params=2378753 (encoder_lora+neck+head + miro_proj+v15_falsification)
[19:38:36] logit_prior=[-1.9678890705108643, -1.913821816444397, -1.8427258729934692, -1.9678890705108643, -2.0133514404296875, -1.8929877281188965, -2.036881923675537]
[19:38:36] use_dann=False
[19:38:36] use_das=True
[19:38:36] das_mode=curriculum initial_stage={'name': 'stage1', 'p': 0.35, 'f_low': 10.0, 'f_high': 24.0}
[19:38:36] adapter_mode=lora
[19:38:36] schedule: epochs=100 steps/epoch=40 imgs/step=16 total_steps=4000 total_imgs=64000 warmup_steps=120
[19:38:36] source_qualified_policy: val_acc_ema>=0.00 candidates are recorded; best candidate by 77GHz F1 is saved as diagnostic
[19:38:36] [pool] init threshold=0.90 period=10 selection=dev77_f1
[19:38:36] [train] epoch 1/100 steps=40 use_dann=0 das=stage1 f=[10.0,24.0] p=0.35 gpu=3.0/3.0GB
[19:38:37] [train] ep=01 step=001/40 ce=8.3626 sc=2.7955 mi=0.9836 dn=0.0000 v13=0.0000 v15=4.4059 v16=0.0000 v17=0.0000 v18=0.0000 acc=0.1875 lr=2.50e-06 lambda=0.000 v18_lambda=0.000 gpu=3.0/11.8GB
[19:38:38] [train] ep=01 step=010/40 ce=8.2044 sc=2.8382 mi=0.9674 dn=0.0000 v13=0.0000 v15=4.4328 v16=0.0000 v17=0.0000 v18=0.0000 acc=0.1500 lr=2.50e-05 lambda=0.000 v18_lambda=0.000 gpu=3.0/11.8GB
[19:38:40] [train] ep=01 step=020/40 ce=8.0213 sc=2.8307 mi=0.9213 dn=0.0000 v13=0.0000 v15=4.3932 v16=0.0000 v17=0.0000 v18=0.0000 acc=0.1562 lr=5.00e-05 lambda=0.000 v18_lambda=0.000 gpu=3.0/11.8GB
[19:38:42] [train] ep=01 step=030/40 ce=7.9984 sc=2.8077 mi=0.8496 dn=0.0000 v13=0.0000 v15=4.3811 v16=0.0000 v17=0.0000 v18=0.0000 acc=0.1562 lr=7.50e-05 lambda=0.000 v18_lambda=0.000 gpu=3.0/11.8GB
[19:38:44] [train] ep=01 step=040/40 ce=7.9266 sc=2.7975 mi=0.7662 dn=0.0000 v13=0.0000 v15=4.3421 v16=0.0000 v17=0.0000 v18=0.0000 acc=0.1609 lr=1.00e-04 lambda=0.000 v18_lambda=0.000 gpu=3.0/11.8GB
[19:38:46] [ep_summary] ep=01/100 val_live=0.2284/0.1729 val_ema=0.0000/0.0000 test77_live=0.2338/0.1719 test77_diag_ema=0.0000/0.0000 v13=0.0000 v15=4.3421 v16=0.0000 v17=0.0000 v18=0.0000 das=stage1[10,24] p=0.35 ep_time=9.8s
[19:38:46] [train] epoch 2/100 steps=40 use_dann=0 das=stage1 f=[10.0,24.0] p=0.35 gpu=3.0/15.8GB
[19:38:46] [train] ep=02 step=001/40 ce=7.8038 sc=2.9193 mi=0.4387 dn=0.0000 v13=0.0000 v15=4.3110 v16=0.0000 v17=0.0000 v18=0.0000 acc=0.2500 lr=1.02e-04 lambda=0.000 v18_lambda=0.000 gpu=3.0/15.8GB
[19:38:48] [train] ep=02 step=010/40 ce=7.5953 sc=2.8427 mi=0.3588 dn=0.0000 v13=0.0000 v15=4.2102 v16=0.0000 v17=0.0000 v18=0.0000 acc=0.2313 lr=1.25e-04 lambda=0.000 v18_lambda=0.000 gpu=3.0/15.8GB
[19:38:50] [train] ep=02 step=020/40 ce=7.4045 sc=2.7713 mi=0.3075 dn=0.0000 v13=0.0000 v15=4.1803 v16=0.0000 v17=0.0000 v18=0.0000 acc=0.2969 lr=1.50e-04 lambda=0.000 v18_lambda=0.000 gpu=3.0/15.8GB
[19:38:52] [train] ep=02 step=030/40 ce=7.3064 sc=2.7391 mi=0.2719 dn=0.0000 v13=0.0000 v15=4.1481 v16=0.0000 v17=0.0000 v18=0.0000 acc=0.3250 lr=1.75e-04 lambda=0.000 v18_lambda=0.000 gpu=3.0/15.8GB
[19:38:54] [train] ep=02 step=040/40 ce=7.1413 sc=2.7127 mi=0.2490 dn=0.0000 v13=0.0000 v15=4.0981 v16=0.0000 v17=0.0000 v18=0.0000 acc=0.3438 lr=2.00e-04 lambda=0.000 v18_lambda=0.000 gpu=3.0/15.8GB
[19:38:55] [ep_summary] ep=02/100 val_live=0.5988/0.5500 val_ema=0.0000/0.0000 test77_live=0.3741/0.3256 test77_diag_ema=0.0000/0.0000 v13=0.0000 v15=4.0981 v16=0.0000 v17=0.0000 v18=0.0000 das=stage1[10,24] p=0.35 ep_time=9.4s
[19:38:55] [train] epoch 3/100 steps=40 use_dann=0 das=stage1 f=[10.0,24.0] p=0.35 gpu=3.0/15.8GB
[19:38:55] [train] ep=03 step=001/40 ce=6.5624 sc=2.4476 mi=0.2084 dn=0.0000 v13=0.0000 v15=3.8958 v16=0.0000 v17=0.0000 v18=0.0000 acc=0.5000 lr=2.02e-04 lambda=0.000 v18_lambda=0.000 gpu=3.0/15.8GB
[19:38:57] [train] ep=03 step=010/40 ce=5.6844 sc=2.3169 mi=0.2009 dn=0.0000 v13=0.0000 v15=3.6366 v16=0.0000 v17=0.0000 v18=0.0000 acc=0.5938 lr=2.25e-04 lambda=0.000 v18_lambda=0.000 gpu=3.0/15.8GB
[19:38:59] [train] ep=03 step=020/40 ce=5.5497 sc=2.2116 mi=0.1992 dn=0.0000 v13=0.0000 v15=3.6047 v16=0.0000 v17=0.0000 v18=0.0000 acc=0.5969 lr=2.50e-04 lambda=0.000 v18_lambda=0.000 gpu=3.0/15.8GB
[19:39:01] [train] ep=03 step=030/40 ce=5.2777 sc=2.0691 mi=0.1960 dn=0.0000 v13=0.0000 v15=3.4733 v16=0.0000 v17=0.0000 v18=0.0000 acc=0.6146 lr=2.75e-04 lambda=0.000 v18_lambda=0.000 gpu=3.0/15.8GB
[19:39:02] [train] ep=03 step=040/40 ce=4.8915 sc=2.0247 mi=0.1922 dn=0.0000 v13=0.0000 v15=3.2861 v16=0.0000 v17=0.0000 v18=0.0000 acc=0.6516 lr=3.00e-04 lambda=0.000 v18_lambda=0.000 gpu=3.0/15.8GB
[19:39:04] [ep_summary] ep=03/100 val_live=0.7407/0.7043 val_ema=0.0000/0.0000 test77_live=0.4065/0.2661 test77_diag_ema=0.0000/0.0000 v13=0.0000 v15=3.2861 v16=0.0000 v17=0.0000 v18=0.0000 das=stage1[10,24] p=0.35 ep_time=8.8s
[19:39:04] [train] epoch 4/100 steps=40 use_dann=0 das=stage1 f=[10.0,24.0] p=0.35 gpu=3.0/15.8GB
[19:39:04] [train] ep=04 step=001/40 ce=4.6654 sc=1.4193 mi=0.1478 dn=0.0000 v13=0.0000 v15=2.8469 v16=0.0000 v17=0.0000 v18=0.0000 acc=0.6875 lr=3.00e-04 lambda=0.000 v18_lambda=0.000 gpu=3.0/15.8GB
[19:39:06] [train] ep=04 step=010/40 ce=3.5368 sc=1.5548 mi=0.1496 dn=0.0000 v13=0.0000 v15=2.4980 v16=0.0000 v17=0.0000 v18=0.0000 acc=0.7750 lr=3.00e-04 lambda=0.000 v18_lambda=0.000 gpu=3.0/15.8GB
[19:39:08] [train] ep=04 step=020/40 ce=3.6747 sc=1.5893 mi=0.1462 dn=0.0000 v13=0.0000 v15=2.4453 v16=0.0000 v17=0.0000 v18=0.0000 acc=0.7625 lr=3.00e-04 lambda=0.000 v18_lambda=0.000 gpu=3.0/15.8GB
[19:39:10] [train] ep=04 step=030/40 ce=3.5748 sc=1.5925 mi=0.1371 dn=0.0000 v13=0.0000 v15=2.3654 v16=0.0000 v17=0.0000 v18=0.0000 acc=0.7688 lr=3.00e-04 lambda=0.000 v18_lambda=0.000 gpu=3.0/15.8GB
[19:39:12] [train] ep=04 step=040/40 ce=3.2799 sc=1.5394 mi=0.1338 dn=0.0000 v13=0.0000 v15=2.2623 v16=0.0000 v17=0.0000 v18=0.0000 acc=0.7922 lr=3.00e-04 lambda=0.000 v18_lambda=0.000 gpu=3.0/15.8GB
[19:39:13] [ep_summary] ep=04/100 val_live=0.8889/0.8918 val_ema=0.0000/0.0000 test77_live=0.4892/0.3940 test77_diag_ema=0.0000/0.0000 v13=0.0000 v15=2.2623 v16=0.0000 v17=0.0000 v18=0.0000 das=stage1[10,24] p=0.35 ep_time=9.4s
[19:39:13] [train] epoch 5/100 steps=40 use_dann=0 das=stage1 f=[10.0,24.0] p=0.35 gpu=3.0/15.8GB
[19:39:13] [train] ep=05 step=001/40 ce=4.8918 sc=1.5159 mi=0.1122 dn=0.0000 v13=0.0000 v15=2.7567 v16=0.0000 v17=0.0000 v18=0.0000 acc=0.6250 lr=3.00e-04 lambda=0.000 v18_lambda=0.000 gpu=3.0/15.8GB
[19:39:15] [train] ep=05 step=010/40 ce=2.6680 sc=1.5301 mi=0.1264 dn=0.0000 v13=0.0000 v15=1.9485 v16=0.0000 v17=0.0000 v18=0.0000 acc=0.8438 lr=3.00e-04 lambda=0.000 v18_lambda=0.000 gpu=3.0/15.8GB
[19:39:17] [train] ep=05 step=020/40 ce=2.6850 sc=1.4895 mi=0.1227 dn=0.0000 v13=0.0000 v15=1.9321 v16=0.0000 v17=0.0000 v18=0.0000 acc=0.8281 lr=3.00e-04 lambda=0.000 v18_lambda=0.000 gpu=3.0/15.8GB
[19:39:19] [train] ep=05 step=030/40 ce=2.6516 sc=1.4671 mi=0.1176 dn=0.0000 v13=0.0000 v15=1.9000 v16=0.0000 v17=0.0000 v18=0.0000 acc=0.8354 lr=3.00e-04 lambda=0.000 v18_lambda=0.000 gpu=3.0/15.8GB
[19:39:21] [train] ep=05 step=040/40 ce=2.4817 sc=1.4521 mi=0.1158 dn=0.0000 v13=0.0000 v15=1.8011 v16=0.0000 v17=0.0000 v18=0.0000 acc=0.8469 lr=3.00e-04 lambda=0.000 v18_lambda=0.000 gpu=3.0/15.8GB
[19:39:24] [ep_summary] ep=05/100 val_live=0.8457/0.7932 val_ema=0.1605/0.0964 test77_live=0.7194/0.7046 test77_diag_ema=0.1691/0.0758 v13=0.0000 v15=1.8011 v16=0.0000 v17=0.0000 v18=0.0000 das=stage1[10,24] p=0.35 ep_time=10.8s
[19:39:24] [save] best_sourceval_ema val_acc_ema=0.1605 source_val_live=0.8457/0.7932 source_val_ema=0.1605/0.0964 ep=5
[19:39:24] [save] best_sourcequalified77_ema ep=5 source_val_live=0.8457/0.7932 source_val_ema=0.1605/0.0964 test77_ema=0.1691/0.0758
[19:39:24] [train] epoch 6/100 steps=40 use_dann=0 das=stage1 f=[10.0,24.0] p=0.35 gpu=3.0/15.8GB
[19:39:24] [train] ep=06 step=001/40 ce=6.2532 sc=2.0174 mi=0.1021 dn=0.0000 v13=0.0000 v15=3.2958 v16=0.0000 v17=0.0000 v18=0.0000 acc=0.5000 lr=3.00e-04 lambda=0.000 v18_lambda=0.000 gpu=3.0/15.8GB
[19:39:26] [train] ep=06 step=010/40 ce=3.3695 sc=1.5304 mi=0.0992 dn=0.0000 v13=0.0000 v15=1.9923 v16=0.0000 v17=0.0000 v18=0.0000 acc=0.7750 lr=3.00e-04 lambda=0.000 v18_lambda=0.000 gpu=3.0/15.8GB
[19:39:28] [train] ep=06 step=020/40 ce=2.9762 sc=1.5078 mi=0.0957 dn=0.0000 v13=0.0000 v15=1.8502 v16=0.0000 v17=0.0000 v18=0.0000 acc=0.8156 lr=3.00e-04 lambda=0.000 v18_lambda=0.000 gpu=3.0/15.8GB
[19:39:30] [train] ep=06 step=030/40 ce=2.5511 sc=1.4119 mi=0.0960 dn=0.0000 v13=0.0000 v15=1.6577 v16=0.0000 v17=0.0000 v18=0.0000 acc=0.8438 lr=2.99e-04 lambda=0.000 v18_lambda=0.000 gpu=3.0/15.8GB
[19:39:31] [train] ep=06 step=040/40 ce=2.3502 sc=1.3640 mi=0.0941 dn=0.0000 v13=0.0000 v15=1.5374 v16=0.0000 v17=0.0000 v18=0.0000 acc=0.8594 lr=2.99e-04 lambda=0.000 v18_lambda=0.000 gpu=3.0/15.8GB
[19:39:34] [ep_summary] ep=06/100 val_live=0.9136/0.9136 val_ema=0.2469/0.1617 test77_live=0.6835/0.6644 test77_diag_ema=0.1799/0.0935 v13=0.0000 v15=1.5374 v16=0.0000 v17=0.0000 v18=0.0000 das=stage1[10,24] p=0.35 ep_time=10.1s
[19:39:34] [save] best_sourceval_ema val_acc_ema=0.2469 source_val_live=0.9136/0.9136 source_val_ema=0.2469/0.1617 ep=6
[19:39:34] [save] best_sourcequalified77_ema ep=6 source_val_live=0.9136/0.9136 source_val_ema=0.2469/0.1617 test77_ema=0.1799/0.0935
[19:39:34] [train] epoch 7/100 steps=40 use_dann=0 das=stage1 f=[10.0,24.0] p=0.35 gpu=3.0/15.8GB
[19:39:34] [train] ep=07 step=001/40 ce=1.1480 sc=0.9786 mi=0.0800 dn=0.0000 v13=0.0000 v15=0.7511 v16=0.0000 v17=0.0000 v18=0.0000 acc=0.9375 lr=2.99e-04 lambda=0.000 v18_lambda=0.000 gpu=3.0/15.8GB
[19:39:36] [train] ep=07 step=010/40 ce=1.3235 sc=1.2213 mi=0.0956 dn=0.0000 v13=0.0000 v15=1.0986 v16=0.0000 v17=0.0000 v18=0.0000 acc=0.9375 lr=2.99e-04 lambda=0.000 v18_lambda=0.000 gpu=3.0/15.8GB
[19:39:38] [train] ep=07 step=020/40 ce=1.4257 sc=1.2376 mi=0.0904 dn=0.0000 v13=0.0000 v15=1.1590 v16=0.0000 v17=0.0000 v18=0.0000 acc=0.9219 lr=2.99e-04 lambda=0.000 v18_lambda=0.000 gpu=3.0/15.8GB
[19:39:40] [train] ep=07 step=030/40 ce=1.3483 sc=1.2216 mi=0.0898 dn=0.0000 v13=0.0000 v15=1.1088 v16=0.0000 v17=0.0000 v18=0.0000 acc=0.9354 lr=2.99e-04 lambda=0.000 v18_lambda=0.000 gpu=3.0/15.8GB
[19:39:42] [train] ep=07 step=040/40 ce=1.4551 sc=1.2538 mi=0.0894 dn=0.0000 v13=0.0000 v15=1.1124 v16=0.0000 v17=0.0000 v18=0.0000 acc=0.9250 lr=2.99e-04 lambda=0.000 v18_lambda=0.000 gpu=3.0/15.8GB
[19:39:44] [ep_summary] ep=07/100 val_live=0.9136/0.9121 val_ema=0.2963/0.2185 test77_live=0.7014/0.6831 test77_diag_ema=0.1942/0.1149 v13=0.0000 v15=1.1124 v16=0.0000 v17=0.0000 v18=0.0000 das=stage1[10,24] p=0.35 ep_time=10.1s
[19:39:44] [save] best_sourceval_ema val_acc_ema=0.2963 source_val_live=0.9136/0.9121 source_val_ema=0.2963/0.2185 ep=7
[19:39:44] [save] best_sourcequalified77_ema ep=7 source_val_live=0.9136/0.9121 source_val_ema=0.2963/0.2185 test77_ema=0.1942/0.1149
[19:39:44] [train] epoch 8/100 steps=40 use_dann=0 das=stage1 f=[10.0,24.0] p=0.35 gpu=3.0/15.8GB
[19:39:45] [train] ep=08 step=001/40 ce=1.6352 sc=1.8856 mi=0.1034 dn=0.0000 v13=0.0000 v15=1.7110 v16=0.0000 v17=0.0000 v18=0.0000 acc=0.9375 lr=2.99e-04 lambda=0.000 v18_lambda=0.000 gpu=3.0/15.8GB
[19:39:46] [train] ep=08 step=010/40 ce=1.1015 sc=1.0561 mi=0.0925 dn=0.0000 v13=0.0000 v15=0.8767 v16=0.0000 v17=0.0000 v18=0.0000 acc=0.9375 lr=2.99e-04 lambda=0.000 v18_lambda=0.000 gpu=3.0/15.8GB
[19:39:48] [train] ep=08 step=020/40 ce=1.0352 sc=1.0602 mi=0.0879 dn=0.0000 v13=0.0000 v15=0.8564 v16=0.0000 v17=0.0000 v18=0.0000 acc=0.9500 lr=2.98e-04 lambda=0.000 v18_lambda=0.000 gpu=3.0/15.8GB
[19:39:50] [train] ep=08 step=030/40 ce=1.1645 sc=1.1157 mi=0.0875 dn=0.0000 v13=0.0000 v15=0.9073 v16=0.0000 v17=0.0000 v18=0.0000 acc=0.9354 lr=2.98e-04 lambda=0.000 v18_lambda=0.000 gpu=3.0/15.8GB
[19:39:52] [train] ep=08 step=040/40 ce=1.1093 sc=1.0566 mi=0.0857 dn=0.0000 v13=0.0000 v15=0.8617 v16=0.0000 v17=0.0000 v18=0.0000 acc=0.9391 lr=2.98e-04 lambda=0.000 v18_lambda=0.000 gpu=3.0/15.8GB
[19:39:54] [ep_summary] ep=08/100 val_live=0.9321/0.9316 val_ema=0.3642/0.3137 test77_live=0.7446/0.7394 test77_diag_ema=0.2122/0.1323 v13=0.0000 v15=0.8617 v16=0.0000 v17=0.0000 v18=0.0000 das=stage1[10,24] p=0.35 ep_time=10.1s
[19:39:54] [save] best_sourceval_ema val_acc_ema=0.3642 source_val_live=0.9321/0.9316 source_val_ema=0.3642/0.3137 ep=8
[19:39:54] [save] best_sourcequalified77_ema ep=8 source_val_live=0.9321/0.9316 source_val_ema=0.3642/0.3137 test77_ema=0.2122/0.1323
[19:39:54] [train] epoch 9/100 steps=40 use_dann=0 das=stage2 f=[10.0,50.0] p=0.70 gpu=3.0/15.8GB
[19:39:55] [train] ep=09 step=001/40 ce=1.6726 sc=1.3748 mi=0.0965 dn=0.0000 v13=0.0000 v15=1.2214 v16=0.0000 v17=0.0000 v18=0.0000 acc=0.8750 lr=2.98e-04 lambda=0.000 v18_lambda=0.000 gpu=3.0/15.8GB
[19:39:56] [train] ep=09 step=010/40 ce=1.5721 sc=1.2395 mi=0.0949 dn=0.0000 v13=0.0000 v15=1.0062 v16=0.0000 v17=0.0000 v18=0.0000 acc=0.9000 lr=2.98e-04 lambda=0.000 v18_lambda=0.000 gpu=3.0/15.8GB
[19:39:58] [train] ep=09 step=020/40 ce=1.5245 sc=1.1516 mi=0.0902 dn=0.0000 v13=0.0000 v15=0.9940 v16=0.0000 v17=0.0000 v18=0.0000 acc=0.9125 lr=2.98e-04 lambda=0.000 v18_lambda=0.000 gpu=3.0/15.8GB
[19:40:00] [train] ep=09 step=030/40 ce=1.2953 sc=1.0849 mi=0.0887 dn=0.0000 v13=0.0000 v15=0.9053 v16=0.0000 v17=0.0000 v18=0.0000 acc=0.9292 lr=2.97e-04 lambda=0.000 v18_lambda=0.000 gpu=3.0/15.8GB
[19:40:02] [train] ep=09 step=040/40 ce=1.1912 sc=1.0994 mi=0.0877 dn=0.0000 v13=0.0000 v15=0.8571 v16=0.0000 v17=0.0000 v18=0.0000 acc=0.9391 lr=2.97e-04 lambda=0.000 v18_lambda=0.000 gpu=3.0/15.8GB
[19:40:05] [ep_summary] ep=09/100 val_live=0.9568/0.9562 val_ema=0.4198/0.3742 test77_live=0.7878/0.7779 test77_diag_ema=0.2482/0.1742 v13=0.0000 v15=0.8571 v16=0.0000 v17=0.0000 v18=0.0000 das=stage2[10,50] p=0.70 ep_time=10.1s
[19:40:05] [save] best_sourceval_ema val_acc_ema=0.4198 source_val_live=0.9568/0.9562 source_val_ema=0.4198/0.3742 ep=9
[19:40:05] [save] best_sourcequalified77_ema ep=9 source_val_live=0.9568/0.9562 source_val_ema=0.4198/0.3742 test77_ema=0.2482/0.1742
[19:40:05] [train] epoch 10/100 steps=40 use_dann=0 das=stage2 f=[10.0,50.0] p=0.70 gpu=3.0/15.8GB
[19:40:05] [train] ep=10 step=001/40 ce=0.6903 sc=0.9855 mi=0.0955 dn=0.0000 v13=0.0000 v15=0.4522 v16=0.0000 v17=0.0000 v18=0.0000 acc=1.0000 lr=2.97e-04 lambda=0.000 v18_lambda=0.000 gpu=3.0/15.8GB
[19:40:06] [train] ep=10 step=010/40 ce=1.0791 sc=1.1689 mi=0.0890 dn=0.0000 v13=0.0000 v15=0.7713 v16=0.0000 v17=0.0000 v18=0.0000 acc=0.9625 lr=2.97e-04 lambda=0.000 v18_lambda=0.000 gpu=3.0/15.8GB
[19:40:08] [train] ep=10 step=020/40 ce=1.0602 sc=1.1632 mi=0.0885 dn=0.0000 v13=0.0000 v15=0.7633 v16=0.0000 v17=0.0000 v18=0.0000 acc=0.9531 lr=2.97e-04 lambda=0.000 v18_lambda=0.000 gpu=3.0/15.8GB
[19:40:10] [train] ep=10 step=030/40 ce=1.1917 sc=1.2116 mi=0.0862 dn=0.0000 v13=0.0000 v15=0.8341 v16=0.0000 v17=0.0000 v18=0.0000 acc=0.9437 lr=2.96e-04 lambda=0.000 v18_lambda=0.000 gpu=3.0/15.8GB
[19:40:12] [train] ep=10 step=040/40 ce=1.2235 sc=1.1893 mi=0.0852 dn=0.0000 v13=0.0000 v15=0.8424 v16=0.0000 v17=0.0000 v18=0.0000 acc=0.9437 lr=2.96e-04 lambda=0.000 v18_lambda=0.000 gpu=3.0/15.8GB
[19:40:15] [pool] check ep=010/100 source_val_acc_ema=0.4198 threshold=0.90
[19:40:15] [pool] ep=010 SKIP (source_val_acc_ema=0.4198 < 0.90)
[19:40:15] [ep_summary] ep=10/100 val_live=0.9444/0.9434 val_ema=0.4198/0.3785 test77_live=0.6367/0.5698 test77_diag_ema=0.3417/0.2777 v13=0.0000 v15=0.8424 v16=0.0000 v17=0.0000 v18=0.0000 das=stage2[10,50] p=0.70 ep_time=10.1s
[19:40:15] [save] best_sourcequalified77_ema ep=10 source_val_live=0.9444/0.9434 source_val_ema=0.4198/0.3785 test77_ema=0.3417/0.2777
[19:40:15] [strict77_monitor] ep=10 best_source_epoch=9 source_val_ema=0.4198/0.3742 test77_ema_diag=0.2482/0.1742 sourcequalified_count=10 best_sourcequalified77_epoch=10 source_val_ema=0.4198/0.3785 test77_ema=0.3417/0.2777
[19:40:15] [train] epoch 11/100 steps=40 use_dann=0 das=stage2 f=[10.0,50.0] p=0.70 gpu=3.0/15.8GB
[19:40:15] [train] ep=11 step=001/40 ce=0.9428 sc=0.4556 mi=0.0742 dn=0.0000 v13=0.0000 v15=0.6792 v16=0.0000 v17=0.0000 v18=0.0000 acc=0.9375 lr=2.96e-04 lambda=0.000 v18_lambda=0.000 gpu=3.0/15.8GB
[19:40:17] [train] ep=11 step=010/40 ce=0.8351 sc=1.0019 mi=0.0822 dn=0.0000 v13=0.0000 v15=0.6542 v16=0.0000 v17=0.0000 v18=0.0000 acc=0.9688 lr=2.96e-04 lambda=0.000 v18_lambda=0.000 gpu=3.0/15.8GB
[19:40:18] [train] ep=11 step=020/40 ce=0.8176 sc=1.0057 mi=0.0818 dn=0.0000 v13=0.0000 v15=0.5840 v16=0.0000 v17=0.0000 v18=0.0000 acc=0.9688 lr=2.96e-04 lambda=0.000 v18_lambda=0.000 gpu=3.0/15.8GB
[19:40:20] [train] ep=11 step=030/40 ce=0.7663 sc=1.0259 mi=0.0797 dn=0.0000 v13=0.0000 v15=0.5885 v16=0.0000 v17=0.0000 v18=0.0000 acc=0.9729 lr=2.95e-04 lambda=0.000 v18_lambda=0.000 gpu=3.0/15.8GB
[19:40:22] [train] ep=11 step=040/40 ce=0.8248 sc=1.0385 mi=0.0797 dn=0.0000 v13=0.0000 v15=0.6216 v16=0.0000 v17=0.0000 v18=0.0000 acc=0.9688 lr=2.95e-04 lambda=0.000 v18_lambda=0.000 gpu=3.0/15.8GB
[19:40:25] [ep_summary] ep=11/100 val_live=0.9568/0.9579 val_ema=0.4383/0.4003 test77_live=0.7338/0.7014 test77_diag_ema=0.2986/0.2433 v13=0.0000 v15=0.6216 v16=0.0000 v17=0.0000 v18=0.0000 das=stage2[10,50] p=0.70 ep_time=10.1s
[19:40:25] [save] best_sourceval_ema val_acc_ema=0.4383 source_val_live=0.9568/0.9579 source_val_ema=0.4383/0.4003 ep=11
[19:40:25] [train] epoch 12/100 steps=40 use_dann=0 das=stage2 f=[10.0,50.0] p=0.70 gpu=3.0/15.8GB
[19:40:25] [train] ep=12 step=001/40 ce=1.2951 sc=1.1217 mi=0.0784 dn=0.0000 v13=0.0000 v15=0.7251 v16=0.0000 v17=0.0000 v18=0.0000 acc=0.9375 lr=2.95e-04 lambda=0.000 v18_lambda=0.000 gpu=3.0/15.8GB
[19:40:27] [train] ep=12 step=010/40 ce=0.7013 sc=0.9309 mi=0.0734 dn=0.0000 v13=0.0000 v15=0.5232 v16=0.0000 v17=0.0000 v18=0.0000 acc=0.9812 lr=2.95e-04 lambda=0.000 v18_lambda=0.000 gpu=3.0/15.8GB
[19:40:29] [train] ep=12 step=020/40 ce=0.7486 sc=0.9295 mi=0.0726 dn=0.0000 v13=0.0000 v15=0.5275 v16=0.0000 v17=0.0000 v18=0.0000 acc=0.9781 lr=2.94e-04 lambda=0.000 v18_lambda=0.000 gpu=3.0/15.8GB
[19:40:30] [train] ep=12 step=030/40 ce=0.7101 sc=0.9729 mi=0.0739 dn=0.0000 v13=0.0000 v15=0.4877 v16=0.0000 v17=0.0000 v18=0.0000 acc=0.9792 lr=2.94e-04 lambda=0.000 v18_lambda=0.000 gpu=3.0/15.8GB
[19:40:32] [train] ep=12 step=040/40 ce=0.6790 sc=0.9369 mi=0.0746 dn=0.0000 v13=0.0000 v15=0.4852 v16=0.0000 v17=0.0000 v18=0.0000 acc=0.9797 lr=2.94e-04 lambda=0.000 v18_lambda=0.000 gpu=3.0/15.8GB
[19:40:35] [ep_summary] ep=12/100 val_live=0.9691/0.9703 val_ema=0.4691/0.4336 test77_live=0.6763/0.6326 test77_diag_ema=0.2302/0.1767 v13=0.0000 v15=0.4852 v16=0.0000 v17=0.0000 v18=0.0000 das=stage2[10,50] p=0.70 ep_time=10.1s
[19:40:35] [save] best_sourceval_ema val_acc_ema=0.4691 source_val_live=0.9691/0.9703 source_val_ema=0.4691/0.4336 ep=12
[19:40:35] [train] epoch 13/100 steps=40 use_dann=0 das=stage2 f=[10.0,50.0] p=0.70 gpu=3.0/15.8GB
[19:40:35] [train] ep=13 step=001/40 ce=0.8093 sc=1.0772 mi=0.0854 dn=0.0000 v13=0.0000 v15=0.4727 v16=0.0000 v17=0.0000 v18=0.0000 acc=0.9375 lr=2.94e-04 lambda=0.000 v18_lambda=0.000 gpu=3.0/15.8GB
[19:40:37] [train] ep=13 step=010/40 ce=0.5001 sc=0.8732 mi=0.0785 dn=0.0000 v13=0.0000 v15=0.4264 v16=0.0000 v17=0.0000 v18=0.0000 acc=0.9875 lr=2.93e-04 lambda=0.000 v18_lambda=0.000 gpu=3.0/15.8GB
[19:40:39] [train] ep=13 step=020/40 ce=0.5720 sc=0.9339 mi=0.0779 dn=0.0000 v13=0.0000 v15=0.4681 v16=0.0000 v17=0.0000 v18=0.0000 acc=0.9875 lr=2.93e-04 lambda=0.000 v18_lambda=0.000 gpu=3.0/15.8GB
[19:40:41] [train] ep=13 step=030/40 ce=0.6392 sc=0.8900 mi=0.0775 dn=0.0000 v13=0.0000 v15=0.4828 v16=0.0000 v17=0.0000 v18=0.0000 acc=0.9812 lr=2.93e-04 lambda=0.000 v18_lambda=0.000 gpu=3.0/15.8GB
[19:40:42] [train] ep=13 step=040/40 ce=0.6854 sc=0.9137 mi=0.0764 dn=0.0000 v13=0.0000 v15=0.5167 v16=0.0000 v17=0.0000 v18=0.0000 acc=0.9781 lr=2.92e-04 lambda=0.000 v18_lambda=0.000 gpu=3.0/15.8GB
[19:40:45] [ep_summary] ep=13/100 val_live=0.9444/0.9454 val_ema=0.5062/0.4761 test77_live=0.6906/0.6845 test77_diag_ema=0.2014/0.1365 v13=0.0000 v15=0.5167 v16=0.0000 v17=0.0000 v18=0.0000 das=stage2[10,50] p=0.70 ep_time=10.1s
[19:40:45] [save] best_sourceval_ema val_acc_ema=0.5062 source_val_live=0.9444/0.9454 source_val_ema=0.5062/0.4761 ep=13
[19:40:45] [train] epoch 14/100 steps=40 use_dann=0 das=stage2 f=[10.0,50.0] p=0.70 gpu=3.0/15.8GB
[19:40:45] [train] ep=14 step=001/40 ce=1.4300 sc=1.6956 mi=0.0699 dn=0.0000 v13=0.0000 v15=1.0441 v16=0.0000 v17=0.0000 v18=0.0000 acc=0.9375 lr=2.92e-04 lambda=0.000 v18_lambda=0.000 gpu=3.0/15.8GB
[19:40:47] [train] ep=14 step=010/40 ce=0.7299 sc=1.0584 mi=0.0725 dn=0.0000 v13=0.0000 v15=0.5620 v16=0.0000 v17=0.0000 v18=0.0000 acc=0.9625 lr=2.92e-04 lambda=0.000 v18_lambda=0.000 gpu=3.0/15.8GB
[19:40:49] [train] ep=14 step=020/40 ce=0.7511 sc=0.9939 mi=0.0713 dn=0.0000 v13=0.0000 v15=0.5642 v16=0.0000 v17=0.0000 v18=0.0000 acc=0.9625 lr=2.91e-04 lambda=0.000 v18_lambda=0.000 gpu=3.0/15.8GB
[19:40:51] [train] ep=14 step=030/40 ce=0.6996 sc=0.9814 mi=0.0709 dn=0.0000 v13=0.0000 v15=0.5228 v16=0.0000 v17=0.0000 v18=0.0000 acc=0.9688 lr=2.91e-04 lambda=0.000 v18_lambda=0.000 gpu=3.0/15.8GB
[19:40:53] [train] ep=14 step=040/40 ce=0.6632 sc=0.9575 mi=0.0713 dn=0.0000 v13=0.0000 v15=0.5168 v16=0.0000 v17=0.0000 v18=0.0000 acc=0.9703 lr=2.91e-04 lambda=0.000 v18_lambda=0.000 gpu=3.0/15.8GB
[19:40:55] [ep_summary] ep=14/100 val_live=0.9630/0.9640 val_ema=0.5432/0.5161 test77_live=0.7194/0.7009 test77_diag_ema=0.1942/0.1254 v13=0.0000 v15=0.5168 v16=0.0000 v17=0.0000 v18=0.0000 das=stage2[10,50] p=0.70 ep_time=10.2s
[19:40:55] [save] best_sourceval_ema val_acc_ema=0.5432 source_val_live=0.9630/0.9640 source_val_ema=0.5432/0.5161 ep=14
[19:40:55] [train] epoch 15/100 steps=40 use_dann=0 das=stage2 f=[10.0,50.0] p=0.70 gpu=3.0/15.8GB
[19:40:56] [train] ep=15 step=001/40 ce=0.2906 sc=0.9108 mi=0.0756 dn=0.0000 v13=0.0000 v15=0.1754 v16=0.0000 v17=0.0000 v18=0.0000 acc=1.0000 lr=2.91e-04 lambda=0.000 v18_lambda=0.000 gpu=3.0/15.8GB
[19:40:57] [train] ep=15 step=010/40 ce=0.6174 sc=0.9464 mi=0.0705 dn=0.0000 v13=0.0000 v15=0.5340 v16=0.0000 v17=0.0000 v18=0.0000 acc=0.9750 lr=2.90e-04 lambda=0.000 v18_lambda=0.000 gpu=3.0/15.8GB
[19:40:59] [train] ep=15 step=020/40 ce=0.5967 sc=0.9026 mi=0.0726 dn=0.0000 v13=0.0000 v15=0.4659 v16=0.0000 v17=0.0000 v18=0.0000 acc=0.9781 lr=2.90e-04 lambda=0.000 v18_lambda=0.000 gpu=3.0/15.8GB
[19:41:01] [train] ep=15 step=030/40 ce=0.6269 sc=0.9514 mi=0.0707 dn=0.0000 v13=0.0000 v15=0.4697 v16=0.0000 v17=0.0000 v18=0.0000 acc=0.9729 lr=2.89e-04 lambda=0.000 v18_lambda=0.000 gpu=3.0/15.8GB
[19:41:03] [train] ep=15 step=040/40 ce=0.5788 sc=0.8933 mi=0.0699 dn=0.0000 v13=0.0000 v15=0.4653 v16=0.0000 v17=0.0000 v18=0.0000 acc=0.9781 lr=2.89e-04 lambda=0.000 v18_lambda=0.000 gpu=3.0/15.8GB
[19:41:05] [ep_summary] ep=15/100 val_live=0.9630/0.9631 val_ema=0.5926/0.5663 test77_live=0.7662/0.7417 test77_diag_ema=0.1799/0.1042 v13=0.0000 v15=0.4653 v16=0.0000 v17=0.0000 v18=0.0000 das=stage2[10,50] p=0.70 ep_time=10.2s
[19:41:06] [save] best_sourceval_ema val_acc_ema=0.5926 source_val_live=0.9630/0.9631 source_val_ema=0.5926/0.5663 ep=15
[19:41:06] [train] epoch 16/100 steps=40 use_dann=0 das=stage2 f=[10.0,50.0] p=0.70 gpu=3.0/15.8GB
[19:41:06] [train] ep=16 step=001/40 ce=0.2857 sc=0.4507 mi=0.0637 dn=0.0000 v13=0.0000 v15=0.2771 v16=0.0000 v17=0.0000 v18=0.0000 acc=1.0000 lr=2.89e-04 lambda=0.000 v18_lambda=0.000 gpu=3.0/15.8GB
[19:41:07] [train] ep=16 step=010/40 ce=0.4420 sc=0.8127 mi=0.0693 dn=0.0000 v13=0.0000 v15=0.3277 v16=0.0000 v17=0.0000 v18=0.0000 acc=0.9938 lr=2.88e-04 lambda=0.000 v18_lambda=0.000 gpu=3.0/15.8GB
[19:41:09] [train] ep=16 step=020/40 ce=0.4859 sc=0.9069 mi=0.0694 dn=0.0000 v13=0.0000 v15=0.3247 v16=0.0000 v17=0.0000 v18=0.0000 acc=0.9875 lr=2.88e-04 lambda=0.000 v18_lambda=0.000 gpu=3.0/15.8GB
[19:41:11] [train] ep=16 step=030/40 ce=0.4305 sc=0.8654 mi=0.0695 dn=0.0000 v13=0.0000 v15=0.2974 v16=0.0000 v17=0.0000 v18=0.0000 acc=0.9917 lr=2.87e-04 lambda=0.000 v18_lambda=0.000 gpu=3.0/15.8GB
[19:41:13] [train] ep=16 step=040/40 ce=0.4400 sc=0.8643 mi=0.0696 dn=0.0000 v13=0.0000 v15=0.3025 v16=0.0000 v17=0.0000 v18=0.0000 acc=0.9906 lr=2.87e-04 lambda=0.000 v18_lambda=0.000 gpu=3.0/15.8GB
[19:41:16] [ep_summary] ep=16/100 val_live=0.9630/0.9633 val_ema=0.6049/0.5777 test77_live=0.7590/0.7351 test77_diag_ema=0.1763/0.0951 v13=0.0000 v15=0.3025 v16=0.0000 v17=0.0000 v18=0.0000 das=stage2[10,50] p=0.70 ep_time=10.1s
[19:41:16] [save] best_sourceval_ema val_acc_ema=0.6049 source_val_live=0.9630/0.9633 source_val_ema=0.6049/0.5777 ep=16
[19:41:16] [train] epoch 17/100 steps=40 use_dann=0 das=stage2 f=[10.0,50.0] p=0.70 gpu=3.0/15.8GB
[19:41:16] [train] ep=17 step=001/40 ce=0.3155 sc=0.6281 mi=0.0652 dn=0.0000 v13=0.0000 v15=0.1989 v16=0.0000 v17=0.0000 v18=0.0000 acc=1.0000 lr=2.87e-04 lambda=0.000 v18_lambda=0.000 gpu=3.0/15.8GB
[19:41:18] [train] ep=17 step=010/40 ce=0.4003 sc=0.8997 mi=0.0685 dn=0.0000 v13=0.0000 v15=0.2555 v16=0.0000 v17=0.0000 v18=0.0000 acc=0.9938 lr=2.86e-04 lambda=0.000 v18_lambda=0.000 gpu=3.0/15.8GB
[19:41:19] [train] ep=17 step=020/40 ce=0.3989 sc=0.8182 mi=0.0682 dn=0.0000 v13=0.0000 v15=0.2629 v16=0.0000 v17=0.0000 v18=0.0000 acc=0.9906 lr=2.86e-04 lambda=0.000 v18_lambda=0.000 gpu=3.0/15.8GB
[19:41:21] [train] ep=17 step=030/40 ce=0.4135 sc=0.8133 mi=0.0676 dn=0.0000 v13=0.0000 v15=0.2855 v16=0.0000 v17=0.0000 v18=0.0000 acc=0.9896 lr=2.85e-04 lambda=0.000 v18_lambda=0.000 gpu=3.0/15.8GB
[19:41:23] [train] ep=17 step=040/40 ce=0.4368 sc=0.8310 mi=0.0679 dn=0.0000 v13=0.0000 v15=0.3060 v16=0.0000 v17=0.0000 v18=0.0000 acc=0.9875 lr=2.85e-04 lambda=0.000 v18_lambda=0.000 gpu=3.0/15.8GB
[19:41:26] [ep_summary] ep=17/100 val_live=0.9691/0.9687 val_ema=0.6481/0.6148 test77_live=0.7194/0.6741 test77_diag_ema=0.1763/0.0951 v13=0.0000 v15=0.3060 v16=0.0000 v17=0.0000 v18=0.0000 das=stage2[10,50] p=0.70 ep_time=10.1s
[19:41:26] [save] best_sourceval_ema val_acc_ema=0.6481 source_val_live=0.9691/0.9687 source_val_ema=0.6481/0.6148 ep=17
[19:41:26] [train] epoch 18/100 steps=40 use_dann=0 das=stage2 f=[10.0,50.0] p=0.70 gpu=3.0/15.8GB
[19:41:26] [train] ep=18 step=001/40 ce=0.2858 sc=0.4526 mi=0.0647 dn=0.0000 v13=0.0000 v15=0.3381 v16=0.0000 v17=0.0000 v18=0.0000 acc=1.0000 lr=2.85e-04 lambda=0.000 v18_lambda=0.000 gpu=3.0/15.8GB
[19:41:28] [train] ep=18 step=010/40 ce=0.6177 sc=0.8704 mi=0.0712 dn=0.0000 v13=0.0000 v15=0.3698 v16=0.0000 v17=0.0000 v18=0.0000 acc=0.9812 lr=2.84e-04 lambda=0.000 v18_lambda=0.000 gpu=3.0/15.8GB
[19:41:29] [train] ep=18 step=020/40 ce=0.5709 sc=0.8656 mi=0.0708 dn=0.0000 v13=0.0000 v15=0.3478 v16=0.0000 v17=0.0000 v18=0.0000 acc=0.9812 lr=2.84e-04 lambda=0.000 v18_lambda=0.000 gpu=3.0/15.8GB
[19:41:31] [train] ep=18 step=030/40 ce=0.5514 sc=0.8486 mi=0.0703 dn=0.0000 v13=0.0000 v15=0.3444 v16=0.0000 v17=0.0000 v18=0.0000 acc=0.9792 lr=2.83e-04 lambda=0.000 v18_lambda=0.000 gpu=3.0/15.8GB
[19:41:33] [train] ep=18 step=040/40 ce=0.5209 sc=0.8822 mi=0.0690 dn=0.0000 v13=0.0000 v15=0.3256 v16=0.0000 v17=0.0000 v18=0.0000 acc=0.9828 lr=2.83e-04 lambda=0.000 v18_lambda=0.000 gpu=3.0/15.8GB
[19:41:36] [ep_summary] ep=18/100 val_live=0.9444/0.9424 val_ema=0.6852/0.6528 test77_live=0.6691/0.6267 test77_diag_ema=0.1799/0.0998 v13=0.0000 v15=0.3256 v16=0.0000 v17=0.0000 v18=0.0000 das=stage2[10,50] p=0.70 ep_time=10.1s
[19:41:36] [save] best_sourceval_ema val_acc_ema=0.6852 source_val_live=0.9444/0.9424 source_val_ema=0.6852/0.6528 ep=18
[19:41:36] [train] epoch 19/100 steps=40 use_dann=0 das=stage2 f=[10.0,50.0] p=0.70 gpu=3.0/15.8GB
[19:41:36] [train] ep=19 step=001/40 ce=0.2746 sc=0.9238 mi=0.0598 dn=0.0000 v13=0.0000 v15=0.1636 v16=0.0000 v17=0.0000 v18=0.0000 acc=1.0000 lr=2.83e-04 lambda=0.000 v18_lambda=0.000 gpu=3.0/15.8GB
[19:41:38] [train] ep=19 step=010/40 ce=0.3576 sc=0.8528 mi=0.0667 dn=0.0000 v13=0.0000 v15=0.3178 v16=0.0000 v17=0.0000 v18=0.0000 acc=1.0000 lr=2.82e-04 lambda=0.000 v18_lambda=0.000 gpu=3.0/15.8GB
[19:41:40] [train] ep=19 step=020/40 ce=0.3662 sc=0.8517 mi=0.0666 dn=0.0000 v13=0.0000 v15=0.3241 v16=0.0000 v17=0.0000 v18=0.0000 acc=0.9969 lr=2.82e-04 lambda=0.000 v18_lambda=0.000 gpu=3.0/15.8GB
[19:41:41] [train] ep=19 step=030/40 ce=0.3989 sc=0.8875 mi=0.0655 dn=0.0000 v13=0.0000 v15=0.3081 v16=0.0000 v17=0.0000 v18=0.0000 acc=0.9938 lr=2.81e-04 lambda=0.000 v18_lambda=0.000 gpu=3.0/15.8GB
[19:41:43] [train] ep=19 step=040/40 ce=0.4551 sc=0.9305 mi=0.0662 dn=0.0000 v13=0.0000 v15=0.3344 v16=0.0000 v17=0.0000 v18=0.0000 acc=0.9906 lr=2.80e-04 lambda=0.000 v18_lambda=0.000 gpu=3.0/15.8GB
[19:41:46] [ep_summary] ep=19/100 val_live=0.9568/0.9567 val_ema=0.6914/0.6570 test77_live=0.7230/0.6839 test77_diag_ema=0.1906/0.1145 v13=0.0000 v15=0.3344 v16=0.0000 v17=0.0000 v18=0.0000 das=stage2[10,50] p=0.70 ep_time=10.1s
[19:41:46] [save] best_sourceval_ema val_acc_ema=0.6914 source_val_live=0.9568/0.9567 source_val_ema=0.6914/0.6570 ep=19
[19:41:46] [train] epoch 20/100 steps=40 use_dann=0 das=stage2 f=[10.0,50.0] p=0.70 gpu=3.0/15.8GB
[19:41:46] [train] ep=20 step=001/40 ce=0.2742 sc=0.4718 mi=0.0550 dn=0.0000 v13=0.0000 v15=0.1556 v16=0.0000 v17=0.0000 v18=0.0000 acc=1.0000 lr=2.80e-04 lambda=0.000 v18_lambda=0.000 gpu=3.0/15.8GB
[19:41:48] [train] ep=20 step=010/40 ce=0.4307 sc=0.8215 mi=0.0655 dn=0.0000 v13=0.0000 v15=0.2819 v16=0.0000 v17=0.0000 v18=0.0000 acc=0.9875 lr=2.80e-04 lambda=0.000 v18_lambda=0.000 gpu=3.0/15.8GB
[19:41:50] [train] ep=20 step=020/40 ce=0.4478 sc=0.8441 mi=0.0655 dn=0.0000 v13=0.0000 v15=0.3011 v16=0.0000 v17=0.0000 v18=0.0000 acc=0.9875 lr=2.79e-04 lambda=0.000 v18_lambda=0.000 gpu=3.0/15.8GB
[19:41:52] [train] ep=20 step=030/40 ce=0.4545 sc=0.8510 mi=0.0644 dn=0.0000 v13=0.0000 v15=0.3105 v16=0.0000 v17=0.0000 v18=0.0000 acc=0.9917 lr=2.79e-04 lambda=0.000 v18_lambda=0.000 gpu=3.0/15.8GB
[19:41:54] [train] ep=20 step=040/40 ce=0.4736 sc=0.8551 mi=0.0645 dn=0.0000 v13=0.0000 v15=0.3303 v16=0.0000 v17=0.0000 v18=0.0000 acc=0.9906 lr=2.78e-04 lambda=0.000 v18_lambda=0.000 gpu=3.0/15.8GB
[19:41:56] [pool] check ep=020/100 source_val_acc_ema=0.7160 threshold=0.90
[19:41:56] [pool] ep=020 SKIP (source_val_acc_ema=0.7160 < 0.90)
[19:41:56] [ep_summary] ep=20/100 val_live=0.9568/0.9572 val_ema=0.7160/0.6842 test77_live=0.7302/0.6919 test77_diag_ema=0.1942/0.1159 v13=0.0000 v15=0.3303 v16=0.0000 v17=0.0000 v18=0.0000 das=stage2[10,50] p=0.70 ep_time=10.3s
[19:41:56] [save] best_sourceval_ema val_acc_ema=0.7160 source_val_live=0.9568/0.9572 source_val_ema=0.7160/0.6842 ep=20
[19:41:56] [strict77_monitor] ep=20 best_source_epoch=20 source_val_ema=0.7160/0.6842 test77_ema_diag=0.1942/0.1159 sourcequalified_count=20 best_sourcequalified77_epoch=10 source_val_ema=0.4198/0.3785 test77_ema=0.3417/0.2777
[19:41:56] [train] epoch 21/100 steps=40 use_dann=0 das=stage2 f=[10.0,50.0] p=0.70 gpu=3.0/15.8GB
[19:41:57] [train] ep=21 step=001/40 ce=0.2815 sc=0.6600 mi=0.0645 dn=0.0000 v13=0.0000 v15=0.2862 v16=0.0000 v17=0.0000 v18=0.0000 acc=1.0000 lr=2.78e-04 lambda=0.000 v18_lambda=0.000 gpu=3.0/15.8GB
[19:41:59] [train] ep=21 step=010/40 ce=0.3339 sc=0.8142 mi=0.0682 dn=0.0000 v13=0.0000 v15=0.2773 v16=0.0000 v17=0.0000 v18=0.0000 acc=1.0000 lr=2.77e-04 lambda=0.000 v18_lambda=0.000 gpu=3.0/15.8GB
[19:42:01] [train] ep=21 step=020/40 ce=0.3190 sc=0.8553 mi=0.0667 dn=0.0000 v13=0.0000 v15=0.2638 v16=0.0000 v17=0.0000 v18=0.0000 acc=1.0000 lr=2.77e-04 lambda=0.000 v18_lambda=0.000 gpu=3.0/15.8GB
[19:42:03] [train] ep=21 step=030/40 ce=0.3661 sc=0.8593 mi=0.0679 dn=0.0000 v13=0.0000 v15=0.2735 v16=0.0000 v17=0.0000 v18=0.0000 acc=0.9958 lr=2.76e-04 lambda=0.000 v18_lambda=0.000 gpu=3.0/15.8GB
[19:42:05] [train] ep=21 step=040/40 ce=0.3682 sc=0.8706 mi=0.0677 dn=0.0000 v13=0.0000 v15=0.2603 v16=0.0000 v17=0.0000 v18=0.0000 acc=0.9953 lr=2.75e-04 lambda=0.000 v18_lambda=0.000 gpu=3.0/15.8GB
[19:42:08] [ep_summary] ep=21/100 val_live=0.9691/0.9689 val_ema=0.7469/0.7251 test77_live=0.6511/0.6417 test77_diag_ema=0.2014/0.1248 v13=0.0000 v15=0.2603 v16=0.0000 v17=0.0000 v18=0.0000 das=stage2[10,50] p=0.70 ep_time=11.8s
[19:42:08] [save] best_sourceval_ema val_acc_ema=0.7469 source_val_live=0.9691/0.9689 source_val_ema=0.7469/0.7251 ep=21
[19:42:08] [train] epoch 22/100 steps=40 use_dann=0 das=stage2 f=[10.0,50.0] p=0.70 gpu=3.0/15.8GB
[19:42:08] [train] ep=22 step=001/40 ce=0.9082 sc=1.0034 mi=0.0644 dn=0.0000 v13=0.0000 v15=0.4741 v16=0.0000 v17=0.0000 v18=0.0000 acc=0.9375 lr=2.75e-04 lambda=0.000 v18_lambda=0.000 gpu=3.0/15.8GB
[19:42:10] [train] ep=22 step=010/40 ce=0.5510 sc=0.8747 mi=0.0677 dn=0.0000 v13=0.0000 v15=0.2985 v16=0.0000 v17=0.0000 v18=0.0000 acc=0.9812 lr=2.75e-04 lambda=0.000 v18_lambda=0.000 gpu=3.0/15.8GB
[19:42:13] [train] ep=22 step=020/40 ce=0.5562 sc=0.9336 mi=0.0669 dn=0.0000 v13=0.0000 v15=0.3365 v16=0.0000 v17=0.0000 v18=0.0000 acc=0.9812 lr=2.74e-04 lambda=0.000 v18_lambda=0.000 gpu=3.0/15.8GB
[19:42:15] [train] ep=22 step=030/40 ce=0.5007 sc=0.9350 mi=0.0664 dn=0.0000 v13=0.0000 v15=0.3372 v16=0.0000 v17=0.0000 v18=0.0000 acc=0.9854 lr=2.73e-04 lambda=0.000 v18_lambda=0.000 gpu=3.0/15.8GB
[19:42:17] [train] ep=22 step=040/40 ce=0.4791 sc=0.9337 mi=0.0659 dn=0.0000 v13=0.0000 v15=0.3243 v16=0.0000 v17=0.0000 v18=0.0000 acc=0.9875 lr=2.73e-04 lambda=0.000 v18_lambda=0.000 gpu=3.0/15.8GB
[19:42:19] [ep_summary] ep=22/100 val_live=0.9630/0.9635 val_ema=0.7593/0.7404 test77_live=0.7158/0.6794 test77_diag_ema=0.2086/0.1295 v13=0.0000 v15=0.3243 v16=0.0000 v17=0.0000 v18=0.0000 das=stage2[10,50] p=0.70 ep_time=11.2s
[19:42:19] [save] best_sourceval_ema val_acc_ema=0.7593 source_val_live=0.9630/0.9635 source_val_ema=0.7593/0.7404 ep=22
[19:42:19] [train] epoch 23/100 steps=40 use_dann=0 das=stage2 f=[10.0,50.0] p=0.70 gpu=3.0/15.8GB
[19:42:20] [train] ep=23 step=001/40 ce=0.2845 sc=0.9373 mi=0.0752 dn=0.0000 v13=0.0000 v15=0.1599 v16=0.0000 v17=0.0000 v18=0.0000 acc=1.0000 lr=2.72e-04 lambda=0.000 v18_lambda=0.000 gpu=3.0/15.8GB
[19:42:22] [train] ep=23 step=010/40 ce=0.4085 sc=0.7606 mi=0.0651 dn=0.0000 v13=0.0000 v15=0.2893 v16=0.0000 v17=0.0000 v18=0.0000 acc=0.9938 lr=2.72e-04 lambda=0.000 v18_lambda=0.000 gpu=3.0/15.8GB
[19:42:24] [train] ep=23 step=020/40 ce=0.4014 sc=0.7403 mi=0.0657 dn=0.0000 v13=0.0000 v15=0.2809 v16=0.0000 v17=0.0000 v18=0.0000 acc=0.9938 lr=2.71e-04 lambda=0.000 v18_lambda=0.000 gpu=3.0/15.8GB
[19:42:26] [train] ep=23 step=030/40 ce=0.4674 sc=0.7783 mi=0.0653 dn=0.0000 v13=0.0000 v15=0.2984 v16=0.0000 v17=0.0000 v18=0.0000 acc=0.9917 lr=2.70e-04 lambda=0.000 v18_lambda=0.000 gpu=3.0/15.8GB
[19:42:27] [train] ep=23 step=040/40 ce=0.4502 sc=0.7839 mi=0.0649 dn=0.0000 v13=0.0000 v15=0.2941 v16=0.0000 v17=0.0000 v18=0.0000 acc=0.9922 lr=2.70e-04 lambda=0.000 v18_lambda=0.000 gpu=3.0/15.8GB
[19:42:30] [ep_summary] ep=23/100 val_live=0.9568/0.9578 val_ema=0.7840/0.7727 test77_live=0.6799/0.6737 test77_diag_ema=0.2194/0.1351 v13=0.0000 v15=0.2941 v16=0.0000 v17=0.0000 v18=0.0000 das=stage2[10,50] p=0.70 ep_time=10.7s
[19:42:30] [save] best_sourceval_ema val_acc_ema=0.7840 source_val_live=0.9568/0.9578 source_val_ema=0.7840/0.7727 ep=23
[19:42:30] [train] epoch 24/100 steps=40 use_dann=0 das=stage2 f=[10.0,50.0] p=0.70 gpu=3.0/15.8GB
[19:42:30] [train] ep=24 step=001/40 ce=0.2745 sc=0.6520 mi=0.0587 dn=0.0000 v13=0.0000 v15=0.1837 v16=0.0000 v17=0.0000 v18=0.0000 acc=1.0000 lr=2.70e-04 lambda=0.000 v18_lambda=0.000 gpu=3.0/15.8GB
[19:42:32] [train] ep=24 step=010/40 ce=0.7141 sc=0.9234 mi=0.0649 dn=0.0000 v13=0.0000 v15=0.4365 v16=0.0000 v17=0.0000 v18=0.0000 acc=0.9688 lr=2.69e-04 lambda=0.000 v18_lambda=0.000 gpu=3.0/15.8GB
[19:42:34] [train] ep=24 step=020/40 ce=0.6061 sc=0.8861 mi=0.0635 dn=0.0000 v13=0.0000 v15=0.3950 v16=0.0000 v17=0.0000 v18=0.0000 acc=0.9750 lr=2.68e-04 lambda=0.000 v18_lambda=0.000 gpu=3.0/15.8GB
[19:42:36] [train] ep=24 step=030/40 ce=0.5616 sc=0.8919 mi=0.0632 dn=0.0000 v13=0.0000 v15=0.3841 v16=0.0000 v17=0.0000 v18=0.0000 acc=0.9792 lr=2.67e-04 lambda=0.000 v18_lambda=0.000 gpu=3.0/15.8GB
[19:42:38] [train] ep=24 step=040/40 ce=0.5190 sc=0.8793 mi=0.0640 dn=0.0000 v13=0.0000 v15=0.3616 v16=0.0000 v17=0.0000 v18=0.0000 acc=0.9844 lr=2.67e-04 lambda=0.000 v18_lambda=0.000 gpu=3.0/15.8GB
[19:42:40] [ep_summary] ep=24/100 val_live=0.9815/0.9820 val_ema=0.8025/0.7891 test77_live=0.6763/0.6290 test77_diag_ema=0.2302/0.1439 v13=0.0000 v15=0.3616 v16=0.0000 v17=0.0000 v18=0.0000 das=stage2[10,50] p=0.70 ep_time=10.1s
[19:42:40] [save] best_sourceval_ema val_acc_ema=0.8025 source_val_live=0.9815/0.9820 source_val_ema=0.8025/0.7891 ep=24
[19:42:40] [train] epoch 25/100 steps=40 use_dann=0 das=stage3 f=[12.0,95.0] p=1.00 gpu=3.0/15.8GB
[19:42:40] [train] ep=25 step=001/40 ce=0.5655 sc=0.7378 mi=0.0739 dn=0.0000 v13=0.0000 v15=0.3912 v16=0.0000 v17=0.0000 v18=0.0000 acc=1.0000 lr=2.67e-04 lambda=0.000 v18_lambda=0.000 gpu=3.0/15.8GB
[19:42:42] [train] ep=25 step=010/40 ce=0.4840 sc=0.8515 mi=0.0763 dn=0.0000 v13=0.0000 v15=0.3516 v16=0.0000 v17=0.0000 v18=0.0000 acc=0.9938 lr=2.66e-04 lambda=0.000 v18_lambda=0.000 gpu=3.0/15.8GB
[19:42:44] [train] ep=25 step=020/40 ce=0.4011 sc=0.8140 mi=0.0731 dn=0.0000 v13=0.0000 v15=0.3045 v16=0.0000 v17=0.0000 v18=0.0000 acc=0.9969 lr=2.65e-04 lambda=0.000 v18_lambda=0.000 gpu=3.0/15.8GB
[19:42:46] [train] ep=25 step=030/40 ce=0.3985 sc=0.8202 mi=0.0720 dn=0.0000 v13=0.0000 v15=0.3041 v16=0.0000 v17=0.0000 v18=0.0000 acc=0.9979 lr=2.64e-04 lambda=0.000 v18_lambda=0.000 gpu=3.0/15.8GB
[19:42:48] [train] ep=25 step=040/40 ce=0.4137 sc=0.8488 mi=0.0710 dn=0.0000 v13=0.0000 v15=0.3026 v16=0.0000 v17=0.0000 v18=0.0000 acc=0.9953 lr=2.64e-04 lambda=0.000 v18_lambda=0.000 gpu=3.0/15.8GB
[19:42:50] [ep_summary] ep=25/100 val_live=0.9877/0.9878 val_ema=0.8086/0.7943 test77_live=0.6835/0.6633 test77_diag_ema=0.2446/0.1557 v13=0.0000 v15=0.3026 v16=0.0000 v17=0.0000 v18=0.0000 das=stage3[12,95] p=1.00 ep_time=10.1s
[19:42:50] [save] best_sourceval_ema val_acc_ema=0.8086 source_val_live=0.9877/0.9878 source_val_ema=0.8086/0.7943 ep=25
[19:42:50] [train] epoch 26/100 steps=40 use_dann=0 das=stage3 f=[12.0,95.0] p=1.00 gpu=3.0/15.8GB
[19:42:51] [train] ep=26 step=001/40 ce=0.4256 sc=0.8342 mi=0.0696 dn=0.0000 v13=0.0000 v15=0.2554 v16=0.0000 v17=0.0000 v18=0.0000 acc=1.0000 lr=2.64e-04 lambda=0.000 v18_lambda=0.000 gpu=3.0/15.8GB
[19:42:52] [train] ep=26 step=010/40 ce=0.4802 sc=0.8605 mi=0.0659 dn=0.0000 v13=0.0000 v15=0.3840 v16=0.0000 v17=0.0000 v18=0.0000 acc=0.9875 lr=2.63e-04 lambda=0.000 v18_lambda=0.000 gpu=3.0/15.8GB
[19:42:54] [train] ep=26 step=020/40 ce=0.4113 sc=0.8336 mi=0.0659 dn=0.0000 v13=0.0000 v15=0.3033 v16=0.0000 v17=0.0000 v18=0.0000 acc=0.9906 lr=2.62e-04 lambda=0.000 v18_lambda=0.000 gpu=3.0/15.8GB
[19:42:56] [train] ep=26 step=030/40 ce=0.4694 sc=0.8920 mi=0.0648 dn=0.0000 v13=0.0000 v15=0.3014 v16=0.0000 v17=0.0000 v18=0.0000 acc=0.9854 lr=2.61e-04 lambda=0.000 v18_lambda=0.000 gpu=3.0/15.8GB
[19:42:59] [train] ep=26 step=040/40 ce=0.4475 sc=0.8862 mi=0.0643 dn=0.0000 v13=0.0000 v15=0.2882 v16=0.0000 v17=0.0000 v18=0.0000 acc=0.9875 lr=2.60e-04 lambda=0.000 v18_lambda=0.000 gpu=3.0/15.8GB
[19:43:01] [ep_summary] ep=26/100 val_live=0.9506/0.9511 val_ema=0.8272/0.8203 test77_live=0.6655/0.6215 test77_diag_ema=0.2590/0.1654 v13=0.0000 v15=0.2882 v16=0.0000 v17=0.0000 v18=0.0000 das=stage3[12,95] p=1.00 ep_time=10.9s
[19:43:01] [save] best_sourceval_ema val_acc_ema=0.8272 source_val_live=0.9506/0.9511 source_val_ema=0.8272/0.8203 ep=26
[19:43:01] [train] epoch 27/100 steps=40 use_dann=0 das=stage3 f=[12.0,95.0] p=1.00 gpu=3.0/15.8GB
[19:43:02] [train] ep=27 step=001/40 ce=0.2653 sc=0.4686 mi=0.0678 dn=0.0000 v13=0.0000 v15=0.1480 v16=0.0000 v17=0.0000 v18=0.0000 acc=1.0000 lr=2.60e-04 lambda=0.000 v18_lambda=0.000 gpu=3.0/15.8GB
[19:43:03] [train] ep=27 step=010/40 ce=0.3334 sc=0.6831 mi=0.0656 dn=0.0000 v13=0.0000 v15=0.2571 v16=0.0000 v17=0.0000 v18=0.0000 acc=0.9938 lr=2.60e-04 lambda=0.000 v18_lambda=0.000 gpu=3.0/15.8GB
[19:43:05] [train] ep=27 step=020/40 ce=0.3991 sc=0.8590 mi=0.0651 dn=0.0000 v13=0.0000 v15=0.2842 v16=0.0000 v17=0.0000 v18=0.0000 acc=0.9875 lr=2.59e-04 lambda=0.000 v18_lambda=0.000 gpu=3.0/15.8GB
[19:43:07] [train] ep=27 step=030/40 ce=0.3777 sc=0.8277 mi=0.0637 dn=0.0000 v13=0.0000 v15=0.2689 v16=0.0000 v17=0.0000 v18=0.0000 acc=0.9896 lr=2.58e-04 lambda=0.000 v18_lambda=0.000 gpu=3.0/15.8GB
[19:43:09] [train] ep=27 step=040/40 ce=0.3942 sc=0.8345 mi=0.0640 dn=0.0000 v13=0.0000 v15=0.2629 v16=0.0000 v17=0.0000 v18=0.0000 acc=0.9891 lr=2.57e-04 lambda=0.000 v18_lambda=0.000 gpu=3.0/15.8GB
[19:43:12] [ep_summary] ep=27/100 val_live=0.9753/0.9756 val_ema=0.8333/0.8262 test77_live=0.6439/0.5972 test77_diag_ema=0.2770/0.1866 v13=0.0000 v15=0.2629 v16=0.0000 v17=0.0000 v18=0.0000 das=stage3[12,95] p=1.00 ep_time=10.6s
[19:43:12] [save] best_sourceval_ema val_acc_ema=0.8333 source_val_live=0.9753/0.9756 source_val_ema=0.8333/0.8262 ep=27
[19:43:12] [train] epoch 28/100 steps=40 use_dann=0 das=stage3 f=[12.0,95.0] p=1.00 gpu=3.0/15.8GB
[19:43:12] [train] ep=28 step=001/40 ce=0.2681 sc=1.2226 mi=0.0658 dn=0.0000 v13=0.0000 v15=0.1675 v16=0.0000 v17=0.0000 v18=0.0000 acc=1.0000 lr=2.57e-04 lambda=0.000 v18_lambda=0.000 gpu=3.0/15.8GB
[19:43:14] [train] ep=28 step=010/40 ce=0.3431 sc=0.8929 mi=0.0644 dn=0.0000 v13=0.0000 v15=0.2300 v16=0.0000 v17=0.0000 v18=0.0000 acc=0.9938 lr=2.56e-04 lambda=0.000 v18_lambda=0.000 gpu=3.0/15.8GB
[19:43:16] [train] ep=28 step=020/40 ce=0.3893 sc=0.8973 mi=0.0661 dn=0.0000 v13=0.0000 v15=0.2567 v16=0.0000 v17=0.0000 v18=0.0000 acc=0.9906 lr=2.55e-04 lambda=0.000 v18_lambda=0.000 gpu=3.0/15.8GB
[19:43:18] [train] ep=28 step=030/40 ce=0.3955 sc=0.9126 mi=0.0650 dn=0.0000 v13=0.0000 v15=0.2561 v16=0.0000 v17=0.0000 v18=0.0000 acc=0.9917 lr=2.54e-04 lambda=0.000 v18_lambda=0.000 gpu=3.0/15.8GB
[19:43:20] [train] ep=28 step=040/40 ce=0.3901 sc=0.9204 mi=0.0658 dn=0.0000 v13=0.0000 v15=0.2658 v16=0.0000 v17=0.0000 v18=0.0000 acc=0.9906 lr=2.54e-04 lambda=0.000 v18_lambda=0.000 gpu=3.0/15.8GB
[19:43:23] [ep_summary] ep=28/100 val_live=0.9383/0.9391 val_ema=0.8580/0.8531 test77_live=0.5612/0.5409 test77_diag_ema=0.2950/0.2039 v13=0.0000 v15=0.2658 v16=0.0000 v17=0.0000 v18=0.0000 das=stage3[12,95] p=1.00 ep_time=10.7s
[19:43:23] [save] best_sourceval_ema val_acc_ema=0.8580 source_val_live=0.9383/0.9391 source_val_ema=0.8580/0.8531 ep=28
[19:43:23] [train] epoch 29/100 steps=40 use_dann=0 das=stage3 f=[12.0,95.0] p=1.00 gpu=3.0/15.8GB
[19:43:23] [train] ep=29 step=001/40 ce=0.2675 sc=0.6208 mi=0.0601 dn=0.0000 v13=0.0000 v15=0.2267 v16=0.0000 v17=0.0000 v18=0.0000 acc=1.0000 lr=2.53e-04 lambda=0.000 v18_lambda=0.000 gpu=3.0/15.8GB
[19:43:24] [train] ep=29 step=010/40 ce=0.5962 sc=0.9260 mi=0.0638 dn=0.0000 v13=0.0000 v15=0.3605 v16=0.0000 v17=0.0000 v18=0.0000 acc=0.9750 lr=2.53e-04 lambda=0.000 v18_lambda=0.000 gpu=3.0/15.8GB
[19:43:26] [train] ep=29 step=020/40 ce=0.5116 sc=0.9443 mi=0.0639 dn=0.0000 v13=0.0000 v15=0.3078 v16=0.0000 v17=0.0000 v18=0.0000 acc=0.9812 lr=2.52e-04 lambda=0.000 v18_lambda=0.000 gpu=3.0/15.8GB
[19:43:28] [train] ep=29 step=030/40 ce=0.5031 sc=0.9091 mi=0.0638 dn=0.0000 v13=0.0000 v15=0.3320 v16=0.0000 v17=0.0000 v18=0.0000 acc=0.9833 lr=2.51e-04 lambda=0.000 v18_lambda=0.000 gpu=3.0/15.8GB
[19:43:30] [train] ep=29 step=040/40 ce=0.4553 sc=0.8681 mi=0.0638 dn=0.0000 v13=0.0000 v15=0.3042 v16=0.0000 v17=0.0000 v18=0.0000 acc=0.9875 lr=2.50e-04 lambda=0.000 v18_lambda=0.000 gpu=3.0/15.8GB
[19:43:33] [ep_summary] ep=29/100 val_live=0.9815/0.9817 val_ema=0.8704/0.8696 test77_live=0.6187/0.5738 test77_diag_ema=0.3129/0.2263 v13=0.0000 v15=0.3042 v16=0.0000 v17=0.0000 v18=0.0000 das=stage3[12,95] p=1.00 ep_time=9.9s
[19:43:33] [save] best_sourceval_ema val_acc_ema=0.8704 source_val_live=0.9815/0.9817 source_val_ema=0.8704/0.8696 ep=29
[19:43:33] [train] epoch 30/100 steps=40 use_dann=0 das=stage3 f=[12.0,95.0] p=1.00 gpu=3.0/15.8GB
[19:43:33] [train] ep=30 step=001/40 ce=0.6928 sc=0.6268 mi=0.0677 dn=0.0000 v13=0.0000 v15=0.4584 v16=0.0000 v17=0.0000 v18=0.0000 acc=0.9375 lr=2.50e-04 lambda=0.000 v18_lambda=0.000 gpu=3.0/15.8GB
[19:43:34] [train] ep=30 step=010/40 ce=0.3162 sc=0.7497 mi=0.0613 dn=0.0000 v13=0.0000 v15=0.2025 v16=0.0000 v17=0.0000 v18=0.0000 acc=0.9938 lr=2.49e-04 lambda=0.000 v18_lambda=0.000 gpu=3.0/15.8GB
[19:43:36] [train] ep=30 step=020/40 ce=0.2946 sc=0.7861 mi=0.0611 dn=0.0000 v13=0.0000 v15=0.2234 v16=0.0000 v17=0.0000 v18=0.0000 acc=0.9969 lr=2.48e-04 lambda=0.000 v18_lambda=0.000 gpu=3.0/15.8GB
[19:43:38] [train] ep=30 step=030/40 ce=0.3180 sc=0.7803 mi=0.0616 dn=0.0000 v13=0.0000 v15=0.2220 v16=0.0000 v17=0.0000 v18=0.0000 acc=0.9958 lr=2.47e-04 lambda=0.000 v18_lambda=0.000 gpu=3.0/15.8GB
[19:43:40] [train] ep=30 step=040/40 ce=0.3100 sc=0.7770 mi=0.0620 dn=0.0000 v13=0.0000 v15=0.2209 v16=0.0000 v17=0.0000 v18=0.0000 acc=0.9969 lr=2.46e-04 lambda=0.000 v18_lambda=0.000 gpu=3.0/15.8GB
[19:43:42] [pool] check ep=030/100 source_val_acc_ema=0.8765 threshold=0.90
[19:43:42] [pool] ep=030 SKIP (source_val_acc_ema=0.8765 < 0.90)
[19:43:42] [ep_summary] ep=30/100 val_live=0.9753/0.9757 val_ema=0.8765/0.8775 test77_live=0.6655/0.6311 test77_diag_ema=0.3273/0.2455 v13=0.0000 v15=0.2209 v16=0.0000 v17=0.0000 v18=0.0000 das=stage3[12,95] p=1.00 ep_time=9.9s
[19:43:42] [save] best_sourceval_ema val_acc_ema=0.8765 source_val_live=0.9753/0.9757 source_val_ema=0.8765/0.8775 ep=30
[19:43:42] [strict77_monitor] ep=30 best_source_epoch=30 source_val_ema=0.8765/0.8775 test77_ema_diag=0.3273/0.2455 sourcequalified_count=30 best_sourcequalified77_epoch=10 source_val_ema=0.4198/0.3785 test77_ema=0.3417/0.2777
[19:43:42] [train] epoch 31/100 steps=40 use_dann=0 das=stage3 f=[12.0,95.0] p=1.00 gpu=3.0/15.8GB
[19:43:43] [train] ep=31 step=001/40 ce=0.2637 sc=0.5970 mi=0.0616 dn=0.0000 v13=0.0000 v15=0.4352 v16=0.0000 v17=0.0000 v18=0.0000 acc=1.0000 lr=2.46e-04 lambda=0.000 v18_lambda=0.000 gpu=3.0/15.8GB
[19:43:44] [train] ep=31 step=010/40 ce=0.2819 sc=0.8090 mi=0.0608 dn=0.0000 v13=0.0000 v15=0.2166 v16=0.0000 v17=0.0000 v18=0.0000 acc=1.0000 lr=2.45e-04 lambda=0.000 v18_lambda=0.000 gpu=3.0/15.8GB
[19:43:46] [train] ep=31 step=020/40 ce=0.3646 sc=0.8464 mi=0.0606 dn=0.0000 v13=0.0000 v15=0.2418 v16=0.0000 v17=0.0000 v18=0.0000 acc=0.9938 lr=2.44e-04 lambda=0.000 v18_lambda=0.000 gpu=3.0/15.8GB
[19:43:48] [train] ep=31 step=030/40 ce=0.3743 sc=0.8436 mi=0.0602 dn=0.0000 v13=0.0000 v15=0.2351 v16=0.0000 v17=0.0000 v18=0.0000 acc=0.9938 lr=2.43e-04 lambda=0.000 v18_lambda=0.000 gpu=3.0/15.8GB
[19:43:50] [train] ep=31 step=040/40 ce=0.3624 sc=0.8393 mi=0.0600 dn=0.0000 v13=0.0000 v15=0.2261 v16=0.0000 v17=0.0000 v18=0.0000 acc=0.9938 lr=2.43e-04 lambda=0.000 v18_lambda=0.000 gpu=3.0/15.8GB
[19:43:52] [ep_summary] ep=31/100 val_live=0.9815/0.9817 val_ema=0.8827/0.8848 test77_live=0.6799/0.6487 test77_diag_ema=0.3345/0.2499 v13=0.0000 v15=0.2261 v16=0.0000 v17=0.0000 v18=0.0000 das=stage3[12,95] p=1.00 ep_time=9.9s
[19:43:52] [save] best_sourceval_ema val_acc_ema=0.8827 source_val_live=0.9815/0.9817 source_val_ema=0.8827/0.8848 ep=31
[19:43:52] [train] epoch 32/100 steps=40 use_dann=0 das=stage3 f=[12.0,95.0] p=1.00 gpu=3.0/15.8GB
[19:43:53] [train] ep=32 step=001/40 ce=0.2635 sc=0.2617 mi=0.0511 dn=0.0000 v13=0.0000 v15=0.1450 v16=0.0000 v17=0.0000 v18=0.0000 acc=1.0000 lr=2.42e-04 lambda=0.000 v18_lambda=0.000 gpu=3.0/15.8GB
[19:43:55] [train] ep=32 step=010/40 ce=0.2725 sc=0.7852 mi=0.0561 dn=0.0000 v13=0.0000 v15=0.1811 v16=0.0000 v17=0.0000 v18=0.0000 acc=1.0000 lr=2.42e-04 lambda=0.000 v18_lambda=0.000 gpu=3.0/15.8GB
[19:43:57] [train] ep=32 step=020/40 ce=0.2732 sc=0.7273 mi=0.0572 dn=0.0000 v13=0.0000 v15=0.1843 v16=0.0000 v17=0.0000 v18=0.0000 acc=1.0000 lr=2.41e-04 lambda=0.000 v18_lambda=0.000 gpu=3.0/15.8GB
[19:43:59] [train] ep=32 step=030/40 ce=0.3299 sc=0.7704 mi=0.0582 dn=0.0000 v13=0.0000 v15=0.2096 v16=0.0000 v17=0.0000 v18=0.0000 acc=0.9958 lr=2.40e-04 lambda=0.000 v18_lambda=0.000 gpu=3.0/15.8GB
[19:44:01] [train] ep=32 step=040/40 ce=0.3736 sc=0.8114 mi=0.0601 dn=0.0000 v13=0.0000 v15=0.2305 v16=0.0000 v17=0.0000 v18=0.0000 acc=0.9922 lr=2.39e-04 lambda=0.000 v18_lambda=0.000 gpu=3.0/15.8GB
[19:44:03] [ep_summary] ep=32/100 val_live=0.9691/0.9695 val_ema=0.8889/0.8918 test77_live=0.7194/0.6900 test77_diag_ema=0.3525/0.2693 v13=0.0000 v15=0.2305 v16=0.0000 v17=0.0000 v18=0.0000 das=stage3[12,95] p=1.00 ep_time=10.9s
[19:44:03] [save] best_sourceval_ema val_acc_ema=0.8889 source_val_live=0.9691/0.9695 source_val_ema=0.8889/0.8918 ep=32
[19:44:03] [train] epoch 33/100 steps=40 use_dann=0 das=stage3 f=[12.0,95.0] p=1.00 gpu=3.0/15.8GB
[19:44:04] [train] ep=33 step=001/40 ce=0.3085 sc=1.2307 mi=0.0660 dn=0.0000 v13=0.0000 v15=0.1820 v16=0.0000 v17=0.0000 v18=0.0000 acc=1.0000 lr=2.39e-04 lambda=0.000 v18_lambda=0.000 gpu=3.0/15.8GB
[19:44:06] [train] ep=33 step=010/40 ce=0.4897 sc=0.9290 mi=0.0609 dn=0.0000 v13=0.0000 v15=0.2914 v16=0.0000 v17=0.0000 v18=0.0000 acc=0.9812 lr=2.38e-04 lambda=0.000 v18_lambda=0.000 gpu=3.0/15.8GB
[19:44:08] [train] ep=33 step=020/40 ce=0.4053 sc=0.8845 mi=0.0610 dn=0.0000 v13=0.0000 v15=0.2622 v16=0.0000 v17=0.0000 v18=0.0000 acc=0.9875 lr=2.37e-04 lambda=0.000 v18_lambda=0.000 gpu=3.0/15.8GB
[19:44:10] [train] ep=33 step=030/40 ce=0.3763 sc=0.8601 mi=0.0613 dn=0.0000 v13=0.0000 v15=0.2425 v16=0.0000 v17=0.0000 v18=0.0000 acc=0.9896 lr=2.36e-04 lambda=0.000 v18_lambda=0.000 gpu=3.0/15.8GB
[19:44:12] [train] ep=33 step=040/40 ce=0.3501 sc=0.8315 mi=0.0606 dn=0.0000 v13=0.0000 v15=0.2314 v16=0.0000 v17=0.0000 v18=0.0000 acc=0.9922 lr=2.35e-04 lambda=0.000 v18_lambda=0.000 gpu=3.0/15.8GB
[19:44:15] [ep_summary] ep=33/100 val_live=0.9691/0.9688 val_ema=0.9012/0.9041 test77_live=0.7338/0.6940 test77_diag_ema=0.3813/0.3069 v13=0.0000 v15=0.2314 v16=0.0000 v17=0.0000 v18=0.0000 das=stage3[12,95] p=1.00 ep_time=11.4s
[19:44:15] [save] best_sourceval_ema val_acc_ema=0.9012 source_val_live=0.9691/0.9688 source_val_ema=0.9012/0.9041 ep=33
[19:44:15] [save] best_sourcequalified77_ema ep=33 source_val_live=0.9691/0.9688 source_val_ema=0.9012/0.9041 test77_ema=0.3813/0.3069
[19:44:15] [train] epoch 34/100 steps=40 use_dann=0 das=stage3 f=[12.0,95.0] p=1.00 gpu=3.0/15.8GB
[19:44:15] [train] ep=34 step=001/40 ce=1.0584 sc=1.3817 mi=0.0628 dn=0.0000 v13=0.0000 v15=0.5242 v16=0.0000 v17=0.0000 v18=0.0000 acc=0.9375 lr=2.35e-04 lambda=0.000 v18_lambda=0.000 gpu=3.0/15.8GB
[19:44:17] [train] ep=34 step=010/40 ce=0.4475 sc=0.9732 mi=0.0611 dn=0.0000 v13=0.0000 v15=0.2584 v16=0.0000 v17=0.0000 v18=0.0000 acc=0.9875 lr=2.34e-04 lambda=0.000 v18_lambda=0.000 gpu=3.0/15.8GB
[19:44:18] [train] ep=34 step=020/40 ce=0.3751 sc=0.8885 mi=0.0607 dn=0.0000 v13=0.0000 v15=0.2288 v16=0.0000 v17=0.0000 v18=0.0000 acc=0.9938 lr=2.33e-04 lambda=0.000 v18_lambda=0.000 gpu=3.0/15.8GB
[19:44:20] [train] ep=34 step=030/40 ce=0.3580 sc=0.8769 mi=0.0610 dn=0.0000 v13=0.0000 v15=0.2235 v16=0.0000 v17=0.0000 v18=0.0000 acc=0.9958 lr=2.32e-04 lambda=0.000 v18_lambda=0.000 gpu=3.0/15.8GB
[19:44:22] [train] ep=34 step=040/40 ce=0.3465 sc=0.8398 mi=0.0611 dn=0.0000 v13=0.0000 v15=0.2162 v16=0.0000 v17=0.0000 v18=0.0000 acc=0.9953 lr=2.31e-04 lambda=0.000 v18_lambda=0.000 gpu=3.0/15.8GB
[19:44:25] [ep_summary] ep=34/100 val_live=0.9753/0.9758 val_ema=0.9074/0.9107 test77_live=0.7122/0.6988 test77_diag_ema=0.4029/0.3266 v13=0.0000 v15=0.2162 v16=0.0000 v17=0.0000 v18=0.0000 das=stage3[12,95] p=1.00 ep_time=10.3s
[19:44:25] [save] best_sourceval_ema val_acc_ema=0.9074 source_val_live=0.9753/0.9758 source_val_ema=0.9074/0.9107 ep=34
[19:44:25] [save] best_sourcequalified77_ema ep=34 source_val_live=0.9753/0.9758 source_val_ema=0.9074/0.9107 test77_ema=0.4029/0.3266
[19:44:25] [train] epoch 35/100 steps=40 use_dann=0 das=stage3 f=[12.0,95.0] p=1.00 gpu=3.0/15.8GB
[19:44:25] [train] ep=35 step=001/40 ce=0.2642 sc=0.4388 mi=0.0548 dn=0.0000 v13=0.0000 v15=0.1454 v16=0.0000 v17=0.0000 v18=0.0000 acc=1.0000 lr=2.31e-04 lambda=0.000 v18_lambda=0.000 gpu=3.0/15.8GB
[19:44:27] [train] ep=35 step=010/40 ce=0.3894 sc=0.8495 mi=0.0586 dn=0.0000 v13=0.0000 v15=0.2434 v16=0.0000 v17=0.0000 v18=0.0000 acc=0.9938 lr=2.30e-04 lambda=0.000 v18_lambda=0.000 gpu=3.0/15.8GB
[19:44:29] [train] ep=35 step=020/40 ce=0.3897 sc=0.8134 mi=0.0595 dn=0.0000 v13=0.0000 v15=0.2468 v16=0.0000 v17=0.0000 v18=0.0000 acc=0.9906 lr=2.29e-04 lambda=0.000 v18_lambda=0.000 gpu=3.0/15.8GB
[19:44:31] [train] ep=35 step=030/40 ce=0.3749 sc=0.8174 mi=0.0595 dn=0.0000 v13=0.0000 v15=0.2324 v16=0.0000 v17=0.0000 v18=0.0000 acc=0.9917 lr=2.28e-04 lambda=0.000 v18_lambda=0.000 gpu=3.0/15.8GB
[19:44:33] [train] ep=35 step=040/40 ce=0.3931 sc=0.8067 mi=0.0591 dn=0.0000 v13=0.0000 v15=0.2437 v16=0.0000 v17=0.0000 v18=0.0000 acc=0.9906 lr=2.27e-04 lambda=0.000 v18_lambda=0.000 gpu=3.0/15.8GB
[19:44:36] [ep_summary] ep=35/100 val_live=0.9815/0.9810 val_ema=0.9198/0.9233 test77_live=0.7194/0.6770 test77_diag_ema=0.4317/0.3512 v13=0.0000 v15=0.2437 v16=0.0000 v17=0.0000 v18=0.0000 das=stage3[12,95] p=1.00 ep_time=11.1s
[19:44:36] [save] best_sourceval_ema val_acc_ema=0.9198 source_val_live=0.9815/0.9810 source_val_ema=0.9198/0.9233 ep=35
[19:44:36] [save] best_sourcequalified77_ema ep=35 source_val_live=0.9815/0.9810 source_val_ema=0.9198/0.9233 test77_ema=0.4317/0.3512
[19:44:36] [train] epoch 36/100 steps=40 use_dann=0 das=stage3 f=[12.0,95.0] p=1.00 gpu=3.0/15.8GB
[19:44:36] [train] ep=36 step=001/40 ce=0.4068 sc=0.4209 mi=0.0683 dn=0.0000 v13=0.0000 v15=0.1872 v16=0.0000 v17=0.0000 v18=0.0000 acc=1.0000 lr=2.26e-04 lambda=0.000 v18_lambda=0.000 gpu=3.0/15.8GB
[19:44:38] [train] ep=36 step=010/40 ce=0.3977 sc=0.7572 mi=0.0610 dn=0.0000 v13=0.0000 v15=0.2257 v16=0.0000 v17=0.0000 v18=0.0000 acc=0.9875 lr=2.25e-04 lambda=0.000 v18_lambda=0.000 gpu=3.0/15.8GB
[19:44:40] [train] ep=36 step=020/40 ce=0.3722 sc=0.7492 mi=0.0599 dn=0.0000 v13=0.0000 v15=0.2506 v16=0.0000 v17=0.0000 v18=0.0000 acc=0.9906 lr=2.24e-04 lambda=0.000 v18_lambda=0.000 gpu=3.0/15.8GB
[19:44:42] [train] ep=36 step=030/40 ce=0.4236 sc=0.8161 mi=0.0596 dn=0.0000 v13=0.0000 v15=0.2693 v16=0.0000 v17=0.0000 v18=0.0000 acc=0.9875 lr=2.23e-04 lambda=0.000 v18_lambda=0.000 gpu=3.0/15.8GB
[19:44:45] [train] ep=36 step=040/40 ce=0.4195 sc=0.8146 mi=0.0598 dn=0.0000 v13=0.0000 v15=0.2638 v16=0.0000 v17=0.0000 v18=0.0000 acc=0.9875 lr=2.22e-04 lambda=0.000 v18_lambda=0.000 gpu=3.0/15.8GB
[19:44:47] [ep_summary] ep=36/100 val_live=0.9691/0.9694 val_ema=0.9321/0.9352 test77_live=0.8309/0.8285 test77_diag_ema=0.4568/0.3776 v13=0.0000 v15=0.2638 v16=0.0000 v17=0.0000 v18=0.0000 das=stage3[12,95] p=1.00 ep_time=11.1s
[19:44:47] [save] best_sourceval_ema val_acc_ema=0.9321 source_val_live=0.9691/0.9694 source_val_ema=0.9321/0.9352 ep=36
[19:44:47] [save] best_sourcequalified77_ema ep=36 source_val_live=0.9691/0.9694 source_val_ema=0.9321/0.9352 test77_ema=0.4568/0.3776
[19:44:47] [train] epoch 37/100 steps=40 use_dann=0 das=stage3 f=[12.0,95.0] p=1.00 gpu=3.0/15.8GB
[19:44:48] [train] ep=37 step=001/40 ce=0.2610 sc=1.0756 mi=0.0580 dn=0.0000 v13=0.0000 v15=0.1453 v16=0.0000 v17=0.0000 v18=0.0000 acc=1.0000 lr=2.22e-04 lambda=0.000 v18_lambda=0.000 gpu=3.0/15.8GB
[19:44:49] [train] ep=37 step=010/40 ce=0.2722 sc=0.7480 mi=0.0603 dn=0.0000 v13=0.0000 v15=0.1935 v16=0.0000 v17=0.0000 v18=0.0000 acc=1.0000 lr=2.21e-04 lambda=0.000 v18_lambda=0.000 gpu=3.0/15.8GB
[19:44:52] [train] ep=37 step=020/40 ce=0.2678 sc=0.7638 mi=0.0598 dn=0.0000 v13=0.0000 v15=0.2027 v16=0.0000 v17=0.0000 v18=0.0000 acc=1.0000 lr=2.20e-04 lambda=0.000 v18_lambda=0.000 gpu=3.0/15.8GB
[19:44:53] [train] ep=37 step=030/40 ce=0.2673 sc=0.7534 mi=0.0601 dn=0.0000 v13=0.0000 v15=0.1959 v16=0.0000 v17=0.0000 v18=0.0000 acc=1.0000 lr=2.19e-04 lambda=0.000 v18_lambda=0.000 gpu=3.0/15.8GB
[19:44:55] [train] ep=37 step=040/40 ce=0.2658 sc=0.7648 mi=0.0602 dn=0.0000 v13=0.0000 v15=0.1921 v16=0.0000 v17=0.0000 v18=0.0000 acc=1.0000 lr=2.18e-04 lambda=0.000 v18_lambda=0.000 gpu=3.0/15.8GB
[19:44:58] [ep_summary] ep=37/100 val_live=0.9691/0.9694 val_ema=0.9383/0.9411 test77_live=0.8058/0.8049 test77_diag_ema=0.4784/0.3981 v13=0.0000 v15=0.1921 v16=0.0000 v17=0.0000 v18=0.0000 das=stage3[12,95] p=1.00 ep_time=10.6s
[19:44:58] [save] best_sourceval_ema val_acc_ema=0.9383 source_val_live=0.9691/0.9694 source_val_ema=0.9383/0.9411 ep=37
[19:44:58] [save] best_sourcequalified77_ema ep=37 source_val_live=0.9691/0.9694 source_val_ema=0.9383/0.9411 test77_ema=0.4784/0.3981
[19:44:58] [train] epoch 38/100 steps=40 use_dann=0 das=stage3 f=[12.0,95.0] p=1.00 gpu=3.0/15.8GB
[19:44:58] [train] ep=38 step=001/40 ce=0.2607 sc=0.4216 mi=0.0561 dn=0.0000 v13=0.0000 v15=0.2608 v16=0.0000 v17=0.0000 v18=0.0000 acc=1.0000 lr=2.18e-04 lambda=0.000 v18_lambda=0.000 gpu=3.0/15.8GB
[19:45:00] [train] ep=38 step=010/40 ce=0.3260 sc=0.7637 mi=0.0580 dn=0.0000 v13=0.0000 v15=0.2234 v16=0.0000 v17=0.0000 v18=0.0000 acc=0.9938 lr=2.17e-04 lambda=0.000 v18_lambda=0.000 gpu=3.0/15.8GB
[19:45:02] [train] ep=38 step=020/40 ce=0.3400 sc=0.8297 mi=0.0590 dn=0.0000 v13=0.0000 v15=0.2056 v16=0.0000 v17=0.0000 v18=0.0000 acc=0.9969 lr=2.16e-04 lambda=0.000 v18_lambda=0.000 gpu=3.0/15.8GB
[19:45:04] [train] ep=38 step=030/40 ce=0.3271 sc=0.7961 mi=0.0595 dn=0.0000 v13=0.0000 v15=0.1972 v16=0.0000 v17=0.0000 v18=0.0000 acc=0.9979 lr=2.15e-04 lambda=0.000 v18_lambda=0.000 gpu=3.0/15.8GB
[19:45:06] [train] ep=38 step=040/40 ce=0.3478 sc=0.8370 mi=0.0596 dn=0.0000 v13=0.0000 v15=0.2128 v16=0.0000 v17=0.0000 v18=0.0000 acc=0.9969 lr=2.14e-04 lambda=0.000 v18_lambda=0.000 gpu=3.0/15.8GB
[19:45:08] [ep_summary] ep=38/100 val_live=0.9630/0.9634 val_ema=0.9383/0.9411 test77_live=0.7122/0.7130 test77_diag_ema=0.5072/0.4314 v13=0.0000 v15=0.2128 v16=0.0000 v17=0.0000 v18=0.0000 das=stage3[12,95] p=1.00 ep_time=10.4s
[19:45:08] [save] best_sourcequalified77_ema ep=38 source_val_live=0.9630/0.9634 source_val_ema=0.9383/0.9411 test77_ema=0.5072/0.4314
[19:45:08] [train] epoch 39/100 steps=40 use_dann=0 das=stage3 f=[12.0,95.0] p=1.00 gpu=3.0/15.8GB
[19:45:09] [train] ep=39 step=001/40 ce=0.2622 sc=0.8279 mi=0.0608 dn=0.0000 v13=0.0000 v15=0.1521 v16=0.0000 v17=0.0000 v18=0.0000 acc=1.0000 lr=2.14e-04 lambda=0.000 v18_lambda=0.000 gpu=3.0/15.8GB
[19:45:10] [train] ep=39 step=010/40 ce=0.4018 sc=0.7575 mi=0.0568 dn=0.0000 v13=0.0000 v15=0.2557 v16=0.0000 v17=0.0000 v18=0.0000 acc=0.9938 lr=2.13e-04 lambda=0.000 v18_lambda=0.000 gpu=3.0/15.8GB
[19:45:12] [train] ep=39 step=020/40 ce=0.4132 sc=0.8162 mi=0.0582 dn=0.0000 v13=0.0000 v15=0.2417 v16=0.0000 v17=0.0000 v18=0.0000 acc=0.9906 lr=2.11e-04 lambda=0.000 v18_lambda=0.000 gpu=3.0/15.8GB
[19:45:14] [train] ep=39 step=030/40 ce=0.4029 sc=0.7862 mi=0.0587 dn=0.0000 v13=0.0000 v15=0.2472 v16=0.0000 v17=0.0000 v18=0.0000 acc=0.9896 lr=2.10e-04 lambda=0.000 v18_lambda=0.000 gpu=3.0/15.8GB
[19:45:16] [train] ep=39 step=040/40 ce=0.3743 sc=0.8023 mi=0.0583 dn=0.0000 v13=0.0000 v15=0.2328 v16=0.0000 v17=0.0000 v18=0.0000 acc=0.9922 lr=2.09e-04 lambda=0.000 v18_lambda=0.000 gpu=3.0/15.8GB
[19:45:19] [ep_summary] ep=39/100 val_live=0.9815/0.9818 val_ema=0.9444/0.9467 test77_live=0.6942/0.6832 test77_diag_ema=0.5216/0.4437 v13=0.0000 v15=0.2328 v16=0.0000 v17=0.0000 v18=0.0000 das=stage3[12,95] p=1.00 ep_time=10.2s
[19:45:19] [save] best_sourceval_ema val_acc_ema=0.9444 source_val_live=0.9815/0.9818 source_val_ema=0.9444/0.9467 ep=39
[19:45:19] [save] best_sourcequalified77_ema ep=39 source_val_live=0.9815/0.9818 source_val_ema=0.9444/0.9467 test77_ema=0.5216/0.4437
[19:45:19] [train] epoch 40/100 steps=40 use_dann=0 das=stage3 f=[12.0,95.0] p=1.00 gpu=3.0/15.8GB
[19:45:19] [train] ep=40 step=001/40 ce=0.3565 sc=0.8833 mi=0.0643 dn=0.0000 v13=0.0000 v15=0.1753 v16=0.0000 v17=0.0000 v18=0.0000 acc=1.0000 lr=2.09e-04 lambda=0.000 v18_lambda=0.000 gpu=3.0/15.8GB
[19:45:20] [train] ep=40 step=010/40 ce=0.3580 sc=0.7580 mi=0.0605 dn=0.0000 v13=0.0000 v15=0.2136 v16=0.0000 v17=0.0000 v18=0.0000 acc=0.9938 lr=2.08e-04 lambda=0.000 v18_lambda=0.000 gpu=3.0/15.8GB
[19:45:22] [train] ep=40 step=020/40 ce=0.3102 sc=0.7586 mi=0.0595 dn=0.0000 v13=0.0000 v15=0.1985 v16=0.0000 v17=0.0000 v18=0.0000 acc=0.9969 lr=2.07e-04 lambda=0.000 v18_lambda=0.000 gpu=3.0/15.8GB
[19:45:24] [train] ep=40 step=030/40 ce=0.2949 sc=0.7628 mi=0.0585 dn=0.0000 v13=0.0000 v15=0.2043 v16=0.0000 v17=0.0000 v18=0.0000 acc=0.9979 lr=2.06e-04 lambda=0.000 v18_lambda=0.000 gpu=3.0/15.8GB
[19:45:26] [train] ep=40 step=040/40 ce=0.3109 sc=0.7511 mi=0.0589 dn=0.0000 v13=0.0000 v15=0.2128 v16=0.0000 v17=0.0000 v18=0.0000 acc=0.9969 lr=2.05e-04 lambda=0.000 v18_lambda=0.000 gpu=3.0/15.8GB
[19:45:29] [pool] check ep=040/100 source_val_acc_ema=0.9444 threshold=0.90
[19:45:30] [pool] ep=040 ADDED src_val=0.9444/0.9467 dev77=0.5357/0.4799 final77=0.5288/0.4541
[19:45:30] [pool] running best ep=040 dev77_f1=0.4799 final77_f1=0.4541 (pool_size=1)
[19:45:30] [ep_summary] ep=40/100 val_live=0.9691/0.9695 val_ema=0.9444/0.9467 test77_live=0.7266/0.7132 test77_diag_ema=0.5288/0.4541 v13=0.0000 v15=0.2128 v16=0.0000 v17=0.0000 v18=0.0000 das=stage3[12,95] p=1.00 ep_time=11.4s
[19:45:30] [save] best_sourcequalified77_ema ep=40 source_val_live=0.9691/0.9695 source_val_ema=0.9444/0.9467 test77_ema=0.5288/0.4541
[19:45:30] [strict77_monitor] ep=40 best_source_epoch=39 source_val_ema=0.9444/0.9467 test77_ema_diag=0.5216/0.4437 sourcequalified_count=40 best_sourcequalified77_epoch=40 source_val_ema=0.9444/0.9467 test77_ema=0.5288/0.4541
[19:45:30] [train] epoch 41/100 steps=40 use_dann=0 das=stage3 f=[12.0,95.0] p=1.00 gpu=3.0/15.8GB
[19:45:30] [train] ep=41 step=001/40 ce=0.2589 sc=0.7122 mi=0.0509 dn=0.0000 v13=0.0000 v15=0.2409 v16=0.0000 v17=0.0000 v18=0.0000 acc=1.0000 lr=2.05e-04 lambda=0.000 v18_lambda=0.000 gpu=3.0/15.8GB
[19:45:32] [train] ep=41 step=010/40 ce=0.3785 sc=0.9572 mi=0.0566 dn=0.0000 v13=0.0000 v15=0.2598 v16=0.0000 v17=0.0000 v18=0.0000 acc=0.9875 lr=2.04e-04 lambda=0.000 v18_lambda=0.000 gpu=3.0/15.8GB
[19:45:34] [train] ep=41 step=020/40 ce=0.3523 sc=0.9055 mi=0.0577 dn=0.0000 v13=0.0000 v15=0.2216 v16=0.0000 v17=0.0000 v18=0.0000 acc=0.9938 lr=2.02e-04 lambda=0.000 v18_lambda=0.000 gpu=3.0/15.8GB
[19:45:35] [train] ep=41 step=030/40 ce=0.3468 sc=0.9034 mi=0.0578 dn=0.0000 v13=0.0000 v15=0.2158 v16=0.0000 v17=0.0000 v18=0.0000 acc=0.9938 lr=2.01e-04 lambda=0.000 v18_lambda=0.000 gpu=3.0/15.8GB
[19:45:37] [train] ep=41 step=040/40 ce=0.3253 sc=0.8472 mi=0.0586 dn=0.0000 v13=0.0000 v15=0.2073 v16=0.0000 v17=0.0000 v18=0.0000 acc=0.9953 lr=2.00e-04 lambda=0.000 v18_lambda=0.000 gpu=3.0/15.8GB
[19:45:40] [ep_summary] ep=41/100 val_live=0.9753/0.9756 val_ema=0.9506/0.9526 test77_live=0.7302/0.7100 test77_diag_ema=0.5432/0.4737 v13=0.0000 v15=0.2073 v16=0.0000 v17=0.0000 v18=0.0000 das=stage3[12,95] p=1.00 ep_time=9.9s
[19:45:40] [save] best_sourceval_ema val_acc_ema=0.9506 source_val_live=0.9753/0.9756 source_val_ema=0.9506/0.9526 ep=41
[19:45:40] [save] best_sourcequalified77_ema ep=41 source_val_live=0.9753/0.9756 source_val_ema=0.9506/0.9526 test77_ema=0.5432/0.4737
[19:45:40] [train] epoch 42/100 steps=40 use_dann=0 das=stage3 f=[12.0,95.0] p=1.00 gpu=3.0/15.8GB
[19:45:40] [train] ep=42 step=001/40 ce=0.2599 sc=0.7578 mi=0.0573 dn=0.0000 v13=0.0000 v15=0.1431 v16=0.0000 v17=0.0000 v18=0.0000 acc=1.0000 lr=2.00e-04 lambda=0.000 v18_lambda=0.000 gpu=3.0/15.8GB
[19:45:42] [train] ep=42 step=010/40 ce=0.2855 sc=0.7436 mi=0.0616 dn=0.0000 v13=0.0000 v15=0.1952 v16=0.0000 v17=0.0000 v18=0.0000 acc=1.0000 lr=1.99e-04 lambda=0.000 v18_lambda=0.000 gpu=3.0/15.8GB
[19:45:43] [train] ep=42 step=020/40 ce=0.2731 sc=0.7203 mi=0.0603 dn=0.0000 v13=0.0000 v15=0.1827 v16=0.0000 v17=0.0000 v18=0.0000 acc=1.0000 lr=1.98e-04 lambda=0.000 v18_lambda=0.000 gpu=3.0/15.8GB
[19:45:45] [train] ep=42 step=030/40 ce=0.2919 sc=0.7156 mi=0.0599 dn=0.0000 v13=0.0000 v15=0.1843 v16=0.0000 v17=0.0000 v18=0.0000 acc=0.9979 lr=1.97e-04 lambda=0.000 v18_lambda=0.000 gpu=3.0/15.8GB
[19:45:47] [train] ep=42 step=040/40 ce=0.2839 sc=0.7395 mi=0.0595 dn=0.0000 v13=0.0000 v15=0.1760 v16=0.0000 v17=0.0000 v18=0.0000 acc=0.9984 lr=1.96e-04 lambda=0.000 v18_lambda=0.000 gpu=3.0/15.8GB
[19:45:50] [ep_summary] ep=42/100 val_live=0.9815/0.9817 val_ema=0.9568/0.9584 test77_live=0.7122/0.6897 test77_diag_ema=0.5468/0.4838 v13=0.0000 v15=0.1760 v16=0.0000 v17=0.0000 v18=0.0000 das=stage3[12,95] p=1.00 ep_time=9.8s
[19:45:50] [save] best_sourceval_ema val_acc_ema=0.9568 source_val_live=0.9815/0.9817 source_val_ema=0.9568/0.9584 ep=42
[19:45:50] [save] best_sourcequalified77_ema ep=42 source_val_live=0.9815/0.9817 source_val_ema=0.9568/0.9584 test77_ema=0.5468/0.4838
[19:45:50] [train] epoch 43/100 steps=40 use_dann=0 das=stage3 f=[12.0,95.0] p=1.00 gpu=3.0/15.8GB
[19:45:50] [train] ep=43 step=001/40 ce=0.2961 sc=0.8122 mi=0.0608 dn=0.0000 v13=0.0000 v15=0.3947 v16=0.0000 v17=0.0000 v18=0.0000 acc=1.0000 lr=1.95e-04 lambda=0.000 v18_lambda=0.000 gpu=3.0/15.8GB
[19:45:52] [train] ep=43 step=010/40 ce=0.2833 sc=0.7312 mi=0.0559 dn=0.0000 v13=0.0000 v15=0.2000 v16=0.0000 v17=0.0000 v18=0.0000 acc=1.0000 lr=1.94e-04 lambda=0.000 v18_lambda=0.000 gpu=3.0/15.8GB
[19:45:53] [train] ep=43 step=020/40 ce=0.3669 sc=0.8590 mi=0.0581 dn=0.0000 v13=0.0000 v15=0.2224 v16=0.0000 v17=0.0000 v18=0.0000 acc=0.9938 lr=1.93e-04 lambda=0.000 v18_lambda=0.000 gpu=3.0/15.8GB
[19:45:55] [train] ep=43 step=030/40 ce=0.3570 sc=0.8378 mi=0.0581 dn=0.0000 v13=0.0000 v15=0.2348 v16=0.0000 v17=0.0000 v18=0.0000 acc=0.9938 lr=1.92e-04 lambda=0.000 v18_lambda=0.000 gpu=3.0/15.8GB
[19:45:57] [train] ep=43 step=040/40 ce=0.3471 sc=0.8182 mi=0.0585 dn=0.0000 v13=0.0000 v15=0.2272 v16=0.0000 v17=0.0000 v18=0.0000 acc=0.9938 lr=1.91e-04 lambda=0.000 v18_lambda=0.000 gpu=3.0/15.8GB
[19:46:00] [ep_summary] ep=43/100 val_live=0.9691/0.9687 val_ema=0.9568/0.9584 test77_live=0.7842/0.7757 test77_diag_ema=0.5504/0.4870 v13=0.0000 v15=0.2272 v16=0.0000 v17=0.0000 v18=0.0000 das=stage3[12,95] p=1.00 ep_time=9.9s
[19:46:00] [save] best_sourcequalified77_ema ep=43 source_val_live=0.9691/0.9687 source_val_ema=0.9568/0.9584 test77_ema=0.5504/0.4870
[19:46:00] [train] epoch 44/100 steps=40 use_dann=0 das=stage3 f=[12.0,95.0] p=1.00 gpu=3.0/15.8GB
[19:46:00] [train] ep=44 step=001/40 ce=0.2719 sc=0.4191 mi=0.0594 dn=0.0000 v13=0.0000 v15=0.1530 v16=0.0000 v17=0.0000 v18=0.0000 acc=1.0000 lr=1.91e-04 lambda=0.000 v18_lambda=0.000 gpu=3.0/15.8GB
[19:46:02] [train] ep=44 step=010/40 ce=0.4087 sc=0.8948 mi=0.0605 dn=0.0000 v13=0.0000 v15=0.2846 v16=0.0000 v17=0.0000 v18=0.0000 acc=0.9875 lr=1.90e-04 lambda=0.000 v18_lambda=0.000 gpu=3.0/15.8GB
[19:46:03] [train] ep=44 step=020/40 ce=0.3824 sc=0.8610 mi=0.0596 dn=0.0000 v13=0.0000 v15=0.2506 v16=0.0000 v17=0.0000 v18=0.0000 acc=0.9906 lr=1.89e-04 lambda=0.000 v18_lambda=0.000 gpu=3.0/15.8GB
[19:46:05] [train] ep=44 step=030/40 ce=0.3490 sc=0.8103 mi=0.0591 dn=0.0000 v13=0.0000 v15=0.2511 v16=0.0000 v17=0.0000 v18=0.0000 acc=0.9938 lr=1.87e-04 lambda=0.000 v18_lambda=0.000 gpu=3.0/15.8GB
[19:46:07] [train] ep=44 step=040/40 ce=0.3309 sc=0.8099 mi=0.0585 dn=0.0000 v13=0.0000 v15=0.2392 v16=0.0000 v17=0.0000 v18=0.0000 acc=0.9953 lr=1.86e-04 lambda=0.000 v18_lambda=0.000 gpu=3.0/15.8GB
[19:46:10] [ep_summary] ep=44/100 val_live=0.9630/0.9635 val_ema=0.9568/0.9584 test77_live=0.7554/0.7446 test77_diag_ema=0.5791/0.5232 v13=0.0000 v15=0.2392 v16=0.0000 v17=0.0000 v18=0.0000 das=stage3[12,95] p=1.00 ep_time=10.0s
[19:46:10] [save] best_sourcequalified77_ema ep=44 source_val_live=0.9630/0.9635 source_val_ema=0.9568/0.9584 test77_ema=0.5791/0.5232
[19:46:10] [train] epoch 45/100 steps=40 use_dann=0 das=stage3 f=[12.0,95.0] p=1.00 gpu=3.0/15.8GB
[19:46:10] [train] ep=45 step=001/40 ce=0.2582 sc=0.6139 mi=0.0740 dn=0.0000 v13=0.0000 v15=0.1465 v16=0.0000 v17=0.0000 v18=0.0000 acc=1.0000 lr=1.86e-04 lambda=0.000 v18_lambda=0.000 gpu=3.0/15.8GB
[19:46:12] [train] ep=45 step=010/40 ce=0.3571 sc=0.8735 mi=0.0566 dn=0.0000 v13=0.0000 v15=0.1992 v16=0.0000 v17=0.0000 v18=0.0000 acc=0.9938 lr=1.85e-04 lambda=0.000 v18_lambda=0.000 gpu=3.0/15.8GB
[19:46:13] [train] ep=45 step=020/40 ce=0.3083 sc=0.7761 mi=0.0560 dn=0.0000 v13=0.0000 v15=0.1755 v16=0.0000 v17=0.0000 v18=0.0000 acc=0.9969 lr=1.84e-04 lambda=0.000 v18_lambda=0.000 gpu=3.0/15.8GB
[19:46:15] [train] ep=45 step=030/40 ce=0.3438 sc=0.7841 mi=0.0565 dn=0.0000 v13=0.0000 v15=0.1912 v16=0.0000 v17=0.0000 v18=0.0000 acc=0.9938 lr=1.83e-04 lambda=0.000 v18_lambda=0.000 gpu=3.0/15.8GB
[19:46:17] [train] ep=45 step=040/40 ce=0.3690 sc=0.7893 mi=0.0564 dn=0.0000 v13=0.0000 v15=0.2058 v16=0.0000 v17=0.0000 v18=0.0000 acc=0.9922 lr=1.81e-04 lambda=0.000 v18_lambda=0.000 gpu=3.0/15.8GB
[19:46:20] [ep_summary] ep=45/100 val_live=0.9938/0.9939 val_ema=0.9568/0.9584 test77_live=0.7230/0.7207 test77_diag_ema=0.5935/0.5404 v13=0.0000 v15=0.2058 v16=0.0000 v17=0.0000 v18=0.0000 das=stage3[12,95] p=1.00 ep_time=9.9s
[19:46:20] [save] best_sourcequalified77_ema ep=45 source_val_live=0.9938/0.9939 source_val_ema=0.9568/0.9584 test77_ema=0.5935/0.5404
[19:46:20] [train] epoch 46/100 steps=40 use_dann=0 das=stage3 f=[12.0,95.0] p=1.00 gpu=3.0/15.8GB
[19:46:20] [train] ep=46 step=001/40 ce=0.2578 sc=0.6124 mi=0.0539 dn=0.0000 v13=0.0000 v15=0.1427 v16=0.0000 v17=0.0000 v18=0.0000 acc=1.0000 lr=1.81e-04 lambda=0.000 v18_lambda=0.000 gpu=3.0/15.8GB
[19:46:22] [train] ep=46 step=010/40 ce=0.3095 sc=0.7371 mi=0.0591 dn=0.0000 v13=0.0000 v15=0.1915 v16=0.0000 v17=0.0000 v18=0.0000 acc=1.0000 lr=1.80e-04 lambda=0.000 v18_lambda=0.000 gpu=3.0/15.8GB
[19:46:23] [train] ep=46 step=020/40 ce=0.3038 sc=0.7635 mi=0.0585 dn=0.0000 v13=0.0000 v15=0.1876 v16=0.0000 v17=0.0000 v18=0.0000 acc=1.0000 lr=1.79e-04 lambda=0.000 v18_lambda=0.000 gpu=3.0/15.8GB
[19:46:25] [train] ep=46 step=030/40 ce=0.2892 sc=0.7849 mi=0.0588 dn=0.0000 v13=0.0000 v15=0.1869 v16=0.0000 v17=0.0000 v18=0.0000 acc=1.0000 lr=1.78e-04 lambda=0.000 v18_lambda=0.000 gpu=3.0/15.8GB
[19:46:27] [train] ep=46 step=040/40 ce=0.2992 sc=0.7879 mi=0.0583 dn=0.0000 v13=0.0000 v15=0.1903 v16=0.0000 v17=0.0000 v18=0.0000 acc=0.9984 lr=1.77e-04 lambda=0.000 v18_lambda=0.000 gpu=3.0/15.8GB
[19:46:30] [ep_summary] ep=46/100 val_live=0.9815/0.9810 val_ema=0.9630/0.9642 test77_live=0.7158/0.7017 test77_diag_ema=0.6043/0.5544 v13=0.0000 v15=0.1903 v16=0.0000 v17=0.0000 v18=0.0000 das=stage3[12,95] p=1.00 ep_time=9.9s
[19:46:30] [save] best_sourceval_ema val_acc_ema=0.9630 source_val_live=0.9815/0.9810 source_val_ema=0.9630/0.9642 ep=46
[19:46:30] [save] best_sourcequalified77_ema ep=46 source_val_live=0.9815/0.9810 source_val_ema=0.9630/0.9642 test77_ema=0.6043/0.5544
[19:46:30] [train] epoch 47/100 steps=40 use_dann=0 das=stage3 f=[12.0,95.0] p=1.00 gpu=3.0/15.8GB
[19:46:30] [train] ep=47 step=001/40 ce=0.2578 sc=0.6492 mi=0.0535 dn=0.0000 v13=0.0000 v15=0.1434 v16=0.0000 v17=0.0000 v18=0.0000 acc=1.0000 lr=1.77e-04 lambda=0.000 v18_lambda=0.000 gpu=3.0/15.8GB
[19:46:31] [train] ep=47 step=010/40 ce=0.3082 sc=0.6767 mi=0.0559 dn=0.0000 v13=0.0000 v15=0.1791 v16=0.0000 v17=0.0000 v18=0.0000 acc=1.0000 lr=1.76e-04 lambda=0.000 v18_lambda=0.000 gpu=3.0/15.8GB
[19:46:33] [train] ep=47 step=020/40 ce=0.2906 sc=0.7077 mi=0.0567 dn=0.0000 v13=0.0000 v15=0.1741 v16=0.0000 v17=0.0000 v18=0.0000 acc=1.0000 lr=1.74e-04 lambda=0.000 v18_lambda=0.000 gpu=3.0/15.8GB
[19:46:35] [train] ep=47 step=030/40 ce=0.3180 sc=0.7444 mi=0.0562 dn=0.0000 v13=0.0000 v15=0.1868 v16=0.0000 v17=0.0000 v18=0.0000 acc=0.9979 lr=1.73e-04 lambda=0.000 v18_lambda=0.000 gpu=3.0/15.8GB
[19:46:37] [train] ep=47 step=040/40 ce=0.3249 sc=0.7967 mi=0.0565 dn=0.0000 v13=0.0000 v15=0.1911 v16=0.0000 v17=0.0000 v18=0.0000 acc=0.9969 lr=1.72e-04 lambda=0.000 v18_lambda=0.000 gpu=3.0/15.8GB
[19:46:39] [ep_summary] ep=47/100 val_live=0.9630/0.9623 val_ema=0.9630/0.9642 test77_live=0.6403/0.6286 test77_diag_ema=0.6259/0.5800 v13=0.0000 v15=0.1911 v16=0.0000 v17=0.0000 v18=0.0000 das=stage3[12,95] p=1.00 ep_time=9.9s
[19:46:39] [save] best_sourcequalified77_ema ep=47 source_val_live=0.9630/0.9623 source_val_ema=0.9630/0.9642 test77_ema=0.6259/0.5800
[19:46:40] [train] epoch 48/100 steps=40 use_dann=0 das=stage3 f=[12.0,95.0] p=1.00 gpu=3.0/15.8GB
[19:46:40] [train] ep=48 step=001/40 ce=0.2650 sc=0.9673 mi=0.0551 dn=0.0000 v13=0.0000 v15=0.1475 v16=0.0000 v17=0.0000 v18=0.0000 acc=1.0000 lr=1.72e-04 lambda=0.000 v18_lambda=0.000 gpu=3.0/15.8GB
[19:46:41] [train] ep=48 step=010/40 ce=0.2651 sc=0.7773 mi=0.0600 dn=0.0000 v13=0.0000 v15=0.1952 v16=0.0000 v17=0.0000 v18=0.0000 acc=1.0000 lr=1.71e-04 lambda=0.000 v18_lambda=0.000 gpu=3.0/15.8GB
[19:46:43] [train] ep=48 step=020/40 ce=0.3145 sc=0.7390 mi=0.0580 dn=0.0000 v13=0.0000 v15=0.2050 v16=0.0000 v17=0.0000 v18=0.0000 acc=0.9969 lr=1.69e-04 lambda=0.000 v18_lambda=0.000 gpu=3.0/15.8GB
[19:46:45] [train] ep=48 step=030/40 ce=0.2977 sc=0.7356 mi=0.0569 dn=0.0000 v13=0.0000 v15=0.1921 v16=0.0000 v17=0.0000 v18=0.0000 acc=0.9979 lr=1.68e-04 lambda=0.000 v18_lambda=0.000 gpu=3.0/15.8GB
[19:46:47] [train] ep=48 step=040/40 ce=0.3016 sc=0.7597 mi=0.0568 dn=0.0000 v13=0.0000 v15=0.1950 v16=0.0000 v17=0.0000 v18=0.0000 acc=0.9984 lr=1.67e-04 lambda=0.000 v18_lambda=0.000 gpu=3.0/15.8GB
[19:46:49] [ep_summary] ep=48/100 val_live=0.9753/0.9756 val_ema=0.9630/0.9642 test77_live=0.6942/0.6770 test77_diag_ema=0.6655/0.6241 v13=0.0000 v15=0.1950 v16=0.0000 v17=0.0000 v18=0.0000 das=stage3[12,95] p=1.00 ep_time=9.9s
[19:46:49] [save] best_sourcequalified77_ema ep=48 source_val_live=0.9753/0.9756 source_val_ema=0.9630/0.9642 test77_ema=0.6655/0.6241
[19:46:49] [train] epoch 49/100 steps=40 use_dann=0 das=stage3 f=[12.0,95.0] p=1.00 gpu=3.0/15.8GB
[19:46:50] [train] ep=49 step=001/40 ce=0.3329 sc=0.4565 mi=0.0565 dn=0.0000 v13=0.0000 v15=0.1684 v16=0.0000 v17=0.0000 v18=0.0000 acc=1.0000 lr=1.67e-04 lambda=0.000 v18_lambda=0.000 gpu=3.0/15.8GB
[19:46:51] [train] ep=49 step=010/40 ce=0.3806 sc=0.8082 mi=0.0573 dn=0.0000 v13=0.0000 v15=0.2018 v16=0.0000 v17=0.0000 v18=0.0000 acc=0.9938 lr=1.66e-04 lambda=0.000 v18_lambda=0.000 gpu=3.0/15.8GB
[19:46:53] [train] ep=49 step=020/40 ce=0.3705 sc=0.8444 mi=0.0579 dn=0.0000 v13=0.0000 v15=0.2013 v16=0.0000 v17=0.0000 v18=0.0000 acc=0.9938 lr=1.65e-04 lambda=0.000 v18_lambda=0.000 gpu=3.0/15.8GB
[19:46:55] [train] ep=49 step=030/40 ce=0.3345 sc=0.8106 mi=0.0558 dn=0.0000 v13=0.0000 v15=0.1902 v16=0.0000 v17=0.0000 v18=0.0000 acc=0.9958 lr=1.63e-04 lambda=0.000 v18_lambda=0.000 gpu=3.0/15.8GB
[19:46:57] [train] ep=49 step=040/40 ce=0.3158 sc=0.7844 mi=0.0555 dn=0.0000 v13=0.0000 v15=0.1841 v16=0.0000 v17=0.0000 v18=0.0000 acc=0.9969 lr=1.62e-04 lambda=0.000 v18_lambda=0.000 gpu=3.0/15.8GB
[19:46:59] [ep_summary] ep=49/100 val_live=0.9753/0.9758 val_ema=0.9630/0.9642 test77_live=0.7230/0.7033 test77_diag_ema=0.6655/0.6241 v13=0.0000 v15=0.1841 v16=0.0000 v17=0.0000 v18=0.0000 das=stage3[12,95] p=1.00 ep_time=9.9s
[19:46:59] [train] epoch 50/100 steps=40 use_dann=0 das=stage3 f=[12.0,95.0] p=1.00 gpu=3.0/15.8GB
[19:47:00] [train] ep=50 step=001/40 ce=0.2587 sc=0.7296 mi=0.0548 dn=0.0000 v13=0.0000 v15=0.1428 v16=0.0000 v17=0.0000 v18=0.0000 acc=1.0000 lr=1.62e-04 lambda=0.000 v18_lambda=0.000 gpu=3.0/15.8GB
[19:47:01] [train] ep=50 step=010/40 ce=0.3730 sc=0.8829 mi=0.0575 dn=0.0000 v13=0.0000 v15=0.2355 v16=0.0000 v17=0.0000 v18=0.0000 acc=0.9938 lr=1.61e-04 lambda=0.000 v18_lambda=0.000 gpu=3.0/15.8GB
[19:47:03] [train] ep=50 step=020/40 ce=0.3580 sc=0.7678 mi=0.0567 dn=0.0000 v13=0.0000 v15=0.2083 v16=0.0000 v17=0.0000 v18=0.0000 acc=0.9938 lr=1.60e-04 lambda=0.000 v18_lambda=0.000 gpu=3.0/15.8GB
[19:47:05] [train] ep=50 step=030/40 ce=0.3258 sc=0.7329 mi=0.0558 dn=0.0000 v13=0.0000 v15=0.2010 v16=0.0000 v17=0.0000 v18=0.0000 acc=0.9958 lr=1.59e-04 lambda=0.000 v18_lambda=0.000 gpu=3.0/15.8GB
[19:47:06] [train] ep=50 step=040/40 ce=0.3211 sc=0.7468 mi=0.0559 dn=0.0000 v13=0.0000 v15=0.1991 v16=0.0000 v17=0.0000 v18=0.0000 acc=0.9953 lr=1.57e-04 lambda=0.000 v18_lambda=0.000 gpu=3.0/15.8GB
[19:47:09] [pool] check ep=050/100 source_val_acc_ema=0.9753 threshold=0.90
[19:47:10] [pool] ep=050 ADDED src_val=0.9753/0.9761 dev77=0.6357/0.6031 final77=0.6691/0.6278
[19:47:10] [pool] running best ep=050 dev77_f1=0.6031 final77_f1=0.6278 (pool_size=2)
[19:47:10] [ep_summary] ep=50/100 val_live=0.9877/0.9878 val_ema=0.9753/0.9761 test77_live=0.7554/0.7393 test77_diag_ema=0.6691/0.6278 v13=0.0000 v15=0.1991 v16=0.0000 v17=0.0000 v18=0.0000 das=stage3[12,95] p=1.00 ep_time=11.1s
[19:47:11] [save] best_sourceval_ema val_acc_ema=0.9753 source_val_live=0.9877/0.9878 source_val_ema=0.9753/0.9761 ep=50
[19:47:11] [save] best_sourcequalified77_ema ep=50 source_val_live=0.9877/0.9878 source_val_ema=0.9753/0.9761 test77_ema=0.6691/0.6278
[19:47:11] [strict77_monitor] ep=50 best_source_epoch=50 source_val_ema=0.9753/0.9761 test77_ema_diag=0.6691/0.6278 sourcequalified_count=50 best_sourcequalified77_epoch=50 source_val_ema=0.9753/0.9761 test77_ema=0.6691/0.6278
[19:47:11] [train] epoch 51/100 steps=40 use_dann=0 das=stage3 f=[12.0,95.0] p=1.00 gpu=3.0/15.8GB
[19:47:11] [train] ep=51 step=001/40 ce=0.2586 sc=1.0080 mi=0.0537 dn=0.0000 v13=0.0000 v15=0.1487 v16=0.0000 v17=0.0000 v18=0.0000 acc=1.0000 lr=1.57e-04 lambda=0.000 v18_lambda=0.000 gpu=3.0/15.8GB
[19:47:12] [train] ep=51 step=010/40 ce=0.2655 sc=0.8216 mi=0.0553 dn=0.0000 v13=0.0000 v15=0.1613 v16=0.0000 v17=0.0000 v18=0.0000 acc=1.0000 lr=1.56e-04 lambda=0.000 v18_lambda=0.000 gpu=3.0/15.8GB
[19:47:14] [train] ep=51 step=020/40 ce=0.2897 sc=0.7819 mi=0.0553 dn=0.0000 v13=0.0000 v15=0.1666 v16=0.0000 v17=0.0000 v18=0.0000 acc=0.9969 lr=1.55e-04 lambda=0.000 v18_lambda=0.000 gpu=3.0/15.8GB
[19:47:16] [train] ep=51 step=030/40 ce=0.2794 sc=0.7642 mi=0.0555 dn=0.0000 v13=0.0000 v15=0.1717 v16=0.0000 v17=0.0000 v18=0.0000 acc=0.9979 lr=1.54e-04 lambda=0.000 v18_lambda=0.000 gpu=3.0/15.8GB
[19:47:18] [train] ep=51 step=040/40 ce=0.2778 sc=0.7604 mi=0.0548 dn=0.0000 v13=0.0000 v15=0.1662 v16=0.0000 v17=0.0000 v18=0.0000 acc=0.9984 lr=1.53e-04 lambda=0.000 v18_lambda=0.000 gpu=3.0/15.8GB
[19:47:20] [ep_summary] ep=51/100 val_live=0.9753/0.9751 val_ema=0.9753/0.9761 test77_live=0.7266/0.7106 test77_diag_ema=0.6727/0.6333 v13=0.0000 v15=0.1662 v16=0.0000 v17=0.0000 v18=0.0000 das=stage3[12,95] p=1.00 ep_time=9.8s
[19:47:20] [save] best_sourcequalified77_ema ep=51 source_val_live=0.9753/0.9751 source_val_ema=0.9753/0.9761 test77_ema=0.6727/0.6333
[19:47:20] [train] epoch 52/100 steps=40 use_dann=0 das=stage3 f=[12.0,95.0] p=1.00 gpu=3.0/15.8GB
[19:47:21] [train] ep=52 step=001/40 ce=0.2605 sc=1.3419 mi=0.0474 dn=0.0000 v13=0.0000 v15=0.1483 v16=0.0000 v17=0.0000 v18=0.0000 acc=1.0000 lr=1.52e-04 lambda=0.000 v18_lambda=0.000 gpu=3.0/15.8GB
[19:47:22] [train] ep=52 step=010/40 ce=0.2589 sc=0.9232 mi=0.0523 dn=0.0000 v13=0.0000 v15=0.1531 v16=0.0000 v17=0.0000 v18=0.0000 acc=1.0000 lr=1.51e-04 lambda=0.000 v18_lambda=0.000 gpu=3.0/15.8GB
[19:47:24] [train] ep=52 step=020/40 ce=0.2589 sc=0.7945 mi=0.0529 dn=0.0000 v13=0.0000 v15=0.1481 v16=0.0000 v17=0.0000 v18=0.0000 acc=1.0000 lr=1.50e-04 lambda=0.000 v18_lambda=0.000 gpu=3.0/15.8GB
[19:47:26] [train] ep=52 step=030/40 ce=0.2632 sc=0.7572 mi=0.0537 dn=0.0000 v13=0.0000 v15=0.1597 v16=0.0000 v17=0.0000 v18=0.0000 acc=1.0000 lr=1.49e-04 lambda=0.000 v18_lambda=0.000 gpu=3.0/15.8GB
[19:47:28] [train] ep=52 step=040/40 ce=0.2646 sc=0.7547 mi=0.0535 dn=0.0000 v13=0.0000 v15=0.1578 v16=0.0000 v17=0.0000 v18=0.0000 acc=1.0000 lr=1.48e-04 lambda=0.000 v18_lambda=0.000 gpu=3.0/15.8GB
[19:47:30] [ep_summary] ep=52/100 val_live=0.9691/0.9697 val_ema=0.9753/0.9761 test77_live=0.7230/0.7119 test77_diag_ema=0.6835/0.6473 v13=0.0000 v15=0.1578 v16=0.0000 v17=0.0000 v18=0.0000 das=stage3[12,95] p=1.00 ep_time=9.9s
[19:47:30] [save] best_sourcequalified77_ema ep=52 source_val_live=0.9691/0.9697 source_val_ema=0.9753/0.9761 test77_ema=0.6835/0.6473
[19:47:30] [train] epoch 53/100 steps=40 use_dann=0 das=stage3 f=[12.0,95.0] p=1.00 gpu=3.0/15.8GB
[19:47:31] [train] ep=53 step=001/40 ce=0.2737 sc=0.9649 mi=0.0553 dn=0.0000 v13=0.0000 v15=0.2584 v16=0.0000 v17=0.0000 v18=0.0000 acc=1.0000 lr=1.48e-04 lambda=0.000 v18_lambda=0.000 gpu=3.0/15.8GB
[19:47:32] [train] ep=53 step=010/40 ce=0.2687 sc=0.7044 mi=0.0556 dn=0.0000 v13=0.0000 v15=0.1972 v16=0.0000 v17=0.0000 v18=0.0000 acc=1.0000 lr=1.46e-04 lambda=0.000 v18_lambda=0.000 gpu=3.0/15.8GB
[19:47:34] [train] ep=53 step=020/40 ce=0.2702 sc=0.7544 mi=0.0551 dn=0.0000 v13=0.0000 v15=0.1912 v16=0.0000 v17=0.0000 v18=0.0000 acc=1.0000 lr=1.45e-04 lambda=0.000 v18_lambda=0.000 gpu=3.0/15.8GB
[19:47:36] [train] ep=53 step=030/40 ce=0.2676 sc=0.7440 mi=0.0548 dn=0.0000 v13=0.0000 v15=0.1758 v16=0.0000 v17=0.0000 v18=0.0000 acc=1.0000 lr=1.44e-04 lambda=0.000 v18_lambda=0.000 gpu=3.0/15.8GB
[19:47:38] [train] ep=53 step=040/40 ce=0.2677 sc=0.7396 mi=0.0554 dn=0.0000 v13=0.0000 v15=0.1716 v16=0.0000 v17=0.0000 v18=0.0000 acc=1.0000 lr=1.43e-04 lambda=0.000 v18_lambda=0.000 gpu=3.0/15.8GB
[19:47:40] [ep_summary] ep=53/100 val_live=0.9691/0.9687 val_ema=0.9753/0.9761 test77_live=0.7194/0.7091 test77_diag_ema=0.6727/0.6359 v13=0.0000 v15=0.1716 v16=0.0000 v17=0.0000 v18=0.0000 das=stage3[12,95] p=1.00 ep_time=9.9s
[19:47:40] [train] epoch 54/100 steps=40 use_dann=0 das=stage3 f=[12.0,95.0] p=1.00 gpu=3.0/15.8GB
[19:47:40] [train] ep=54 step=001/40 ce=0.2752 sc=0.6418 mi=0.0502 dn=0.0000 v13=0.0000 v15=0.1484 v16=0.0000 v17=0.0000 v18=0.0000 acc=1.0000 lr=1.43e-04 lambda=0.000 v18_lambda=0.000 gpu=3.0/15.8GB
[19:47:42] [train] ep=54 step=010/40 ce=0.3522 sc=0.9273 mi=0.0560 dn=0.0000 v13=0.0000 v15=0.1991 v16=0.0000 v17=0.0000 v18=0.0000 acc=0.9938 lr=1.42e-04 lambda=0.000 v18_lambda=0.000 gpu=3.0/15.8GB
[19:47:44] [train] ep=54 step=020/40 ce=0.3052 sc=0.8594 mi=0.0547 dn=0.0000 v13=0.0000 v15=0.1807 v16=0.0000 v17=0.0000 v18=0.0000 acc=0.9969 lr=1.40e-04 lambda=0.000 v18_lambda=0.000 gpu=3.0/15.8GB
[19:47:46] [train] ep=54 step=030/40 ce=0.2934 sc=0.8364 mi=0.0550 dn=0.0000 v13=0.0000 v15=0.1704 v16=0.0000 v17=0.0000 v18=0.0000 acc=0.9979 lr=1.39e-04 lambda=0.000 v18_lambda=0.000 gpu=3.0/15.8GB
[19:47:47] [train] ep=54 step=040/40 ce=0.2891 sc=0.8194 mi=0.0557 dn=0.0000 v13=0.0000 v15=0.1716 v16=0.0000 v17=0.0000 v18=0.0000 acc=0.9984 lr=1.38e-04 lambda=0.000 v18_lambda=0.000 gpu=3.0/15.8GB
[19:47:50] [ep_summary] ep=54/100 val_live=0.9753/0.9751 val_ema=0.9691/0.9701 test77_live=0.7266/0.7219 test77_diag_ema=0.6763/0.6393 v13=0.0000 v15=0.1716 v16=0.0000 v17=0.0000 v18=0.0000 das=stage3[12,95] p=1.00 ep_time=9.8s
[19:47:50] [train] epoch 55/100 steps=40 use_dann=0 das=stage3 f=[12.0,95.0] p=1.00 gpu=3.0/15.8GB
[19:47:50] [train] ep=55 step=001/40 ce=0.2604 sc=0.8400 mi=0.0498 dn=0.0000 v13=0.0000 v15=0.1451 v16=0.0000 v17=0.0000 v18=0.0000 acc=1.0000 lr=1.38e-04 lambda=0.000 v18_lambda=0.000 gpu=3.0/15.8GB
[19:47:52] [train] ep=55 step=010/40 ce=0.2761 sc=0.7194 mi=0.0530 dn=0.0000 v13=0.0000 v15=0.1661 v16=0.0000 v17=0.0000 v18=0.0000 acc=1.0000 lr=1.37e-04 lambda=0.000 v18_lambda=0.000 gpu=3.0/15.8GB
[19:47:54] [train] ep=55 step=020/40 ce=0.3157 sc=0.8150 mi=0.0542 dn=0.0000 v13=0.0000 v15=0.1858 v16=0.0000 v17=0.0000 v18=0.0000 acc=0.9969 lr=1.36e-04 lambda=0.000 v18_lambda=0.000 gpu=3.0/15.8GB
[19:47:56] [train] ep=55 step=030/40 ce=0.2965 sc=0.7672 mi=0.0555 dn=0.0000 v13=0.0000 v15=0.1839 v16=0.0000 v17=0.0000 v18=0.0000 acc=0.9979 lr=1.34e-04 lambda=0.000 v18_lambda=0.000 gpu=3.0/15.8GB
[19:47:58] [train] ep=55 step=040/40 ce=0.2870 sc=0.7546 mi=0.0554 dn=0.0000 v13=0.0000 v15=0.1918 v16=0.0000 v17=0.0000 v18=0.0000 acc=0.9984 lr=1.33e-04 lambda=0.000 v18_lambda=0.000 gpu=3.0/15.8GB
[19:48:00] [ep_summary] ep=55/100 val_live=0.9753/0.9751 val_ema=0.9753/0.9759 test77_live=0.7518/0.7487 test77_diag_ema=0.6799/0.6428 v13=0.0000 v15=0.1918 v16=0.0000 v17=0.0000 v18=0.0000 das=stage3[12,95] p=1.00 ep_time=10.4s
[19:48:00] [train] epoch 56/100 steps=40 use_dann=0 das=stage3 f=[12.0,95.0] p=1.00 gpu=3.0/15.8GB
[19:48:01] [train] ep=56 step=001/40 ce=0.2619 sc=0.4342 mi=0.0589 dn=0.0000 v13=0.0000 v15=0.1443 v16=0.0000 v17=0.0000 v18=0.0000 acc=1.0000 lr=1.33e-04 lambda=0.000 v18_lambda=0.000 gpu=3.0/15.8GB
[19:48:03] [train] ep=56 step=010/40 ce=0.2581 sc=0.7599 mi=0.0535 dn=0.0000 v13=0.0000 v15=0.1432 v16=0.0000 v17=0.0000 v18=0.0000 acc=1.0000 lr=1.32e-04 lambda=0.000 v18_lambda=0.000 gpu=3.0/15.8GB
[19:48:05] [train] ep=56 step=020/40 ce=0.2855 sc=0.8403 mi=0.0558 dn=0.0000 v13=0.0000 v15=0.1564 v16=0.0000 v17=0.0000 v18=0.0000 acc=0.9969 lr=1.31e-04 lambda=0.000 v18_lambda=0.000 gpu=3.0/15.8GB
[19:48:07] [train] ep=56 step=030/40 ce=0.2815 sc=0.8656 mi=0.0561 dn=0.0000 v13=0.0000 v15=0.1640 v16=0.0000 v17=0.0000 v18=0.0000 acc=0.9979 lr=1.30e-04 lambda=0.000 v18_lambda=0.000 gpu=3.0/15.8GB
[19:48:09] [train] ep=56 step=040/40 ce=0.2792 sc=0.8236 mi=0.0562 dn=0.0000 v13=0.0000 v15=0.1621 v16=0.0000 v17=0.0000 v18=0.0000 acc=0.9984 lr=1.28e-04 lambda=0.000 v18_lambda=0.000 gpu=3.0/15.8GB
[19:48:11] [ep_summary] ep=56/100 val_live=0.9753/0.9758 val_ema=0.9753/0.9759 test77_live=0.7662/0.7595 test77_diag_ema=0.6871/0.6493 v13=0.0000 v15=0.1621 v16=0.0000 v17=0.0000 v18=0.0000 das=stage3[12,95] p=1.00 ep_time=11.0s
[19:48:12] [save] best_sourcequalified77_ema ep=56 source_val_live=0.9753/0.9758 source_val_ema=0.9753/0.9759 test77_ema=0.6871/0.6493
[19:48:12] [train] epoch 57/100 steps=40 use_dann=0 das=stage3 f=[12.0,95.0] p=1.00 gpu=3.0/15.8GB
[19:48:12] [train] ep=57 step=001/40 ce=0.2582 sc=0.6132 mi=0.0534 dn=0.0000 v13=0.0000 v15=0.1537 v16=0.0000 v17=0.0000 v18=0.0000 acc=1.0000 lr=1.28e-04 lambda=0.000 v18_lambda=0.000 gpu=3.0/15.8GB
[19:48:14] [train] ep=57 step=010/40 ce=0.2636 sc=0.7785 mi=0.0538 dn=0.0000 v13=0.0000 v15=0.1640 v16=0.0000 v17=0.0000 v18=0.0000 acc=1.0000 lr=1.27e-04 lambda=0.000 v18_lambda=0.000 gpu=3.0/15.8GB
[19:48:16] [train] ep=57 step=020/40 ce=0.2926 sc=0.8005 mi=0.0534 dn=0.0000 v13=0.0000 v15=0.1907 v16=0.0000 v17=0.0000 v18=0.0000 acc=0.9969 lr=1.26e-04 lambda=0.000 v18_lambda=0.000 gpu=3.0/15.8GB
[19:48:18] [train] ep=57 step=030/40 ce=0.2822 sc=0.7824 mi=0.0530 dn=0.0000 v13=0.0000 v15=0.2132 v16=0.0000 v17=0.0000 v18=0.0000 acc=0.9979 lr=1.25e-04 lambda=0.000 v18_lambda=0.000 gpu=3.0/15.8GB
[19:48:20] [train] ep=57 step=040/40 ce=0.2947 sc=0.8351 mi=0.0537 dn=0.0000 v13=0.0000 v15=0.2039 v16=0.0000 v17=0.0000 v18=0.0000 acc=0.9969 lr=1.24e-04 lambda=0.000 v18_lambda=0.000 gpu=3.0/15.8GB
[19:48:22] [ep_summary] ep=57/100 val_live=0.9815/0.9819 val_ema=0.9753/0.9759 test77_live=0.7554/0.7482 test77_diag_ema=0.6942/0.6561 v13=0.0000 v15=0.2039 v16=0.0000 v17=0.0000 v18=0.0000 das=stage3[12,95] p=1.00 ep_time=10.9s
[19:48:22] [save] best_sourcequalified77_ema ep=57 source_val_live=0.9815/0.9819 source_val_ema=0.9753/0.9759 test77_ema=0.6942/0.6561
[19:48:22] [train] epoch 58/100 steps=40 use_dann=0 das=stage3 f=[12.0,95.0] p=1.00 gpu=3.0/15.8GB
[19:48:23] [train] ep=58 step=001/40 ce=0.2608 sc=0.9894 mi=0.0553 dn=0.0000 v13=0.0000 v15=0.1439 v16=0.0000 v17=0.0000 v18=0.0000 acc=1.0000 lr=1.23e-04 lambda=0.000 v18_lambda=0.000 gpu=3.0/15.8GB
[19:48:24] [train] ep=58 step=010/40 ce=0.3241 sc=0.7673 mi=0.0540 dn=0.0000 v13=0.0000 v15=0.1804 v16=0.0000 v17=0.0000 v18=0.0000 acc=0.9938 lr=1.22e-04 lambda=0.000 v18_lambda=0.000 gpu=3.0/15.8GB
[19:48:26] [train] ep=58 step=020/40 ce=0.3084 sc=0.7556 mi=0.0556 dn=0.0000 v13=0.0000 v15=0.1715 v16=0.0000 v17=0.0000 v18=0.0000 acc=0.9969 lr=1.21e-04 lambda=0.000 v18_lambda=0.000 gpu=3.0/15.8GB
[19:48:28] [train] ep=58 step=030/40 ce=0.3016 sc=0.7673 mi=0.0553 dn=0.0000 v13=0.0000 v15=0.1721 v16=0.0000 v17=0.0000 v18=0.0000 acc=0.9979 lr=1.20e-04 lambda=0.000 v18_lambda=0.000 gpu=3.0/15.8GB
[19:48:30] [train] ep=58 step=040/40 ce=0.2925 sc=0.7715 mi=0.0557 dn=0.0000 v13=0.0000 v15=0.1665 v16=0.0000 v17=0.0000 v18=0.0000 acc=0.9984 lr=1.19e-04 lambda=0.000 v18_lambda=0.000 gpu=3.0/15.8GB
[19:48:32] [ep_summary] ep=58/100 val_live=0.9815/0.9819 val_ema=0.9753/0.9759 test77_live=0.7374/0.7217 test77_diag_ema=0.6978/0.6602 v13=0.0000 v15=0.1665 v16=0.0000 v17=0.0000 v18=0.0000 das=stage3[12,95] p=1.00 ep_time=9.9s
[19:48:32] [save] best_sourcequalified77_ema ep=58 source_val_live=0.9815/0.9819 source_val_ema=0.9753/0.9759 test77_ema=0.6978/0.6602
[19:48:32] [train] epoch 59/100 steps=40 use_dann=0 das=stage3 f=[12.0,95.0] p=1.00 gpu=3.0/15.8GB
[19:48:32] [train] ep=59 step=001/40 ce=0.2635 sc=0.8754 mi=0.0542 dn=0.0000 v13=0.0000 v15=0.1455 v16=0.0000 v17=0.0000 v18=0.0000 acc=1.0000 lr=1.19e-04 lambda=0.000 v18_lambda=0.000 gpu=3.0/15.8GB
[19:48:34] [train] ep=59 step=010/40 ce=0.3301 sc=0.8507 mi=0.0544 dn=0.0000 v13=0.0000 v15=0.2240 v16=0.0000 v17=0.0000 v18=0.0000 acc=0.9938 lr=1.18e-04 lambda=0.000 v18_lambda=0.000 gpu=3.0/15.8GB
[19:48:36] [train] ep=59 step=020/40 ce=0.2940 sc=0.7477 mi=0.0539 dn=0.0000 v13=0.0000 v15=0.1957 v16=0.0000 v17=0.0000 v18=0.0000 acc=0.9969 lr=1.16e-04 lambda=0.000 v18_lambda=0.000 gpu=3.0/15.8GB
[19:48:38] [train] ep=59 step=030/40 ce=0.3106 sc=0.8410 mi=0.0538 dn=0.0000 v13=0.0000 v15=0.1972 v16=0.0000 v17=0.0000 v18=0.0000 acc=0.9958 lr=1.15e-04 lambda=0.000 v18_lambda=0.000 gpu=3.0/15.8GB
[19:48:39] [train] ep=59 step=040/40 ce=0.2987 sc=0.7824 mi=0.0548 dn=0.0000 v13=0.0000 v15=0.1896 v16=0.0000 v17=0.0000 v18=0.0000 acc=0.9969 lr=1.14e-04 lambda=0.000 v18_lambda=0.000 gpu=3.0/15.8GB
[19:48:42] [ep_summary] ep=59/100 val_live=0.9815/0.9817 val_ema=0.9753/0.9759 test77_live=0.7410/0.7284 test77_diag_ema=0.6978/0.6602 v13=0.0000 v15=0.1896 v16=0.0000 v17=0.0000 v18=0.0000 das=stage3[12,95] p=1.00 ep_time=9.8s
[19:48:42] [train] epoch 60/100 steps=40 use_dann=0 das=stage3 f=[12.0,95.0] p=1.00 gpu=3.0/15.8GB
[19:48:42] [train] ep=60 step=001/40 ce=0.2583 sc=0.6453 mi=0.0470 dn=0.0000 v13=0.0000 v15=0.1424 v16=0.0000 v17=0.0000 v18=0.0000 acc=1.0000 lr=1.14e-04 lambda=0.000 v18_lambda=0.000 gpu=3.0/15.8GB
[19:48:44] [train] ep=60 step=010/40 ce=0.2687 sc=0.7459 mi=0.0539 dn=0.0000 v13=0.0000 v15=0.1640 v16=0.0000 v17=0.0000 v18=0.0000 acc=1.0000 lr=1.13e-04 lambda=0.000 v18_lambda=0.000 gpu=3.0/15.8GB
[19:48:46] [train] ep=60 step=020/40 ce=0.3316 sc=0.7570 mi=0.0537 dn=0.0000 v13=0.0000 v15=0.1803 v16=0.0000 v17=0.0000 v18=0.0000 acc=0.9938 lr=1.12e-04 lambda=0.000 v18_lambda=0.000 gpu=3.0/15.8GB
[19:48:47] [train] ep=60 step=030/40 ce=0.3070 sc=0.7653 mi=0.0541 dn=0.0000 v13=0.0000 v15=0.1791 v16=0.0000 v17=0.0000 v18=0.0000 acc=0.9958 lr=1.11e-04 lambda=0.000 v18_lambda=0.000 gpu=3.0/15.8GB
[19:48:49] [train] ep=60 step=040/40 ce=0.2969 sc=0.7800 mi=0.0537 dn=0.0000 v13=0.0000 v15=0.1879 v16=0.0000 v17=0.0000 v18=0.0000 acc=0.9969 lr=1.09e-04 lambda=0.000 v18_lambda=0.000 gpu=3.0/15.8GB
[19:48:52] [pool] check ep=060/100 source_val_acc_ema=0.9753 threshold=0.90
[19:48:53] [pool] ep=060 ADDED src_val=0.9753/0.9759 dev77=0.6429/0.6174 final77=0.7014/0.6643
[19:48:53] [pool] running best ep=060 dev77_f1=0.6174 final77_f1=0.6643 (pool_size=3)
[19:48:53] [ep_summary] ep=60/100 val_live=0.9815/0.9817 val_ema=0.9753/0.9759 test77_live=0.7554/0.7464 test77_diag_ema=0.7014/0.6643 v13=0.0000 v15=0.1879 v16=0.0000 v17=0.0000 v18=0.0000 das=stage3[12,95] p=1.00 ep_time=11.2s
[19:48:53] [save] best_sourcequalified77_ema ep=60 source_val_live=0.9815/0.9817 source_val_ema=0.9753/0.9759 test77_ema=0.7014/0.6643
[19:48:53] [strict77_monitor] ep=60 best_source_epoch=50 source_val_ema=0.9753/0.9761 test77_ema_diag=0.6691/0.6278 sourcequalified_count=60 best_sourcequalified77_epoch=60 source_val_ema=0.9753/0.9759 test77_ema=0.7014/0.6643
[19:48:53] [train] epoch 61/100 steps=40 use_dann=0 das=stage3 f=[12.0,95.0] p=1.00 gpu=3.0/15.8GB
[19:48:54] [train] ep=61 step=001/40 ce=0.2571 sc=0.7140 mi=0.0454 dn=0.0000 v13=0.0000 v15=0.1422 v16=0.0000 v17=0.0000 v18=0.0000 acc=1.0000 lr=1.09e-04 lambda=0.000 v18_lambda=0.000 gpu=3.0/15.8GB
[19:48:55] [train] ep=61 step=010/40 ce=0.2580 sc=0.7142 mi=0.0528 dn=0.0000 v13=0.0000 v15=0.1681 v16=0.0000 v17=0.0000 v18=0.0000 acc=1.0000 lr=1.08e-04 lambda=0.000 v18_lambda=0.000 gpu=3.0/15.8GB
[19:48:57] [train] ep=61 step=020/40 ce=0.2580 sc=0.7252 mi=0.0540 dn=0.0000 v13=0.0000 v15=0.1577 v16=0.0000 v17=0.0000 v18=0.0000 acc=1.0000 lr=1.07e-04 lambda=0.000 v18_lambda=0.000 gpu=3.0/15.8GB
[19:48:59] [train] ep=61 step=030/40 ce=0.2757 sc=0.7866 mi=0.0550 dn=0.0000 v13=0.0000 v15=0.1704 v16=0.0000 v17=0.0000 v18=0.0000 acc=0.9979 lr=1.06e-04 lambda=0.000 v18_lambda=0.000 gpu=3.0/15.8GB
[19:49:01] [train] ep=61 step=040/40 ce=0.2824 sc=0.7739 mi=0.0545 dn=0.0000 v13=0.0000 v15=0.1730 v16=0.0000 v17=0.0000 v18=0.0000 acc=0.9984 lr=1.05e-04 lambda=0.000 v18_lambda=0.000 gpu=3.0/15.8GB
[19:49:04] [ep_summary] ep=61/100 val_live=0.9815/0.9817 val_ema=0.9753/0.9759 test77_live=0.7410/0.7367 test77_diag_ema=0.7050/0.6677 v13=0.0000 v15=0.1730 v16=0.0000 v17=0.0000 v18=0.0000 das=stage3[12,95] p=1.00 ep_time=10.7s
[19:49:04] [save] best_sourcequalified77_ema ep=61 source_val_live=0.9815/0.9817 source_val_ema=0.9753/0.9759 test77_ema=0.7050/0.6677
[19:49:04] [train] epoch 62/100 steps=40 use_dann=0 das=stage3 f=[12.0,95.0] p=1.00 gpu=3.0/15.8GB
[19:49:04] [train] ep=62 step=001/40 ce=0.2579 sc=0.6920 mi=0.0492 dn=0.0000 v13=0.0000 v15=0.1422 v16=0.0000 v17=0.0000 v18=0.0000 acc=1.0000 lr=1.05e-04 lambda=0.000 v18_lambda=0.000 gpu=3.0/15.8GB
[19:49:06] [train] ep=62 step=010/40 ce=0.3288 sc=0.8051 mi=0.0526 dn=0.0000 v13=0.0000 v15=0.2007 v16=0.0000 v17=0.0000 v18=0.0000 acc=0.9938 lr=1.04e-04 lambda=0.000 v18_lambda=0.000 gpu=3.0/15.8GB
[19:49:08] [train] ep=62 step=020/40 ce=0.2930 sc=0.7957 mi=0.0531 dn=0.0000 v13=0.0000 v15=0.1913 v16=0.0000 v17=0.0000 v18=0.0000 acc=0.9969 lr=1.02e-04 lambda=0.000 v18_lambda=0.000 gpu=3.0/15.8GB
[19:49:10] [train] ep=62 step=030/40 ce=0.3375 sc=0.8027 mi=0.0531 dn=0.0000 v13=0.0000 v15=0.2013 v16=0.0000 v17=0.0000 v18=0.0000 acc=0.9938 lr=1.01e-04 lambda=0.000 v18_lambda=0.000 gpu=3.0/15.8GB
[19:49:12] [train] ep=62 step=040/40 ce=0.3178 sc=0.7809 mi=0.0534 dn=0.0000 v13=0.0000 v15=0.1881 v16=0.0000 v17=0.0000 v18=0.0000 acc=0.9953 lr=1.00e-04 lambda=0.000 v18_lambda=0.000 gpu=3.0/15.8GB
[19:49:15] [ep_summary] ep=62/100 val_live=0.9815/0.9817 val_ema=0.9753/0.9759 test77_live=0.7806/0.7768 test77_diag_ema=0.7086/0.6710 v13=0.0000 v15=0.1881 v16=0.0000 v17=0.0000 v18=0.0000 das=stage3[12,95] p=1.00 ep_time=11.1s
[19:49:15] [save] best_sourcequalified77_ema ep=62 source_val_live=0.9815/0.9817 source_val_ema=0.9753/0.9759 test77_ema=0.7086/0.6710
[19:49:15] [train] epoch 63/100 steps=40 use_dann=0 das=stage3 f=[12.0,95.0] p=1.00 gpu=3.0/15.8GB
[19:49:15] [train] ep=63 step=001/40 ce=0.2566 sc=0.6467 mi=0.0491 dn=0.0000 v13=0.0000 v15=0.1420 v16=0.0000 v17=0.0000 v18=0.0000 acc=1.0000 lr=1.00e-04 lambda=0.000 v18_lambda=0.000 gpu=3.0/15.8GB
[19:49:17] [train] ep=63 step=010/40 ce=0.2931 sc=0.8484 mi=0.0541 dn=0.0000 v13=0.0000 v15=0.1598 v16=0.0000 v17=0.0000 v18=0.0000 acc=1.0000 lr=9.89e-05 lambda=0.000 v18_lambda=0.000 gpu=3.0/15.8GB
[19:49:19] [train] ep=63 step=020/40 ce=0.2930 sc=0.7287 mi=0.0547 dn=0.0000 v13=0.0000 v15=0.1760 v16=0.0000 v17=0.0000 v18=0.0000 acc=1.0000 lr=9.78e-05 lambda=0.000 v18_lambda=0.000 gpu=3.0/15.8GB
[19:49:22] [train] ep=63 step=030/40 ce=0.2815 sc=0.7215 mi=0.0548 dn=0.0000 v13=0.0000 v15=0.1758 v16=0.0000 v17=0.0000 v18=0.0000 acc=1.0000 lr=9.67e-05 lambda=0.000 v18_lambda=0.000 gpu=3.0/15.8GB
[19:49:23] [train] ep=63 step=040/40 ce=0.2755 sc=0.7172 mi=0.0541 dn=0.0000 v13=0.0000 v15=0.1761 v16=0.0000 v17=0.0000 v18=0.0000 acc=1.0000 lr=9.55e-05 lambda=0.000 v18_lambda=0.000 gpu=3.0/15.8GB
[19:49:26] [ep_summary] ep=63/100 val_live=0.9815/0.9817 val_ema=0.9815/0.9818 test77_live=0.7914/0.7886 test77_diag_ema=0.7050/0.6674 v13=0.0000 v15=0.1761 v16=0.0000 v17=0.0000 v18=0.0000 das=stage3[12,95] p=1.00 ep_time=11.0s
[19:49:26] [save] best_sourceval_ema val_acc_ema=0.9815 source_val_live=0.9815/0.9817 source_val_ema=0.9815/0.9818 ep=63
[19:49:26] [train] epoch 64/100 steps=40 use_dann=0 das=stage3 f=[12.0,95.0] p=1.00 gpu=3.0/15.8GB
[19:49:26] [train] ep=64 step=001/40 ce=0.2568 sc=0.6122 mi=0.0520 dn=0.0000 v13=0.0000 v15=0.1421 v16=0.0000 v17=0.0000 v18=0.0000 acc=1.0000 lr=9.54e-05 lambda=0.000 v18_lambda=0.000 gpu=3.0/15.8GB
[19:49:28] [train] ep=64 step=010/40 ce=0.2729 sc=0.6748 mi=0.0519 dn=0.0000 v13=0.0000 v15=0.1585 v16=0.0000 v17=0.0000 v18=0.0000 acc=1.0000 lr=9.44e-05 lambda=0.000 v18_lambda=0.000 gpu=3.0/15.8GB
[19:49:30] [train] ep=64 step=020/40 ce=0.2650 sc=0.7106 mi=0.0526 dn=0.0000 v13=0.0000 v15=0.1518 v16=0.0000 v17=0.0000 v18=0.0000 acc=1.0000 lr=9.33e-05 lambda=0.000 v18_lambda=0.000 gpu=3.0/15.8GB
[19:49:32] [train] ep=64 step=030/40 ce=0.2982 sc=0.7082 mi=0.0528 dn=0.0000 v13=0.0000 v15=0.1729 v16=0.0000 v17=0.0000 v18=0.0000 acc=0.9979 lr=9.21e-05 lambda=0.000 v18_lambda=0.000 gpu=3.0/15.8GB
[19:49:33] [train] ep=64 step=040/40 ce=0.3140 sc=0.6845 mi=0.0526 dn=0.0000 v13=0.0000 v15=0.1801 v16=0.0000 v17=0.0000 v18=0.0000 acc=0.9969 lr=9.10e-05 lambda=0.000 v18_lambda=0.000 gpu=3.0/15.8GB
[19:49:36] [ep_summary] ep=64/100 val_live=0.9753/0.9756 val_ema=0.9815/0.9818 test77_live=0.7626/0.7555 test77_diag_ema=0.7122/0.6783 v13=0.0000 v15=0.1801 v16=0.0000 v17=0.0000 v18=0.0000 das=stage3[12,95] p=1.00 ep_time=9.9s
[19:49:36] [save] best_sourcequalified77_ema ep=64 source_val_live=0.9753/0.9756 source_val_ema=0.9815/0.9818 test77_ema=0.7122/0.6783
[19:49:36] [train] epoch 65/100 steps=40 use_dann=0 das=stage3 f=[12.0,95.0] p=1.00 gpu=3.0/15.8GB
[19:49:36] [train] ep=65 step=001/40 ce=0.2562 sc=1.1205 mi=0.0431 dn=0.0000 v13=0.0000 v15=0.3377 v16=0.0000 v17=0.0000 v18=0.0000 acc=1.0000 lr=9.09e-05 lambda=0.000 v18_lambda=0.000 gpu=3.0/15.8GB
[19:49:38] [train] ep=65 step=010/40 ce=0.2575 sc=0.8301 mi=0.0549 dn=0.0000 v13=0.0000 v15=0.1734 v16=0.0000 v17=0.0000 v18=0.0000 acc=1.0000 lr=8.99e-05 lambda=0.000 v18_lambda=0.000 gpu=3.0/15.8GB
[19:49:40] [train] ep=65 step=020/40 ce=0.3091 sc=0.7844 mi=0.0539 dn=0.0000 v13=0.0000 v15=0.1908 v16=0.0000 v17=0.0000 v18=0.0000 acc=0.9938 lr=8.88e-05 lambda=0.000 v18_lambda=0.000 gpu=3.0/15.8GB
[19:49:42] [train] ep=65 step=030/40 ce=0.2936 sc=0.7557 mi=0.0540 dn=0.0000 v13=0.0000 v15=0.1820 v16=0.0000 v17=0.0000 v18=0.0000 acc=0.9958 lr=8.77e-05 lambda=0.000 v18_lambda=0.000 gpu=3.0/15.8GB
[19:49:43] [train] ep=65 step=040/40 ce=0.2847 sc=0.7756 mi=0.0540 dn=0.0000 v13=0.0000 v15=0.1721 v16=0.0000 v17=0.0000 v18=0.0000 acc=0.9969 lr=8.66e-05 lambda=0.000 v18_lambda=0.000 gpu=3.0/15.8GB
[19:49:46] [ep_summary] ep=65/100 val_live=0.9815/0.9817 val_ema=0.9815/0.9818 test77_live=0.7626/0.7589 test77_diag_ema=0.7158/0.6816 v13=0.0000 v15=0.1721 v16=0.0000 v17=0.0000 v18=0.0000 das=stage3[12,95] p=1.00 ep_time=9.9s
[19:49:46] [save] best_sourcequalified77_ema ep=65 source_val_live=0.9815/0.9817 source_val_ema=0.9815/0.9818 test77_ema=0.7158/0.6816
[19:49:46] [train] epoch 66/100 steps=40 use_dann=0 das=stage3 f=[12.0,95.0] p=1.00 gpu=3.0/15.8GB
[19:49:46] [train] ep=66 step=001/40 ce=0.2574 sc=0.4196 mi=0.0540 dn=0.0000 v13=0.0000 v15=0.1416 v16=0.0000 v17=0.0000 v18=0.0000 acc=1.0000 lr=8.65e-05 lambda=0.000 v18_lambda=0.000 gpu=3.0/15.8GB
[19:49:48] [train] ep=66 step=010/40 ce=0.2726 sc=0.6783 mi=0.0540 dn=0.0000 v13=0.0000 v15=0.1785 v16=0.0000 v17=0.0000 v18=0.0000 acc=1.0000 lr=8.55e-05 lambda=0.000 v18_lambda=0.000 gpu=3.0/15.8GB
[19:49:50] [train] ep=66 step=020/40 ce=0.2653 sc=0.6777 mi=0.0536 dn=0.0000 v13=0.0000 v15=0.1771 v16=0.0000 v17=0.0000 v18=0.0000 acc=1.0000 lr=8.44e-05 lambda=0.000 v18_lambda=0.000 gpu=3.0/15.8GB
[19:49:51] [train] ep=66 step=030/40 ce=0.2693 sc=0.7319 mi=0.0535 dn=0.0000 v13=0.0000 v15=0.1747 v16=0.0000 v17=0.0000 v18=0.0000 acc=1.0000 lr=8.33e-05 lambda=0.000 v18_lambda=0.000 gpu=3.0/15.8GB
[19:49:53] [train] ep=66 step=040/40 ce=0.2803 sc=0.7480 mi=0.0536 dn=0.0000 v13=0.0000 v15=0.1734 v16=0.0000 v17=0.0000 v18=0.0000 acc=0.9984 lr=8.22e-05 lambda=0.000 v18_lambda=0.000 gpu=3.0/15.8GB
[19:49:56] [ep_summary] ep=66/100 val_live=0.9691/0.9694 val_ema=0.9815/0.9818 test77_live=0.7878/0.7853 test77_diag_ema=0.7122/0.6779 v13=0.0000 v15=0.1734 v16=0.0000 v17=0.0000 v18=0.0000 das=stage3[12,95] p=1.00 ep_time=9.9s
[19:49:56] [train] epoch 67/100 steps=40 use_dann=0 das=stage3 f=[12.0,95.0] p=1.00 gpu=3.0/15.8GB
[19:49:56] [train] ep=67 step=001/40 ce=1.1564 sc=1.8748 mi=0.0547 dn=0.0000 v13=0.0000 v15=0.5732 v16=0.0000 v17=0.0000 v18=0.0000 acc=0.9375 lr=8.21e-05 lambda=0.000 v18_lambda=0.000 gpu=3.0/15.8GB
[19:49:58] [train] ep=67 step=010/40 ce=0.3647 sc=0.9692 mi=0.0547 dn=0.0000 v13=0.0000 v15=0.2219 v16=0.0000 v17=0.0000 v18=0.0000 acc=0.9938 lr=8.11e-05 lambda=0.000 v18_lambda=0.000 gpu=3.0/15.8GB
[19:50:00] [train] ep=67 step=020/40 ce=0.3622 sc=0.9123 mi=0.0547 dn=0.0000 v13=0.0000 v15=0.2061 v16=0.0000 v17=0.0000 v18=0.0000 acc=0.9938 lr=8.01e-05 lambda=0.000 v18_lambda=0.000 gpu=3.0/15.8GB
[19:50:02] [train] ep=67 step=030/40 ce=0.3316 sc=0.8785 mi=0.0539 dn=0.0000 v13=0.0000 v15=0.1968 v16=0.0000 v17=0.0000 v18=0.0000 acc=0.9958 lr=7.90e-05 lambda=0.000 v18_lambda=0.000 gpu=3.0/15.8GB
[19:50:04] [train] ep=67 step=040/40 ce=0.3130 sc=0.8208 mi=0.0537 dn=0.0000 v13=0.0000 v15=0.1835 v16=0.0000 v17=0.0000 v18=0.0000 acc=0.9969 lr=7.79e-05 lambda=0.000 v18_lambda=0.000 gpu=3.0/15.8GB
[19:50:07] [ep_summary] ep=67/100 val_live=0.9877/0.9878 val_ema=0.9877/0.9878 test77_live=0.8022/0.8001 test77_diag_ema=0.7122/0.6779 v13=0.0000 v15=0.1835 v16=0.0000 v17=0.0000 v18=0.0000 das=stage3[12,95] p=1.00 ep_time=11.0s
[19:50:07] [save] best_sourceval_ema val_acc_ema=0.9877 source_val_live=0.9877/0.9878 source_val_ema=0.9877/0.9878 ep=67
[19:50:07] [train] epoch 68/100 steps=40 use_dann=0 das=stage3 f=[12.0,95.0] p=1.00 gpu=3.0/15.8GB
[19:50:07] [train] ep=68 step=001/40 ce=0.2565 sc=0.7276 mi=0.0599 dn=0.0000 v13=0.0000 v15=0.1416 v16=0.0000 v17=0.0000 v18=0.0000 acc=1.0000 lr=7.78e-05 lambda=0.000 v18_lambda=0.000 gpu=3.0/15.8GB
[19:50:09] [train] ep=68 step=010/40 ce=0.2568 sc=0.7925 mi=0.0527 dn=0.0000 v13=0.0000 v15=0.1443 v16=0.0000 v17=0.0000 v18=0.0000 acc=1.0000 lr=7.69e-05 lambda=0.000 v18_lambda=0.000 gpu=3.0/15.8GB
[19:50:11] [train] ep=68 step=020/40 ce=0.2627 sc=0.7442 mi=0.0535 dn=0.0000 v13=0.0000 v15=0.1460 v16=0.0000 v17=0.0000 v18=0.0000 acc=1.0000 lr=7.58e-05 lambda=0.000 v18_lambda=0.000 gpu=3.0/15.8GB
[19:50:13] [train] ep=68 step=030/40 ce=0.2615 sc=0.7678 mi=0.0538 dn=0.0000 v13=0.0000 v15=0.1511 v16=0.0000 v17=0.0000 v18=0.0000 acc=1.0000 lr=7.48e-05 lambda=0.000 v18_lambda=0.000 gpu=3.0/15.8GB
[19:50:15] [train] ep=68 step=040/40 ce=0.2605 sc=0.7915 mi=0.0534 dn=0.0000 v13=0.0000 v15=0.1490 v16=0.0000 v17=0.0000 v18=0.0000 acc=1.0000 lr=7.37e-05 lambda=0.000 v18_lambda=0.000 gpu=3.0/15.8GB
[19:50:18] [ep_summary] ep=68/100 val_live=0.9815/0.9810 val_ema=0.9877/0.9878 test77_live=0.7626/0.7543 test77_diag_ema=0.7122/0.6779 v13=0.0000 v15=0.1490 v16=0.0000 v17=0.0000 v18=0.0000 das=stage3[12,95] p=1.00 ep_time=10.7s
[19:50:18] [train] epoch 69/100 steps=40 use_dann=0 das=stage3 f=[12.0,95.0] p=1.00 gpu=3.0/15.8GB
[19:50:18] [train] ep=69 step=001/40 ce=0.2569 sc=0.4341 mi=0.0558 dn=0.0000 v13=0.0000 v15=0.1429 v16=0.0000 v17=0.0000 v18=0.0000 acc=1.0000 lr=7.36e-05 lambda=0.000 v18_lambda=0.000 gpu=3.0/15.8GB
[19:50:20] [train] ep=69 step=010/40 ce=0.4539 sc=0.8975 mi=0.0518 dn=0.0000 v13=0.0000 v15=0.2234 v16=0.0000 v17=0.0000 v18=0.0000 acc=0.9938 lr=7.27e-05 lambda=0.000 v18_lambda=0.000 gpu=3.0/15.8GB
[19:50:22] [train] ep=69 step=020/40 ce=0.3561 sc=0.7802 mi=0.0514 dn=0.0000 v13=0.0000 v15=0.1863 v16=0.0000 v17=0.0000 v18=0.0000 acc=0.9969 lr=7.16e-05 lambda=0.000 v18_lambda=0.000 gpu=3.0/15.8GB
[19:50:24] [train] ep=69 step=030/40 ce=0.3503 sc=0.7851 mi=0.0520 dn=0.0000 v13=0.0000 v15=0.2105 v16=0.0000 v17=0.0000 v18=0.0000 acc=0.9958 lr=7.06e-05 lambda=0.000 v18_lambda=0.000 gpu=3.0/15.8GB
[19:50:26] [train] ep=69 step=040/40 ce=0.3472 sc=0.7426 mi=0.0523 dn=0.0000 v13=0.0000 v15=0.2106 v16=0.0000 v17=0.0000 v18=0.0000 acc=0.9953 lr=6.96e-05 lambda=0.000 v18_lambda=0.000 gpu=3.0/15.8GB
[19:50:28] [ep_summary] ep=69/100 val_live=0.9753/0.9751 val_ema=0.9877/0.9878 test77_live=0.7374/0.7335 test77_diag_ema=0.7158/0.6820 v13=0.0000 v15=0.2106 v16=0.0000 v17=0.0000 v18=0.0000 das=stage3[12,95] p=1.00 ep_time=10.8s
[19:50:28] [save] best_sourcequalified77_ema ep=69 source_val_live=0.9753/0.9751 source_val_ema=0.9877/0.9878 test77_ema=0.7158/0.6820
[19:50:28] [train] epoch 70/100 steps=40 use_dann=0 das=stage3 f=[12.0,95.0] p=1.00 gpu=3.0/15.8GB
[19:50:29] [train] ep=70 step=001/40 ce=0.2571 sc=1.0503 mi=0.0452 dn=0.0000 v13=0.0000 v15=0.1424 v16=0.0000 v17=0.0000 v18=0.0000 acc=1.0000 lr=6.95e-05 lambda=0.000 v18_lambda=0.000 gpu=3.0/15.8GB
[19:50:30] [train] ep=70 step=010/40 ce=0.2667 sc=0.8507 mi=0.0504 dn=0.0000 v13=0.0000 v15=0.1670 v16=0.0000 v17=0.0000 v18=0.0000 acc=1.0000 lr=6.85e-05 lambda=0.000 v18_lambda=0.000 gpu=3.0/15.8GB
[19:50:33] [train] ep=70 step=020/40 ce=0.2989 sc=0.8596 mi=0.0520 dn=0.0000 v13=0.0000 v15=0.1733 v16=0.0000 v17=0.0000 v18=0.0000 acc=0.9969 lr=6.75e-05 lambda=0.000 v18_lambda=0.000 gpu=3.0/15.8GB
[19:50:35] [train] ep=70 step=030/40 ce=0.3070 sc=0.8779 mi=0.0536 dn=0.0000 v13=0.0000 v15=0.1792 v16=0.0000 v17=0.0000 v18=0.0000 acc=0.9958 lr=6.65e-05 lambda=0.000 v18_lambda=0.000 gpu=3.0/15.8GB
[19:50:37] [train] ep=70 step=040/40 ce=0.2947 sc=0.8303 mi=0.0533 dn=0.0000 v13=0.0000 v15=0.1744 v16=0.0000 v17=0.0000 v18=0.0000 acc=0.9969 lr=6.55e-05 lambda=0.000 v18_lambda=0.000 gpu=3.0/15.8GB
[19:50:39] [pool] check ep=070/100 source_val_acc_ema=0.9877 threshold=0.90
[19:50:41] [pool] ep=070 ADDED src_val=0.9877/0.9878 dev77=0.6500/0.6339 final77=0.7122/0.6788
[19:50:41] [pool] running best ep=070 dev77_f1=0.6339 final77_f1=0.6788 (pool_size=4)
[19:50:41] [ep_summary] ep=70/100 val_live=0.9815/0.9817 val_ema=0.9877/0.9878 test77_live=0.7590/0.7519 test77_diag_ema=0.7122/0.6788 v13=0.0000 v15=0.1744 v16=0.0000 v17=0.0000 v18=0.0000 das=stage3[12,95] p=1.00 ep_time=12.2s
[19:50:41] [strict77_monitor] ep=70 best_source_epoch=67 source_val_ema=0.9877/0.9878 test77_ema_diag=0.7122/0.6779 sourcequalified_count=70 best_sourcequalified77_epoch=69 source_val_ema=0.9877/0.9878 test77_ema=0.7158/0.6820
[19:50:41] [train] epoch 71/100 steps=40 use_dann=0 das=stage3 f=[12.0,95.0] p=1.00 gpu=3.0/15.8GB
[19:50:41] [train] ep=71 step=001/40 ce=0.2579 sc=0.9877 mi=0.0550 dn=0.0000 v13=0.0000 v15=0.1442 v16=0.0000 v17=0.0000 v18=0.0000 acc=1.0000 lr=6.54e-05 lambda=0.000 v18_lambda=0.000 gpu=3.0/15.8GB
[19:50:42] [train] ep=71 step=010/40 ce=0.2796 sc=0.7583 mi=0.0505 dn=0.0000 v13=0.0000 v15=0.1847 v16=0.0000 v17=0.0000 v18=0.0000 acc=1.0000 lr=6.45e-05 lambda=0.000 v18_lambda=0.000 gpu=3.0/15.8GB
[19:50:44] [train] ep=71 step=020/40 ce=0.3096 sc=0.7191 mi=0.0520 dn=0.0000 v13=0.0000 v15=0.1938 v16=0.0000 v17=0.0000 v18=0.0000 acc=0.9969 lr=6.35e-05 lambda=0.000 v18_lambda=0.000 gpu=3.0/15.8GB
[19:50:46] [train] ep=71 step=030/40 ce=0.2926 sc=0.7360 mi=0.0514 dn=0.0000 v13=0.0000 v15=0.1780 v16=0.0000 v17=0.0000 v18=0.0000 acc=0.9979 lr=6.25e-05 lambda=0.000 v18_lambda=0.000 gpu=3.0/15.8GB
[19:50:48] [train] ep=71 step=040/40 ce=0.2849 sc=0.7498 mi=0.0523 dn=0.0000 v13=0.0000 v15=0.1732 v16=0.0000 v17=0.0000 v18=0.0000 acc=0.9984 lr=6.15e-05 lambda=0.000 v18_lambda=0.000 gpu=3.0/15.8GB
[19:50:51] [ep_summary] ep=71/100 val_live=0.9877/0.9878 val_ema=0.9877/0.9878 test77_live=0.7518/0.7437 test77_diag_ema=0.7158/0.6825 v13=0.0000 v15=0.1732 v16=0.0000 v17=0.0000 v18=0.0000 das=stage3[12,95] p=1.00 ep_time=10.1s
[19:50:51] [save] best_sourcequalified77_ema ep=71 source_val_live=0.9877/0.9878 source_val_ema=0.9877/0.9878 test77_ema=0.7158/0.6825
[19:50:51] [train] epoch 72/100 steps=40 use_dann=0 das=stage3 f=[12.0,95.0] p=1.00 gpu=3.0/15.8GB
[19:50:51] [train] ep=72 step=001/40 ce=0.2599 sc=0.5658 mi=0.0541 dn=0.0000 v13=0.0000 v15=0.2964 v16=0.0000 v17=0.0000 v18=0.0000 acc=1.0000 lr=6.14e-05 lambda=0.000 v18_lambda=0.000 gpu=3.0/15.8GB
[19:50:53] [train] ep=72 step=010/40 ce=0.4307 sc=0.9890 mi=0.0554 dn=0.0000 v13=0.0000 v15=0.2705 v16=0.0000 v17=0.0000 v18=0.0000 acc=0.9812 lr=6.06e-05 lambda=0.000 v18_lambda=0.000 gpu=3.0/15.8GB
[19:50:54] [train] ep=72 step=020/40 ce=0.3653 sc=0.8556 mi=0.0536 dn=0.0000 v13=0.0000 v15=0.2307 v16=0.0000 v17=0.0000 v18=0.0000 acc=0.9875 lr=5.96e-05 lambda=0.000 v18_lambda=0.000 gpu=3.0/15.8GB
[19:50:56] [train] ep=72 step=030/40 ce=0.3530 sc=0.8359 mi=0.0529 dn=0.0000 v13=0.0000 v15=0.2142 v16=0.0000 v17=0.0000 v18=0.0000 acc=0.9896 lr=5.86e-05 lambda=0.000 v18_lambda=0.000 gpu=3.0/15.8GB
[19:50:58] [train] ep=72 step=040/40 ce=0.3420 sc=0.8117 mi=0.0520 dn=0.0000 v13=0.0000 v15=0.2055 v16=0.0000 v17=0.0000 v18=0.0000 acc=0.9906 lr=5.77e-05 lambda=0.000 v18_lambda=0.000 gpu=3.0/15.8GB
[19:51:01] [ep_summary] ep=72/100 val_live=0.9877/0.9878 val_ema=0.9877/0.9878 test77_live=0.7482/0.7400 test77_diag_ema=0.7158/0.6825 v13=0.0000 v15=0.2055 v16=0.0000 v17=0.0000 v18=0.0000 das=stage3[12,95] p=1.00 ep_time=10.0s
[19:51:01] [train] epoch 73/100 steps=40 use_dann=0 das=stage3 f=[12.0,95.0] p=1.00 gpu=3.0/15.8GB
[19:51:01] [train] ep=73 step=001/40 ce=0.2561 sc=0.8111 mi=0.0521 dn=0.0000 v13=0.0000 v15=0.1426 v16=0.0000 v17=0.0000 v18=0.0000 acc=1.0000 lr=5.76e-05 lambda=0.000 v18_lambda=0.000 gpu=3.0/15.8GB
[19:51:03] [train] ep=73 step=010/40 ce=0.2579 sc=0.7416 mi=0.0548 dn=0.0000 v13=0.0000 v15=0.1759 v16=0.0000 v17=0.0000 v18=0.0000 acc=1.0000 lr=5.67e-05 lambda=0.000 v18_lambda=0.000 gpu=3.0/15.8GB
[19:51:05] [train] ep=73 step=020/40 ce=0.2689 sc=0.6986 mi=0.0536 dn=0.0000 v13=0.0000 v15=0.1738 v16=0.0000 v17=0.0000 v18=0.0000 acc=1.0000 lr=5.58e-05 lambda=0.000 v18_lambda=0.000 gpu=3.0/15.8GB
[19:51:06] [train] ep=73 step=030/40 ce=0.3272 sc=0.7729 mi=0.0525 dn=0.0000 v13=0.0000 v15=0.1939 v16=0.0000 v17=0.0000 v18=0.0000 acc=0.9938 lr=5.48e-05 lambda=0.000 v18_lambda=0.000 gpu=3.0/15.8GB
[19:51:08] [train] ep=73 step=040/40 ce=0.3128 sc=0.7644 mi=0.0521 dn=0.0000 v13=0.0000 v15=0.1882 v16=0.0000 v17=0.0000 v18=0.0000 acc=0.9953 lr=5.39e-05 lambda=0.000 v18_lambda=0.000 gpu=3.0/15.8GB
[19:51:11] [ep_summary] ep=73/100 val_live=0.9753/0.9756 val_ema=0.9877/0.9878 test77_live=0.7770/0.7727 test77_diag_ema=0.7230/0.6953 v13=0.0000 v15=0.1882 v16=0.0000 v17=0.0000 v18=0.0000 das=stage3[12,95] p=1.00 ep_time=10.0s
[19:51:11] [save] best_sourcequalified77_ema ep=73 source_val_live=0.9753/0.9756 source_val_ema=0.9877/0.9878 test77_ema=0.7230/0.6953
[19:51:11] [train] epoch 74/100 steps=40 use_dann=0 das=stage3 f=[12.0,95.0] p=1.00 gpu=3.0/15.8GB
[19:51:11] [train] ep=74 step=001/40 ce=0.4209 sc=1.1220 mi=0.0581 dn=0.0000 v13=0.0000 v15=0.2267 v16=0.0000 v17=0.0000 v18=0.0000 acc=1.0000 lr=5.38e-05 lambda=0.000 v18_lambda=0.000 gpu=3.0/15.8GB
[19:51:13] [train] ep=74 step=010/40 ce=0.2840 sc=0.8016 mi=0.0541 dn=0.0000 v13=0.0000 v15=0.1622 v16=0.0000 v17=0.0000 v18=0.0000 acc=1.0000 lr=5.30e-05 lambda=0.000 v18_lambda=0.000 gpu=3.0/15.8GB
[19:51:15] [train] ep=74 step=020/40 ce=0.3196 sc=0.7766 mi=0.0524 dn=0.0000 v13=0.0000 v15=0.1859 v16=0.0000 v17=0.0000 v18=0.0000 acc=0.9969 lr=5.20e-05 lambda=0.000 v18_lambda=0.000 gpu=3.0/15.8GB
[19:51:17] [train] ep=74 step=030/40 ce=0.3322 sc=0.8588 mi=0.0527 dn=0.0000 v13=0.0000 v15=0.1866 v16=0.0000 v17=0.0000 v18=0.0000 acc=0.9958 lr=5.11e-05 lambda=0.000 v18_lambda=0.000 gpu=3.0/15.8GB
[19:51:18] [train] ep=74 step=040/40 ce=0.3182 sc=0.8352 mi=0.0525 dn=0.0000 v13=0.0000 v15=0.1838 v16=0.0000 v17=0.0000 v18=0.0000 acc=0.9969 lr=5.02e-05 lambda=0.000 v18_lambda=0.000 gpu=3.0/15.8GB
[19:51:21] [ep_summary] ep=74/100 val_live=0.9815/0.9818 val_ema=0.9877/0.9878 test77_live=0.7626/0.7526 test77_diag_ema=0.7230/0.6953 v13=0.0000 v15=0.1838 v16=0.0000 v17=0.0000 v18=0.0000 das=stage3[12,95] p=1.00 ep_time=10.3s
[19:51:21] [train] epoch 75/100 steps=40 use_dann=0 das=stage3 f=[12.0,95.0] p=1.00 gpu=3.0/15.8GB
[19:51:21] [train] ep=75 step=001/40 ce=0.2557 sc=0.8552 mi=0.0499 dn=0.0000 v13=0.0000 v15=0.1412 v16=0.0000 v17=0.0000 v18=0.0000 acc=1.0000 lr=5.01e-05 lambda=0.000 v18_lambda=0.000 gpu=3.0/15.8GB
[19:51:23] [train] ep=75 step=010/40 ce=0.3445 sc=0.7539 mi=0.0516 dn=0.0000 v13=0.0000 v15=0.1990 v16=0.0000 v17=0.0000 v18=0.0000 acc=0.9938 lr=4.93e-05 lambda=0.000 v18_lambda=0.000 gpu=3.0/15.8GB
[19:51:25] [train] ep=75 step=020/40 ce=0.3013 sc=0.7064 mi=0.0521 dn=0.0000 v13=0.0000 v15=0.1724 v16=0.0000 v17=0.0000 v18=0.0000 acc=0.9969 lr=4.84e-05 lambda=0.000 v18_lambda=0.000 gpu=3.0/15.8GB
[19:51:28] [train] ep=75 step=030/40 ce=0.2872 sc=0.7243 mi=0.0529 dn=0.0000 v13=0.0000 v15=0.1625 v16=0.0000 v17=0.0000 v18=0.0000 acc=0.9979 lr=4.75e-05 lambda=0.000 v18_lambda=0.000 gpu=3.0/15.8GB
[19:51:30] [train] ep=75 step=040/40 ce=0.2807 sc=0.7385 mi=0.0529 dn=0.0000 v13=0.0000 v15=0.1722 v16=0.0000 v17=0.0000 v18=0.0000 acc=0.9984 lr=4.66e-05 lambda=0.000 v18_lambda=0.000 gpu=3.0/15.8GB
[19:51:32] [ep_summary] ep=75/100 val_live=0.9815/0.9818 val_ema=0.9877/0.9878 test77_live=0.7662/0.7527 test77_diag_ema=0.7266/0.7013 v13=0.0000 v15=0.1722 v16=0.0000 v17=0.0000 v18=0.0000 das=stage3[12,95] p=1.00 ep_time=11.1s
[19:51:32] [save] best_sourcequalified77_ema ep=75 source_val_live=0.9815/0.9818 source_val_ema=0.9877/0.9878 test77_ema=0.7266/0.7013
[19:51:32] [train] epoch 76/100 steps=40 use_dann=0 das=stage3 f=[12.0,95.0] p=1.00 gpu=3.0/15.8GB
[19:51:32] [train] ep=76 step=001/40 ce=0.2565 sc=0.9652 mi=0.0526 dn=0.0000 v13=0.0000 v15=0.1418 v16=0.0000 v17=0.0000 v18=0.0000 acc=1.0000 lr=4.65e-05 lambda=0.000 v18_lambda=0.000 gpu=3.0/15.8GB
[19:51:34] [train] ep=76 step=010/40 ce=0.3679 sc=0.7844 mi=0.0549 dn=0.0000 v13=0.0000 v15=0.2140 v16=0.0000 v17=0.0000 v18=0.0000 acc=0.9938 lr=4.58e-05 lambda=0.000 v18_lambda=0.000 gpu=3.0/15.8GB
[19:51:36] [train] ep=76 step=020/40 ce=0.3142 sc=0.7196 mi=0.0530 dn=0.0000 v13=0.0000 v15=0.1792 v16=0.0000 v17=0.0000 v18=0.0000 acc=0.9969 lr=4.49e-05 lambda=0.000 v18_lambda=0.000 gpu=3.0/15.8GB
[19:51:38] [train] ep=76 step=030/40 ce=0.2951 sc=0.7329 mi=0.0531 dn=0.0000 v13=0.0000 v15=0.1691 v16=0.0000 v17=0.0000 v18=0.0000 acc=0.9979 lr=4.40e-05 lambda=0.000 v18_lambda=0.000 gpu=3.0/15.8GB
[19:51:40] [train] ep=76 step=040/40 ce=0.2929 sc=0.7548 mi=0.0531 dn=0.0000 v13=0.0000 v15=0.1664 v16=0.0000 v17=0.0000 v18=0.0000 acc=0.9984 lr=4.32e-05 lambda=0.000 v18_lambda=0.000 gpu=3.0/15.8GB
[19:51:42] [ep_summary] ep=76/100 val_live=0.9815/0.9819 val_ema=0.9877/0.9878 test77_live=0.7662/0.7517 test77_diag_ema=0.7302/0.7072 v13=0.0000 v15=0.1664 v16=0.0000 v17=0.0000 v18=0.0000 das=stage3[12,95] p=1.00 ep_time=10.1s
[19:51:42] [save] best_sourcequalified77_ema ep=76 source_val_live=0.9815/0.9819 source_val_ema=0.9877/0.9878 test77_ema=0.7302/0.7072
[19:51:42] [train] epoch 77/100 steps=40 use_dann=0 das=stage3 f=[12.0,95.0] p=1.00 gpu=3.0/15.8GB
[19:51:43] [train] ep=77 step=001/40 ce=0.2558 sc=0.5386 mi=0.0556 dn=0.0000 v13=0.0000 v15=0.1418 v16=0.0000 v17=0.0000 v18=0.0000 acc=1.0000 lr=4.31e-05 lambda=0.000 v18_lambda=0.000 gpu=3.0/15.8GB
[19:51:44] [train] ep=77 step=010/40 ce=0.2590 sc=0.7492 mi=0.0518 dn=0.0000 v13=0.0000 v15=0.1456 v16=0.0000 v17=0.0000 v18=0.0000 acc=1.0000 lr=4.23e-05 lambda=0.000 v18_lambda=0.000 gpu=3.0/15.8GB
[19:51:46] [train] ep=77 step=020/40 ce=0.2594 sc=0.7242 mi=0.0519 dn=0.0000 v13=0.0000 v15=0.1442 v16=0.0000 v17=0.0000 v18=0.0000 acc=1.0000 lr=4.15e-05 lambda=0.000 v18_lambda=0.000 gpu=3.0/15.8GB
[19:51:48] [train] ep=77 step=030/40 ce=0.2657 sc=0.7009 mi=0.0521 dn=0.0000 v13=0.0000 v15=0.1524 v16=0.0000 v17=0.0000 v18=0.0000 acc=1.0000 lr=4.06e-05 lambda=0.000 v18_lambda=0.000 gpu=3.0/15.8GB
[19:51:50] [train] ep=77 step=040/40 ce=0.2859 sc=0.7131 mi=0.0524 dn=0.0000 v13=0.0000 v15=0.1644 v16=0.0000 v17=0.0000 v18=0.0000 acc=0.9984 lr=3.98e-05 lambda=0.000 v18_lambda=0.000 gpu=3.0/15.8GB
[19:51:53] [ep_summary] ep=77/100 val_live=0.9877/0.9878 val_ema=0.9877/0.9878 test77_live=0.7698/0.7598 test77_diag_ema=0.7302/0.7072 v13=0.0000 v15=0.1644 v16=0.0000 v17=0.0000 v18=0.0000 das=stage3[12,95] p=1.00 ep_time=10.1s
[19:51:53] [train] epoch 78/100 steps=40 use_dann=0 das=stage3 f=[12.0,95.0] p=1.00 gpu=3.0/15.8GB
[19:51:53] [train] ep=78 step=001/40 ce=0.2581 sc=0.6463 mi=0.0535 dn=0.0000 v13=0.0000 v15=0.3398 v16=0.0000 v17=0.0000 v18=0.0000 acc=1.0000 lr=3.97e-05 lambda=0.000 v18_lambda=0.000 gpu=3.0/15.8GB
[19:51:54] [train] ep=78 step=010/40 ce=0.2572 sc=0.8105 mi=0.0545 dn=0.0000 v13=0.0000 v15=0.1624 v16=0.0000 v17=0.0000 v18=0.0000 acc=1.0000 lr=3.90e-05 lambda=0.000 v18_lambda=0.000 gpu=3.0/15.8GB
[19:51:56] [train] ep=78 step=020/40 ce=0.2732 sc=0.7606 mi=0.0533 dn=0.0000 v13=0.0000 v15=0.1636 v16=0.0000 v17=0.0000 v18=0.0000 acc=1.0000 lr=3.82e-05 lambda=0.000 v18_lambda=0.000 gpu=3.0/15.8GB
[19:51:58] [train] ep=78 step=030/40 ce=0.2827 sc=0.7841 mi=0.0530 dn=0.0000 v13=0.0000 v15=0.1694 v16=0.0000 v17=0.0000 v18=0.0000 acc=0.9979 lr=3.74e-05 lambda=0.000 v18_lambda=0.000 gpu=3.0/15.8GB
[19:52:00] [train] ep=78 step=040/40 ce=0.2762 sc=0.7881 mi=0.0532 dn=0.0000 v13=0.0000 v15=0.1732 v16=0.0000 v17=0.0000 v18=0.0000 acc=0.9984 lr=3.66e-05 lambda=0.000 v18_lambda=0.000 gpu=3.0/15.8GB
[19:52:02] [ep_summary] ep=78/100 val_live=0.9815/0.9817 val_ema=0.9877/0.9878 test77_live=0.7482/0.7363 test77_diag_ema=0.7302/0.7081 v13=0.0000 v15=0.1732 v16=0.0000 v17=0.0000 v18=0.0000 das=stage3[12,95] p=1.00 ep_time=9.9s
[19:52:02] [save] best_sourcequalified77_ema ep=78 source_val_live=0.9815/0.9817 source_val_ema=0.9877/0.9878 test77_ema=0.7302/0.7081
[19:52:02] [train] epoch 79/100 steps=40 use_dann=0 das=stage3 f=[12.0,95.0] p=1.00 gpu=3.0/15.8GB
[19:52:03] [train] ep=79 step=001/40 ce=0.2569 sc=0.9056 mi=0.0546 dn=0.0000 v13=0.0000 v15=0.1413 v16=0.0000 v17=0.0000 v18=0.0000 acc=1.0000 lr=3.65e-05 lambda=0.000 v18_lambda=0.000 gpu=3.0/15.8GB
[19:52:04] [train] ep=79 step=010/40 ce=0.3051 sc=0.8078 mi=0.0542 dn=0.0000 v13=0.0000 v15=0.1699 v16=0.0000 v17=0.0000 v18=0.0000 acc=0.9938 lr=3.58e-05 lambda=0.000 v18_lambda=0.000 gpu=3.0/15.8GB
[19:52:06] [train] ep=79 step=020/40 ce=0.3415 sc=0.7930 mi=0.0539 dn=0.0000 v13=0.0000 v15=0.1823 v16=0.0000 v17=0.0000 v18=0.0000 acc=0.9938 lr=3.50e-05 lambda=0.000 v18_lambda=0.000 gpu=3.0/15.8GB
[19:52:08] [train] ep=79 step=030/40 ce=0.3132 sc=0.7533 mi=0.0537 dn=0.0000 v13=0.0000 v15=0.1745 v16=0.0000 v17=0.0000 v18=0.0000 acc=0.9958 lr=3.42e-05 lambda=0.000 v18_lambda=0.000 gpu=3.0/15.8GB
[19:52:10] [train] ep=79 step=040/40 ce=0.3100 sc=0.7398 mi=0.0532 dn=0.0000 v13=0.0000 v15=0.1740 v16=0.0000 v17=0.0000 v18=0.0000 acc=0.9953 lr=3.35e-05 lambda=0.000 v18_lambda=0.000 gpu=3.0/15.8GB
[19:52:12] [ep_summary] ep=79/100 val_live=0.9815/0.9817 val_ema=0.9877/0.9878 test77_live=0.7770/0.7698 test77_diag_ema=0.7266/0.7048 v13=0.0000 v15=0.1740 v16=0.0000 v17=0.0000 v18=0.0000 das=stage3[12,95] p=1.00 ep_time=9.9s
[19:52:12] [train] epoch 80/100 steps=40 use_dann=0 das=stage3 f=[12.0,95.0] p=1.00 gpu=3.0/15.8GB
[19:52:13] [train] ep=80 step=001/40 ce=0.2578 sc=0.8727 mi=0.0575 dn=0.0000 v13=0.0000 v15=0.1426 v16=0.0000 v17=0.0000 v18=0.0000 acc=1.0000 lr=3.34e-05 lambda=0.000 v18_lambda=0.000 gpu=3.0/15.8GB
[19:52:14] [train] ep=80 step=010/40 ce=0.3834 sc=0.8906 mi=0.0546 dn=0.0000 v13=0.0000 v15=0.1981 v16=0.0000 v17=0.0000 v18=0.0000 acc=0.9875 lr=3.27e-05 lambda=0.000 v18_lambda=0.000 gpu=3.0/15.8GB
[19:52:16] [train] ep=80 step=020/40 ce=0.3205 sc=0.8153 mi=0.0525 dn=0.0000 v13=0.0000 v15=0.1714 v16=0.0000 v17=0.0000 v18=0.0000 acc=0.9938 lr=3.19e-05 lambda=0.000 v18_lambda=0.000 gpu=3.0/15.8GB
[19:52:18] [train] ep=80 step=030/40 ce=0.3006 sc=0.7918 mi=0.0519 dn=0.0000 v13=0.0000 v15=0.1713 v16=0.0000 v17=0.0000 v18=0.0000 acc=0.9958 lr=3.12e-05 lambda=0.000 v18_lambda=0.000 gpu=3.0/15.8GB
[19:52:20] [train] ep=80 step=040/40 ce=0.2897 sc=0.7486 mi=0.0516 dn=0.0000 v13=0.0000 v15=0.1734 v16=0.0000 v17=0.0000 v18=0.0000 acc=0.9969 lr=3.05e-05 lambda=0.000 v18_lambda=0.000 gpu=3.0/15.8GB
[19:52:22] [pool] check ep=080/100 source_val_acc_ema=0.9877 threshold=0.90
[19:52:24] [pool] ep=080 ADDED src_val=0.9877/0.9878 dev77=0.6714/0.6552 final77=0.7338/0.7131
[19:52:24] [pool] running best ep=080 dev77_f1=0.6552 final77_f1=0.7131 (pool_size=5)
[19:52:24] [ep_summary] ep=80/100 val_live=0.9877/0.9878 val_ema=0.9877/0.9878 test77_live=0.7842/0.7757 test77_diag_ema=0.7338/0.7131 v13=0.0000 v15=0.1734 v16=0.0000 v17=0.0000 v18=0.0000 das=stage3[12,95] p=1.00 ep_time=11.3s
[19:52:24] [save] best_sourcequalified77_ema ep=80 source_val_live=0.9877/0.9878 source_val_ema=0.9877/0.9878 test77_ema=0.7338/0.7131
[19:52:24] [strict77_monitor] ep=80 best_source_epoch=67 source_val_ema=0.9877/0.9878 test77_ema_diag=0.7122/0.6779 sourcequalified_count=80 best_sourcequalified77_epoch=80 source_val_ema=0.9877/0.9878 test77_ema=0.7338/0.7131
[19:52:24] [train] epoch 81/100 steps=40 use_dann=0 das=stage3 f=[12.0,95.0] p=1.00 gpu=3.0/15.8GB
[19:52:24] [train] ep=81 step=001/40 ce=0.2568 sc=0.7418 mi=0.0545 dn=0.0000 v13=0.0000 v15=0.1413 v16=0.0000 v17=0.0000 v18=0.0000 acc=1.0000 lr=3.04e-05 lambda=0.000 v18_lambda=0.000 gpu=3.0/15.8GB
[19:52:25] [train] ep=81 step=010/40 ce=0.2686 sc=0.8403 mi=0.0521 dn=0.0000 v13=0.0000 v15=0.1832 v16=0.0000 v17=0.0000 v18=0.0000 acc=1.0000 lr=2.97e-05 lambda=0.000 v18_lambda=0.000 gpu=3.0/15.8GB
[19:52:27] [train] ep=81 step=020/40 ce=0.2708 sc=0.8040 mi=0.0517 dn=0.0000 v13=0.0000 v15=0.1656 v16=0.0000 v17=0.0000 v18=0.0000 acc=1.0000 lr=2.90e-05 lambda=0.000 v18_lambda=0.000 gpu=3.0/15.8GB
[19:52:29] [train] ep=81 step=030/40 ce=0.2660 sc=0.8034 mi=0.0514 dn=0.0000 v13=0.0000 v15=0.1720 v16=0.0000 v17=0.0000 v18=0.0000 acc=1.0000 lr=2.83e-05 lambda=0.000 v18_lambda=0.000 gpu=3.0/15.8GB
[19:52:31] [train] ep=81 step=040/40 ce=0.2741 sc=0.7954 mi=0.0513 dn=0.0000 v13=0.0000 v15=0.1741 v16=0.0000 v17=0.0000 v18=0.0000 acc=0.9984 lr=2.76e-05 lambda=0.000 v18_lambda=0.000 gpu=3.0/15.8GB
[19:52:33] [ep_summary] ep=81/100 val_live=0.9753/0.9756 val_ema=0.9877/0.9878 test77_live=0.7698/0.7656 test77_diag_ema=0.7374/0.7187 v13=0.0000 v15=0.1741 v16=0.0000 v17=0.0000 v18=0.0000 das=stage3[12,95] p=1.00 ep_time=9.9s
[19:52:33] [save] best_sourcequalified77_ema ep=81 source_val_live=0.9753/0.9756 source_val_ema=0.9877/0.9878 test77_ema=0.7374/0.7187
[19:52:33] [train] epoch 82/100 steps=40 use_dann=0 das=stage3 f=[12.0,95.0] p=1.00 gpu=3.0/15.8GB
[19:52:34] [train] ep=82 step=001/40 ce=0.2589 sc=0.6637 mi=0.0531 dn=0.0000 v13=0.0000 v15=0.1473 v16=0.0000 v17=0.0000 v18=0.0000 acc=1.0000 lr=2.75e-05 lambda=0.000 v18_lambda=0.000 gpu=3.0/15.8GB
[19:52:35] [train] ep=82 step=010/40 ce=0.2568 sc=0.8148 mi=0.0512 dn=0.0000 v13=0.0000 v15=0.2062 v16=0.0000 v17=0.0000 v18=0.0000 acc=1.0000 lr=2.69e-05 lambda=0.000 v18_lambda=0.000 gpu=3.0/15.8GB
[19:52:37] [train] ep=82 step=020/40 ce=0.2567 sc=0.7281 mi=0.0498 dn=0.0000 v13=0.0000 v15=0.1805 v16=0.0000 v17=0.0000 v18=0.0000 acc=1.0000 lr=2.62e-05 lambda=0.000 v18_lambda=0.000 gpu=3.0/15.8GB
[19:52:39] [train] ep=82 step=030/40 ce=0.2786 sc=0.7580 mi=0.0502 dn=0.0000 v13=0.0000 v15=0.1814 v16=0.0000 v17=0.0000 v18=0.0000 acc=0.9979 lr=2.55e-05 lambda=0.000 v18_lambda=0.000 gpu=3.0/15.8GB
[19:52:41] [train] ep=82 step=040/40 ce=0.2741 sc=0.7752 mi=0.0508 dn=0.0000 v13=0.0000 v15=0.1785 v16=0.0000 v17=0.0000 v18=0.0000 acc=0.9984 lr=2.48e-05 lambda=0.000 v18_lambda=0.000 gpu=3.0/15.8GB
[19:52:43] [ep_summary] ep=82/100 val_live=0.9815/0.9817 val_ema=0.9877/0.9878 test77_live=0.7806/0.7758 test77_diag_ema=0.7338/0.7150 v13=0.0000 v15=0.1785 v16=0.0000 v17=0.0000 v18=0.0000 das=stage3[12,95] p=1.00 ep_time=9.9s
[19:52:43] [train] epoch 83/100 steps=40 use_dann=0 das=stage3 f=[12.0,95.0] p=1.00 gpu=3.0/15.8GB
[19:52:44] [train] ep=83 step=001/40 ce=0.2559 sc=0.9883 mi=0.0599 dn=0.0000 v13=0.0000 v15=0.1409 v16=0.0000 v17=0.0000 v18=0.0000 acc=1.0000 lr=2.48e-05 lambda=0.000 v18_lambda=0.000 gpu=3.0/15.8GB
[19:52:45] [train] ep=83 step=010/40 ce=0.3309 sc=0.8613 mi=0.0543 dn=0.0000 v13=0.0000 v15=0.1796 v16=0.0000 v17=0.0000 v18=0.0000 acc=0.9938 lr=2.42e-05 lambda=0.000 v18_lambda=0.000 gpu=3.0/15.8GB
[19:52:47] [train] ep=83 step=020/40 ce=0.3162 sc=0.8474 mi=0.0529 dn=0.0000 v13=0.0000 v15=0.1803 v16=0.0000 v17=0.0000 v18=0.0000 acc=0.9969 lr=2.35e-05 lambda=0.000 v18_lambda=0.000 gpu=3.0/15.8GB
[19:52:49] [train] ep=83 step=030/40 ce=0.2970 sc=0.8106 mi=0.0530 dn=0.0000 v13=0.0000 v15=0.1722 v16=0.0000 v17=0.0000 v18=0.0000 acc=0.9979 lr=2.29e-05 lambda=0.000 v18_lambda=0.000 gpu=3.0/15.8GB
[19:52:50] [train] ep=83 step=040/40 ce=0.3093 sc=0.8304 mi=0.0521 dn=0.0000 v13=0.0000 v15=0.1737 v16=0.0000 v17=0.0000 v18=0.0000 acc=0.9969 lr=2.22e-05 lambda=0.000 v18_lambda=0.000 gpu=3.0/15.8GB
[19:52:53] [ep_summary] ep=83/100 val_live=0.9815/0.9818 val_ema=0.9877/0.9878 test77_live=0.7878/0.7828 test77_diag_ema=0.7374/0.7190 v13=0.0000 v15=0.1737 v16=0.0000 v17=0.0000 v18=0.0000 das=stage3[12,95] p=1.00 ep_time=9.9s
[19:52:53] [save] best_sourcequalified77_ema ep=83 source_val_live=0.9815/0.9818 source_val_ema=0.9877/0.9878 test77_ema=0.7374/0.7190
[19:52:53] [train] epoch 84/100 steps=40 use_dann=0 das=stage3 f=[12.0,95.0] p=1.00 gpu=3.0/15.8GB
[19:52:53] [train] ep=84 step=001/40 ce=0.2648 sc=0.8652 mi=0.0507 dn=0.0000 v13=0.0000 v15=0.1440 v16=0.0000 v17=0.0000 v18=0.0000 acc=1.0000 lr=2.22e-05 lambda=0.000 v18_lambda=0.000 gpu=3.0/15.8GB
[19:52:55] [train] ep=84 step=010/40 ce=0.2578 sc=0.9515 mi=0.0538 dn=0.0000 v13=0.0000 v15=0.1426 v16=0.0000 v17=0.0000 v18=0.0000 acc=1.0000 lr=2.16e-05 lambda=0.000 v18_lambda=0.000 gpu=3.0/15.8GB
[19:52:57] [train] ep=84 step=020/40 ce=0.2618 sc=0.8623 mi=0.0527 dn=0.0000 v13=0.0000 v15=0.1724 v16=0.0000 v17=0.0000 v18=0.0000 acc=1.0000 lr=2.10e-05 lambda=0.000 v18_lambda=0.000 gpu=3.0/15.8GB
[19:52:59] [train] ep=84 step=030/40 ce=0.2600 sc=0.8300 mi=0.0523 dn=0.0000 v13=0.0000 v15=0.1633 v16=0.0000 v17=0.0000 v18=0.0000 acc=1.0000 lr=2.04e-05 lambda=0.000 v18_lambda=0.000 gpu=3.0/15.8GB
[19:53:00] [train] ep=84 step=040/40 ce=0.2624 sc=0.8120 mi=0.0526 dn=0.0000 v13=0.0000 v15=0.1634 v16=0.0000 v17=0.0000 v18=0.0000 acc=1.0000 lr=1.98e-05 lambda=0.000 v18_lambda=0.000 gpu=3.0/15.8GB
[19:53:03] [ep_summary] ep=84/100 val_live=0.9877/0.9878 val_ema=0.9877/0.9878 test77_live=0.7986/0.7935 test77_diag_ema=0.7374/0.7201 v13=0.0000 v15=0.1634 v16=0.0000 v17=0.0000 v18=0.0000 das=stage3[12,95] p=1.00 ep_time=9.9s
[19:53:03] [save] best_sourcequalified77_ema ep=84 source_val_live=0.9877/0.9878 source_val_ema=0.9877/0.9878 test77_ema=0.7374/0.7201
[19:53:03] [train] epoch 85/100 steps=40 use_dann=0 das=stage3 f=[12.0,95.0] p=1.00 gpu=3.0/15.8GB
[19:53:03] [train] ep=85 step=001/40 ce=0.2562 sc=0.7585 mi=0.0570 dn=0.0000 v13=0.0000 v15=0.2097 v16=0.0000 v17=0.0000 v18=0.0000 acc=1.0000 lr=1.97e-05 lambda=0.000 v18_lambda=0.000 gpu=3.0/15.8GB
[19:53:05] [train] ep=85 step=010/40 ce=0.3201 sc=0.7939 mi=0.0538 dn=0.0000 v13=0.0000 v15=0.2270 v16=0.0000 v17=0.0000 v18=0.0000 acc=0.9938 lr=1.92e-05 lambda=0.000 v18_lambda=0.000 gpu=3.0/15.8GB
[19:53:07] [train] ep=85 step=020/40 ce=0.2881 sc=0.7202 mi=0.0519 dn=0.0000 v13=0.0000 v15=0.1886 v16=0.0000 v17=0.0000 v18=0.0000 acc=0.9969 lr=1.86e-05 lambda=0.000 v18_lambda=0.000 gpu=3.0/15.8GB
[19:53:08] [train] ep=85 step=030/40 ce=0.2792 sc=0.7329 mi=0.0517 dn=0.0000 v13=0.0000 v15=0.1740 v16=0.0000 v17=0.0000 v18=0.0000 acc=0.9979 lr=1.80e-05 lambda=0.000 v18_lambda=0.000 gpu=3.0/15.8GB
[19:53:10] [train] ep=85 step=040/40 ce=0.2864 sc=0.7410 mi=0.0521 dn=0.0000 v13=0.0000 v15=0.1749 v16=0.0000 v17=0.0000 v18=0.0000 acc=0.9969 lr=1.74e-05 lambda=0.000 v18_lambda=0.000 gpu=3.0/15.8GB
[19:53:13] [ep_summary] ep=85/100 val_live=0.9877/0.9878 val_ema=0.9877/0.9878 test77_live=0.7842/0.7791 test77_diag_ema=0.7410/0.7236 v13=0.0000 v15=0.1749 v16=0.0000 v17=0.0000 v18=0.0000 das=stage3[12,95] p=1.00 ep_time=9.9s
[19:53:13] [save] best_sourcequalified77_ema ep=85 source_val_live=0.9877/0.9878 source_val_ema=0.9877/0.9878 test77_ema=0.7410/0.7236
[19:53:13] [train] epoch 86/100 steps=40 use_dann=0 das=stage3 f=[12.0,95.0] p=1.00 gpu=3.0/15.8GB
[19:53:13] [train] ep=86 step=001/40 ce=0.2689 sc=0.6450 mi=0.0587 dn=0.0000 v13=0.0000 v15=0.1495 v16=0.0000 v17=0.0000 v18=0.0000 acc=1.0000 lr=1.74e-05 lambda=0.000 v18_lambda=0.000 gpu=3.0/15.8GB
[19:53:15] [train] ep=86 step=010/40 ce=0.2590 sc=0.7154 mi=0.0509 dn=0.0000 v13=0.0000 v15=0.1928 v16=0.0000 v17=0.0000 v18=0.0000 acc=1.0000 lr=1.68e-05 lambda=0.000 v18_lambda=0.000 gpu=3.0/15.8GB
[19:53:17] [train] ep=86 step=020/40 ce=0.2865 sc=0.7784 mi=0.0513 dn=0.0000 v13=0.0000 v15=0.1814 v16=0.0000 v17=0.0000 v18=0.0000 acc=0.9969 lr=1.63e-05 lambda=0.000 v18_lambda=0.000 gpu=3.0/15.8GB
[19:53:18] [train] ep=86 step=030/40 ce=0.2780 sc=0.7612 mi=0.0520 dn=0.0000 v13=0.0000 v15=0.1698 v16=0.0000 v17=0.0000 v18=0.0000 acc=0.9979 lr=1.57e-05 lambda=0.000 v18_lambda=0.000 gpu=3.0/15.8GB
[19:53:20] [train] ep=86 step=040/40 ce=0.2739 sc=0.7390 mi=0.0528 dn=0.0000 v13=0.0000 v15=0.1638 v16=0.0000 v17=0.0000 v18=0.0000 acc=0.9984 lr=1.52e-05 lambda=0.000 v18_lambda=0.000 gpu=3.0/15.8GB
[19:53:23] [ep_summary] ep=86/100 val_live=0.9877/0.9878 val_ema=0.9877/0.9878 test77_live=0.7878/0.7824 test77_diag_ema=0.7374/0.7197 v13=0.0000 v15=0.1638 v16=0.0000 v17=0.0000 v18=0.0000 das=stage3[12,95] p=1.00 ep_time=9.8s
[19:53:23] [train] epoch 87/100 steps=40 use_dann=0 das=stage3 f=[12.0,95.0] p=1.00 gpu=3.0/15.8GB
[19:53:23] [train] ep=87 step=001/40 ce=0.2553 sc=1.0777 mi=0.0442 dn=0.0000 v13=0.0000 v15=0.1414 v16=0.0000 v17=0.0000 v18=0.0000 acc=1.0000 lr=1.52e-05 lambda=0.000 v18_lambda=0.000 gpu=3.0/15.8GB
[19:53:25] [train] ep=87 step=010/40 ce=0.2567 sc=0.7647 mi=0.0510 dn=0.0000 v13=0.0000 v15=0.1632 v16=0.0000 v17=0.0000 v18=0.0000 acc=1.0000 lr=1.47e-05 lambda=0.000 v18_lambda=0.000 gpu=3.0/15.8GB
[19:53:26] [train] ep=87 step=020/40 ce=0.2857 sc=0.7564 mi=0.0502 dn=0.0000 v13=0.0000 v15=0.1735 v16=0.0000 v17=0.0000 v18=0.0000 acc=0.9969 lr=1.42e-05 lambda=0.000 v18_lambda=0.000 gpu=3.0/15.8GB
[19:53:28] [train] ep=87 step=030/40 ce=0.3182 sc=0.7375 mi=0.0514 dn=0.0000 v13=0.0000 v15=0.1911 v16=0.0000 v17=0.0000 v18=0.0000 acc=0.9958 lr=1.37e-05 lambda=0.000 v18_lambda=0.000 gpu=3.0/15.8GB
[19:53:30] [train] ep=87 step=040/40 ce=0.3029 sc=0.7440 mi=0.0517 dn=0.0000 v13=0.0000 v15=0.1798 v16=0.0000 v17=0.0000 v18=0.0000 acc=0.9969 lr=1.31e-05 lambda=0.000 v18_lambda=0.000 gpu=3.0/15.8GB
[19:53:33] [ep_summary] ep=87/100 val_live=0.9877/0.9878 val_ema=0.9877/0.9878 test77_live=0.7878/0.7842 test77_diag_ema=0.7446/0.7271 v13=0.0000 v15=0.1798 v16=0.0000 v17=0.0000 v18=0.0000 das=stage3[12,95] p=1.00 ep_time=9.9s
[19:53:33] [save] best_sourcequalified77_ema ep=87 source_val_live=0.9877/0.9878 source_val_ema=0.9877/0.9878 test77_ema=0.7446/0.7271
[19:53:33] [train] epoch 88/100 steps=40 use_dann=0 das=stage3 f=[12.0,95.0] p=1.00 gpu=3.0/15.8GB
[19:53:33] [train] ep=88 step=001/40 ce=0.5572 sc=1.1214 mi=0.0533 dn=0.0000 v13=0.0000 v15=0.3195 v16=0.0000 v17=0.0000 v18=0.0000 acc=1.0000 lr=1.31e-05 lambda=0.000 v18_lambda=0.000 gpu=3.0/15.8GB
[19:53:35] [train] ep=88 step=010/40 ce=0.3135 sc=0.8738 mi=0.0525 dn=0.0000 v13=0.0000 v15=0.1778 v16=0.0000 v17=0.0000 v18=0.0000 acc=1.0000 lr=1.27e-05 lambda=0.000 v18_lambda=0.000 gpu=3.0/15.8GB
[19:53:36] [train] ep=88 step=020/40 ce=0.3196 sc=0.8253 mi=0.0528 dn=0.0000 v13=0.0000 v15=0.1775 v16=0.0000 v17=0.0000 v18=0.0000 acc=0.9969 lr=1.22e-05 lambda=0.000 v18_lambda=0.000 gpu=3.0/15.8GB
[19:53:38] [train] ep=88 step=030/40 ce=0.2986 sc=0.8233 mi=0.0520 dn=0.0000 v13=0.0000 v15=0.1790 v16=0.0000 v17=0.0000 v18=0.0000 acc=0.9979 lr=1.17e-05 lambda=0.000 v18_lambda=0.000 gpu=3.0/15.8GB
[19:53:40] [train] ep=88 step=040/40 ce=0.2918 sc=0.8125 mi=0.0521 dn=0.0000 v13=0.0000 v15=0.1760 v16=0.0000 v17=0.0000 v18=0.0000 acc=0.9984 lr=1.12e-05 lambda=0.000 v18_lambda=0.000 gpu=3.0/15.8GB
[19:53:43] [ep_summary] ep=88/100 val_live=0.9877/0.9878 val_ema=0.9877/0.9878 test77_live=0.7914/0.7886 test77_diag_ema=0.7482/0.7309 v13=0.0000 v15=0.1760 v16=0.0000 v17=0.0000 v18=0.0000 das=stage3[12,95] p=1.00 ep_time=9.9s
[19:53:43] [save] best_sourcequalified77_ema ep=88 source_val_live=0.9877/0.9878 source_val_ema=0.9877/0.9878 test77_ema=0.7482/0.7309
[19:53:43] [train] epoch 89/100 steps=40 use_dann=0 das=stage3 f=[12.0,95.0] p=1.00 gpu=3.0/15.8GB
[19:53:43] [train] ep=89 step=001/40 ce=0.2570 sc=0.5513 mi=0.0468 dn=0.0000 v13=0.0000 v15=0.1421 v16=0.0000 v17=0.0000 v18=0.0000 acc=1.0000 lr=1.12e-05 lambda=0.000 v18_lambda=0.000 gpu=3.0/15.8GB
[19:53:44] [train] ep=89 step=010/40 ce=0.3462 sc=0.7815 mi=0.0536 dn=0.0000 v13=0.0000 v15=0.1855 v16=0.0000 v17=0.0000 v18=0.0000 acc=0.9938 lr=1.08e-05 lambda=0.000 v18_lambda=0.000 gpu=3.0/15.8GB
[19:53:46] [train] ep=89 step=020/40 ce=0.3109 sc=0.7525 mi=0.0523 dn=0.0000 v13=0.0000 v15=0.1676 v16=0.0000 v17=0.0000 v18=0.0000 acc=0.9969 lr=1.03e-05 lambda=0.000 v18_lambda=0.000 gpu=3.0/15.8GB
[19:53:48] [train] ep=89 step=030/40 ce=0.3065 sc=0.7712 mi=0.0527 dn=0.0000 v13=0.0000 v15=0.1713 v16=0.0000 v17=0.0000 v18=0.0000 acc=0.9979 lr=9.89e-06 lambda=0.000 v18_lambda=0.000 gpu=3.0/15.8GB
[19:53:50] [train] ep=89 step=040/40 ce=0.2939 sc=0.7510 mi=0.0519 dn=0.0000 v13=0.0000 v15=0.1681 v16=0.0000 v17=0.0000 v18=0.0000 acc=0.9984 lr=9.46e-06 lambda=0.000 v18_lambda=0.000 gpu=3.0/15.8GB
[19:53:52] [ep_summary] ep=89/100 val_live=0.9753/0.9756 val_ema=0.9877/0.9878 test77_live=0.7878/0.7851 test77_diag_ema=0.7482/0.7308 v13=0.0000 v15=0.1681 v16=0.0000 v17=0.0000 v18=0.0000 das=stage3[12,95] p=1.00 ep_time=9.8s
[19:53:52] [train] epoch 90/100 steps=40 use_dann=0 das=stage3 f=[12.0,95.0] p=1.00 gpu=3.0/15.8GB
[19:53:53] [train] ep=90 step=001/40 ce=0.2609 sc=0.6138 mi=0.0596 dn=0.0000 v13=0.0000 v15=0.1436 v16=0.0000 v17=0.0000 v18=0.0000 acc=1.0000 lr=9.42e-06 lambda=0.000 v18_lambda=0.000 gpu=3.0/15.8GB
[19:53:54] [train] ep=90 step=010/40 ce=0.3221 sc=0.7619 mi=0.0531 dn=0.0000 v13=0.0000 v15=0.2037 v16=0.0000 v17=0.0000 v18=0.0000 acc=0.9938 lr=9.04e-06 lambda=0.000 v18_lambda=0.000 gpu=3.0/15.8GB
[19:53:57] [train] ep=90 step=020/40 ce=0.2891 sc=0.7330 mi=0.0518 dn=0.0000 v13=0.0000 v15=0.1758 v16=0.0000 v17=0.0000 v18=0.0000 acc=0.9969 lr=8.63e-06 lambda=0.000 v18_lambda=0.000 gpu=3.0/15.8GB
[19:53:59] [train] ep=90 step=030/40 ce=0.2863 sc=0.7557 mi=0.0518 dn=0.0000 v13=0.0000 v15=0.1906 v16=0.0000 v17=0.0000 v18=0.0000 acc=0.9979 lr=8.23e-06 lambda=0.000 v18_lambda=0.000 gpu=3.0/15.8GB
[19:54:01] [train] ep=90 step=040/40 ce=0.2884 sc=0.7862 mi=0.0520 dn=0.0000 v13=0.0000 v15=0.1914 v16=0.0000 v17=0.0000 v18=0.0000 acc=0.9984 lr=7.84e-06 lambda=0.000 v18_lambda=0.000 gpu=3.0/15.8GB
[19:54:04] [pool] check ep=090/100 source_val_acc_ema=0.9877 threshold=0.90
[19:54:05] [pool] ep=090 ADDED src_val=0.9877/0.9878 dev77=0.6857/0.6716 final77=0.7518/0.7362
[19:54:05] [pool] running best ep=090 dev77_f1=0.6716 final77_f1=0.7362 (pool_size=6)
[19:54:05] [ep_summary] ep=90/100 val_live=0.9753/0.9756 val_ema=0.9877/0.9878 test77_live=0.7878/0.7842 test77_diag_ema=0.7518/0.7362 v13=0.0000 v15=0.1914 v16=0.0000 v17=0.0000 v18=0.0000 das=stage3[12,95] p=1.00 ep_time=12.5s
[19:54:05] [save] best_sourcequalified77_ema ep=90 source_val_live=0.9753/0.9756 source_val_ema=0.9877/0.9878 test77_ema=0.7518/0.7362
[19:54:05] [strict77_monitor] ep=90 best_source_epoch=67 source_val_ema=0.9877/0.9878 test77_ema_diag=0.7122/0.6779 sourcequalified_count=90 best_sourcequalified77_epoch=90 source_val_ema=0.9877/0.9878 test77_ema=0.7518/0.7362
[19:54:05] [train] epoch 91/100 steps=40 use_dann=0 das=stage3 f=[12.0,95.0] p=1.00 gpu=3.0/15.8GB
[19:54:05] [train] ep=91 step=001/40 ce=0.2569 sc=1.3699 mi=0.0513 dn=0.0000 v13=0.0000 v15=0.1425 v16=0.0000 v17=0.0000 v18=0.0000 acc=1.0000 lr=7.80e-06 lambda=0.000 v18_lambda=0.000 gpu=3.0/15.8GB
[19:54:07] [train] ep=91 step=010/40 ce=0.2572 sc=0.7327 mi=0.0508 dn=0.0000 v13=0.0000 v15=0.1419 v16=0.0000 v17=0.0000 v18=0.0000 acc=1.0000 lr=7.45e-06 lambda=0.000 v18_lambda=0.000 gpu=3.0/15.8GB
[19:54:09] [train] ep=91 step=020/40 ce=0.2582 sc=0.8018 mi=0.0510 dn=0.0000 v13=0.0000 v15=0.1674 v16=0.0000 v17=0.0000 v18=0.0000 acc=1.0000 lr=7.08e-06 lambda=0.000 v18_lambda=0.000 gpu=3.0/15.8GB
[19:54:11] [train] ep=91 step=030/40 ce=0.2575 sc=0.8055 mi=0.0509 dn=0.0000 v13=0.0000 v15=0.1671 v16=0.0000 v17=0.0000 v18=0.0000 acc=1.0000 lr=6.72e-06 lambda=0.000 v18_lambda=0.000 gpu=3.0/15.8GB
[19:54:13] [train] ep=91 step=040/40 ce=0.2937 sc=0.8803 mi=0.0509 dn=0.0000 v13=0.0000 v15=0.1919 v16=0.0000 v17=0.0000 v18=0.0000 acc=0.9969 lr=6.36e-06 lambda=0.000 v18_lambda=0.000 gpu=3.0/15.8GB
[19:54:16] [ep_summary] ep=91/100 val_live=0.9815/0.9817 val_ema=0.9877/0.9878 test77_live=0.7914/0.7875 test77_diag_ema=0.7518/0.7362 v13=0.0000 v15=0.1919 v16=0.0000 v17=0.0000 v18=0.0000 das=stage3[12,95] p=1.00 ep_time=10.7s
[19:54:16] [train] epoch 92/100 steps=40 use_dann=0 das=stage3 f=[12.0,95.0] p=1.00 gpu=3.0/15.8GB
[19:54:16] [train] ep=92 step=001/40 ce=0.2567 sc=0.5377 mi=0.0486 dn=0.0000 v13=0.0000 v15=0.1422 v16=0.0000 v17=0.0000 v18=0.0000 acc=1.0000 lr=6.33e-06 lambda=0.000 v18_lambda=0.000 gpu=3.0/15.8GB
[19:54:18] [train] ep=92 step=010/40 ce=0.4136 sc=0.7273 mi=0.0495 dn=0.0000 v13=0.0000 v15=0.2207 v16=0.0000 v17=0.0000 v18=0.0000 acc=0.9938 lr=6.02e-06 lambda=0.000 v18_lambda=0.000 gpu=3.0/15.8GB
[19:54:20] [train] ep=92 step=020/40 ce=0.3352 sc=0.7864 mi=0.0505 dn=0.0000 v13=0.0000 v15=0.1845 v16=0.0000 v17=0.0000 v18=0.0000 acc=0.9969 lr=5.68e-06 lambda=0.000 v18_lambda=0.000 gpu=3.0/15.8GB
[19:54:22] [train] ep=92 step=030/40 ce=0.3098 sc=0.7810 mi=0.0511 dn=0.0000 v13=0.0000 v15=0.1741 v16=0.0000 v17=0.0000 v18=0.0000 acc=0.9979 lr=5.35e-06 lambda=0.000 v18_lambda=0.000 gpu=3.0/15.8GB
[19:54:24] [train] ep=92 step=040/40 ce=0.2967 sc=0.8018 mi=0.0513 dn=0.0000 v13=0.0000 v15=0.1700 v16=0.0000 v17=0.0000 v18=0.0000 acc=0.9984 lr=5.04e-06 lambda=0.000 v18_lambda=0.000 gpu=3.0/15.8GB
[19:54:27] [ep_summary] ep=92/100 val_live=0.9753/0.9756 val_ema=0.9877/0.9878 test77_live=0.7842/0.7801 test77_diag_ema=0.7482/0.7334 v13=0.0000 v15=0.1700 v16=0.0000 v17=0.0000 v18=0.0000 das=stage3[12,95] p=1.00 ep_time=10.9s
[19:54:27] [train] epoch 93/100 steps=40 use_dann=0 das=stage3 f=[12.0,95.0] p=1.00 gpu=3.0/15.8GB
[19:54:27] [train] ep=93 step=001/40 ce=0.2570 sc=0.4182 mi=0.0560 dn=0.0000 v13=0.0000 v15=0.1417 v16=0.0000 v17=0.0000 v18=0.0000 acc=1.0000 lr=5.01e-06 lambda=0.000 v18_lambda=0.000 gpu=3.0/15.8GB
[19:54:28] [train] ep=93 step=010/40 ce=0.2566 sc=0.7671 mi=0.0533 dn=0.0000 v13=0.0000 v15=0.1584 v16=0.0000 v17=0.0000 v18=0.0000 acc=1.0000 lr=4.73e-06 lambda=0.000 v18_lambda=0.000 gpu=3.0/15.8GB
[19:54:30] [train] ep=93 step=020/40 ce=0.2565 sc=0.6795 mi=0.0520 dn=0.0000 v13=0.0000 v15=0.1511 v16=0.0000 v17=0.0000 v18=0.0000 acc=1.0000 lr=4.43e-06 lambda=0.000 v18_lambda=0.000 gpu=3.0/15.8GB
[19:54:32] [train] ep=93 step=030/40 ce=0.2597 sc=0.7115 mi=0.0508 dn=0.0000 v13=0.0000 v15=0.1494 v16=0.0000 v17=0.0000 v18=0.0000 acc=1.0000 lr=4.14e-06 lambda=0.000 v18_lambda=0.000 gpu=3.0/15.8GB
[19:54:34] [train] ep=93 step=040/40 ce=0.2587 sc=0.7564 mi=0.0507 dn=0.0000 v13=0.0000 v15=0.1511 v16=0.0000 v17=0.0000 v18=0.0000 acc=1.0000 lr=3.87e-06 lambda=0.000 v18_lambda=0.000 gpu=3.0/15.8GB
[19:54:37] [ep_summary] ep=93/100 val_live=0.9753/0.9756 val_ema=0.9877/0.9878 test77_live=0.7914/0.7873 test77_diag_ema=0.7482/0.7334 v13=0.0000 v15=0.1511 v16=0.0000 v17=0.0000 v18=0.0000 das=stage3[12,95] p=1.00 ep_time=9.9s
[19:54:37] [train] epoch 94/100 steps=40 use_dann=0 das=stage3 f=[12.0,95.0] p=1.00 gpu=3.0/15.8GB
[19:54:37] [train] ep=94 step=001/40 ce=0.2558 sc=0.4323 mi=0.0489 dn=0.0000 v13=0.0000 v15=0.2107 v16=0.0000 v17=0.0000 v18=0.0000 acc=1.0000 lr=3.84e-06 lambda=0.000 v18_lambda=0.000 gpu=3.0/15.8GB
[19:54:38] [train] ep=94 step=010/40 ce=0.2563 sc=0.6307 mi=0.0520 dn=0.0000 v13=0.0000 v15=0.1734 v16=0.0000 v17=0.0000 v18=0.0000 acc=1.0000 lr=3.60e-06 lambda=0.000 v18_lambda=0.000 gpu=3.0/15.8GB
[19:54:40] [train] ep=94 step=020/40 ce=0.2674 sc=0.7470 mi=0.0510 dn=0.0000 v13=0.0000 v15=0.1713 v16=0.0000 v17=0.0000 v18=0.0000 acc=1.0000 lr=3.34e-06 lambda=0.000 v18_lambda=0.000 gpu=3.0/15.8GB
[19:54:42] [train] ep=94 step=030/40 ce=0.2641 sc=0.7395 mi=0.0512 dn=0.0000 v13=0.0000 v15=0.1640 v16=0.0000 v17=0.0000 v18=0.0000 acc=1.0000 lr=3.09e-06 lambda=0.000 v18_lambda=0.000 gpu=3.0/15.8GB
[19:54:44] [train] ep=94 step=040/40 ce=0.2623 sc=0.7474 mi=0.0519 dn=0.0000 v13=0.0000 v15=0.1670 v16=0.0000 v17=0.0000 v18=0.0000 acc=1.0000 lr=2.85e-06 lambda=0.000 v18_lambda=0.000 gpu=3.0/15.8GB
[19:54:46] [ep_summary] ep=94/100 val_live=0.9753/0.9756 val_ema=0.9877/0.9878 test77_live=0.7914/0.7873 test77_diag_ema=0.7518/0.7386 v13=0.0000 v15=0.1670 v16=0.0000 v17=0.0000 v18=0.0000 das=stage3[12,95] p=1.00 ep_time=9.8s
[19:54:46] [save] best_sourcequalified77_ema ep=94 source_val_live=0.9753/0.9756 source_val_ema=0.9877/0.9878 test77_ema=0.7518/0.7386
[19:54:46] [train] epoch 95/100 steps=40 use_dann=0 das=stage3 f=[12.0,95.0] p=1.00 gpu=3.0/15.8GB
[19:54:47] [train] ep=95 step=001/40 ce=0.2563 sc=0.4637 mi=0.0536 dn=0.0000 v13=0.0000 v15=0.1418 v16=0.0000 v17=0.0000 v18=0.0000 acc=1.0000 lr=2.82e-06 lambda=0.000 v18_lambda=0.000 gpu=3.0/15.8GB
[19:54:48] [train] ep=95 step=010/40 ce=0.3435 sc=0.7163 mi=0.0510 dn=0.0000 v13=0.0000 v15=0.1789 v16=0.0000 v17=0.0000 v18=0.0000 acc=0.9938 lr=2.62e-06 lambda=0.000 v18_lambda=0.000 gpu=3.0/15.8GB
[19:54:50] [train] ep=95 step=020/40 ce=0.3010 sc=0.7117 mi=0.0519 dn=0.0000 v13=0.0000 v15=0.1689 v16=0.0000 v17=0.0000 v18=0.0000 acc=0.9969 lr=2.40e-06 lambda=0.000 v18_lambda=0.000 gpu=3.0/15.8GB
[19:54:52] [train] ep=95 step=030/40 ce=0.2861 sc=0.7473 mi=0.0515 dn=0.0000 v13=0.0000 v15=0.1656 v16=0.0000 v17=0.0000 v18=0.0000 acc=0.9979 lr=2.18e-06 lambda=0.000 v18_lambda=0.000 gpu=3.0/15.8GB
[19:54:54] [train] ep=95 step=040/40 ce=0.2788 sc=0.7613 mi=0.0518 dn=0.0000 v13=0.0000 v15=0.1622 v16=0.0000 v17=0.0000 v18=0.0000 acc=0.9984 lr=1.98e-06 lambda=0.000 v18_lambda=0.000 gpu=3.0/15.8GB
[19:54:56] [ep_summary] ep=95/100 val_live=0.9753/0.9756 val_ema=0.9877/0.9878 test77_live=0.7914/0.7873 test77_diag_ema=0.7554/0.7423 v13=0.0000 v15=0.1622 v16=0.0000 v17=0.0000 v18=0.0000 das=stage3[12,95] p=1.00 ep_time=9.9s
[19:54:56] [save] best_sourcequalified77_ema ep=95 source_val_live=0.9753/0.9756 source_val_ema=0.9877/0.9878 test77_ema=0.7554/0.7423
[19:54:56] [train] epoch 96/100 steps=40 use_dann=0 das=stage3 f=[12.0,95.0] p=1.00 gpu=3.0/15.8GB
[19:54:57] [train] ep=96 step=001/40 ce=0.2572 sc=1.0717 mi=0.0462 dn=0.0000 v13=0.0000 v15=0.1437 v16=0.0000 v17=0.0000 v18=0.0000 acc=1.0000 lr=1.96e-06 lambda=0.000 v18_lambda=0.000 gpu=3.0/15.8GB
[19:54:58] [train] ep=96 step=010/40 ce=0.2566 sc=0.8288 mi=0.0493 dn=0.0000 v13=0.0000 v15=0.1607 v16=0.0000 v17=0.0000 v18=0.0000 acc=1.0000 lr=1.79e-06 lambda=0.000 v18_lambda=0.000 gpu=3.0/15.8GB
[19:55:00] [train] ep=96 step=020/40 ce=0.2567 sc=0.7879 mi=0.0513 dn=0.0000 v13=0.0000 v15=0.1514 v16=0.0000 v17=0.0000 v18=0.0000 acc=1.0000 lr=1.61e-06 lambda=0.000 v18_lambda=0.000 gpu=3.0/15.8GB
[19:55:02] [train] ep=96 step=030/40 ce=0.2676 sc=0.7835 mi=0.0515 dn=0.0000 v13=0.0000 v15=0.1691 v16=0.0000 v17=0.0000 v18=0.0000 acc=1.0000 lr=1.44e-06 lambda=0.000 v18_lambda=0.000 gpu=3.0/15.8GB
[19:55:04] [train] ep=96 step=040/40 ce=0.2651 sc=0.7661 mi=0.0514 dn=0.0000 v13=0.0000 v15=0.1725 v16=0.0000 v17=0.0000 v18=0.0000 acc=1.0000 lr=1.27e-06 lambda=0.000 v18_lambda=0.000 gpu=3.0/15.8GB
[19:55:07] [ep_summary] ep=96/100 val_live=0.9753/0.9756 val_ema=0.9877/0.9878 test77_live=0.7878/0.7832 test77_diag_ema=0.7554/0.7423 v13=0.0000 v15=0.1725 v16=0.0000 v17=0.0000 v18=0.0000 das=stage3[12,95] p=1.00 ep_time=10.7s
[19:55:07] [train] epoch 97/100 steps=40 use_dann=0 das=stage3 f=[12.0,95.0] p=1.00 gpu=3.0/15.8GB
[19:55:07] [train] ep=97 step=001/40 ce=0.2566 sc=0.5364 mi=0.0500 dn=0.0000 v13=0.0000 v15=0.1544 v16=0.0000 v17=0.0000 v18=0.0000 acc=1.0000 lr=1.26e-06 lambda=0.000 v18_lambda=0.000 gpu=3.0/15.8GB
[19:55:09] [train] ep=97 step=010/40 ce=0.2620 sc=0.6270 mi=0.0507 dn=0.0000 v13=0.0000 v15=0.1469 v16=0.0000 v17=0.0000 v18=0.0000 acc=1.0000 lr=1.12e-06 lambda=0.000 v18_lambda=0.000 gpu=3.0/15.8GB
[19:55:11] [train] ep=97 step=020/40 ce=0.3032 sc=0.7301 mi=0.0522 dn=0.0000 v13=0.0000 v15=0.1666 v16=0.0000 v17=0.0000 v18=0.0000 acc=0.9969 lr=9.76e-07 lambda=0.000 v18_lambda=0.000 gpu=3.0/15.8GB
[19:55:13] [train] ep=97 step=030/40 ce=0.3199 sc=0.7556 mi=0.0514 dn=0.0000 v13=0.0000 v15=0.1821 v16=0.0000 v17=0.0000 v18=0.0000 acc=0.9958 lr=8.43e-07 lambda=0.000 v18_lambda=0.000 gpu=3.0/15.8GB
[19:55:16] [train] ep=97 step=040/40 ce=0.3043 sc=0.7180 mi=0.0517 dn=0.0000 v13=0.0000 v15=0.1788 v16=0.0000 v17=0.0000 v18=0.0000 acc=0.9969 lr=7.19e-07 lambda=0.000 v18_lambda=0.000 gpu=3.0/15.8GB
[19:55:18] [ep_summary] ep=97/100 val_live=0.9753/0.9756 val_ema=0.9877/0.9878 test77_live=0.7914/0.7873 test77_diag_ema=0.7554/0.7423 v13=0.0000 v15=0.1788 v16=0.0000 v17=0.0000 v18=0.0000 das=stage3[12,95] p=1.00 ep_time=11.3s
[19:55:18] [train] epoch 98/100 steps=40 use_dann=0 das=stage3 f=[12.0,95.0] p=1.00 gpu=3.0/15.8GB
[19:55:18] [train] ep=98 step=001/40 ce=0.2572 sc=0.7580 mi=0.0442 dn=0.0000 v13=0.0000 v15=0.1430 v16=0.0000 v17=0.0000 v18=0.0000 acc=1.0000 lr=7.07e-07 lambda=0.000 v18_lambda=0.000 gpu=3.0/15.8GB
[19:55:20] [train] ep=98 step=010/40 ce=0.2565 sc=0.7304 mi=0.0512 dn=0.0000 v13=0.0000 v15=0.1448 v16=0.0000 v17=0.0000 v18=0.0000 acc=1.0000 lr=6.05e-07 lambda=0.000 v18_lambda=0.000 gpu=3.0/15.8GB
[19:55:22] [train] ep=98 step=020/40 ce=0.2564 sc=0.8386 mi=0.0533 dn=0.0000 v13=0.0000 v15=0.1528 v16=0.0000 v17=0.0000 v18=0.0000 acc=1.0000 lr=5.01e-07 lambda=0.000 v18_lambda=0.000 gpu=3.0/15.8GB
[19:55:24] [train] ep=98 step=030/40 ce=0.2568 sc=0.8043 mi=0.0525 dn=0.0000 v13=0.0000 v15=0.1543 v16=0.0000 v17=0.0000 v18=0.0000 acc=1.0000 lr=4.07e-07 lambda=0.000 v18_lambda=0.000 gpu=3.0/15.8GB
[19:55:26] [train] ep=98 step=040/40 ce=0.2646 sc=0.7719 mi=0.0522 dn=0.0000 v13=0.0000 v15=0.1578 v16=0.0000 v17=0.0000 v18=0.0000 acc=1.0000 lr=3.22e-07 lambda=0.000 v18_lambda=0.000 gpu=3.0/15.8GB
[19:55:29] [ep_summary] ep=98/100 val_live=0.9753/0.9756 val_ema=0.9877/0.9878 test77_live=0.7914/0.7873 test77_diag_ema=0.7554/0.7423 v13=0.0000 v15=0.1578 v16=0.0000 v17=0.0000 v18=0.0000 das=stage3[12,95] p=1.00 ep_time=10.8s
[19:55:29] [train] epoch 99/100 steps=40 use_dann=0 das=stage3 f=[12.0,95.0] p=1.00 gpu=3.0/15.8GB
[19:55:29] [train] ep=99 step=001/40 ce=0.2575 sc=0.9078 mi=0.0539 dn=0.0000 v13=0.0000 v15=0.1437 v16=0.0000 v17=0.0000 v18=0.0000 acc=1.0000 lr=3.15e-07 lambda=0.000 v18_lambda=0.000 gpu=3.0/15.8GB
[19:55:31] [train] ep=99 step=010/40 ce=0.2564 sc=0.7094 mi=0.0514 dn=0.0000 v13=0.0000 v15=0.1485 v16=0.0000 v17=0.0000 v18=0.0000 acc=1.0000 lr=2.48e-07 lambda=0.000 v18_lambda=0.000 gpu=3.0/15.8GB
[19:55:33] [train] ep=99 step=020/40 ce=0.2564 sc=0.7597 mi=0.0524 dn=0.0000 v13=0.0000 v15=0.1610 v16=0.0000 v17=0.0000 v18=0.0000 acc=1.0000 lr=1.83e-07 lambda=0.000 v18_lambda=0.000 gpu=3.0/15.8GB
[19:55:35] [train] ep=99 step=030/40 ce=0.2713 sc=0.7904 mi=0.0522 dn=0.0000 v13=0.0000 v15=0.1640 v16=0.0000 v17=0.0000 v18=0.0000 acc=0.9979 lr=1.28e-07 lambda=0.000 v18_lambda=0.000 gpu=3.0/15.8GB
[19:55:37] [train] ep=99 step=040/40 ce=0.2675 sc=0.7893 mi=0.0520 dn=0.0000 v13=0.0000 v15=0.1713 v16=0.0000 v17=0.0000 v18=0.0000 acc=0.9984 lr=8.26e-08 lambda=0.000 v18_lambda=0.000 gpu=3.0/15.8GB
[19:55:40] [ep_summary] ep=99/100 val_live=0.9753/0.9756 val_ema=0.9877/0.9878 test77_live=0.7914/0.7873 test77_diag_ema=0.7554/0.7423 v13=0.0000 v15=0.1713 v16=0.0000 v17=0.0000 v18=0.0000 das=stage3[12,95] p=1.00 ep_time=10.7s
[19:55:40] [train] epoch 100/100 steps=40 use_dann=0 das=stage3 f=[12.0,95.0] p=1.00 gpu=3.0/15.8GB
[19:55:40] [train] ep=100 step=001/40 ce=0.2564 sc=0.9272 mi=0.0486 dn=0.0000 v13=0.0000 v15=0.1414 v16=0.0000 v17=0.0000 v18=0.0000 acc=1.0000 lr=7.87e-08 lambda=0.000 v18_lambda=0.000 gpu=3.0/15.8GB
[19:55:42] [train] ep=100 step=010/40 ce=0.2560 sc=0.7487 mi=0.0506 dn=0.0000 v13=0.0000 v15=0.1748 v16=0.0000 v17=0.0000 v18=0.0000 acc=1.0000 lr=4.72e-08 lambda=0.000 v18_lambda=0.000 gpu=3.0/15.8GB
[19:55:44] [train] ep=100 step=020/40 ce=0.2574 sc=0.7755 mi=0.0504 dn=0.0000 v13=0.0000 v15=0.1591 v16=0.0000 v17=0.0000 v18=0.0000 acc=1.0000 lr=2.17e-08 lambda=0.000 v18_lambda=0.000 gpu=3.0/15.8GB
[19:55:46] [train] ep=100 step=030/40 ce=0.2570 sc=0.7537 mi=0.0510 dn=0.0000 v13=0.0000 v15=0.1637 v16=0.0000 v17=0.0000 v18=0.0000 acc=1.0000 lr=5.95e-09 lambda=0.000 v18_lambda=0.000 gpu=3.0/15.8GB
[19:55:48] [train] ep=100 step=040/40 ce=0.2569 sc=0.7228 mi=0.0514 dn=0.0000 v13=0.0000 v15=0.1585 v16=0.0000 v17=0.0000 v18=0.0000 acc=1.0000 lr=4.92e-11 lambda=0.000 v18_lambda=0.000 gpu=3.0/15.8GB
[19:55:51] [pool] check ep=100/100 source_val_acc_ema=0.9877 threshold=0.90
[19:55:52] [pool] ep=100 ADDED src_val=0.9877/0.9878 dev77=0.7143/0.7067 final77=0.7590/0.7460
[19:55:52] [pool] running best ep=100 dev77_f1=0.7067 final77_f1=0.7460 (pool_size=7)
[19:55:52] [ep_summary] ep=100/100 val_live=0.9753/0.9756 val_ema=0.9877/0.9878 test77_live=0.7914/0.7873 test77_diag_ema=0.7590/0.7460 v13=0.0000 v15=0.1585 v16=0.0000 v17=0.0000 v18=0.0000 das=stage3[12,95] p=1.00 ep_time=12.2s
[19:55:52] [save] best_sourcequalified77_ema ep=100 source_val_live=0.9753/0.9756 source_val_ema=0.9877/0.9878 test77_ema=0.7590/0.7460
[19:55:52] [strict77_monitor] ep=100 best_source_epoch=67 source_val_ema=0.9877/0.9878 test77_ema_diag=0.7122/0.6779 sourcequalified_count=100 best_sourcequalified77_epoch=100 source_val_ema=0.9877/0.9878 test77_ema=0.7590/0.7460
[19:55:52] [pool] FINAL pool_size=7 best ep=100 dev77_f1=0.7067 final77_f1=0.7460 -> G:\zhanghe\Letter journal\EXPERIMENTSRESULT\REVISION_5090\A_V15\seed44809\checkpoints\best_pool_ema.pt
[19:55:52] [train] done best_sourceval_acc_ema=0.9877
[19:55:57] [eval] loaded vit_large_patch16_dinov3_lvd1689m_best_sourceval_ema.pt (sourceval)
[19:55:57] [eval] strict source-val selected by ema acc; heldout77_unused=140 final_test77=278 imgs, seed=42 dev_per_class=20
[19:55:59] [eval] 77GHz final-test acc=0.7122 f1=0.6779
[19:55:59] [eval] 77GHz final-test per-class={'Away': 0.075, 'Bend': 0.7692307692307693, 'Kneel': 0.7380952380952381, 'Pick': 0.925, 'SStep': 1.0, 'Sit': 0.5945945945945946, 'Towards': 0.875}
[19:56:00] [eval] val_all acc=0.9815 f1=0.9818
[19:56:01] [freq_scan:val10] f_virt=15GHz acc=0.9744 f1=0.9760
[19:56:01] [freq_scan:val10] f_virt=30GHz acc=0.9615 f1=0.9637
[19:56:02] [freq_scan:val10] f_virt=50GHz acc=0.9615 f1=0.9637
[19:56:03] [freq_scan:val10] f_virt=77GHz acc=0.9615 f1=0.9601
[19:56:03] [freq_scan:val10] f_virt=99GHz acc=0.9615 f1=0.9642
[19:56:04] [freq_scan:val10] f_virt=120GHz acc=0.9615 f1=0.9642
[19:56:05] [freq_scan:val10] f_virt=140GHz acc=0.9487 f1=0.9515
[19:56:06] [freq_scan:val24] f_virt=15GHz acc=1.0000 f1=1.0000
[19:56:06] [freq_scan:val24] f_virt=30GHz acc=0.9762 f1=0.9760
[19:56:07] [freq_scan:val24] f_virt=50GHz acc=0.9881 f1=0.9875
[19:56:08] [freq_scan:val24] f_virt=77GHz acc=0.9762 f1=0.9760
[19:56:08] [freq_scan:val24] f_virt=99GHz acc=0.9881 f1=0.9875
[19:56:09] [freq_scan:val24] f_virt=120GHz acc=0.9762 f1=0.9760
[19:56:10] [freq_scan:val24] f_virt=140GHz acc=0.9762 f1=0.9760
[19:56:10] [eval] saved eval_sourceval.json
[19:56:14] [eval] loaded vit_large_patch16_dinov3_lvd1689m_best_sourcequalified77_ema.pt (sourcequalified)
[19:56:14] [eval] source-qualified diagnostic selected (source-val ema acc >= 0.00, then best 77GHz ema macro-F1); heldout77_unused=140 final_test77=278 imgs, seed=42 dev_per_class=20
[19:56:16] [eval] 77GHz final-test acc=0.7590 f1=0.7460
[19:56:16] [eval] 77GHz final-test per-class={'Away': 0.25, 'Bend': 0.7435897435897436, 'Kneel': 0.7857142857142857, 'Pick': 0.9, 'SStep': 0.975, 'Sit': 0.8378378378378378, 'Towards': 0.825}
[19:56:18] [eval] val_all acc=0.9877 f1=0.9878
[19:56:18] [freq_scan:val10] f_virt=15GHz acc=0.9744 f1=0.9760
[19:56:19] [freq_scan:val10] f_virt=30GHz acc=0.9487 f1=0.9510
[19:56:19] [freq_scan:val10] f_virt=50GHz acc=0.9615 f1=0.9637
[19:56:20] [freq_scan:val10] f_virt=77GHz acc=0.9615 f1=0.9637
[19:56:21] [freq_scan:val10] f_virt=99GHz acc=0.9744 f1=0.9760
[19:56:21] [freq_scan:val10] f_virt=120GHz acc=0.9615 f1=0.9642
[19:56:22] [freq_scan:val10] f_virt=140GHz acc=0.9487 f1=0.9515
[19:56:23] [freq_scan:val24] f_virt=15GHz acc=1.0000 f1=1.0000
[19:56:23] [freq_scan:val24] f_virt=30GHz acc=1.0000 f1=1.0000
[19:56:24] [freq_scan:val24] f_virt=50GHz acc=0.9881 f1=0.9875
[19:56:25] [freq_scan:val24] f_virt=77GHz acc=0.9762 f1=0.9760
[19:56:25] [freq_scan:val24] f_virt=99GHz acc=0.9881 f1=0.9875
[19:56:26] [freq_scan:val24] f_virt=120GHz acc=0.9762 f1=0.9760
[19:56:27] [freq_scan:val24] f_virt=140GHz acc=0.9762 f1=0.9760
[19:56:27] [eval] saved eval_sourcequalified.json
