[13:46:22] run_dir=EXPERIMENTSRESULT\REVISION_5090\SUPP_ABLATION\ACR_discrete\seed1234
[13:46:22] device=cuda
[13:46:22] backbone=vit_large_patch16_dinov3.lvd1689m
[13:46:22] env: manifest_dir=G:\zhanghe\Letter journal\tasks\known_people_unknown_freq\manifest dataset_root=G:\zhanghe\Letter journal use_dann=False selection=source_val_acc_ema adapter_mode=lora
[13:46:22] set_seed(1234)
[13:46:23] [fast_gpu] source cache 644 imgs (0.39GB) on cuda
[13:46:23] train_source=644 train_src_rows=10:302 24:342 source_steps/epoch=40 val_all=162 heldout77_unused=140 test77_final=278
[13:46:23] [test77_split] seed=42 dev_per_class=20
[13:46:31] V13_GRL_DISCRETE=1 bins=3 CE-on-carrier-bin; log f_eff range=[2.3026,4.5539] bin edges (GHz)=[10.0, 21.18, 44.86, 95.0]
[13:46:31] trainable params=2444804 (encoder_lora+neck+head + miro_proj+v15_falsification+v13_residual_split+v13_grl_carrier_adv)
[13:46:31] logit_prior=[-1.9678890705108643, -1.913821816444397, -1.8427258729934692, -1.9678890705108643, -2.0133514404296875, -1.8929877281188965, -2.036881923675537]
[13:46:31] use_dann=False
[13:46:31] use_das=True
[13:46:31] das_mode=curriculum initial_stage={'name': 'stage1', 'p': 0.35, 'f_low': 10.0, 'f_high': 24.0}
[13:46:31] aug_flags: USE_HFT=True USE_SPEC_AUGMENT=True
[13:46:31] adapter_mode=lora
[13:46:31] schedule: epochs=100 steps/epoch=40 imgs/step=16 total_steps=4000 total_imgs=64000 warmup_steps=120
[13:46:31] source_qualified_policy: val_acc_ema>=0.00 candidates are recorded; best candidate by 77GHz F1 is saved as diagnostic
[13:46:31] [pool] init threshold=0.90 period=10 selection=dev77_f1
[13:46:31] [train] epoch 1/100 steps=40 use_dann=0 das=stage1 f=[10.0,24.0] p=0.35 gpu=3.0/3.0GB
[13:46:32] [train] ep=01 step=001/40 ce=8.0138 sc=2.6784 mi=1.0577 dn=0.0000 v13=0.0064 grl=1.0796 v15=0.0000 v15r=0.0000 v16=0.0000 v17=0.0000 v18=0.0000 acc=0.0625 lr=2.50e-06 lambda=0.000 grl_lambda=0.000 v18_lambda=0.000 gpu=3.0/11.8GB
[13:46:34] [train] ep=01 step=010/40 ce=8.0232 sc=2.7700 mi=1.0385 dn=0.0000 v13=0.0032 grl=1.0554 v15=0.0000 v15r=0.0000 v16=0.0000 v17=0.0000 v18=0.0000 acc=0.1125 lr=2.50e-05 lambda=0.000 grl_lambda=0.011 v18_lambda=0.000 gpu=3.0/11.8GB
[13:46:36] [train] ep=01 step=020/40 ce=7.9653 sc=2.7709 mi=0.9935 dn=0.0000 v13=0.0032 grl=1.0228 v15=0.0000 v15r=0.0000 v16=0.0000 v17=0.0000 v18=0.0000 acc=0.1187 lr=5.00e-05 lambda=0.000 grl_lambda=0.024 v18_lambda=0.000 gpu=3.0/11.8GB
[13:46:37] [train] ep=01 step=030/40 ce=7.8976 sc=2.7647 mi=0.9210 dn=0.0000 v13=0.0028 grl=0.9786 v15=0.0000 v15r=0.0000 v16=0.0000 v17=0.0000 v18=0.0000 acc=0.1417 lr=7.50e-05 lambda=0.000 grl_lambda=0.036 v18_lambda=0.000 gpu=3.0/11.8GB
[13:46:39] [train] ep=01 step=040/40 ce=7.8107 sc=2.7680 mi=0.8327 dn=0.0000 v13=0.0025 grl=0.9311 v15=0.0000 v15r=0.0000 v16=0.0000 v17=0.0000 v18=0.0000 acc=0.1547 lr=1.00e-04 lambda=0.000 grl_lambda=0.049 v18_lambda=0.000 gpu=3.0/11.8GB
[13:46:41] [ep_summary] ep=01/100 val_live=0.2099/0.1188 val_ema=0.0000/0.0000 test77_live=0.1403/0.0352 test77_diag_ema=0.0000/0.0000 v13=0.0025 grl=0.9311 v15=0.0000 v15r=0.0000 v16=0.0000 v17=0.0000 v18=0.0000 das=stage1[10,24] p=0.35 ep_time=9.3s
[13:46:41] [train] epoch 2/100 steps=40 use_dann=0 das=stage1 f=[10.0,24.0] p=0.35 gpu=3.0/15.8GB
[13:46:41] [train] ep=02 step=001/40 ce=7.5303 sc=2.6318 mi=0.4580 dn=0.0000 v13=0.0027 grl=0.6891 v15=0.0000 v15r=0.0000 v16=0.0000 v17=0.0000 v18=0.0000 acc=0.1875 lr=1.02e-04 lambda=0.000 grl_lambda=0.050 v18_lambda=0.000 gpu=3.0/15.8GB
[13:46:43] [train] ep=02 step=010/40 ce=7.4863 sc=2.7642 mi=0.3944 dn=0.0000 v13=0.0023 grl=0.6928 v15=0.0000 v15r=0.0000 v16=0.0000 v17=0.0000 v18=0.0000 acc=0.2562 lr=1.25e-04 lambda=0.000 grl_lambda=0.061 v18_lambda=0.000 gpu=3.0/15.8GB
[13:46:45] [train] ep=02 step=020/40 ce=7.2983 sc=2.7477 mi=0.3341 dn=0.0000 v13=0.0019 grl=0.6907 v15=0.0000 v15r=0.0000 v16=0.0000 v17=0.0000 v18=0.0000 acc=0.3156 lr=1.50e-04 lambda=0.000 grl_lambda=0.074 v18_lambda=0.000 gpu=3.0/15.8GB
[13:46:47] [train] ep=02 step=030/40 ce=7.1121 sc=2.7220 mi=0.2967 dn=0.0000 v13=0.0017 grl=0.6770 v15=0.0000 v15r=0.0000 v16=0.0000 v17=0.0000 v18=0.0000 acc=0.3604 lr=1.75e-04 lambda=0.000 grl_lambda=0.086 v18_lambda=0.000 gpu=3.0/15.8GB
[13:46:50] [train] ep=02 step=040/40 ce=6.9009 sc=2.6781 mi=0.2723 dn=0.0000 v13=0.0015 grl=0.6502 v15=0.0000 v15r=0.0000 v16=0.0000 v17=0.0000 v18=0.0000 acc=0.3953 lr=2.00e-04 lambda=0.000 grl_lambda=0.098 v18_lambda=0.000 gpu=3.0/15.8GB
[13:46:51] [ep_summary] ep=02/100 val_live=0.4938/0.4520 val_ema=0.0000/0.0000 test77_live=0.2662/0.1442 test77_diag_ema=0.0000/0.0000 v13=0.0015 grl=0.6502 v15=0.0000 v15r=0.0000 v16=0.0000 v17=0.0000 v18=0.0000 das=stage1[10,24] p=0.35 ep_time=10.4s
[13:46:51] [train] epoch 3/100 steps=40 use_dann=0 das=stage1 f=[10.0,24.0] p=0.35 gpu=3.0/15.8GB
[13:46:51] [train] ep=03 step=001/40 ce=5.4545 sc=2.4558 mi=0.1973 dn=0.0000 v13=0.0012 grl=0.6138 v15=0.0000 v15r=0.0000 v16=0.0000 v17=0.0000 v18=0.0000 acc=0.5000 lr=2.02e-04 lambda=0.000 grl_lambda=0.100 v18_lambda=0.000 gpu=3.0/15.8GB
[13:46:53] [train] ep=03 step=010/40 ce=5.3601 sc=2.1837 mi=0.2014 dn=0.0000 v13=0.0010 grl=0.6102 v15=0.0000 v15r=0.0000 v16=0.0000 v17=0.0000 v18=0.0000 acc=0.5625 lr=2.25e-04 lambda=0.000 grl_lambda=0.111 v18_lambda=0.000 gpu=3.0/15.8GB
[13:46:55] [train] ep=03 step=020/40 ce=5.0743 sc=2.1192 mi=0.2022 dn=0.0000 v13=0.0011 grl=0.6074 v15=0.0000 v15r=0.0000 v16=0.0000 v17=0.0000 v18=0.0000 acc=0.6000 lr=2.50e-04 lambda=0.000 grl_lambda=0.123 v18_lambda=0.000 gpu=3.0/15.8GB
[13:46:57] [train] ep=03 step=030/40 ce=4.5558 sc=1.9460 mi=0.2019 dn=0.0000 v13=0.0012 grl=0.5942 v15=0.0000 v15r=0.0000 v16=0.0000 v17=0.0000 v18=0.0000 acc=0.6542 lr=2.75e-04 lambda=0.000 grl_lambda=0.135 v18_lambda=0.000 gpu=3.0/15.8GB
[13:46:59] [train] ep=03 step=040/40 ce=4.2417 sc=1.8434 mi=0.1960 dn=0.0000 v13=0.0012 grl=0.5805 v15=0.0000 v15r=0.0000 v16=0.0000 v17=0.0000 v18=0.0000 acc=0.6828 lr=3.00e-04 lambda=0.000 grl_lambda=0.148 v18_lambda=0.000 gpu=3.0/15.8GB
[13:47:01] [ep_summary] ep=03/100 val_live=0.7222/0.6906 val_ema=0.0000/0.0000 test77_live=0.4065/0.2850 test77_diag_ema=0.0000/0.0000 v13=0.0012 grl=0.5805 v15=0.0000 v15r=0.0000 v16=0.0000 v17=0.0000 v18=0.0000 das=stage1[10,24] p=0.35 ep_time=9.6s
[13:47:01] [train] epoch 4/100 steps=40 use_dann=0 das=stage1 f=[10.0,24.0] p=0.35 gpu=3.0/15.8GB
[13:47:01] [train] ep=04 step=001/40 ce=4.1302 sc=1.7687 mi=0.1614 dn=0.0000 v13=0.0026 grl=0.3539 v15=0.0000 v15r=0.0000 v16=0.0000 v17=0.0000 v18=0.0000 acc=0.6875 lr=3.00e-04 lambda=0.000 grl_lambda=0.149 v18_lambda=0.000 gpu=3.0/15.8GB
[13:47:03] [train] ep=04 step=010/40 ce=4.0401 sc=1.9228 mi=0.1500 dn=0.0000 v13=0.0010 grl=0.4425 v15=0.0000 v15r=0.0000 v16=0.0000 v17=0.0000 v18=0.0000 acc=0.7125 lr=3.00e-04 lambda=0.000 grl_lambda=0.160 v18_lambda=0.000 gpu=3.0/15.8GB
[13:47:05] [train] ep=04 step=020/40 ce=3.6844 sc=1.7471 mi=0.1379 dn=0.0000 v13=0.0010 grl=0.4721 v15=0.0000 v15r=0.0000 v16=0.0000 v17=0.0000 v18=0.0000 acc=0.7375 lr=3.00e-04 lambda=0.000 grl_lambda=0.172 v18_lambda=0.000 gpu=3.0/15.8GB
[13:47:07] [train] ep=04 step=030/40 ce=3.6009 sc=1.7868 mi=0.1323 dn=0.0000 v13=0.0010 grl=0.4786 v15=0.0000 v15r=0.0000 v16=0.0000 v17=0.0000 v18=0.0000 acc=0.7500 lr=3.00e-04 lambda=0.000 grl_lambda=0.184 v18_lambda=0.000 gpu=3.0/15.8GB
[13:47:09] [train] ep=04 step=040/40 ce=3.3803 sc=1.6877 mi=0.1295 dn=0.0000 v13=0.0009 grl=0.4776 v15=0.0000 v15r=0.0000 v16=0.0000 v17=0.0000 v18=0.0000 acc=0.7781 lr=3.00e-04 lambda=0.000 grl_lambda=0.196 v18_lambda=0.000 gpu=3.0/15.8GB
[13:47:10] [ep_summary] ep=04/100 val_live=0.8333/0.7831 val_ema=0.0000/0.0000 test77_live=0.3849/0.3235 test77_diag_ema=0.0000/0.0000 v13=0.0009 grl=0.4776 v15=0.0000 v15r=0.0000 v16=0.0000 v17=0.0000 v18=0.0000 das=stage1[10,24] p=0.35 ep_time=9.4s
[13:47:10] [train] epoch 5/100 steps=40 use_dann=0 das=stage1 f=[10.0,24.0] p=0.35 gpu=3.0/15.8GB
[13:47:10] [train] ep=05 step=001/40 ce=1.9459 sc=1.4847 mi=0.1137 dn=0.0000 v13=0.0007 grl=0.4256 v15=0.0000 v15r=0.0000 v16=0.0000 v17=0.0000 v18=0.0000 acc=0.9375 lr=3.00e-04 lambda=0.000 grl_lambda=0.197 v18_lambda=0.000 gpu=3.0/15.8GB
[13:47:12] [train] ep=05 step=010/40 ce=3.1935 sc=1.4815 mi=0.1109 dn=0.0000 v13=0.0007 grl=0.4335 v15=0.0000 v15r=0.0000 v16=0.0000 v17=0.0000 v18=0.0000 acc=0.7812 lr=3.00e-04 lambda=0.000 grl_lambda=0.208 v18_lambda=0.000 gpu=3.0/15.8GB
[13:47:14] [train] ep=05 step=020/40 ce=2.9182 sc=1.4531 mi=0.1071 dn=0.0000 v13=0.0007 grl=0.4513 v15=0.0000 v15r=0.0000 v16=0.0000 v17=0.0000 v18=0.0000 acc=0.7969 lr=3.00e-04 lambda=0.000 grl_lambda=0.220 v18_lambda=0.000 gpu=3.0/15.8GB
[13:47:16] [train] ep=05 step=030/40 ce=2.8117 sc=1.4678 mi=0.1034 dn=0.0000 v13=0.0007 grl=0.4567 v15=0.0000 v15r=0.0000 v16=0.0000 v17=0.0000 v18=0.0000 acc=0.8167 lr=3.00e-04 lambda=0.000 grl_lambda=0.232 v18_lambda=0.000 gpu=3.0/15.8GB
[13:47:18] [train] ep=05 step=040/40 ce=2.7658 sc=1.4738 mi=0.1003 dn=0.0000 v13=0.0007 grl=0.4526 v15=0.0000 v15r=0.0000 v16=0.0000 v17=0.0000 v18=0.0000 acc=0.8219 lr=3.00e-04 lambda=0.000 grl_lambda=0.244 v18_lambda=0.000 gpu=3.0/15.8GB
[13:47:21] [ep_summary] ep=05/100 val_live=0.8333/0.7828 val_ema=0.1852/0.0804 test77_live=0.4712/0.4143 test77_diag_ema=0.1403/0.0352 v13=0.0007 grl=0.4526 v15=0.0000 v15r=0.0000 v16=0.0000 v17=0.0000 v18=0.0000 das=stage1[10,24] p=0.35 ep_time=11.0s
[13:47:21] [save] best_sourceval_ema val_acc_ema=0.1852 source_val_live=0.8333/0.7828 source_val_ema=0.1852/0.0804 ep=5
[13:47:21] [save] best_sourcequalified77_ema ep=5 source_val_live=0.8333/0.7828 source_val_ema=0.1852/0.0804 test77_ema=0.1403/0.0352
[13:47:21] [train] epoch 6/100 steps=40 use_dann=0 das=stage1 f=[10.0,24.0] p=0.35 gpu=3.0/15.8GB
[13:47:21] [train] ep=06 step=001/40 ce=4.1415 sc=1.8927 mi=0.0788 dn=0.0000 v13=0.0008 grl=0.3805 v15=0.0000 v15r=0.0000 v16=0.0000 v17=0.0000 v18=0.0000 acc=0.6250 lr=3.00e-04 lambda=0.000 grl_lambda=0.245 v18_lambda=0.000 gpu=3.0/15.8GB
[13:47:23] [train] ep=06 step=010/40 ce=2.3788 sc=1.3271 mi=0.0910 dn=0.0000 v13=0.0006 grl=0.4378 v15=0.0000 v15r=0.0000 v16=0.0000 v17=0.0000 v18=0.0000 acc=0.8313 lr=3.00e-04 lambda=0.000 grl_lambda=0.255 v18_lambda=0.000 gpu=3.0/15.8GB
[13:47:25] [train] ep=06 step=020/40 ce=2.3481 sc=1.3060 mi=0.0897 dn=0.0000 v13=0.0006 grl=0.4316 v15=0.0000 v15r=0.0000 v16=0.0000 v17=0.0000 v18=0.0000 acc=0.8375 lr=3.00e-04 lambda=0.000 grl_lambda=0.267 v18_lambda=0.000 gpu=3.0/15.8GB
[13:47:27] [train] ep=06 step=030/40 ce=2.3328 sc=1.3130 mi=0.0898 dn=0.0000 v13=0.0006 grl=0.4386 v15=0.0000 v15r=0.0000 v16=0.0000 v17=0.0000 v18=0.0000 acc=0.8438 lr=2.99e-04 lambda=0.000 grl_lambda=0.279 v18_lambda=0.000 gpu=3.0/15.8GB
[13:47:29] [train] ep=06 step=040/40 ce=2.3003 sc=1.3659 mi=0.0872 dn=0.0000 v13=0.0007 grl=0.4491 v15=0.0000 v15r=0.0000 v16=0.0000 v17=0.0000 v18=0.0000 acc=0.8484 lr=2.99e-04 lambda=0.000 grl_lambda=0.290 v18_lambda=0.000 gpu=3.0/15.8GB
[13:47:32] [ep_summary] ep=06/100 val_live=0.8889/0.8847 val_ema=0.1975/0.0924 test77_live=0.4029/0.3416 test77_diag_ema=0.1403/0.0352 v13=0.0007 grl=0.4491 v15=0.0000 v15r=0.0000 v16=0.0000 v17=0.0000 v18=0.0000 das=stage1[10,24] p=0.35 ep_time=10.8s
[13:47:32] [save] best_sourceval_ema val_acc_ema=0.1975 source_val_live=0.8889/0.8847 source_val_ema=0.1975/0.0924 ep=6
[13:47:32] [train] epoch 7/100 steps=40 use_dann=0 das=stage1 f=[10.0,24.0] p=0.35 gpu=3.0/15.8GB
[13:47:32] [train] ep=07 step=001/40 ce=2.0990 sc=1.2351 mi=0.0799 dn=0.0000 v13=0.0003 grl=0.3896 v15=0.0000 v15r=0.0000 v16=0.0000 v17=0.0000 v18=0.0000 acc=0.8750 lr=2.99e-04 lambda=0.000 grl_lambda=0.291 v18_lambda=0.000 gpu=3.0/15.8GB
[13:47:34] [train] ep=07 step=010/40 ce=2.2802 sc=1.3622 mi=0.0753 dn=0.0000 v13=0.0007 grl=0.3861 v15=0.0000 v15r=0.0000 v16=0.0000 v17=0.0000 v18=0.0000 acc=0.8562 lr=2.99e-04 lambda=0.000 grl_lambda=0.302 v18_lambda=0.000 gpu=3.0/15.8GB
[13:47:36] [train] ep=07 step=020/40 ce=2.1023 sc=1.3814 mi=0.0756 dn=0.0000 v13=0.0007 grl=0.4352 v15=0.0000 v15r=0.0000 v16=0.0000 v17=0.0000 v18=0.0000 acc=0.8750 lr=2.99e-04 lambda=0.000 grl_lambda=0.313 v18_lambda=0.000 gpu=3.0/15.8GB
[13:47:38] [train] ep=07 step=030/40 ce=1.9622 sc=1.3408 mi=0.0776 dn=0.0000 v13=0.0007 grl=0.4486 v15=0.0000 v15r=0.0000 v16=0.0000 v17=0.0000 v18=0.0000 acc=0.8917 lr=2.99e-04 lambda=0.000 grl_lambda=0.324 v18_lambda=0.000 gpu=3.0/15.8GB
[13:47:40] [train] ep=07 step=040/40 ce=1.7863 sc=1.2938 mi=0.0792 dn=0.0000 v13=0.0007 grl=0.4478 v15=0.0000 v15r=0.0000 v16=0.0000 v17=0.0000 v18=0.0000 acc=0.9062 lr=2.99e-04 lambda=0.000 grl_lambda=0.335 v18_lambda=0.000 gpu=3.0/15.8GB
[13:47:43] [ep_summary] ep=07/100 val_live=0.9259/0.9256 val_ema=0.2037/0.1091 test77_live=0.4137/0.3412 test77_diag_ema=0.1403/0.0352 v13=0.0007 grl=0.4478 v15=0.0000 v15r=0.0000 v16=0.0000 v17=0.0000 v18=0.0000 das=stage1[10,24] p=0.35 ep_time=10.9s
[13:47:43] [save] best_sourceval_ema val_acc_ema=0.2037 source_val_live=0.9259/0.9256 source_val_ema=0.2037/0.1091 ep=7
[13:47:43] [train] epoch 8/100 steps=40 use_dann=0 das=stage1 f=[10.0,24.0] p=0.35 gpu=3.0/15.8GB
[13:47:43] [train] ep=08 step=001/40 ce=1.0770 sc=0.8360 mi=0.0846 dn=0.0000 v13=0.0007 grl=0.5396 v15=0.0000 v15r=0.0000 v16=0.0000 v17=0.0000 v18=0.0000 acc=0.9375 lr=2.99e-04 lambda=0.000 grl_lambda=0.336 v18_lambda=0.000 gpu=3.0/15.8GB
[13:47:45] [train] ep=08 step=010/40 ce=1.5277 sc=1.1216 mi=0.0865 dn=0.0000 v13=0.0006 grl=0.5297 v15=0.0000 v15r=0.0000 v16=0.0000 v17=0.0000 v18=0.0000 acc=0.9187 lr=2.99e-04 lambda=0.000 grl_lambda=0.346 v18_lambda=0.000 gpu=3.0/15.8GB
[13:47:47] [train] ep=08 step=020/40 ce=1.6386 sc=1.2256 mi=0.0849 dn=0.0000 v13=0.0006 grl=0.5087 v15=0.0000 v15r=0.0000 v16=0.0000 v17=0.0000 v18=0.0000 acc=0.9125 lr=2.98e-04 lambda=0.000 grl_lambda=0.357 v18_lambda=0.000 gpu=3.0/15.8GB
[13:47:49] [train] ep=08 step=030/40 ce=1.5923 sc=1.2758 mi=0.0827 dn=0.0000 v13=0.0006 grl=0.5122 v15=0.0000 v15r=0.0000 v16=0.0000 v17=0.0000 v18=0.0000 acc=0.9167 lr=2.98e-04 lambda=0.000 grl_lambda=0.368 v18_lambda=0.000 gpu=3.0/15.8GB
[13:47:51] [train] ep=08 step=040/40 ce=1.7157 sc=1.2768 mi=0.0822 dn=0.0000 v13=0.0006 grl=0.5125 v15=0.0000 v15r=0.0000 v16=0.0000 v17=0.0000 v18=0.0000 acc=0.9047 lr=2.98e-04 lambda=0.000 grl_lambda=0.379 v18_lambda=0.000 gpu=3.0/15.8GB
[13:47:54] [ep_summary] ep=08/100 val_live=0.9383/0.9399 val_ema=0.2037/0.1108 test77_live=0.6295/0.5568 test77_diag_ema=0.1403/0.0352 v13=0.0006 grl=0.5125 v15=0.0000 v15r=0.0000 v16=0.0000 v17=0.0000 v18=0.0000 das=stage1[10,24] p=0.35 ep_time=10.9s
[13:47:54] [train] epoch 9/100 steps=40 use_dann=0 das=stage2 f=[10.0,50.0] p=0.70 gpu=3.0/15.8GB
[13:47:54] [train] ep=09 step=001/40 ce=0.6020 sc=1.1546 mi=0.0874 dn=0.0000 v13=0.0019 grl=1.3431 v15=0.0000 v15r=0.0000 v16=0.0000 v17=0.0000 v18=0.0000 acc=1.0000 lr=2.98e-04 lambda=0.000 grl_lambda=0.380 v18_lambda=0.000 gpu=3.0/15.8GB
[13:47:56] [train] ep=09 step=010/40 ce=1.3523 sc=1.1861 mi=0.0842 dn=0.0000 v13=0.0012 grl=0.9049 v15=0.0000 v15r=0.0000 v16=0.0000 v17=0.0000 v18=0.0000 acc=0.9437 lr=2.98e-04 lambda=0.000 grl_lambda=0.390 v18_lambda=0.000 gpu=3.0/15.8GB
[13:47:58] [train] ep=09 step=020/40 ce=1.5463 sc=1.2439 mi=0.0847 dn=0.0000 v13=0.0013 grl=0.8626 v15=0.0000 v15r=0.0000 v16=0.0000 v17=0.0000 v18=0.0000 acc=0.9219 lr=2.98e-04 lambda=0.000 grl_lambda=0.400 v18_lambda=0.000 gpu=3.0/15.8GB
[13:48:00] [train] ep=09 step=030/40 ce=1.6043 sc=1.2667 mi=0.0834 dn=0.0000 v13=0.0012 grl=0.8489 v15=0.0000 v15r=0.0000 v16=0.0000 v17=0.0000 v18=0.0000 acc=0.9167 lr=2.97e-04 lambda=0.000 grl_lambda=0.411 v18_lambda=0.000 gpu=3.0/15.8GB
[13:48:02] [train] ep=09 step=040/40 ce=1.6316 sc=1.2452 mi=0.0819 dn=0.0000 v13=0.0011 grl=0.8342 v15=0.0000 v15r=0.0000 v16=0.0000 v17=0.0000 v18=0.0000 acc=0.9125 lr=2.97e-04 lambda=0.000 grl_lambda=0.421 v18_lambda=0.000 gpu=3.0/15.8GB
[13:48:05] [ep_summary] ep=09/100 val_live=0.9321/0.9325 val_ema=0.2099/0.1169 test77_live=0.6871/0.5878 test77_diag_ema=0.1403/0.0352 v13=0.0011 grl=0.8342 v15=0.0000 v15r=0.0000 v16=0.0000 v17=0.0000 v18=0.0000 das=stage2[10,50] p=0.70 ep_time=10.9s
[13:48:05] [save] best_sourceval_ema val_acc_ema=0.2099 source_val_live=0.9321/0.9325 source_val_ema=0.2099/0.1169 ep=9
[13:48:05] [train] epoch 10/100 steps=40 use_dann=0 das=stage2 f=[10.0,50.0] p=0.70 gpu=3.0/15.8GB
[13:48:05] [train] ep=10 step=001/40 ce=2.0201 sc=1.1647 mi=0.0843 dn=0.0000 v13=0.0014 grl=0.8481 v15=0.0000 v15r=0.0000 v16=0.0000 v17=0.0000 v18=0.0000 acc=0.8125 lr=2.97e-04 lambda=0.000 grl_lambda=0.422 v18_lambda=0.000 gpu=3.0/15.8GB
[13:48:07] [train] ep=10 step=010/40 ce=1.1965 sc=1.1655 mi=0.0809 dn=0.0000 v13=0.0010 grl=0.8351 v15=0.0000 v15r=0.0000 v16=0.0000 v17=0.0000 v18=0.0000 acc=0.9500 lr=2.97e-04 lambda=0.000 grl_lambda=0.431 v18_lambda=0.000 gpu=3.0/15.8GB
[13:48:09] [train] ep=10 step=020/40 ce=1.2562 sc=1.1742 mi=0.0805 dn=0.0000 v13=0.0009 grl=0.8209 v15=0.0000 v15r=0.0000 v16=0.0000 v17=0.0000 v18=0.0000 acc=0.9437 lr=2.97e-04 lambda=0.000 grl_lambda=0.441 v18_lambda=0.000 gpu=3.0/15.8GB
[13:48:11] [train] ep=10 step=030/40 ce=1.2157 sc=1.0967 mi=0.0795 dn=0.0000 v13=0.0010 grl=0.8332 v15=0.0000 v15r=0.0000 v16=0.0000 v17=0.0000 v18=0.0000 acc=0.9396 lr=2.96e-04 lambda=0.000 grl_lambda=0.451 v18_lambda=0.000 gpu=3.0/15.8GB
[13:48:13] [train] ep=10 step=040/40 ce=1.1738 sc=1.0604 mi=0.0781 dn=0.0000 v13=0.0010 grl=0.8407 v15=0.0000 v15r=0.0000 v16=0.0000 v17=0.0000 v18=0.0000 acc=0.9453 lr=2.96e-04 lambda=0.000 grl_lambda=0.461 v18_lambda=0.000 gpu=3.0/15.8GB
[13:48:16] [pool] check ep=010/100 source_val_acc_ema=0.2099 threshold=0.90
[13:48:16] [pool] ep=010 SKIP (source_val_acc_ema=0.2099 < 0.90)
[13:48:16] [ep_summary] ep=10/100 val_live=0.9630/0.9630 val_ema=0.2099/0.1169 test77_live=0.7410/0.6977 test77_diag_ema=0.1403/0.0352 v13=0.0010 grl=0.8407 v15=0.0000 v15r=0.0000 v16=0.0000 v17=0.0000 v18=0.0000 das=stage2[10,50] p=0.70 ep_time=11.0s
[13:48:16] [strict77_monitor] ep=10 best_source_epoch=9 source_val_ema=0.2099/0.1169 test77_ema_diag=0.1403/0.0352 sourcequalified_count=10 best_sourcequalified77_epoch=5 source_val_ema=0.1852/0.0804 test77_ema=0.1403/0.0352
[13:48:16] [train] epoch 11/100 steps=40 use_dann=0 das=stage2 f=[10.0,50.0] p=0.70 gpu=3.0/15.8GB
[13:48:16] [train] ep=11 step=001/40 ce=1.3881 sc=1.3564 mi=0.0776 dn=0.0000 v13=0.0006 grl=0.6361 v15=0.0000 v15r=0.0000 v16=0.0000 v17=0.0000 v18=0.0000 acc=0.9375 lr=2.96e-04 lambda=0.000 grl_lambda=0.462 v18_lambda=0.000 gpu=3.0/15.8GB
[13:48:18] [train] ep=11 step=010/40 ce=1.2367 sc=1.0319 mi=0.0738 dn=0.0000 v13=0.0008 grl=0.7987 v15=0.0000 v15r=0.0000 v16=0.0000 v17=0.0000 v18=0.0000 acc=0.9375 lr=2.96e-04 lambda=0.000 grl_lambda=0.471 v18_lambda=0.000 gpu=3.0/15.8GB
[13:48:20] [train] ep=11 step=020/40 ce=1.1087 sc=1.0323 mi=0.0740 dn=0.0000 v13=0.0007 grl=0.8166 v15=0.0000 v15r=0.0000 v16=0.0000 v17=0.0000 v18=0.0000 acc=0.9500 lr=2.96e-04 lambda=0.000 grl_lambda=0.481 v18_lambda=0.000 gpu=3.0/15.8GB
[13:48:22] [train] ep=11 step=030/40 ce=1.0788 sc=1.0537 mi=0.0747 dn=0.0000 v13=0.0009 grl=0.8223 v15=0.0000 v15r=0.0000 v16=0.0000 v17=0.0000 v18=0.0000 acc=0.9521 lr=2.95e-04 lambda=0.000 grl_lambda=0.490 v18_lambda=0.000 gpu=3.0/15.8GB
[13:48:24] [train] ep=11 step=040/40 ce=1.0719 sc=1.0318 mi=0.0742 dn=0.0000 v13=0.0009 grl=0.8299 v15=0.0000 v15r=0.0000 v16=0.0000 v17=0.0000 v18=0.0000 acc=0.9531 lr=2.95e-04 lambda=0.000 grl_lambda=0.500 v18_lambda=0.000 gpu=3.0/15.8GB
[13:48:27] [ep_summary] ep=11/100 val_live=0.9321/0.9298 val_ema=0.2037/0.1127 test77_live=0.7698/0.7565 test77_diag_ema=0.1403/0.0352 v13=0.0009 grl=0.8299 v15=0.0000 v15r=0.0000 v16=0.0000 v17=0.0000 v18=0.0000 das=stage2[10,50] p=0.70 ep_time=11.1s
[13:48:27] [train] epoch 12/100 steps=40 use_dann=0 das=stage2 f=[10.0,50.0] p=0.70 gpu=3.0/15.8GB
[13:48:27] [train] ep=12 step=001/40 ce=0.3463 sc=0.3017 mi=0.0674 dn=0.0000 v13=0.0009 grl=0.7869 v15=0.0000 v15r=0.0000 v16=0.0000 v17=0.0000 v18=0.0000 acc=1.0000 lr=2.95e-04 lambda=0.000 grl_lambda=0.501 v18_lambda=0.000 gpu=3.0/15.8GB
[13:48:29] [train] ep=12 step=010/40 ce=0.8242 sc=1.0362 mi=0.0801 dn=0.0000 v13=0.0010 grl=0.8594 v15=0.0000 v15r=0.0000 v16=0.0000 v17=0.0000 v18=0.0000 acc=0.9750 lr=2.95e-04 lambda=0.000 grl_lambda=0.509 v18_lambda=0.000 gpu=3.0/15.8GB
[13:48:31] [train] ep=12 step=020/40 ce=0.9324 sc=1.0851 mi=0.0785 dn=0.0000 v13=0.0010 grl=0.8488 v15=0.0000 v15r=0.0000 v16=0.0000 v17=0.0000 v18=0.0000 acc=0.9625 lr=2.94e-04 lambda=0.000 grl_lambda=0.518 v18_lambda=0.000 gpu=3.0/15.8GB
[13:48:33] [train] ep=12 step=030/40 ce=0.9474 sc=1.0445 mi=0.0773 dn=0.0000 v13=0.0010 grl=0.8405 v15=0.0000 v15r=0.0000 v16=0.0000 v17=0.0000 v18=0.0000 acc=0.9604 lr=2.94e-04 lambda=0.000 grl_lambda=0.527 v18_lambda=0.000 gpu=3.0/15.8GB
[13:48:35] [train] ep=12 step=040/40 ce=0.9875 sc=1.0563 mi=0.0761 dn=0.0000 v13=0.0011 grl=0.8565 v15=0.0000 v15r=0.0000 v16=0.0000 v17=0.0000 v18=0.0000 acc=0.9563 lr=2.94e-04 lambda=0.000 grl_lambda=0.536 v18_lambda=0.000 gpu=3.0/15.8GB
[13:48:38] [ep_summary] ep=12/100 val_live=0.9321/0.9326 val_ema=0.2099/0.1188 test77_live=0.8129/0.8091 test77_diag_ema=0.1403/0.0352 v13=0.0011 grl=0.8565 v15=0.0000 v15r=0.0000 v16=0.0000 v17=0.0000 v18=0.0000 das=stage2[10,50] p=0.70 ep_time=10.9s
[13:48:38] [train] epoch 13/100 steps=40 use_dann=0 das=stage2 f=[10.0,50.0] p=0.70 gpu=3.0/15.8GB
[13:48:38] [train] ep=13 step=001/40 ce=0.4242 sc=0.5841 mi=0.0740 dn=0.0000 v13=0.0006 grl=0.7591 v15=0.0000 v15r=0.0000 v16=0.0000 v17=0.0000 v18=0.0000 acc=1.0000 lr=2.94e-04 lambda=0.000 grl_lambda=0.537 v18_lambda=0.000 gpu=3.0/15.8GB
[13:48:40] [train] ep=13 step=010/40 ce=0.8872 sc=0.9455 mi=0.0745 dn=0.0000 v13=0.0009 grl=0.8613 v15=0.0000 v15r=0.0000 v16=0.0000 v17=0.0000 v18=0.0000 acc=0.9688 lr=2.93e-04 lambda=0.000 grl_lambda=0.545 v18_lambda=0.000 gpu=3.0/15.8GB
[13:48:42] [train] ep=13 step=020/40 ce=0.8186 sc=0.9567 mi=0.0720 dn=0.0000 v13=0.0009 grl=0.8615 v15=0.0000 v15r=0.0000 v16=0.0000 v17=0.0000 v18=0.0000 acc=0.9781 lr=2.93e-04 lambda=0.000 grl_lambda=0.554 v18_lambda=0.000 gpu=3.0/15.8GB
[13:48:44] [train] ep=13 step=030/40 ce=0.8434 sc=0.9521 mi=0.0728 dn=0.0000 v13=0.0009 grl=0.8390 v15=0.0000 v15r=0.0000 v16=0.0000 v17=0.0000 v18=0.0000 acc=0.9729 lr=2.93e-04 lambda=0.000 grl_lambda=0.562 v18_lambda=0.000 gpu=3.0/15.8GB
[13:48:46] [train] ep=13 step=040/40 ce=0.8434 sc=0.9602 mi=0.0728 dn=0.0000 v13=0.0009 grl=0.8398 v15=0.0000 v15r=0.0000 v16=0.0000 v17=0.0000 v18=0.0000 acc=0.9688 lr=2.92e-04 lambda=0.000 grl_lambda=0.571 v18_lambda=0.000 gpu=3.0/15.8GB
[13:48:48] [ep_summary] ep=13/100 val_live=0.9383/0.9401 val_ema=0.2160/0.1314 test77_live=0.7914/0.7820 test77_diag_ema=0.1403/0.0352 v13=0.0009 grl=0.8398 v15=0.0000 v15r=0.0000 v16=0.0000 v17=0.0000 v18=0.0000 das=stage2[10,50] p=0.70 ep_time=10.5s
[13:48:48] [save] best_sourceval_ema val_acc_ema=0.2160 source_val_live=0.9383/0.9401 source_val_ema=0.2160/0.1314 ep=13
[13:48:48] [train] epoch 14/100 steps=40 use_dann=0 das=stage2 f=[10.0,50.0] p=0.70 gpu=3.0/15.8GB
[13:48:49] [train] ep=14 step=001/40 ce=1.9037 sc=1.2914 mi=0.0886 dn=0.0000 v13=0.0008 grl=0.7109 v15=0.0000 v15r=0.0000 v16=0.0000 v17=0.0000 v18=0.0000 acc=0.8750 lr=2.92e-04 lambda=0.000 grl_lambda=0.572 v18_lambda=0.000 gpu=3.0/15.8GB
[13:48:50] [train] ep=14 step=010/40 ce=1.0971 sc=1.0896 mi=0.0739 dn=0.0000 v13=0.0010 grl=0.8573 v15=0.0000 v15r=0.0000 v16=0.0000 v17=0.0000 v18=0.0000 acc=0.9437 lr=2.92e-04 lambda=0.000 grl_lambda=0.579 v18_lambda=0.000 gpu=3.0/15.8GB
[13:48:53] [train] ep=14 step=020/40 ce=0.8638 sc=0.9395 mi=0.0743 dn=0.0000 v13=0.0009 grl=0.8785 v15=0.0000 v15r=0.0000 v16=0.0000 v17=0.0000 v18=0.0000 acc=0.9625 lr=2.91e-04 lambda=0.000 grl_lambda=0.587 v18_lambda=0.000 gpu=3.0/15.8GB
[13:48:55] [train] ep=14 step=030/40 ce=0.9277 sc=0.9792 mi=0.0749 dn=0.0000 v13=0.0010 grl=0.8704 v15=0.0000 v15r=0.0000 v16=0.0000 v17=0.0000 v18=0.0000 acc=0.9583 lr=2.91e-04 lambda=0.000 grl_lambda=0.596 v18_lambda=0.000 gpu=3.0/15.8GB
[13:48:57] [train] ep=14 step=040/40 ce=0.8809 sc=1.0123 mi=0.0749 dn=0.0000 v13=0.0010 grl=0.8626 v15=0.0000 v15r=0.0000 v16=0.0000 v17=0.0000 v18=0.0000 acc=0.9625 lr=2.91e-04 lambda=0.000 grl_lambda=0.604 v18_lambda=0.000 gpu=3.0/15.8GB
[13:48:59] [ep_summary] ep=14/100 val_live=0.9691/0.9696 val_ema=0.2346/0.1601 test77_live=0.5683/0.5176 test77_diag_ema=0.1403/0.0352 v13=0.0010 grl=0.8626 v15=0.0000 v15r=0.0000 v16=0.0000 v17=0.0000 v18=0.0000 das=stage2[10,50] p=0.70 ep_time=11.1s
[13:49:00] [save] best_sourceval_ema val_acc_ema=0.2346 source_val_live=0.9691/0.9696 source_val_ema=0.2346/0.1601 ep=14
[13:49:00] [train] epoch 15/100 steps=40 use_dann=0 das=stage2 f=[10.0,50.0] p=0.70 gpu=3.0/15.8GB
[13:49:00] [train] ep=15 step=001/40 ce=0.3457 sc=0.9907 mi=0.0725 dn=0.0000 v13=0.0014 grl=1.0839 v15=0.0000 v15r=0.0000 v16=0.0000 v17=0.0000 v18=0.0000 acc=1.0000 lr=2.91e-04 lambda=0.000 grl_lambda=0.604 v18_lambda=0.000 gpu=3.0/15.8GB
[13:49:01] [train] ep=15 step=010/40 ce=0.8548 sc=0.9454 mi=0.0768 dn=0.0000 v13=0.0010 grl=0.8415 v15=0.0000 v15r=0.0000 v16=0.0000 v17=0.0000 v18=0.0000 acc=0.9563 lr=2.90e-04 lambda=0.000 grl_lambda=0.611 v18_lambda=0.000 gpu=3.0/15.8GB
[13:49:04] [train] ep=15 step=020/40 ce=0.7389 sc=0.9372 mi=0.0741 dn=0.0000 v13=0.0009 grl=0.8596 v15=0.0000 v15r=0.0000 v16=0.0000 v17=0.0000 v18=0.0000 acc=0.9688 lr=2.90e-04 lambda=0.000 grl_lambda=0.619 v18_lambda=0.000 gpu=3.0/15.8GB
[13:49:06] [train] ep=15 step=030/40 ce=0.7843 sc=0.9380 mi=0.0737 dn=0.0000 v13=0.0009 grl=0.8996 v15=0.0000 v15r=0.0000 v16=0.0000 v17=0.0000 v18=0.0000 acc=0.9646 lr=2.89e-04 lambda=0.000 grl_lambda=0.627 v18_lambda=0.000 gpu=3.0/15.8GB
[13:49:08] [train] ep=15 step=040/40 ce=0.8055 sc=0.9142 mi=0.0734 dn=0.0000 v13=0.0009 grl=0.8956 v15=0.0000 v15r=0.0000 v16=0.0000 v17=0.0000 v18=0.0000 acc=0.9641 lr=2.89e-04 lambda=0.000 grl_lambda=0.634 v18_lambda=0.000 gpu=3.0/15.8GB
[13:49:10] [ep_summary] ep=15/100 val_live=0.9506/0.9515 val_ema=0.2654/0.2093 test77_live=0.7266/0.6990 test77_diag_ema=0.1403/0.0352 v13=0.0009 grl=0.8956 v15=0.0000 v15r=0.0000 v16=0.0000 v17=0.0000 v18=0.0000 das=stage2[10,50] p=0.70 ep_time=10.9s
[13:49:10] [save] best_sourceval_ema val_acc_ema=0.2654 source_val_live=0.9506/0.9515 source_val_ema=0.2654/0.2093 ep=15
[13:49:10] [train] epoch 16/100 steps=40 use_dann=0 das=stage2 f=[10.0,50.0] p=0.70 gpu=3.0/15.8GB
[13:49:11] [train] ep=16 step=001/40 ce=0.7346 sc=0.5183 mi=0.0806 dn=0.0000 v13=0.0008 grl=0.9946 v15=0.0000 v15r=0.0000 v16=0.0000 v17=0.0000 v18=0.0000 acc=0.9375 lr=2.89e-04 lambda=0.000 grl_lambda=0.635 v18_lambda=0.000 gpu=3.0/15.8GB
[13:49:12] [train] ep=16 step=010/40 ce=0.5147 sc=0.7688 mi=0.0729 dn=0.0000 v13=0.0009 grl=0.8234 v15=0.0000 v15r=0.0000 v16=0.0000 v17=0.0000 v18=0.0000 acc=0.9812 lr=2.88e-04 lambda=0.000 grl_lambda=0.642 v18_lambda=0.000 gpu=3.0/15.8GB
[13:49:14] [train] ep=16 step=020/40 ce=0.6344 sc=0.8034 mi=0.0715 dn=0.0000 v13=0.0008 grl=0.8665 v15=0.0000 v15r=0.0000 v16=0.0000 v17=0.0000 v18=0.0000 acc=0.9781 lr=2.88e-04 lambda=0.000 grl_lambda=0.649 v18_lambda=0.000 gpu=3.0/15.8GB
[13:49:17] [train] ep=16 step=030/40 ce=0.6509 sc=0.8517 mi=0.0705 dn=0.0000 v13=0.0008 grl=0.8428 v15=0.0000 v15r=0.0000 v16=0.0000 v17=0.0000 v18=0.0000 acc=0.9771 lr=2.87e-04 lambda=0.000 grl_lambda=0.656 v18_lambda=0.000 gpu=3.0/15.8GB
[13:49:19] [train] ep=16 step=040/40 ce=0.6490 sc=0.8711 mi=0.0705 dn=0.0000 v13=0.0008 grl=0.8437 v15=0.0000 v15r=0.0000 v16=0.0000 v17=0.0000 v18=0.0000 acc=0.9766 lr=2.87e-04 lambda=0.000 grl_lambda=0.663 v18_lambda=0.000 gpu=3.0/15.8GB
[13:49:21] [ep_summary] ep=16/100 val_live=0.9321/0.9298 val_ema=0.3333/0.3162 test77_live=0.6835/0.6493 test77_diag_ema=0.1403/0.0352 v13=0.0008 grl=0.8437 v15=0.0000 v15r=0.0000 v16=0.0000 v17=0.0000 v18=0.0000 das=stage2[10,50] p=0.70 ep_time=10.9s
[13:49:21] [save] best_sourceval_ema val_acc_ema=0.3333 source_val_live=0.9321/0.9298 source_val_ema=0.3333/0.3162 ep=16
[13:49:21] [train] epoch 17/100 steps=40 use_dann=0 das=stage2 f=[10.0,50.0] p=0.70 gpu=3.0/15.8GB
[13:49:22] [train] ep=17 step=001/40 ce=0.3041 sc=0.7362 mi=0.0744 dn=0.0000 v13=0.0005 grl=1.0726 v15=0.0000 v15r=0.0000 v16=0.0000 v17=0.0000 v18=0.0000 acc=1.0000 lr=2.87e-04 lambda=0.000 grl_lambda=0.664 v18_lambda=0.000 gpu=3.0/15.8GB
[13:49:23] [train] ep=17 step=010/40 ce=0.6003 sc=0.8794 mi=0.0714 dn=0.0000 v13=0.0007 grl=0.8386 v15=0.0000 v15r=0.0000 v16=0.0000 v17=0.0000 v18=0.0000 acc=0.9812 lr=2.86e-04 lambda=0.000 grl_lambda=0.670 v18_lambda=0.000 gpu=3.0/15.8GB
[13:49:25] [train] ep=17 step=020/40 ce=0.6474 sc=0.9238 mi=0.0713 dn=0.0000 v13=0.0007 grl=0.8388 v15=0.0000 v15r=0.0000 v16=0.0000 v17=0.0000 v18=0.0000 acc=0.9781 lr=2.86e-04 lambda=0.000 grl_lambda=0.677 v18_lambda=0.000 gpu=3.0/15.8GB
[13:49:27] [train] ep=17 step=030/40 ce=0.6015 sc=0.9281 mi=0.0714 dn=0.0000 v13=0.0007 grl=0.8228 v15=0.0000 v15r=0.0000 v16=0.0000 v17=0.0000 v18=0.0000 acc=0.9833 lr=2.85e-04 lambda=0.000 grl_lambda=0.684 v18_lambda=0.000 gpu=3.0/15.8GB
[13:49:29] [train] ep=17 step=040/40 ce=0.6507 sc=0.9331 mi=0.0710 dn=0.0000 v13=0.0008 grl=0.8487 v15=0.0000 v15r=0.0000 v16=0.0000 v17=0.0000 v18=0.0000 acc=0.9766 lr=2.85e-04 lambda=0.000 grl_lambda=0.690 v18_lambda=0.000 gpu=3.0/15.8GB
[13:49:32] [ep_summary] ep=17/100 val_live=0.9321/0.9309 val_ema=0.3765/0.3788 test77_live=0.7770/0.7659 test77_diag_ema=0.1403/0.0352 v13=0.0008 grl=0.8487 v15=0.0000 v15r=0.0000 v16=0.0000 v17=0.0000 v18=0.0000 das=stage2[10,50] p=0.70 ep_time=10.8s
[13:49:32] [save] best_sourceval_ema val_acc_ema=0.3765 source_val_live=0.9321/0.9309 source_val_ema=0.3765/0.3788 ep=17
[13:49:32] [train] epoch 18/100 steps=40 use_dann=0 das=stage2 f=[10.0,50.0] p=0.70 gpu=3.0/15.8GB
[13:49:32] [train] ep=18 step=001/40 ce=0.9624 sc=1.1081 mi=0.0706 dn=0.0000 v13=0.0008 grl=0.8241 v15=0.0000 v15r=0.0000 v16=0.0000 v17=0.0000 v18=0.0000 acc=0.9375 lr=2.85e-04 lambda=0.000 grl_lambda=0.691 v18_lambda=0.000 gpu=3.0/15.8GB
[13:49:34] [train] ep=18 step=010/40 ce=0.5141 sc=0.8465 mi=0.0691 dn=0.0000 v13=0.0008 grl=0.8772 v15=0.0000 v15r=0.0000 v16=0.0000 v17=0.0000 v18=0.0000 acc=0.9812 lr=2.84e-04 lambda=0.000 grl_lambda=0.697 v18_lambda=0.000 gpu=3.0/15.8GB
[13:49:36] [train] ep=18 step=020/40 ce=0.5644 sc=0.9019 mi=0.0682 dn=0.0000 v13=0.0008 grl=0.8836 v15=0.0000 v15r=0.0000 v16=0.0000 v17=0.0000 v18=0.0000 acc=0.9844 lr=2.84e-04 lambda=0.000 grl_lambda=0.703 v18_lambda=0.000 gpu=3.0/15.8GB
[13:49:38] [train] ep=18 step=030/40 ce=0.5833 sc=0.8953 mi=0.0681 dn=0.0000 v13=0.0008 grl=0.8599 v15=0.0000 v15r=0.0000 v16=0.0000 v17=0.0000 v18=0.0000 acc=0.9812 lr=2.83e-04 lambda=0.000 grl_lambda=0.710 v18_lambda=0.000 gpu=3.0/15.8GB
[13:49:40] [train] ep=18 step=040/40 ce=0.5667 sc=0.8864 mi=0.0684 dn=0.0000 v13=0.0007 grl=0.8688 v15=0.0000 v15r=0.0000 v16=0.0000 v17=0.0000 v18=0.0000 acc=0.9844 lr=2.83e-04 lambda=0.000 grl_lambda=0.716 v18_lambda=0.000 gpu=3.0/15.8GB
[13:49:43] [ep_summary] ep=18/100 val_live=0.9568/0.9572 val_ema=0.4074/0.4142 test77_live=0.7878/0.7731 test77_diag_ema=0.1403/0.0352 v13=0.0007 grl=0.8688 v15=0.0000 v15r=0.0000 v16=0.0000 v17=0.0000 v18=0.0000 das=stage2[10,50] p=0.70 ep_time=10.9s
[13:49:43] [save] best_sourceval_ema val_acc_ema=0.4074 source_val_live=0.9568/0.9572 source_val_ema=0.4074/0.4142 ep=18
[13:49:43] [train] epoch 19/100 steps=40 use_dann=0 das=stage2 f=[10.0,50.0] p=0.70 gpu=3.0/15.8GB
[13:49:43] [train] ep=19 step=001/40 ce=0.4668 sc=0.6690 mi=0.0787 dn=0.0000 v13=0.0008 grl=0.7354 v15=0.0000 v15r=0.0000 v16=0.0000 v17=0.0000 v18=0.0000 acc=1.0000 lr=2.83e-04 lambda=0.000 grl_lambda=0.716 v18_lambda=0.000 gpu=3.0/15.8GB
[13:49:45] [train] ep=19 step=010/40 ce=0.5104 sc=0.8799 mi=0.0729 dn=0.0000 v13=0.0008 grl=0.8250 v15=0.0000 v15r=0.0000 v16=0.0000 v17=0.0000 v18=0.0000 acc=0.9875 lr=2.82e-04 lambda=0.000 grl_lambda=0.722 v18_lambda=0.000 gpu=3.0/15.8GB
[13:49:47] [train] ep=19 step=020/40 ce=0.5120 sc=0.9175 mi=0.0727 dn=0.0000 v13=0.0008 grl=0.8447 v15=0.0000 v15r=0.0000 v16=0.0000 v17=0.0000 v18=0.0000 acc=0.9875 lr=2.82e-04 lambda=0.000 grl_lambda=0.728 v18_lambda=0.000 gpu=3.0/15.8GB
[13:49:50] [train] ep=19 step=030/40 ce=0.5547 sc=0.9211 mi=0.0711 dn=0.0000 v13=0.0008 grl=0.8290 v15=0.0000 v15r=0.0000 v16=0.0000 v17=0.0000 v18=0.0000 acc=0.9833 lr=2.81e-04 lambda=0.000 grl_lambda=0.733 v18_lambda=0.000 gpu=3.0/15.8GB
[13:49:52] [train] ep=19 step=040/40 ce=0.5762 sc=0.9300 mi=0.0703 dn=0.0000 v13=0.0008 grl=0.8287 v15=0.0000 v15r=0.0000 v16=0.0000 v17=0.0000 v18=0.0000 acc=0.9812 lr=2.80e-04 lambda=0.000 grl_lambda=0.739 v18_lambda=0.000 gpu=3.0/15.8GB
[13:49:54] [ep_summary] ep=19/100 val_live=0.9259/0.9212 val_ema=0.4568/0.4693 test77_live=0.7518/0.7177 test77_diag_ema=0.1403/0.0352 v13=0.0008 grl=0.8287 v15=0.0000 v15r=0.0000 v16=0.0000 v17=0.0000 v18=0.0000 das=stage2[10,50] p=0.70 ep_time=11.2s
[13:49:54] [save] best_sourceval_ema val_acc_ema=0.4568 source_val_live=0.9259/0.9212 source_val_ema=0.4568/0.4693 ep=19
[13:49:54] [train] epoch 20/100 steps=40 use_dann=0 das=stage2 f=[10.0,50.0] p=0.70 gpu=3.0/15.8GB
[13:49:55] [train] ep=20 step=001/40 ce=1.5386 sc=1.3062 mi=0.0703 dn=0.0000 v13=0.0008 grl=1.0693 v15=0.0000 v15r=0.0000 v16=0.0000 v17=0.0000 v18=0.0000 acc=0.8750 lr=2.80e-04 lambda=0.000 grl_lambda=0.740 v18_lambda=0.000 gpu=3.0/15.8GB
[13:49:56] [train] ep=20 step=010/40 ce=0.9558 sc=0.9890 mi=0.0676 dn=0.0000 v13=0.0008 grl=0.8804 v15=0.0000 v15r=0.0000 v16=0.0000 v17=0.0000 v18=0.0000 acc=0.9563 lr=2.80e-04 lambda=0.000 grl_lambda=0.745 v18_lambda=0.000 gpu=3.0/15.8GB
[13:49:58] [train] ep=20 step=020/40 ce=0.8303 sc=0.9613 mi=0.0685 dn=0.0000 v13=0.0008 grl=0.8299 v15=0.0000 v15r=0.0000 v16=0.0000 v17=0.0000 v18=0.0000 acc=0.9656 lr=2.79e-04 lambda=0.000 grl_lambda=0.750 v18_lambda=0.000 gpu=3.0/15.8GB
[13:50:00] [train] ep=20 step=030/40 ce=0.6961 sc=0.9134 mi=0.0695 dn=0.0000 v13=0.0008 grl=0.8308 v15=0.0000 v15r=0.0000 v16=0.0000 v17=0.0000 v18=0.0000 acc=0.9750 lr=2.79e-04 lambda=0.000 grl_lambda=0.756 v18_lambda=0.000 gpu=3.0/15.8GB
[13:50:02] [train] ep=20 step=040/40 ce=0.6713 sc=0.9153 mi=0.0692 dn=0.0000 v13=0.0007 grl=0.8266 v15=0.0000 v15r=0.0000 v16=0.0000 v17=0.0000 v18=0.0000 acc=0.9766 lr=2.78e-04 lambda=0.000 grl_lambda=0.761 v18_lambda=0.000 gpu=3.0/15.8GB
[13:50:05] [pool] check ep=020/100 source_val_acc_ema=0.5494 threshold=0.90
[13:50:05] [pool] ep=020 SKIP (source_val_acc_ema=0.5494 < 0.90)
[13:50:05] [ep_summary] ep=20/100 val_live=0.9259/0.9204 val_ema=0.5494/0.5619 test77_live=0.7770/0.7607 test77_diag_ema=0.1403/0.0352 v13=0.0007 grl=0.8266 v15=0.0000 v15r=0.0000 v16=0.0000 v17=0.0000 v18=0.0000 das=stage2[10,50] p=0.70 ep_time=10.7s
[13:50:05] [save] best_sourceval_ema val_acc_ema=0.5494 source_val_live=0.9259/0.9204 source_val_ema=0.5494/0.5619 ep=20
[13:50:05] [strict77_monitor] ep=20 best_source_epoch=20 source_val_ema=0.5494/0.5619 test77_ema_diag=0.1403/0.0352 sourcequalified_count=20 best_sourcequalified77_epoch=5 source_val_ema=0.1852/0.0804 test77_ema=0.1403/0.0352
[13:50:05] [train] epoch 21/100 steps=40 use_dann=0 das=stage2 f=[10.0,50.0] p=0.70 gpu=3.0/15.8GB
[13:50:05] [train] ep=21 step=001/40 ce=0.3852 sc=0.4696 mi=0.0650 dn=0.0000 v13=0.0005 grl=0.7937 v15=0.0000 v15r=0.0000 v16=0.0000 v17=0.0000 v18=0.0000 acc=1.0000 lr=2.78e-04 lambda=0.000 grl_lambda=0.762 v18_lambda=0.000 gpu=3.0/15.8GB
[13:50:07] [train] ep=21 step=010/40 ce=0.5546 sc=0.7283 mi=0.0654 dn=0.0000 v13=0.0008 grl=0.7685 v15=0.0000 v15r=0.0000 v16=0.0000 v17=0.0000 v18=0.0000 acc=0.9875 lr=2.77e-04 lambda=0.000 grl_lambda=0.766 v18_lambda=0.000 gpu=3.0/15.8GB
[13:50:09] [train] ep=21 step=020/40 ce=0.6170 sc=0.8762 mi=0.0676 dn=0.0000 v13=0.0007 grl=0.7913 v15=0.0000 v15r=0.0000 v16=0.0000 v17=0.0000 v18=0.0000 acc=0.9812 lr=2.77e-04 lambda=0.000 grl_lambda=0.771 v18_lambda=0.000 gpu=3.0/15.8GB
[13:50:11] [train] ep=21 step=030/40 ce=0.5918 sc=0.8822 mi=0.0672 dn=0.0000 v13=0.0007 grl=0.7952 v15=0.0000 v15r=0.0000 v16=0.0000 v17=0.0000 v18=0.0000 acc=0.9833 lr=2.76e-04 lambda=0.000 grl_lambda=0.776 v18_lambda=0.000 gpu=3.0/15.8GB
[13:50:13] [train] ep=21 step=040/40 ce=0.5534 sc=0.8494 mi=0.0673 dn=0.0000 v13=0.0007 grl=0.8004 v15=0.0000 v15r=0.0000 v16=0.0000 v17=0.0000 v18=0.0000 acc=0.9859 lr=2.75e-04 lambda=0.000 grl_lambda=0.781 v18_lambda=0.000 gpu=3.0/15.8GB
[13:50:16] [ep_summary] ep=21/100 val_live=0.9444/0.9438 val_ema=0.5926/0.5954 test77_live=0.6295/0.5964 test77_diag_ema=0.1403/0.0352 v13=0.0007 grl=0.8004 v15=0.0000 v15r=0.0000 v16=0.0000 v17=0.0000 v18=0.0000 das=stage2[10,50] p=0.70 ep_time=10.9s
[13:50:16] [save] best_sourceval_ema val_acc_ema=0.5926 source_val_live=0.9444/0.9438 source_val_ema=0.5926/0.5954 ep=21
[13:50:16] [train] epoch 22/100 steps=40 use_dann=0 das=stage2 f=[10.0,50.0] p=0.70 gpu=3.0/15.8GB
[13:50:16] [train] ep=22 step=001/40 ce=0.2880 sc=0.5478 mi=0.0668 dn=0.0000 v13=0.0003 grl=0.7186 v15=0.0000 v15r=0.0000 v16=0.0000 v17=0.0000 v18=0.0000 acc=1.0000 lr=2.75e-04 lambda=0.000 grl_lambda=0.782 v18_lambda=0.000 gpu=3.0/15.8GB
[13:50:18] [train] ep=22 step=010/40 ce=0.5670 sc=0.7313 mi=0.0718 dn=0.0000 v13=0.0007 grl=0.8191 v15=0.0000 v15r=0.0000 v16=0.0000 v17=0.0000 v18=0.0000 acc=0.9750 lr=2.75e-04 lambda=0.000 grl_lambda=0.786 v18_lambda=0.000 gpu=3.0/15.8GB
[13:50:20] [train] ep=22 step=020/40 ce=0.5496 sc=0.8051 mi=0.0673 dn=0.0000 v13=0.0008 grl=0.8140 v15=0.0000 v15r=0.0000 v16=0.0000 v17=0.0000 v18=0.0000 acc=0.9781 lr=2.74e-04 lambda=0.000 grl_lambda=0.791 v18_lambda=0.000 gpu=3.0/15.8GB
[13:50:22] [train] ep=22 step=030/40 ce=0.5252 sc=0.8760 mi=0.0665 dn=0.0000 v13=0.0007 grl=0.8285 v15=0.0000 v15r=0.0000 v16=0.0000 v17=0.0000 v18=0.0000 acc=0.9812 lr=2.73e-04 lambda=0.000 grl_lambda=0.796 v18_lambda=0.000 gpu=3.0/15.8GB
[13:50:24] [train] ep=22 step=040/40 ce=0.5283 sc=0.9059 mi=0.0674 dn=0.0000 v13=0.0007 grl=0.8203 v15=0.0000 v15r=0.0000 v16=0.0000 v17=0.0000 v18=0.0000 acc=0.9797 lr=2.73e-04 lambda=0.000 grl_lambda=0.800 v18_lambda=0.000 gpu=3.0/15.8GB
[13:50:27] [ep_summary] ep=22/100 val_live=0.9506/0.9505 val_ema=0.6420/0.6350 test77_live=0.7518/0.7046 test77_diag_ema=0.1403/0.0352 v13=0.0007 grl=0.8203 v15=0.0000 v15r=0.0000 v16=0.0000 v17=0.0000 v18=0.0000 das=stage2[10,50] p=0.70 ep_time=10.8s
[13:50:27] [save] best_sourceval_ema val_acc_ema=0.6420 source_val_live=0.9506/0.9505 source_val_ema=0.6420/0.6350 ep=22
[13:50:27] [train] epoch 23/100 steps=40 use_dann=0 das=stage2 f=[10.0,50.0] p=0.70 gpu=3.0/15.8GB
[13:50:27] [train] ep=23 step=001/40 ce=0.2862 sc=0.4387 mi=0.0762 dn=0.0000 v13=0.0008 grl=0.9658 v15=0.0000 v15r=0.0000 v16=0.0000 v17=0.0000 v18=0.0000 acc=1.0000 lr=2.72e-04 lambda=0.000 grl_lambda=0.800 v18_lambda=0.000 gpu=3.0/15.8GB
[13:50:29] [train] ep=23 step=010/40 ce=0.4136 sc=0.7696 mi=0.0700 dn=0.0000 v13=0.0008 grl=0.8741 v15=0.0000 v15r=0.0000 v16=0.0000 v17=0.0000 v18=0.0000 acc=0.9938 lr=2.72e-04 lambda=0.000 grl_lambda=0.805 v18_lambda=0.000 gpu=3.0/15.8GB
[13:50:31] [train] ep=23 step=020/40 ce=0.5494 sc=0.8473 mi=0.0689 dn=0.0000 v13=0.0008 grl=0.8601 v15=0.0000 v15r=0.0000 v16=0.0000 v17=0.0000 v18=0.0000 acc=0.9844 lr=2.71e-04 lambda=0.000 grl_lambda=0.809 v18_lambda=0.000 gpu=3.0/15.8GB
[13:50:33] [train] ep=23 step=030/40 ce=0.5204 sc=0.8031 mi=0.0677 dn=0.0000 v13=0.0007 grl=0.8684 v15=0.0000 v15r=0.0000 v16=0.0000 v17=0.0000 v18=0.0000 acc=0.9875 lr=2.70e-04 lambda=0.000 grl_lambda=0.813 v18_lambda=0.000 gpu=3.0/15.8GB
[13:50:35] [train] ep=23 step=040/40 ce=0.5054 sc=0.8204 mi=0.0675 dn=0.0000 v13=0.0007 grl=0.8672 v15=0.0000 v15r=0.0000 v16=0.0000 v17=0.0000 v18=0.0000 acc=0.9875 lr=2.70e-04 lambda=0.000 grl_lambda=0.817 v18_lambda=0.000 gpu=3.0/15.8GB
[13:50:38] [ep_summary] ep=23/100 val_live=0.9630/0.9626 val_ema=0.6975/0.6792 test77_live=0.7842/0.7721 test77_diag_ema=0.1475/0.0490 v13=0.0007 grl=0.8672 v15=0.0000 v15r=0.0000 v16=0.0000 v17=0.0000 v18=0.0000 das=stage2[10,50] p=0.70 ep_time=10.9s
[13:50:38] [save] best_sourceval_ema val_acc_ema=0.6975 source_val_live=0.9630/0.9626 source_val_ema=0.6975/0.6792 ep=23
[13:50:38] [save] best_sourcequalified77_ema ep=23 source_val_live=0.9630/0.9626 source_val_ema=0.6975/0.6792 test77_ema=0.1475/0.0490
[13:50:38] [train] epoch 24/100 steps=40 use_dann=0 das=stage2 f=[10.0,50.0] p=0.70 gpu=3.0/15.8GB
[13:50:38] [train] ep=24 step=001/40 ce=1.9395 sc=1.6881 mi=0.0628 dn=0.0000 v13=0.0005 grl=0.9397 v15=0.0000 v15r=0.0000 v16=0.0000 v17=0.0000 v18=0.0000 acc=0.8750 lr=2.70e-04 lambda=0.000 grl_lambda=0.818 v18_lambda=0.000 gpu=3.0/15.8GB
[13:50:40] [train] ep=24 step=010/40 ce=0.8393 sc=1.0561 mi=0.0657 dn=0.0000 v13=0.0007 grl=0.9375 v15=0.0000 v15r=0.0000 v16=0.0000 v17=0.0000 v18=0.0000 acc=0.9625 lr=2.69e-04 lambda=0.000 grl_lambda=0.821 v18_lambda=0.000 gpu=3.0/15.8GB
[13:50:42] [train] ep=24 step=020/40 ce=0.6376 sc=0.8762 mi=0.0638 dn=0.0000 v13=0.0008 grl=0.9062 v15=0.0000 v15r=0.0000 v16=0.0000 v17=0.0000 v18=0.0000 acc=0.9781 lr=2.68e-04 lambda=0.000 grl_lambda=0.825 v18_lambda=0.000 gpu=3.0/15.8GB
[13:50:44] [train] ep=24 step=030/40 ce=0.5753 sc=0.9124 mi=0.0646 dn=0.0000 v13=0.0008 grl=0.9034 v15=0.0000 v15r=0.0000 v16=0.0000 v17=0.0000 v18=0.0000 acc=0.9792 lr=2.67e-04 lambda=0.000 grl_lambda=0.829 v18_lambda=0.000 gpu=3.0/15.8GB
[13:50:46] [train] ep=24 step=040/40 ce=0.5323 sc=0.9310 mi=0.0652 dn=0.0000 v13=0.0008 grl=0.8871 v15=0.0000 v15r=0.0000 v16=0.0000 v17=0.0000 v18=0.0000 acc=0.9812 lr=2.67e-04 lambda=0.000 grl_lambda=0.833 v18_lambda=0.000 gpu=3.0/15.8GB
[13:50:49] [ep_summary] ep=24/100 val_live=0.9691/0.9698 val_ema=0.7346/0.7228 test77_live=0.8489/0.8337 test77_diag_ema=0.1475/0.0490 v13=0.0008 grl=0.8871 v15=0.0000 v15r=0.0000 v16=0.0000 v17=0.0000 v18=0.0000 das=stage2[10,50] p=0.70 ep_time=10.6s
[13:50:49] [save] best_sourceval_ema val_acc_ema=0.7346 source_val_live=0.9691/0.9698 source_val_ema=0.7346/0.7228 ep=24
[13:50:49] [train] epoch 25/100 steps=40 use_dann=0 das=stage3 f=[12.0,95.0] p=1.00 gpu=3.0/15.8GB
[13:50:49] [train] ep=25 step=001/40 ce=0.9070 sc=0.7390 mi=0.0835 dn=0.0000 v13=0.0012 grl=1.5337 v15=0.0000 v15r=0.0000 v16=0.0000 v17=0.0000 v18=0.0000 acc=0.9375 lr=2.67e-04 lambda=0.000 grl_lambda=0.834 v18_lambda=0.000 gpu=3.0/15.8GB
[13:50:51] [train] ep=25 step=010/40 ce=0.4945 sc=0.7411 mi=0.0730 dn=0.0000 v13=0.0010 grl=1.3452 v15=0.0000 v15r=0.0000 v16=0.0000 v17=0.0000 v18=0.0000 acc=0.9812 lr=2.66e-04 lambda=0.000 grl_lambda=0.837 v18_lambda=0.000 gpu=3.0/15.8GB
[13:50:53] [train] ep=25 step=020/40 ce=0.5137 sc=0.8731 mi=0.0730 dn=0.0000 v13=0.0011 grl=1.2681 v15=0.0000 v15r=0.0000 v16=0.0000 v17=0.0000 v18=0.0000 acc=0.9844 lr=2.65e-04 lambda=0.000 grl_lambda=0.841 v18_lambda=0.000 gpu=3.0/15.8GB
[13:50:54] [train] ep=25 step=030/40 ce=0.6241 sc=0.8966 mi=0.0726 dn=0.0000 v13=0.0010 grl=1.2138 v15=0.0000 v15r=0.0000 v16=0.0000 v17=0.0000 v18=0.0000 acc=0.9771 lr=2.64e-04 lambda=0.000 grl_lambda=0.844 v18_lambda=0.000 gpu=3.0/15.8GB
[13:50:57] [train] ep=25 step=040/40 ce=0.5599 sc=0.8527 mi=0.0710 dn=0.0000 v13=0.0010 grl=1.1825 v15=0.0000 v15r=0.0000 v16=0.0000 v17=0.0000 v18=0.0000 acc=0.9828 lr=2.64e-04 lambda=0.000 grl_lambda=0.848 v18_lambda=0.000 gpu=3.0/15.8GB
[13:50:59] [ep_summary] ep=25/100 val_live=0.9568/0.9563 val_ema=0.7654/0.7539 test77_live=0.7842/0.7790 test77_diag_ema=0.1691/0.0837 v13=0.0010 grl=1.1825 v15=0.0000 v15r=0.0000 v16=0.0000 v17=0.0000 v18=0.0000 das=stage3[12,95] p=1.00 ep_time=10.8s
[13:50:59] [save] best_sourceval_ema val_acc_ema=0.7654 source_val_live=0.9568/0.9563 source_val_ema=0.7654/0.7539 ep=25
[13:50:59] [save] best_sourcequalified77_ema ep=25 source_val_live=0.9568/0.9563 source_val_ema=0.7654/0.7539 test77_ema=0.1691/0.0837
[13:50:59] [train] epoch 26/100 steps=40 use_dann=0 das=stage3 f=[12.0,95.0] p=1.00 gpu=3.0/15.8GB
[13:51:00] [train] ep=26 step=001/40 ce=0.2884 sc=0.6099 mi=0.0815 dn=0.0000 v13=0.0013 grl=1.0322 v15=0.0000 v15r=0.0000 v16=0.0000 v17=0.0000 v18=0.0000 acc=1.0000 lr=2.64e-04 lambda=0.000 grl_lambda=0.848 v18_lambda=0.000 gpu=3.0/15.8GB
[13:51:01] [train] ep=26 step=010/40 ce=0.6279 sc=0.7850 mi=0.0740 dn=0.0000 v13=0.0010 grl=1.1021 v15=0.0000 v15r=0.0000 v16=0.0000 v17=0.0000 v18=0.0000 acc=0.9812 lr=2.63e-04 lambda=0.000 grl_lambda=0.851 v18_lambda=0.000 gpu=3.0/15.8GB
[13:51:03] [train] ep=26 step=020/40 ce=0.6301 sc=0.8498 mi=0.0728 dn=0.0000 v13=0.0010 grl=1.0835 v15=0.0000 v15r=0.0000 v16=0.0000 v17=0.0000 v18=0.0000 acc=0.9750 lr=2.62e-04 lambda=0.000 grl_lambda=0.855 v18_lambda=0.000 gpu=3.0/15.8GB
[13:51:05] [train] ep=26 step=030/40 ce=0.5774 sc=0.8428 mi=0.0715 dn=0.0000 v13=0.0010 grl=1.0941 v15=0.0000 v15r=0.0000 v16=0.0000 v17=0.0000 v18=0.0000 acc=0.9792 lr=2.61e-04 lambda=0.000 grl_lambda=0.858 v18_lambda=0.000 gpu=3.0/15.8GB
[13:51:07] [train] ep=26 step=040/40 ce=0.5652 sc=0.8565 mi=0.0713 dn=0.0000 v13=0.0009 grl=1.0902 v15=0.0000 v15r=0.0000 v16=0.0000 v17=0.0000 v18=0.0000 acc=0.9797 lr=2.60e-04 lambda=0.000 grl_lambda=0.861 v18_lambda=0.000 gpu=3.0/15.8GB
[13:51:10] [ep_summary] ep=26/100 val_live=0.9753/0.9750 val_ema=0.8025/0.7991 test77_live=0.7842/0.7582 test77_diag_ema=0.1978/0.1289 v13=0.0009 grl=1.0902 v15=0.0000 v15r=0.0000 v16=0.0000 v17=0.0000 v18=0.0000 das=stage3[12,95] p=1.00 ep_time=10.8s
[13:51:10] [save] best_sourceval_ema val_acc_ema=0.8025 source_val_live=0.9753/0.9750 source_val_ema=0.8025/0.7991 ep=26
[13:51:10] [save] best_sourcequalified77_ema ep=26 source_val_live=0.9753/0.9750 source_val_ema=0.8025/0.7991 test77_ema=0.1978/0.1289
[13:51:10] [train] epoch 27/100 steps=40 use_dann=0 das=stage3 f=[12.0,95.0] p=1.00 gpu=3.0/15.8GB
[13:51:11] [train] ep=27 step=001/40 ce=0.3431 sc=1.0513 mi=0.0674 dn=0.0000 v13=0.0014 grl=1.0933 v15=0.0000 v15r=0.0000 v16=0.0000 v17=0.0000 v18=0.0000 acc=1.0000 lr=2.60e-04 lambda=0.000 grl_lambda=0.862 v18_lambda=0.000 gpu=3.0/15.8GB
[13:51:12] [train] ep=27 step=010/40 ce=0.4568 sc=0.8897 mi=0.0681 dn=0.0000 v13=0.0009 grl=1.0888 v15=0.0000 v15r=0.0000 v16=0.0000 v17=0.0000 v18=0.0000 acc=0.9875 lr=2.60e-04 lambda=0.000 grl_lambda=0.865 v18_lambda=0.000 gpu=3.0/15.8GB
[13:51:14] [train] ep=27 step=020/40 ce=0.5738 sc=0.9239 mi=0.0683 dn=0.0000 v13=0.0009 grl=1.1002 v15=0.0000 v15r=0.0000 v16=0.0000 v17=0.0000 v18=0.0000 acc=0.9781 lr=2.59e-04 lambda=0.000 grl_lambda=0.868 v18_lambda=0.000 gpu=3.0/15.8GB
[13:51:16] [train] ep=27 step=030/40 ce=0.5429 sc=0.9032 mi=0.0692 dn=0.0000 v13=0.0010 grl=1.1033 v15=0.0000 v15r=0.0000 v16=0.0000 v17=0.0000 v18=0.0000 acc=0.9792 lr=2.58e-04 lambda=0.000 grl_lambda=0.871 v18_lambda=0.000 gpu=3.0/15.8GB
[13:51:18] [train] ep=27 step=040/40 ce=0.5692 sc=0.8991 mi=0.0689 dn=0.0000 v13=0.0009 grl=1.1037 v15=0.0000 v15r=0.0000 v16=0.0000 v17=0.0000 v18=0.0000 acc=0.9781 lr=2.57e-04 lambda=0.000 grl_lambda=0.874 v18_lambda=0.000 gpu=3.0/15.8GB
[13:51:21] [ep_summary] ep=27/100 val_live=0.9444/0.9448 val_ema=0.8025/0.7991 test77_live=0.8489/0.8397 test77_diag_ema=0.2302/0.1646 v13=0.0009 grl=1.1037 v15=0.0000 v15r=0.0000 v16=0.0000 v17=0.0000 v18=0.0000 das=stage3[12,95] p=1.00 ep_time=10.9s
[13:51:21] [save] best_sourcequalified77_ema ep=27 source_val_live=0.9444/0.9448 source_val_ema=0.8025/0.7991 test77_ema=0.2302/0.1646
[13:51:21] [train] epoch 28/100 steps=40 use_dann=0 das=stage3 f=[12.0,95.0] p=1.00 gpu=3.0/15.8GB
[13:51:21] [train] ep=28 step=001/40 ce=0.2741 sc=1.0513 mi=0.0571 dn=0.0000 v13=0.0010 grl=1.0508 v15=0.0000 v15r=0.0000 v16=0.0000 v17=0.0000 v18=0.0000 acc=1.0000 lr=2.57e-04 lambda=0.000 grl_lambda=0.874 v18_lambda=0.000 gpu=3.0/15.8GB
[13:51:23] [train] ep=28 step=010/40 ce=0.5480 sc=0.8540 mi=0.0701 dn=0.0000 v13=0.0010 grl=1.0947 v15=0.0000 v15r=0.0000 v16=0.0000 v17=0.0000 v18=0.0000 acc=0.9875 lr=2.56e-04 lambda=0.000 grl_lambda=0.877 v18_lambda=0.000 gpu=3.0/15.8GB
[13:51:25] [train] ep=28 step=020/40 ce=0.6412 sc=0.8932 mi=0.0716 dn=0.0000 v13=0.0008 grl=1.1066 v15=0.0000 v15r=0.0000 v16=0.0000 v17=0.0000 v18=0.0000 acc=0.9781 lr=2.55e-04 lambda=0.000 grl_lambda=0.880 v18_lambda=0.000 gpu=3.0/15.8GB
[13:51:27] [train] ep=28 step=030/40 ce=0.5974 sc=0.8527 mi=0.0711 dn=0.0000 v13=0.0009 grl=1.1037 v15=0.0000 v15r=0.0000 v16=0.0000 v17=0.0000 v18=0.0000 acc=0.9812 lr=2.54e-04 lambda=0.000 grl_lambda=0.882 v18_lambda=0.000 gpu=3.0/15.8GB
[13:51:29] [train] ep=28 step=040/40 ce=0.5937 sc=0.8561 mi=0.0712 dn=0.0000 v13=0.0008 grl=1.1076 v15=0.0000 v15r=0.0000 v16=0.0000 v17=0.0000 v18=0.0000 acc=0.9797 lr=2.54e-04 lambda=0.000 grl_lambda=0.885 v18_lambda=0.000 gpu=3.0/15.8GB
[13:51:32] [ep_summary] ep=28/100 val_live=0.9383/0.9378 val_ema=0.8148/0.8122 test77_live=0.8309/0.8167 test77_diag_ema=0.2662/0.2087 v13=0.0008 grl=1.1076 v15=0.0000 v15r=0.0000 v16=0.0000 v17=0.0000 v18=0.0000 das=stage3[12,95] p=1.00 ep_time=10.6s
[13:51:32] [save] best_sourceval_ema val_acc_ema=0.8148 source_val_live=0.9383/0.9378 source_val_ema=0.8148/0.8122 ep=28
[13:51:32] [save] best_sourcequalified77_ema ep=28 source_val_live=0.9383/0.9378 source_val_ema=0.8148/0.8122 test77_ema=0.2662/0.2087
[13:51:32] [train] epoch 29/100 steps=40 use_dann=0 das=stage3 f=[12.0,95.0] p=1.00 gpu=3.0/15.8GB
[13:51:32] [train] ep=29 step=001/40 ce=0.2818 sc=0.9581 mi=0.0595 dn=0.0000 v13=0.0004 grl=1.0613 v15=0.0000 v15r=0.0000 v16=0.0000 v17=0.0000 v18=0.0000 acc=1.0000 lr=2.53e-04 lambda=0.000 grl_lambda=0.885 v18_lambda=0.000 gpu=3.0/15.8GB
[13:51:34] [train] ep=29 step=010/40 ce=0.5004 sc=0.7799 mi=0.0672 dn=0.0000 v13=0.0007 grl=1.1139 v15=0.0000 v15r=0.0000 v16=0.0000 v17=0.0000 v18=0.0000 acc=0.9812 lr=2.53e-04 lambda=0.000 grl_lambda=0.888 v18_lambda=0.000 gpu=3.0/15.8GB
[13:51:36] [train] ep=29 step=020/40 ce=0.4297 sc=0.7870 mi=0.0667 dn=0.0000 v13=0.0008 grl=1.0999 v15=0.0000 v15r=0.0000 v16=0.0000 v17=0.0000 v18=0.0000 acc=0.9906 lr=2.52e-04 lambda=0.000 grl_lambda=0.890 v18_lambda=0.000 gpu=3.0/15.8GB
[13:51:38] [train] ep=29 step=030/40 ce=0.4371 sc=0.8040 mi=0.0660 dn=0.0000 v13=0.0008 grl=1.1075 v15=0.0000 v15r=0.0000 v16=0.0000 v17=0.0000 v18=0.0000 acc=0.9896 lr=2.51e-04 lambda=0.000 grl_lambda=0.893 v18_lambda=0.000 gpu=3.0/15.8GB
[13:51:40] [train] ep=29 step=040/40 ce=0.4311 sc=0.7991 mi=0.0668 dn=0.0000 v13=0.0008 grl=1.1057 v15=0.0000 v15r=0.0000 v16=0.0000 v17=0.0000 v18=0.0000 acc=0.9906 lr=2.50e-04 lambda=0.000 grl_lambda=0.895 v18_lambda=0.000 gpu=3.0/15.8GB
[13:51:43] [ep_summary] ep=29/100 val_live=0.9506/0.9499 val_ema=0.8333/0.8310 test77_live=0.7842/0.7724 test77_diag_ema=0.3094/0.2495 v13=0.0008 grl=1.1057 v15=0.0000 v15r=0.0000 v16=0.0000 v17=0.0000 v18=0.0000 das=stage3[12,95] p=1.00 ep_time=10.6s
[13:51:43] [save] best_sourceval_ema val_acc_ema=0.8333 source_val_live=0.9506/0.9499 source_val_ema=0.8333/0.8310 ep=29
[13:51:43] [save] best_sourcequalified77_ema ep=29 source_val_live=0.9506/0.9499 source_val_ema=0.8333/0.8310 test77_ema=0.3094/0.2495
[13:51:43] [train] epoch 30/100 steps=40 use_dann=0 das=stage3 f=[12.0,95.0] p=1.00 gpu=3.0/15.8GB
[13:51:43] [train] ep=30 step=001/40 ce=0.2706 sc=1.3465 mi=0.0776 dn=0.0000 v13=0.0007 grl=1.0210 v15=0.0000 v15r=0.0000 v16=0.0000 v17=0.0000 v18=0.0000 acc=1.0000 lr=2.50e-04 lambda=0.000 grl_lambda=0.896 v18_lambda=0.000 gpu=3.0/15.8GB
[13:51:45] [train] ep=30 step=010/40 ce=0.4128 sc=0.8601 mi=0.0689 dn=0.0000 v13=0.0008 grl=1.0878 v15=0.0000 v15r=0.0000 v16=0.0000 v17=0.0000 v18=0.0000 acc=0.9938 lr=2.49e-04 lambda=0.000 grl_lambda=0.898 v18_lambda=0.000 gpu=3.0/15.8GB
[13:51:47] [train] ep=30 step=020/40 ce=0.4524 sc=0.8688 mi=0.0689 dn=0.0000 v13=0.0008 grl=1.0894 v15=0.0000 v15r=0.0000 v16=0.0000 v17=0.0000 v18=0.0000 acc=0.9875 lr=2.48e-04 lambda=0.000 grl_lambda=0.900 v18_lambda=0.000 gpu=3.0/15.8GB
[13:51:49] [train] ep=30 step=030/40 ce=0.4475 sc=0.8997 mi=0.0689 dn=0.0000 v13=0.0008 grl=1.0943 v15=0.0000 v15r=0.0000 v16=0.0000 v17=0.0000 v18=0.0000 acc=0.9875 lr=2.47e-04 lambda=0.000 grl_lambda=0.903 v18_lambda=0.000 gpu=3.0/15.8GB
[13:51:51] [train] ep=30 step=040/40 ce=0.4556 sc=0.9450 mi=0.0696 dn=0.0000 v13=0.0008 grl=1.1022 v15=0.0000 v15r=0.0000 v16=0.0000 v17=0.0000 v18=0.0000 acc=0.9875 lr=2.46e-04 lambda=0.000 grl_lambda=0.905 v18_lambda=0.000 gpu=3.0/15.8GB
[13:51:53] [pool] check ep=030/100 source_val_acc_ema=0.8457 threshold=0.90
[13:51:53] [pool] ep=030 SKIP (source_val_acc_ema=0.8457 < 0.90)
[13:51:53] [ep_summary] ep=30/100 val_live=0.9691/0.9685 val_ema=0.8457/0.8441 test77_live=0.8058/0.8029 test77_diag_ema=0.3453/0.2782 v13=0.0008 grl=1.1022 v15=0.0000 v15r=0.0000 v16=0.0000 v17=0.0000 v18=0.0000 das=stage3[12,95] p=1.00 ep_time=10.7s
[13:51:53] [save] best_sourceval_ema val_acc_ema=0.8457 source_val_live=0.9691/0.9685 source_val_ema=0.8457/0.8441 ep=30
[13:51:53] [save] best_sourcequalified77_ema ep=30 source_val_live=0.9691/0.9685 source_val_ema=0.8457/0.8441 test77_ema=0.3453/0.2782
[13:51:53] [strict77_monitor] ep=30 best_source_epoch=30 source_val_ema=0.8457/0.8441 test77_ema_diag=0.3453/0.2782 sourcequalified_count=30 best_sourcequalified77_epoch=30 source_val_ema=0.8457/0.8441 test77_ema=0.3453/0.2782
[13:51:53] [train] epoch 31/100 steps=40 use_dann=0 das=stage3 f=[12.0,95.0] p=1.00 gpu=3.0/15.8GB
[13:51:54] [train] ep=31 step=001/40 ce=1.2093 sc=1.6390 mi=0.0649 dn=0.0000 v13=0.0008 grl=1.0796 v15=0.0000 v15r=0.0000 v16=0.0000 v17=0.0000 v18=0.0000 acc=0.9375 lr=2.46e-04 lambda=0.000 grl_lambda=0.905 v18_lambda=0.000 gpu=3.0/15.8GB
[13:51:55] [train] ep=31 step=010/40 ce=0.5252 sc=0.8823 mi=0.0643 dn=0.0000 v13=0.0007 grl=1.0667 v15=0.0000 v15r=0.0000 v16=0.0000 v17=0.0000 v18=0.0000 acc=0.9812 lr=2.45e-04 lambda=0.000 grl_lambda=0.907 v18_lambda=0.000 gpu=3.0/15.8GB
[13:51:57] [train] ep=31 step=020/40 ce=0.4432 sc=0.8346 mi=0.0670 dn=0.0000 v13=0.0007 grl=1.0705 v15=0.0000 v15r=0.0000 v16=0.0000 v17=0.0000 v18=0.0000 acc=0.9875 lr=2.44e-04 lambda=0.000 grl_lambda=0.909 v18_lambda=0.000 gpu=3.0/15.8GB
[13:51:59] [train] ep=31 step=030/40 ce=0.4129 sc=0.7837 mi=0.0676 dn=0.0000 v13=0.0008 grl=1.0882 v15=0.0000 v15r=0.0000 v16=0.0000 v17=0.0000 v18=0.0000 acc=0.9896 lr=2.43e-04 lambda=0.000 grl_lambda=0.911 v18_lambda=0.000 gpu=3.0/15.8GB
[13:52:02] [train] ep=31 step=040/40 ce=0.4156 sc=0.7845 mi=0.0673 dn=0.0000 v13=0.0008 grl=1.0875 v15=0.0000 v15r=0.0000 v16=0.0000 v17=0.0000 v18=0.0000 acc=0.9891 lr=2.43e-04 lambda=0.000 grl_lambda=0.914 v18_lambda=0.000 gpu=3.0/15.8GB
[13:52:04] [ep_summary] ep=31/100 val_live=0.9506/0.9509 val_ema=0.8580/0.8574 test77_live=0.8777/0.8710 test77_diag_ema=0.3705/0.2934 v13=0.0008 grl=1.0875 v15=0.0000 v15r=0.0000 v16=0.0000 v17=0.0000 v18=0.0000 das=stage3[12,95] p=1.00 ep_time=11.0s
[13:52:04] [save] best_sourceval_ema val_acc_ema=0.8580 source_val_live=0.9506/0.9509 source_val_ema=0.8580/0.8574 ep=31
[13:52:05] [save] best_sourcequalified77_ema ep=31 source_val_live=0.9506/0.9509 source_val_ema=0.8580/0.8574 test77_ema=0.3705/0.2934
[13:52:05] [train] epoch 32/100 steps=40 use_dann=0 das=stage3 f=[12.0,95.0] p=1.00 gpu=3.0/15.8GB
[13:52:05] [train] ep=32 step=001/40 ce=0.3091 sc=0.5459 mi=0.0640 dn=0.0000 v13=0.0008 grl=1.0891 v15=0.0000 v15r=0.0000 v16=0.0000 v17=0.0000 v18=0.0000 acc=1.0000 lr=2.42e-04 lambda=0.000 grl_lambda=0.914 v18_lambda=0.000 gpu=3.0/15.8GB
[13:52:07] [train] ep=32 step=010/40 ce=0.2907 sc=0.7189 mi=0.0716 dn=0.0000 v13=0.0008 grl=1.1157 v15=0.0000 v15r=0.0000 v16=0.0000 v17=0.0000 v18=0.0000 acc=1.0000 lr=2.42e-04 lambda=0.000 grl_lambda=0.916 v18_lambda=0.000 gpu=3.0/15.8GB
[13:52:09] [train] ep=32 step=020/40 ce=0.3624 sc=0.8213 mi=0.0688 dn=0.0000 v13=0.0008 grl=1.1063 v15=0.0000 v15r=0.0000 v16=0.0000 v17=0.0000 v18=0.0000 acc=0.9938 lr=2.41e-04 lambda=0.000 grl_lambda=0.918 v18_lambda=0.000 gpu=3.0/15.8GB
[13:52:11] [train] ep=32 step=030/40 ce=0.3575 sc=0.8242 mi=0.0687 dn=0.0000 v13=0.0008 grl=1.0978 v15=0.0000 v15r=0.0000 v16=0.0000 v17=0.0000 v18=0.0000 acc=0.9938 lr=2.40e-04 lambda=0.000 grl_lambda=0.920 v18_lambda=0.000 gpu=3.0/15.8GB
[13:52:13] [train] ep=32 step=040/40 ce=0.3843 sc=0.8409 mi=0.0685 dn=0.0000 v13=0.0008 grl=1.0969 v15=0.0000 v15r=0.0000 v16=0.0000 v17=0.0000 v18=0.0000 acc=0.9906 lr=2.39e-04 lambda=0.000 grl_lambda=0.921 v18_lambda=0.000 gpu=3.0/15.8GB
[13:52:16] [ep_summary] ep=32/100 val_live=0.9506/0.9498 val_ema=0.8765/0.8768 test77_live=0.8273/0.8217 test77_diag_ema=0.3957/0.3103 v13=0.0008 grl=1.0969 v15=0.0000 v15r=0.0000 v16=0.0000 v17=0.0000 v18=0.0000 das=stage3[12,95] p=1.00 ep_time=11.6s
[13:52:16] [save] best_sourceval_ema val_acc_ema=0.8765 source_val_live=0.9506/0.9498 source_val_ema=0.8765/0.8768 ep=32
[13:52:16] [save] best_sourcequalified77_ema ep=32 source_val_live=0.9506/0.9498 source_val_ema=0.8765/0.8768 test77_ema=0.3957/0.3103
[13:52:16] [train] epoch 33/100 steps=40 use_dann=0 das=stage3 f=[12.0,95.0] p=1.00 gpu=3.0/15.8GB
[13:52:17] [train] ep=33 step=001/40 ce=0.7885 sc=1.1039 mi=0.0696 dn=0.0000 v13=0.0007 grl=1.1104 v15=0.0000 v15r=0.0000 v16=0.0000 v17=0.0000 v18=0.0000 acc=0.9375 lr=2.39e-04 lambda=0.000 grl_lambda=0.922 v18_lambda=0.000 gpu=3.0/15.8GB
[13:52:21] [train] ep=33 step=010/40 ce=0.4868 sc=0.8183 mi=0.0680 dn=0.0000 v13=0.0008 grl=1.0933 v15=0.0000 v15r=0.0000 v16=0.0000 v17=0.0000 v18=0.0000 acc=0.9812 lr=2.38e-04 lambda=0.000 grl_lambda=0.923 v18_lambda=0.000 gpu=3.0/15.8GB
[13:52:23] [train] ep=33 step=020/40 ce=0.5517 sc=0.8242 mi=0.0662 dn=0.0000 v13=0.0008 grl=1.0966 v15=0.0000 v15r=0.0000 v16=0.0000 v17=0.0000 v18=0.0000 acc=0.9812 lr=2.37e-04 lambda=0.000 grl_lambda=0.925 v18_lambda=0.000 gpu=3.0/15.8GB
[13:52:25] [train] ep=33 step=030/40 ce=0.5089 sc=0.7952 mi=0.0661 dn=0.0000 v13=0.0008 grl=1.1011 v15=0.0000 v15r=0.0000 v16=0.0000 v17=0.0000 v18=0.0000 acc=0.9854 lr=2.36e-04 lambda=0.000 grl_lambda=0.927 v18_lambda=0.000 gpu=3.0/15.8GB
[13:52:27] [train] ep=33 step=040/40 ce=0.4967 sc=0.7919 mi=0.0661 dn=0.0000 v13=0.0008 grl=1.1000 v15=0.0000 v15r=0.0000 v16=0.0000 v17=0.0000 v18=0.0000 acc=0.9875 lr=2.35e-04 lambda=0.000 grl_lambda=0.929 v18_lambda=0.000 gpu=3.0/15.8GB
[13:52:30] [ep_summary] ep=33/100 val_live=0.9568/0.9563 val_ema=0.9012/0.9043 test77_live=0.7590/0.7499 test77_diag_ema=0.4065/0.3264 v13=0.0008 grl=1.1000 v15=0.0000 v15r=0.0000 v16=0.0000 v17=0.0000 v18=0.0000 das=stage3[12,95] p=1.00 ep_time=13.8s
[13:52:30] [save] best_sourceval_ema val_acc_ema=0.9012 source_val_live=0.9568/0.9563 source_val_ema=0.9012/0.9043 ep=33
[13:52:30] [save] best_sourcequalified77_ema ep=33 source_val_live=0.9568/0.9563 source_val_ema=0.9012/0.9043 test77_ema=0.4065/0.3264
[13:52:30] [train] epoch 34/100 steps=40 use_dann=0 das=stage3 f=[12.0,95.0] p=1.00 gpu=3.0/15.8GB
[13:52:30] [train] ep=34 step=001/40 ce=0.2880 sc=0.5898 mi=0.0617 dn=0.0000 v13=0.0008 grl=1.1167 v15=0.0000 v15r=0.0000 v16=0.0000 v17=0.0000 v18=0.0000 acc=1.0000 lr=2.35e-04 lambda=0.000 grl_lambda=0.929 v18_lambda=0.000 gpu=3.0/15.8GB
[13:52:35] [train] ep=34 step=010/40 ce=0.3849 sc=0.7943 mi=0.0706 dn=0.0000 v13=0.0008 grl=1.1040 v15=0.0000 v15r=0.0000 v16=0.0000 v17=0.0000 v18=0.0000 acc=0.9938 lr=2.34e-04 lambda=0.000 grl_lambda=0.930 v18_lambda=0.000 gpu=3.0/15.8GB
[13:52:39] [train] ep=34 step=020/40 ce=0.4312 sc=0.8637 mi=0.0709 dn=0.0000 v13=0.0009 grl=1.1045 v15=0.0000 v15r=0.0000 v16=0.0000 v17=0.0000 v18=0.0000 acc=0.9906 lr=2.33e-04 lambda=0.000 grl_lambda=0.932 v18_lambda=0.000 gpu=3.0/15.8GB
[13:52:44] [train] ep=34 step=030/40 ce=0.3888 sc=0.8293 mi=0.0698 dn=0.0000 v13=0.0009 grl=1.0970 v15=0.0000 v15r=0.0000 v16=0.0000 v17=0.0000 v18=0.0000 acc=0.9938 lr=2.32e-04 lambda=0.000 grl_lambda=0.934 v18_lambda=0.000 gpu=3.0/15.8GB
[13:52:49] [train] ep=34 step=040/40 ce=0.4164 sc=0.8442 mi=0.0691 dn=0.0000 v13=0.0009 grl=1.0998 v15=0.0000 v15r=0.0000 v16=0.0000 v17=0.0000 v18=0.0000 acc=0.9922 lr=2.31e-04 lambda=0.000 grl_lambda=0.935 v18_lambda=0.000 gpu=3.0/15.8GB
[13:52:52] [ep_summary] ep=34/100 val_live=0.9630/0.9631 val_ema=0.9321/0.9345 test77_live=0.7194/0.7020 test77_diag_ema=0.4424/0.3721 v13=0.0009 grl=1.0998 v15=0.0000 v15r=0.0000 v16=0.0000 v17=0.0000 v18=0.0000 das=stage3[12,95] p=1.00 ep_time=22.0s
[13:52:52] [save] best_sourceval_ema val_acc_ema=0.9321 source_val_live=0.9630/0.9631 source_val_ema=0.9321/0.9345 ep=34
[13:52:52] [save] best_sourcequalified77_ema ep=34 source_val_live=0.9630/0.9631 source_val_ema=0.9321/0.9345 test77_ema=0.4424/0.3721
[13:52:52] [train] epoch 35/100 steps=40 use_dann=0 das=stage3 f=[12.0,95.0] p=1.00 gpu=3.0/15.8GB
[13:52:53] [train] ep=35 step=001/40 ce=0.2976 sc=1.1716 mi=0.0787 dn=0.0000 v13=0.0012 grl=1.1052 v15=0.0000 v15r=0.0000 v16=0.0000 v17=0.0000 v18=0.0000 acc=1.0000 lr=2.31e-04 lambda=0.000 grl_lambda=0.935 v18_lambda=0.000 gpu=3.0/15.8GB
[13:52:59] [train] ep=35 step=010/40 ce=0.4389 sc=0.9391 mi=0.0686 dn=0.0000 v13=0.0009 grl=1.0803 v15=0.0000 v15r=0.0000 v16=0.0000 v17=0.0000 v18=0.0000 acc=0.9875 lr=2.30e-04 lambda=0.000 grl_lambda=0.937 v18_lambda=0.000 gpu=3.0/15.8GB
[13:53:04] [train] ep=35 step=020/40 ce=0.3874 sc=0.8537 mi=0.0687 dn=0.0000 v13=0.0009 grl=1.0882 v15=0.0000 v15r=0.0000 v16=0.0000 v17=0.0000 v18=0.0000 acc=0.9938 lr=2.29e-04 lambda=0.000 grl_lambda=0.938 v18_lambda=0.000 gpu=3.0/15.8GB
[13:53:09] [train] ep=35 step=030/40 ce=0.3797 sc=0.8576 mi=0.0673 dn=0.0000 v13=0.0009 grl=1.0874 v15=0.0000 v15r=0.0000 v16=0.0000 v17=0.0000 v18=0.0000 acc=0.9938 lr=2.28e-04 lambda=0.000 grl_lambda=0.940 v18_lambda=0.000 gpu=3.0/15.8GB
[13:53:13] [train] ep=35 step=040/40 ce=0.3548 sc=0.8164 mi=0.0658 dn=0.0000 v13=0.0009 grl=1.0917 v15=0.0000 v15r=0.0000 v16=0.0000 v17=0.0000 v18=0.0000 acc=0.9953 lr=2.27e-04 lambda=0.000 grl_lambda=0.941 v18_lambda=0.000 gpu=3.0/15.8GB
[13:53:16] [ep_summary] ep=35/100 val_live=0.9753/0.9757 val_ema=0.9383/0.9404 test77_live=0.7014/0.6779 test77_diag_ema=0.4928/0.4265 v13=0.0009 grl=1.0917 v15=0.0000 v15r=0.0000 v16=0.0000 v17=0.0000 v18=0.0000 das=stage3[12,95] p=1.00 ep_time=24.1s
[13:53:16] [save] best_sourceval_ema val_acc_ema=0.9383 source_val_live=0.9753/0.9757 source_val_ema=0.9383/0.9404 ep=35
[13:53:16] [save] best_sourcequalified77_ema ep=35 source_val_live=0.9753/0.9757 source_val_ema=0.9383/0.9404 test77_ema=0.4928/0.4265
[13:53:16] [train] epoch 36/100 steps=40 use_dann=0 das=stage3 f=[12.0,95.0] p=1.00 gpu=3.0/15.8GB
[13:53:17] [train] ep=36 step=001/40 ce=0.2717 sc=0.9807 mi=0.0794 dn=0.0000 v13=0.0004 grl=1.0962 v15=0.0000 v15r=0.0000 v16=0.0000 v17=0.0000 v18=0.0000 acc=1.0000 lr=2.26e-04 lambda=0.000 grl_lambda=0.941 v18_lambda=0.000 gpu=3.0/15.8GB
[13:53:22] [train] ep=36 step=010/40 ce=0.4703 sc=0.8320 mi=0.0676 dn=0.0000 v13=0.0008 grl=1.1141 v15=0.0000 v15r=0.0000 v16=0.0000 v17=0.0000 v18=0.0000 acc=0.9875 lr=2.25e-04 lambda=0.000 grl_lambda=0.943 v18_lambda=0.000 gpu=3.0/15.8GB
[13:53:26] [train] ep=36 step=020/40 ce=0.3925 sc=0.8013 mi=0.0662 dn=0.0000 v13=0.0008 grl=1.0980 v15=0.0000 v15r=0.0000 v16=0.0000 v17=0.0000 v18=0.0000 acc=0.9906 lr=2.24e-04 lambda=0.000 grl_lambda=0.944 v18_lambda=0.000 gpu=3.0/15.8GB
[13:53:31] [train] ep=36 step=030/40 ce=0.3630 sc=0.8153 mi=0.0654 dn=0.0000 v13=0.0009 grl=1.0901 v15=0.0000 v15r=0.0000 v16=0.0000 v17=0.0000 v18=0.0000 acc=0.9938 lr=2.23e-04 lambda=0.000 grl_lambda=0.945 v18_lambda=0.000 gpu=3.0/15.8GB
[13:53:36] [train] ep=36 step=040/40 ce=0.3870 sc=0.8505 mi=0.0664 dn=0.0000 v13=0.0009 grl=1.0948 v15=0.0000 v15r=0.0000 v16=0.0000 v17=0.0000 v18=0.0000 acc=0.9922 lr=2.22e-04 lambda=0.000 grl_lambda=0.947 v18_lambda=0.000 gpu=3.0/15.8GB
[13:53:39] [ep_summary] ep=36/100 val_live=0.9506/0.9492 val_ema=0.9383/0.9399 test77_live=0.7770/0.7802 test77_diag_ema=0.5432/0.4800 v13=0.0009 grl=1.0948 v15=0.0000 v15r=0.0000 v16=0.0000 v17=0.0000 v18=0.0000 das=stage3[12,95] p=1.00 ep_time=22.6s
[13:53:39] [save] best_sourcequalified77_ema ep=36 source_val_live=0.9506/0.9492 source_val_ema=0.9383/0.9399 test77_ema=0.5432/0.4800
[13:53:39] [train] epoch 37/100 steps=40 use_dann=0 das=stage3 f=[12.0,95.0] p=1.00 gpu=3.0/15.8GB
[13:53:39] [train] ep=37 step=001/40 ce=0.4368 sc=1.1855 mi=0.0688 dn=0.0000 v13=0.0018 grl=1.1260 v15=0.0000 v15r=0.0000 v16=0.0000 v17=0.0000 v18=0.0000 acc=1.0000 lr=2.22e-04 lambda=0.000 grl_lambda=0.947 v18_lambda=0.000 gpu=3.0/15.8GB
[13:53:44] [train] ep=37 step=010/40 ce=0.3998 sc=0.8369 mi=0.0683 dn=0.0000 v13=0.0010 grl=1.0787 v15=0.0000 v15r=0.0000 v16=0.0000 v17=0.0000 v18=0.0000 acc=1.0000 lr=2.21e-04 lambda=0.000 grl_lambda=0.948 v18_lambda=0.000 gpu=3.0/15.8GB
[13:53:49] [train] ep=37 step=020/40 ce=0.5018 sc=0.9149 mi=0.0686 dn=0.0000 v13=0.0009 grl=1.0893 v15=0.0000 v15r=0.0000 v16=0.0000 v17=0.0000 v18=0.0000 acc=0.9906 lr=2.20e-04 lambda=0.000 grl_lambda=0.949 v18_lambda=0.000 gpu=3.0/15.8GB
[13:53:53] [train] ep=37 step=030/40 ce=0.4900 sc=0.9239 mi=0.0688 dn=0.0000 v13=0.0009 grl=1.0927 v15=0.0000 v15r=0.0000 v16=0.0000 v17=0.0000 v18=0.0000 acc=0.9917 lr=2.19e-04 lambda=0.000 grl_lambda=0.950 v18_lambda=0.000 gpu=3.0/15.8GB
[13:53:58] [train] ep=37 step=040/40 ce=0.4919 sc=0.9099 mi=0.0688 dn=0.0000 v13=0.0009 grl=1.0914 v15=0.0000 v15r=0.0000 v16=0.0000 v17=0.0000 v18=0.0000 acc=0.9906 lr=2.18e-04 lambda=0.000 grl_lambda=0.952 v18_lambda=0.000 gpu=3.0/15.8GB
[13:54:01] [ep_summary] ep=37/100 val_live=0.9691/0.9698 val_ema=0.9444/0.9459 test77_live=0.7734/0.7654 test77_diag_ema=0.6007/0.5284 v13=0.0009 grl=1.0914 v15=0.0000 v15r=0.0000 v16=0.0000 v17=0.0000 v18=0.0000 das=stage3[12,95] p=1.00 ep_time=22.0s
[13:54:01] [save] best_sourceval_ema val_acc_ema=0.9444 source_val_live=0.9691/0.9698 source_val_ema=0.9444/0.9459 ep=37
[13:54:01] [save] best_sourcequalified77_ema ep=37 source_val_live=0.9691/0.9698 source_val_ema=0.9444/0.9459 test77_ema=0.6007/0.5284
[13:54:01] [train] epoch 38/100 steps=40 use_dann=0 das=stage3 f=[12.0,95.0] p=1.00 gpu=3.0/15.8GB
[13:54:02] [train] ep=38 step=001/40 ce=0.2608 sc=0.8805 mi=0.0649 dn=0.0000 v13=0.0008 grl=1.0518 v15=0.0000 v15r=0.0000 v16=0.0000 v17=0.0000 v18=0.0000 acc=1.0000 lr=2.18e-04 lambda=0.000 grl_lambda=0.952 v18_lambda=0.000 gpu=3.0/15.8GB
[13:54:06] [train] ep=38 step=010/40 ce=0.3170 sc=0.7229 mi=0.0668 dn=0.0000 v13=0.0008 grl=1.0893 v15=0.0000 v15r=0.0000 v16=0.0000 v17=0.0000 v18=0.0000 acc=1.0000 lr=2.17e-04 lambda=0.000 grl_lambda=0.953 v18_lambda=0.000 gpu=3.0/15.8GB
[13:54:10] [train] ep=38 step=020/40 ce=0.3459 sc=0.7394 mi=0.0651 dn=0.0000 v13=0.0008 grl=1.0849 v15=0.0000 v15r=0.0000 v16=0.0000 v17=0.0000 v18=0.0000 acc=0.9969 lr=2.16e-04 lambda=0.000 grl_lambda=0.954 v18_lambda=0.000 gpu=3.0/15.8GB
[13:54:15] [train] ep=38 step=030/40 ce=0.3859 sc=0.7350 mi=0.0658 dn=0.0000 v13=0.0008 grl=1.0830 v15=0.0000 v15r=0.0000 v16=0.0000 v17=0.0000 v18=0.0000 acc=0.9938 lr=2.15e-04 lambda=0.000 grl_lambda=0.955 v18_lambda=0.000 gpu=3.0/15.8GB
[13:54:20] [train] ep=38 step=040/40 ce=0.4014 sc=0.7426 mi=0.0651 dn=0.0000 v13=0.0008 grl=1.0839 v15=0.0000 v15r=0.0000 v16=0.0000 v17=0.0000 v18=0.0000 acc=0.9922 lr=2.14e-04 lambda=0.000 grl_lambda=0.956 v18_lambda=0.000 gpu=3.0/15.8GB
[13:54:23] [ep_summary] ep=38/100 val_live=0.9506/0.9505 val_ema=0.9568/0.9576 test77_live=0.7482/0.7368 test77_diag_ema=0.6331/0.5575 v13=0.0008 grl=1.0839 v15=0.0000 v15r=0.0000 v16=0.0000 v17=0.0000 v18=0.0000 das=stage3[12,95] p=1.00 ep_time=21.8s
[13:54:23] [save] best_sourceval_ema val_acc_ema=0.9568 source_val_live=0.9506/0.9505 source_val_ema=0.9568/0.9576 ep=38
[13:54:23] [save] best_sourcequalified77_ema ep=38 source_val_live=0.9506/0.9505 source_val_ema=0.9568/0.9576 test77_ema=0.6331/0.5575
[13:54:23] [train] epoch 39/100 steps=40 use_dann=0 das=stage3 f=[12.0,95.0] p=1.00 gpu=3.0/15.8GB
[13:54:23] [train] ep=39 step=001/40 ce=0.2624 sc=0.4373 mi=0.0604 dn=0.0000 v13=0.0003 grl=1.1187 v15=0.0000 v15r=0.0000 v16=0.0000 v17=0.0000 v18=0.0000 acc=1.0000 lr=2.14e-04 lambda=0.000 grl_lambda=0.956 v18_lambda=0.000 gpu=3.0/15.8GB
[13:54:28] [train] ep=39 step=010/40 ce=0.3574 sc=0.7835 mi=0.0640 dn=0.0000 v13=0.0007 grl=1.0919 v15=0.0000 v15r=0.0000 v16=0.0000 v17=0.0000 v18=0.0000 acc=0.9938 lr=2.13e-04 lambda=0.000 grl_lambda=0.957 v18_lambda=0.000 gpu=3.0/15.8GB
[13:54:33] [train] ep=39 step=020/40 ce=0.3415 sc=0.8303 mi=0.0642 dn=0.0000 v13=0.0007 grl=1.0881 v15=0.0000 v15r=0.0000 v16=0.0000 v17=0.0000 v18=0.0000 acc=0.9938 lr=2.11e-04 lambda=0.000 grl_lambda=0.958 v18_lambda=0.000 gpu=3.0/15.8GB
[13:54:38] [train] ep=39 step=030/40 ce=0.3386 sc=0.8351 mi=0.0632 dn=0.0000 v13=0.0008 grl=1.0830 v15=0.0000 v15r=0.0000 v16=0.0000 v17=0.0000 v18=0.0000 acc=0.9938 lr=2.10e-04 lambda=0.000 grl_lambda=0.959 v18_lambda=0.000 gpu=3.0/15.8GB
[13:54:42] [train] ep=39 step=040/40 ce=0.3217 sc=0.8103 mi=0.0637 dn=0.0000 v13=0.0008 grl=1.0910 v15=0.0000 v15r=0.0000 v16=0.0000 v17=0.0000 v18=0.0000 acc=0.9953 lr=2.09e-04 lambda=0.000 grl_lambda=0.960 v18_lambda=0.000 gpu=3.0/15.8GB
[13:54:45] [ep_summary] ep=39/100 val_live=0.9630/0.9627 val_ema=0.9568/0.9576 test77_live=0.7374/0.7260 test77_diag_ema=0.6367/0.5634 v13=0.0008 grl=1.0910 v15=0.0000 v15r=0.0000 v16=0.0000 v17=0.0000 v18=0.0000 das=stage3[12,95] p=1.00 ep_time=22.2s
[13:54:45] [save] best_sourcequalified77_ema ep=39 source_val_live=0.9630/0.9627 source_val_ema=0.9568/0.9576 test77_ema=0.6367/0.5634
[13:54:45] [train] epoch 40/100 steps=40 use_dann=0 das=stage3 f=[12.0,95.0] p=1.00 gpu=3.0/15.8GB
[13:54:46] [train] ep=40 step=001/40 ce=0.8775 sc=1.5322 mi=0.0628 dn=0.0000 v13=0.0007 grl=1.0063 v15=0.0000 v15r=0.0000 v16=0.0000 v17=0.0000 v18=0.0000 acc=0.9375 lr=2.09e-04 lambda=0.000 grl_lambda=0.960 v18_lambda=0.000 gpu=3.0/15.8GB
[13:54:49] [train] ep=40 step=010/40 ce=0.4471 sc=0.7491 mi=0.0629 dn=0.0000 v13=0.0008 grl=1.1056 v15=0.0000 v15r=0.0000 v16=0.0000 v17=0.0000 v18=0.0000 acc=0.9875 lr=2.08e-04 lambda=0.000 grl_lambda=0.961 v18_lambda=0.000 gpu=3.0/15.8GB
[13:54:54] [train] ep=40 step=020/40 ce=0.4467 sc=0.8419 mi=0.0647 dn=0.0000 v13=0.0008 grl=1.1016 v15=0.0000 v15r=0.0000 v16=0.0000 v17=0.0000 v18=0.0000 acc=0.9875 lr=2.07e-04 lambda=0.000 grl_lambda=0.962 v18_lambda=0.000 gpu=3.0/15.8GB
[13:54:58] [train] ep=40 step=030/40 ce=0.3887 sc=0.8430 mi=0.0650 dn=0.0000 v13=0.0009 grl=1.1007 v15=0.0000 v15r=0.0000 v16=0.0000 v17=0.0000 v18=0.0000 acc=0.9917 lr=2.06e-04 lambda=0.000 grl_lambda=0.963 v18_lambda=0.000 gpu=3.0/15.8GB
[13:55:02] [train] ep=40 step=040/40 ce=0.3834 sc=0.8599 mi=0.0663 dn=0.0000 v13=0.0009 grl=1.1011 v15=0.0000 v15r=0.0000 v16=0.0000 v17=0.0000 v18=0.0000 acc=0.9922 lr=2.05e-04 lambda=0.000 grl_lambda=0.964 v18_lambda=0.000 gpu=3.0/15.8GB
[13:55:05] [pool] check ep=040/100 source_val_acc_ema=0.9506 threshold=0.90
[13:55:07] [pool] ep=040 ADDED src_val=0.9506/0.9514 dev77=0.5786/0.4961 final77=0.6403/0.5663
[13:55:07] [pool] running best ep=040 dev77_f1=0.4961 final77_f1=0.5663 (pool_size=1)
[13:55:07] [ep_summary] ep=40/100 val_live=0.9630/0.9633 val_ema=0.9506/0.9514 test77_live=0.8165/0.8132 test77_diag_ema=0.6403/0.5663 v13=0.0009 grl=1.1011 v15=0.0000 v15r=0.0000 v16=0.0000 v17=0.0000 v18=0.0000 das=stage3[12,95] p=1.00 ep_time=21.4s
[13:55:07] [save] best_sourcequalified77_ema ep=40 source_val_live=0.9630/0.9633 source_val_ema=0.9506/0.9514 test77_ema=0.6403/0.5663
[13:55:07] [strict77_monitor] ep=40 best_source_epoch=38 source_val_ema=0.9568/0.9576 test77_ema_diag=0.6331/0.5575 sourcequalified_count=40 best_sourcequalified77_epoch=40 source_val_ema=0.9506/0.9514 test77_ema=0.6403/0.5663
[13:55:07] [train] epoch 41/100 steps=40 use_dann=0 das=stage3 f=[12.0,95.0] p=1.00 gpu=3.0/15.8GB
[13:55:07] [train] ep=41 step=001/40 ce=0.2638 sc=0.6181 mi=0.0639 dn=0.0000 v13=0.0007 grl=1.0176 v15=0.0000 v15r=0.0000 v16=0.0000 v17=0.0000 v18=0.0000 acc=1.0000 lr=2.05e-04 lambda=0.000 grl_lambda=0.964 v18_lambda=0.000 gpu=3.0/15.8GB
[13:55:11] [train] ep=41 step=010/40 ce=0.3166 sc=0.7019 mi=0.0608 dn=0.0000 v13=0.0009 grl=1.0854 v15=0.0000 v15r=0.0000 v16=0.0000 v17=0.0000 v18=0.0000 acc=1.0000 lr=2.04e-04 lambda=0.000 grl_lambda=0.965 v18_lambda=0.000 gpu=3.0/15.8GB
[13:55:16] [train] ep=41 step=020/40 ce=0.3356 sc=0.7614 mi=0.0628 dn=0.0000 v13=0.0009 grl=1.0835 v15=0.0000 v15r=0.0000 v16=0.0000 v17=0.0000 v18=0.0000 acc=1.0000 lr=2.02e-04 lambda=0.000 grl_lambda=0.966 v18_lambda=0.000 gpu=3.0/15.8GB
[13:55:22] [train] ep=41 step=030/40 ce=0.3289 sc=0.7779 mi=0.0645 dn=0.0000 v13=0.0009 grl=1.0873 v15=0.0000 v15r=0.0000 v16=0.0000 v17=0.0000 v18=0.0000 acc=1.0000 lr=2.01e-04 lambda=0.000 grl_lambda=0.967 v18_lambda=0.000 gpu=3.0/15.8GB
[13:55:26] [train] ep=41 step=040/40 ce=0.3640 sc=0.7421 mi=0.0654 dn=0.0000 v13=0.0008 grl=1.0863 v15=0.0000 v15r=0.0000 v16=0.0000 v17=0.0000 v18=0.0000 acc=0.9969 lr=2.00e-04 lambda=0.000 grl_lambda=0.967 v18_lambda=0.000 gpu=3.0/15.8GB
[13:55:29] [ep_summary] ep=41/100 val_live=0.9753/0.9757 val_ema=0.9506/0.9514 test77_live=0.7770/0.7662 test77_diag_ema=0.6619/0.5867 v13=0.0008 grl=1.0863 v15=0.0000 v15r=0.0000 v16=0.0000 v17=0.0000 v18=0.0000 das=stage3[12,95] p=1.00 ep_time=22.2s
[13:55:29] [save] best_sourcequalified77_ema ep=41 source_val_live=0.9753/0.9757 source_val_ema=0.9506/0.9514 test77_ema=0.6619/0.5867
[13:55:29] [train] epoch 42/100 steps=40 use_dann=0 das=stage3 f=[12.0,95.0] p=1.00 gpu=3.0/15.8GB
[13:55:29] [train] ep=42 step=001/40 ce=0.2641 sc=0.6177 mi=0.0606 dn=0.0000 v13=0.0007 grl=1.1147 v15=0.0000 v15r=0.0000 v16=0.0000 v17=0.0000 v18=0.0000 acc=1.0000 lr=2.00e-04 lambda=0.000 grl_lambda=0.967 v18_lambda=0.000 gpu=3.0/15.8GB
[13:55:31] [train] ep=42 step=010/40 ce=0.4413 sc=0.8115 mi=0.0651 dn=0.0000 v13=0.0007 grl=1.1037 v15=0.0000 v15r=0.0000 v16=0.0000 v17=0.0000 v18=0.0000 acc=0.9875 lr=1.99e-04 lambda=0.000 grl_lambda=0.968 v18_lambda=0.000 gpu=3.0/15.8GB
[13:55:33] [train] ep=42 step=020/40 ce=0.4572 sc=0.7939 mi=0.0680 dn=0.0000 v13=0.0008 grl=1.1079 v15=0.0000 v15r=0.0000 v16=0.0000 v17=0.0000 v18=0.0000 acc=0.9844 lr=1.98e-04 lambda=0.000 grl_lambda=0.969 v18_lambda=0.000 gpu=3.0/15.8GB
[13:55:35] [train] ep=42 step=030/40 ce=0.4431 sc=0.8264 mi=0.0666 dn=0.0000 v13=0.0008 grl=1.1032 v15=0.0000 v15r=0.0000 v16=0.0000 v17=0.0000 v18=0.0000 acc=0.9875 lr=1.97e-04 lambda=0.000 grl_lambda=0.970 v18_lambda=0.000 gpu=3.0/15.8GB
[13:55:37] [train] ep=42 step=040/40 ce=0.4133 sc=0.8283 mi=0.0662 dn=0.0000 v13=0.0008 grl=1.0976 v15=0.0000 v15r=0.0000 v16=0.0000 v17=0.0000 v18=0.0000 acc=0.9891 lr=1.96e-04 lambda=0.000 grl_lambda=0.970 v18_lambda=0.000 gpu=3.0/15.8GB
[13:55:40] [ep_summary] ep=42/100 val_live=0.9506/0.9503 val_ema=0.9444/0.9452 test77_live=0.7878/0.7696 test77_diag_ema=0.6727/0.5970 v13=0.0008 grl=1.0976 v15=0.0000 v15r=0.0000 v16=0.0000 v17=0.0000 v18=0.0000 das=stage3[12,95] p=1.00 ep_time=10.9s
[13:55:40] [save] best_sourcequalified77_ema ep=42 source_val_live=0.9506/0.9503 source_val_ema=0.9444/0.9452 test77_ema=0.6727/0.5970
[13:55:40] [train] epoch 43/100 steps=40 use_dann=0 das=stage3 f=[12.0,95.0] p=1.00 gpu=3.0/15.8GB
[13:55:40] [train] ep=43 step=001/40 ce=0.2677 sc=0.6210 mi=0.0673 dn=0.0000 v13=0.0013 grl=1.0557 v15=0.0000 v15r=0.0000 v16=0.0000 v17=0.0000 v18=0.0000 acc=1.0000 lr=1.95e-04 lambda=0.000 grl_lambda=0.970 v18_lambda=0.000 gpu=3.0/15.8GB
[13:55:42] [train] ep=43 step=010/40 ce=0.3413 sc=0.7458 mi=0.0661 dn=0.0000 v13=0.0010 grl=1.0753 v15=0.0000 v15r=0.0000 v16=0.0000 v17=0.0000 v18=0.0000 acc=1.0000 lr=1.94e-04 lambda=0.000 grl_lambda=0.971 v18_lambda=0.000 gpu=3.0/15.8GB
[13:55:44] [train] ep=43 step=020/40 ce=0.3035 sc=0.7847 mi=0.0652 dn=0.0000 v13=0.0008 grl=1.0953 v15=0.0000 v15r=0.0000 v16=0.0000 v17=0.0000 v18=0.0000 acc=1.0000 lr=1.93e-04 lambda=0.000 grl_lambda=0.972 v18_lambda=0.000 gpu=3.0/15.8GB
[13:55:46] [train] ep=43 step=030/40 ce=0.3194 sc=0.8204 mi=0.0651 dn=0.0000 v13=0.0008 grl=1.0904 v15=0.0000 v15r=0.0000 v16=0.0000 v17=0.0000 v18=0.0000 acc=0.9979 lr=1.92e-04 lambda=0.000 grl_lambda=0.972 v18_lambda=0.000 gpu=3.0/15.8GB
[13:55:48] [train] ep=43 step=040/40 ce=0.3450 sc=0.8070 mi=0.0655 dn=0.0000 v13=0.0008 grl=1.0891 v15=0.0000 v15r=0.0000 v16=0.0000 v17=0.0000 v18=0.0000 acc=0.9969 lr=1.91e-04 lambda=0.000 grl_lambda=0.973 v18_lambda=0.000 gpu=3.0/15.8GB
[13:55:50] [ep_summary] ep=43/100 val_live=0.9691/0.9692 val_ema=0.9506/0.9510 test77_live=0.7842/0.7687 test77_diag_ema=0.6871/0.6129 v13=0.0008 grl=1.0891 v15=0.0000 v15r=0.0000 v16=0.0000 v17=0.0000 v18=0.0000 das=stage3[12,95] p=1.00 ep_time=10.5s
[13:55:50] [save] best_sourcequalified77_ema ep=43 source_val_live=0.9691/0.9692 source_val_ema=0.9506/0.9510 test77_ema=0.6871/0.6129
[13:55:50] [train] epoch 44/100 steps=40 use_dann=0 das=stage3 f=[12.0,95.0] p=1.00 gpu=3.0/15.8GB
[13:55:51] [train] ep=44 step=001/40 ce=0.2609 sc=0.4365 mi=0.0752 dn=0.0000 v13=0.0008 grl=1.1685 v15=0.0000 v15r=0.0000 v16=0.0000 v17=0.0000 v18=0.0000 acc=1.0000 lr=1.91e-04 lambda=0.000 grl_lambda=0.973 v18_lambda=0.000 gpu=3.0/15.8GB
[13:55:52] [train] ep=44 step=010/40 ce=0.3264 sc=0.7584 mi=0.0661 dn=0.0000 v13=0.0008 grl=1.1066 v15=0.0000 v15r=0.0000 v16=0.0000 v17=0.0000 v18=0.0000 acc=1.0000 lr=1.90e-04 lambda=0.000 grl_lambda=0.974 v18_lambda=0.000 gpu=3.0/15.8GB
[13:55:54] [train] ep=44 step=020/40 ce=0.2961 sc=0.7966 mi=0.0658 dn=0.0000 v13=0.0008 grl=1.1044 v15=0.0000 v15r=0.0000 v16=0.0000 v17=0.0000 v18=0.0000 acc=1.0000 lr=1.89e-04 lambda=0.000 grl_lambda=0.974 v18_lambda=0.000 gpu=3.0/15.8GB
[13:55:56] [train] ep=44 step=030/40 ce=0.3069 sc=0.7822 mi=0.0650 dn=0.0000 v13=0.0008 grl=1.1032 v15=0.0000 v15r=0.0000 v16=0.0000 v17=0.0000 v18=0.0000 acc=0.9979 lr=1.87e-04 lambda=0.000 grl_lambda=0.975 v18_lambda=0.000 gpu=3.0/15.8GB
[13:55:58] [train] ep=44 step=040/40 ce=0.3166 sc=0.7691 mi=0.0653 dn=0.0000 v13=0.0008 grl=1.0989 v15=0.0000 v15r=0.0000 v16=0.0000 v17=0.0000 v18=0.0000 acc=0.9969 lr=1.86e-04 lambda=0.000 grl_lambda=0.976 v18_lambda=0.000 gpu=3.0/15.8GB
[13:56:01] [ep_summary] ep=44/100 val_live=0.9568/0.9563 val_ema=0.9568/0.9568 test77_live=0.7626/0.7466 test77_diag_ema=0.7050/0.6363 v13=0.0008 grl=1.0989 v15=0.0000 v15r=0.0000 v16=0.0000 v17=0.0000 v18=0.0000 das=stage3[12,95] p=1.00 ep_time=10.4s
[13:56:01] [save] best_sourcequalified77_ema ep=44 source_val_live=0.9568/0.9563 source_val_ema=0.9568/0.9568 test77_ema=0.7050/0.6363
[13:56:01] [train] epoch 45/100 steps=40 use_dann=0 das=stage3 f=[12.0,95.0] p=1.00 gpu=3.0/15.8GB
[13:56:01] [train] ep=45 step=001/40 ce=0.3918 sc=1.2715 mi=0.0770 dn=0.0000 v13=0.0009 grl=1.1140 v15=0.0000 v15r=0.0000 v16=0.0000 v17=0.0000 v18=0.0000 acc=1.0000 lr=1.86e-04 lambda=0.000 grl_lambda=0.976 v18_lambda=0.000 gpu=3.0/15.8GB
[13:56:03] [train] ep=45 step=010/40 ce=0.2971 sc=0.7975 mi=0.0669 dn=0.0000 v13=0.0007 grl=1.1111 v15=0.0000 v15r=0.0000 v16=0.0000 v17=0.0000 v18=0.0000 acc=1.0000 lr=1.85e-04 lambda=0.000 grl_lambda=0.976 v18_lambda=0.000 gpu=3.0/15.8GB
[13:56:05] [train] ep=45 step=020/40 ce=0.3776 sc=0.7777 mi=0.0647 dn=0.0000 v13=0.0007 grl=1.1038 v15=0.0000 v15r=0.0000 v16=0.0000 v17=0.0000 v18=0.0000 acc=0.9906 lr=1.84e-04 lambda=0.000 grl_lambda=0.977 v18_lambda=0.000 gpu=3.0/15.8GB
[13:56:06] [train] ep=45 step=030/40 ce=0.3768 sc=0.8098 mi=0.0642 dn=0.0000 v13=0.0007 grl=1.0991 v15=0.0000 v15r=0.0000 v16=0.0000 v17=0.0000 v18=0.0000 acc=0.9896 lr=1.83e-04 lambda=0.000 grl_lambda=0.977 v18_lambda=0.000 gpu=3.0/15.8GB
[13:56:08] [train] ep=45 step=040/40 ce=0.3802 sc=0.8330 mi=0.0651 dn=0.0000 v13=0.0007 grl=1.0965 v15=0.0000 v15r=0.0000 v16=0.0000 v17=0.0000 v18=0.0000 acc=0.9906 lr=1.81e-04 lambda=0.000 grl_lambda=0.978 v18_lambda=0.000 gpu=3.0/15.8GB
[13:56:11] [ep_summary] ep=45/100 val_live=0.9691/0.9690 val_ema=0.9568/0.9568 test77_live=0.7770/0.7573 test77_diag_ema=0.7122/0.6473 v13=0.0007 grl=1.0965 v15=0.0000 v15r=0.0000 v16=0.0000 v17=0.0000 v18=0.0000 das=stage3[12,95] p=1.00 ep_time=10.4s
[13:56:11] [save] best_sourcequalified77_ema ep=45 source_val_live=0.9691/0.9690 source_val_ema=0.9568/0.9568 test77_ema=0.7122/0.6473
[13:56:11] [train] epoch 46/100 steps=40 use_dann=0 das=stage3 f=[12.0,95.0] p=1.00 gpu=3.0/15.8GB
[13:56:11] [train] ep=46 step=001/40 ce=0.2792 sc=0.6408 mi=0.0672 dn=0.0000 v13=0.0006 grl=1.0886 v15=0.0000 v15r=0.0000 v16=0.0000 v17=0.0000 v18=0.0000 acc=1.0000 lr=1.81e-04 lambda=0.000 grl_lambda=0.978 v18_lambda=0.000 gpu=3.0/15.8GB
[13:56:13] [train] ep=46 step=010/40 ce=0.4437 sc=0.8802 mi=0.0628 dn=0.0000 v13=0.0007 grl=1.0895 v15=0.0000 v15r=0.0000 v16=0.0000 v17=0.0000 v18=0.0000 acc=0.9875 lr=1.80e-04 lambda=0.000 grl_lambda=0.979 v18_lambda=0.000 gpu=3.0/15.8GB
[13:56:15] [train] ep=46 step=020/40 ce=0.3616 sc=0.8765 mi=0.0654 dn=0.0000 v13=0.0007 grl=1.1002 v15=0.0000 v15r=0.0000 v16=0.0000 v17=0.0000 v18=0.0000 acc=0.9938 lr=1.79e-04 lambda=0.000 grl_lambda=0.979 v18_lambda=0.000 gpu=3.0/15.8GB
[13:56:17] [train] ep=46 step=030/40 ce=0.3648 sc=0.8716 mi=0.0648 dn=0.0000 v13=0.0007 grl=1.0964 v15=0.0000 v15r=0.0000 v16=0.0000 v17=0.0000 v18=0.0000 acc=0.9938 lr=1.78e-04 lambda=0.000 grl_lambda=0.980 v18_lambda=0.000 gpu=3.0/15.8GB
[13:56:19] [train] ep=46 step=040/40 ce=0.3409 sc=0.8595 mi=0.0645 dn=0.0000 v13=0.0007 grl=1.0947 v15=0.0000 v15r=0.0000 v16=0.0000 v17=0.0000 v18=0.0000 acc=0.9953 lr=1.77e-04 lambda=0.000 grl_lambda=0.980 v18_lambda=0.000 gpu=3.0/15.8GB
[13:56:22] [ep_summary] ep=46/100 val_live=0.9815/0.9817 val_ema=0.9630/0.9636 test77_live=0.7626/0.7603 test77_diag_ema=0.7158/0.6533 v13=0.0007 grl=1.0947 v15=0.0000 v15r=0.0000 v16=0.0000 v17=0.0000 v18=0.0000 das=stage3[12,95] p=1.00 ep_time=10.3s
[13:56:22] [save] best_sourceval_ema val_acc_ema=0.9630 source_val_live=0.9815/0.9817 source_val_ema=0.9630/0.9636 ep=46
[13:56:22] [save] best_sourcequalified77_ema ep=46 source_val_live=0.9815/0.9817 source_val_ema=0.9630/0.9636 test77_ema=0.7158/0.6533
[13:56:22] [train] epoch 47/100 steps=40 use_dann=0 das=stage3 f=[12.0,95.0] p=1.00 gpu=3.0/15.8GB
[13:56:22] [train] ep=47 step=001/40 ce=0.9391 sc=1.1194 mi=0.0744 dn=0.0000 v13=0.0010 grl=1.0789 v15=0.0000 v15r=0.0000 v16=0.0000 v17=0.0000 v18=0.0000 acc=0.9375 lr=1.77e-04 lambda=0.000 grl_lambda=0.980 v18_lambda=0.000 gpu=3.0/15.8GB
[13:56:24] [train] ep=47 step=010/40 ce=0.5687 sc=1.0649 mi=0.0681 dn=0.0000 v13=0.0007 grl=1.0974 v15=0.0000 v15r=0.0000 v16=0.0000 v17=0.0000 v18=0.0000 acc=0.9750 lr=1.76e-04 lambda=0.000 grl_lambda=0.981 v18_lambda=0.000 gpu=3.0/15.8GB
[13:56:25] [train] ep=47 step=020/40 ce=0.4358 sc=0.9744 mi=0.0679 dn=0.0000 v13=0.0007 grl=1.1042 v15=0.0000 v15r=0.0000 v16=0.0000 v17=0.0000 v18=0.0000 acc=0.9875 lr=1.74e-04 lambda=0.000 grl_lambda=0.981 v18_lambda=0.000 gpu=3.0/15.8GB
[13:56:27] [train] ep=47 step=030/40 ce=0.4125 sc=0.8825 mi=0.0675 dn=0.0000 v13=0.0007 grl=1.1000 v15=0.0000 v15r=0.0000 v16=0.0000 v17=0.0000 v18=0.0000 acc=0.9896 lr=1.73e-04 lambda=0.000 grl_lambda=0.981 v18_lambda=0.000 gpu=3.0/15.8GB
[13:56:29] [train] ep=47 step=040/40 ce=0.4173 sc=0.8641 mi=0.0681 dn=0.0000 v13=0.0007 grl=1.1000 v15=0.0000 v15r=0.0000 v16=0.0000 v17=0.0000 v18=0.0000 acc=0.9891 lr=1.72e-04 lambda=0.000 grl_lambda=0.982 v18_lambda=0.000 gpu=3.0/15.8GB
[13:56:32] [ep_summary] ep=47/100 val_live=0.9630/0.9631 val_ema=0.9630/0.9636 test77_live=0.7806/0.7601 test77_diag_ema=0.7338/0.6759 v13=0.0007 grl=1.1000 v15=0.0000 v15r=0.0000 v16=0.0000 v17=0.0000 v18=0.0000 das=stage3[12,95] p=1.00 ep_time=10.3s
[13:56:32] [save] best_sourcequalified77_ema ep=47 source_val_live=0.9630/0.9631 source_val_ema=0.9630/0.9636 test77_ema=0.7338/0.6759
[13:56:32] [train] epoch 48/100 steps=40 use_dann=0 das=stage3 f=[12.0,95.0] p=1.00 gpu=3.0/15.8GB
[13:56:32] [train] ep=48 step=001/40 ce=0.2647 sc=0.7325 mi=0.0554 dn=0.0000 v13=0.0006 grl=1.0605 v15=0.0000 v15r=0.0000 v16=0.0000 v17=0.0000 v18=0.0000 acc=1.0000 lr=1.72e-04 lambda=0.000 grl_lambda=0.982 v18_lambda=0.000 gpu=3.0/15.8GB
[13:56:34] [train] ep=48 step=010/40 ce=0.2677 sc=0.7631 mi=0.0633 dn=0.0000 v13=0.0007 grl=1.0789 v15=0.0000 v15r=0.0000 v16=0.0000 v17=0.0000 v18=0.0000 acc=1.0000 lr=1.71e-04 lambda=0.000 grl_lambda=0.982 v18_lambda=0.000 gpu=3.0/15.8GB
[13:56:36] [train] ep=48 step=020/40 ce=0.3137 sc=0.7566 mi=0.0647 dn=0.0000 v13=0.0007 grl=1.0846 v15=0.0000 v15r=0.0000 v16=0.0000 v17=0.0000 v18=0.0000 acc=0.9938 lr=1.69e-04 lambda=0.000 grl_lambda=0.983 v18_lambda=0.000 gpu=3.0/15.8GB
[13:56:38] [train] ep=48 step=030/40 ce=0.3102 sc=0.7830 mi=0.0663 dn=0.0000 v13=0.0007 grl=1.0906 v15=0.0000 v15r=0.0000 v16=0.0000 v17=0.0000 v18=0.0000 acc=0.9958 lr=1.68e-04 lambda=0.000 grl_lambda=0.983 v18_lambda=0.000 gpu=3.0/15.8GB
[13:56:40] [train] ep=48 step=040/40 ce=0.3096 sc=0.7780 mi=0.0655 dn=0.0000 v13=0.0007 grl=1.0865 v15=0.0000 v15r=0.0000 v16=0.0000 v17=0.0000 v18=0.0000 acc=0.9969 lr=1.67e-04 lambda=0.000 grl_lambda=0.984 v18_lambda=0.000 gpu=3.0/15.8GB
[13:56:43] [ep_summary] ep=48/100 val_live=0.9691/0.9690 val_ema=0.9630/0.9636 test77_live=0.7878/0.7782 test77_diag_ema=0.7374/0.6815 v13=0.0007 grl=1.0865 v15=0.0000 v15r=0.0000 v16=0.0000 v17=0.0000 v18=0.0000 das=stage3[12,95] p=1.00 ep_time=10.7s
[13:56:43] [save] best_sourcequalified77_ema ep=48 source_val_live=0.9691/0.9690 source_val_ema=0.9630/0.9636 test77_ema=0.7374/0.6815
[13:56:43] [train] epoch 49/100 steps=40 use_dann=0 das=stage3 f=[12.0,95.0] p=1.00 gpu=3.0/15.8GB
[13:56:43] [train] ep=49 step=001/40 ce=0.2621 sc=0.7866 mi=0.0642 dn=0.0000 v13=0.0009 grl=1.1501 v15=0.0000 v15r=0.0000 v16=0.0000 v17=0.0000 v18=0.0000 acc=1.0000 lr=1.67e-04 lambda=0.000 grl_lambda=0.984 v18_lambda=0.000 gpu=3.0/15.8GB
[13:56:45] [train] ep=49 step=010/40 ce=0.3038 sc=0.6592 mi=0.0630 dn=0.0000 v13=0.0006 grl=1.0854 v15=0.0000 v15r=0.0000 v16=0.0000 v17=0.0000 v18=0.0000 acc=0.9938 lr=1.66e-04 lambda=0.000 grl_lambda=0.984 v18_lambda=0.000 gpu=3.0/15.8GB
[13:56:47] [train] ep=49 step=020/40 ce=0.2968 sc=0.7039 mi=0.0654 dn=0.0000 v13=0.0007 grl=1.1004 v15=0.0000 v15r=0.0000 v16=0.0000 v17=0.0000 v18=0.0000 acc=0.9969 lr=1.65e-04 lambda=0.000 grl_lambda=0.984 v18_lambda=0.000 gpu=3.0/15.8GB
[13:56:49] [train] ep=49 step=030/40 ce=0.4471 sc=0.8286 mi=0.0648 dn=0.0000 v13=0.0007 grl=1.0945 v15=0.0000 v15r=0.0000 v16=0.0000 v17=0.0000 v18=0.0000 acc=0.9875 lr=1.63e-04 lambda=0.000 grl_lambda=0.985 v18_lambda=0.000 gpu=3.0/15.8GB
[13:56:51] [train] ep=49 step=040/40 ce=0.4150 sc=0.8483 mi=0.0652 dn=0.0000 v13=0.0007 grl=1.0953 v15=0.0000 v15r=0.0000 v16=0.0000 v17=0.0000 v18=0.0000 acc=0.9906 lr=1.62e-04 lambda=0.000 grl_lambda=0.985 v18_lambda=0.000 gpu=3.0/15.8GB
[13:56:54] [ep_summary] ep=49/100 val_live=0.9568/0.9570 val_ema=0.9630/0.9636 test77_live=0.7518/0.7073 test77_diag_ema=0.7410/0.6876 v13=0.0007 grl=1.0953 v15=0.0000 v15r=0.0000 v16=0.0000 v17=0.0000 v18=0.0000 das=stage3[12,95] p=1.00 ep_time=11.0s
[13:56:54] [save] best_sourcequalified77_ema ep=49 source_val_live=0.9568/0.9570 source_val_ema=0.9630/0.9636 test77_ema=0.7410/0.6876
[13:56:54] [train] epoch 50/100 steps=40 use_dann=0 das=stage3 f=[12.0,95.0] p=1.00 gpu=3.0/15.8GB
[13:56:54] [train] ep=50 step=001/40 ce=0.2623 sc=0.6148 mi=0.0630 dn=0.0000 v13=0.0007 grl=1.1257 v15=0.0000 v15r=0.0000 v16=0.0000 v17=0.0000 v18=0.0000 acc=1.0000 lr=1.62e-04 lambda=0.000 grl_lambda=0.985 v18_lambda=0.000 gpu=3.0/15.8GB
[13:56:56] [train] ep=50 step=010/40 ce=0.2607 sc=0.7997 mi=0.0667 dn=0.0000 v13=0.0008 grl=1.0993 v15=0.0000 v15r=0.0000 v16=0.0000 v17=0.0000 v18=0.0000 acc=1.0000 lr=1.61e-04 lambda=0.000 grl_lambda=0.986 v18_lambda=0.000 gpu=3.0/15.8GB
[13:56:58] [train] ep=50 step=020/40 ce=0.3450 sc=0.8274 mi=0.0667 dn=0.0000 v13=0.0007 grl=1.0957 v15=0.0000 v15r=0.0000 v16=0.0000 v17=0.0000 v18=0.0000 acc=0.9938 lr=1.60e-04 lambda=0.000 grl_lambda=0.986 v18_lambda=0.000 gpu=3.0/15.8GB
[13:57:00] [train] ep=50 step=030/40 ce=0.3725 sc=0.8433 mi=0.0650 dn=0.0000 v13=0.0007 grl=1.0929 v15=0.0000 v15r=0.0000 v16=0.0000 v17=0.0000 v18=0.0000 acc=0.9917 lr=1.59e-04 lambda=0.000 grl_lambda=0.986 v18_lambda=0.000 gpu=3.0/15.8GB
[13:57:02] [train] ep=50 step=040/40 ce=0.3982 sc=0.8553 mi=0.0656 dn=0.0000 v13=0.0007 grl=1.0901 v15=0.0000 v15r=0.0000 v16=0.0000 v17=0.0000 v18=0.0000 acc=0.9891 lr=1.57e-04 lambda=0.000 grl_lambda=0.987 v18_lambda=0.000 gpu=3.0/15.8GB
[13:57:05] [pool] check ep=050/100 source_val_acc_ema=0.9630 threshold=0.90
[13:57:06] [pool] ep=050 ADDED src_val=0.9630/0.9636 dev77=0.7500/0.7326 final77=0.7554/0.7031
[13:57:06] [pool] running best ep=050 dev77_f1=0.7326 final77_f1=0.7031 (pool_size=2)
[13:57:06] [ep_summary] ep=50/100 val_live=0.9630/0.9631 val_ema=0.9630/0.9636 test77_live=0.7626/0.7425 test77_diag_ema=0.7554/0.7031 v13=0.0007 grl=1.0901 v15=0.0000 v15r=0.0000 v16=0.0000 v17=0.0000 v18=0.0000 das=stage3[12,95] p=1.00 ep_time=12.4s
[13:57:06] [save] best_sourcequalified77_ema ep=50 source_val_live=0.9630/0.9631 source_val_ema=0.9630/0.9636 test77_ema=0.7554/0.7031
[13:57:06] [strict77_monitor] ep=50 best_source_epoch=46 source_val_ema=0.9630/0.9636 test77_ema_diag=0.7158/0.6533 sourcequalified_count=50 best_sourcequalified77_epoch=50 source_val_ema=0.9630/0.9636 test77_ema=0.7554/0.7031
[13:57:06] [train] epoch 51/100 steps=40 use_dann=0 das=stage3 f=[12.0,95.0] p=1.00 gpu=3.0/15.8GB
[13:57:06] [train] ep=51 step=001/40 ce=0.2915 sc=1.3782 mi=0.0667 dn=0.0000 v13=0.0006 grl=1.0461 v15=0.0000 v15r=0.0000 v16=0.0000 v17=0.0000 v18=0.0000 acc=1.0000 lr=1.57e-04 lambda=0.000 grl_lambda=0.987 v18_lambda=0.000 gpu=3.0/15.8GB
[13:57:08] [train] ep=51 step=010/40 ce=0.3307 sc=0.8977 mi=0.0669 dn=0.0000 v13=0.0006 grl=1.0974 v15=0.0000 v15r=0.0000 v16=0.0000 v17=0.0000 v18=0.0000 acc=0.9938 lr=1.56e-04 lambda=0.000 grl_lambda=0.987 v18_lambda=0.000 gpu=3.0/15.8GB
[13:57:10] [train] ep=51 step=020/40 ce=0.2972 sc=0.8708 mi=0.0648 dn=0.0000 v13=0.0006 grl=1.0941 v15=0.0000 v15r=0.0000 v16=0.0000 v17=0.0000 v18=0.0000 acc=0.9969 lr=1.55e-04 lambda=0.000 grl_lambda=0.987 v18_lambda=0.000 gpu=3.0/15.8GB
[13:57:12] [train] ep=51 step=030/40 ce=0.3455 sc=0.9167 mi=0.0648 dn=0.0000 v13=0.0006 grl=1.0975 v15=0.0000 v15r=0.0000 v16=0.0000 v17=0.0000 v18=0.0000 acc=0.9938 lr=1.54e-04 lambda=0.000 grl_lambda=0.988 v18_lambda=0.000 gpu=3.0/15.8GB
[13:57:14] [train] ep=51 step=040/40 ce=0.3268 sc=0.8952 mi=0.0640 dn=0.0000 v13=0.0006 grl=1.0995 v15=0.0000 v15r=0.0000 v16=0.0000 v17=0.0000 v18=0.0000 acc=0.9953 lr=1.53e-04 lambda=0.000 grl_lambda=0.988 v18_lambda=0.000 gpu=3.0/15.8GB
[13:57:17] [ep_summary] ep=51/100 val_live=0.9938/0.9939 val_ema=0.9630/0.9636 test77_live=0.7986/0.7786 test77_diag_ema=0.7698/0.7240 v13=0.0006 grl=1.0995 v15=0.0000 v15r=0.0000 v16=0.0000 v17=0.0000 v18=0.0000 das=stage3[12,95] p=1.00 ep_time=10.8s
[13:57:17] [save] best_sourcequalified77_ema ep=51 source_val_live=0.9938/0.9939 source_val_ema=0.9630/0.9636 test77_ema=0.7698/0.7240
[13:57:17] [train] epoch 52/100 steps=40 use_dann=0 das=stage3 f=[12.0,95.0] p=1.00 gpu=3.0/15.8GB
[13:57:17] [train] ep=52 step=001/40 ce=0.2587 sc=0.5561 mi=0.0722 dn=0.0000 v13=0.0009 grl=1.1006 v15=0.0000 v15r=0.0000 v16=0.0000 v17=0.0000 v18=0.0000 acc=1.0000 lr=1.52e-04 lambda=0.000 grl_lambda=0.988 v18_lambda=0.000 gpu=3.0/15.8GB
[13:57:19] [train] ep=52 step=010/40 ce=0.3696 sc=0.7443 mi=0.0642 dn=0.0000 v13=0.0006 grl=1.0997 v15=0.0000 v15r=0.0000 v16=0.0000 v17=0.0000 v18=0.0000 acc=0.9938 lr=1.51e-04 lambda=0.000 grl_lambda=0.988 v18_lambda=0.000 gpu=3.0/15.8GB
[13:57:21] [train] ep=52 step=020/40 ce=0.4045 sc=0.7914 mi=0.0654 dn=0.0000 v13=0.0006 grl=1.1038 v15=0.0000 v15r=0.0000 v16=0.0000 v17=0.0000 v18=0.0000 acc=0.9875 lr=1.50e-04 lambda=0.000 grl_lambda=0.988 v18_lambda=0.000 gpu=3.0/15.8GB
[13:57:23] [train] ep=52 step=030/40 ce=0.3716 sc=0.7934 mi=0.0645 dn=0.0000 v13=0.0006 grl=1.1082 v15=0.0000 v15r=0.0000 v16=0.0000 v17=0.0000 v18=0.0000 acc=0.9917 lr=1.49e-04 lambda=0.000 grl_lambda=0.989 v18_lambda=0.000 gpu=3.0/15.8GB
[13:57:25] [train] ep=52 step=040/40 ce=0.3441 sc=0.8041 mi=0.0634 dn=0.0000 v13=0.0006 grl=1.1012 v15=0.0000 v15r=0.0000 v16=0.0000 v17=0.0000 v18=0.0000 acc=0.9938 lr=1.48e-04 lambda=0.000 grl_lambda=0.989 v18_lambda=0.000 gpu=3.0/15.8GB
[13:57:28] [ep_summary] ep=52/100 val_live=0.9506/0.9491 val_ema=0.9630/0.9636 test77_live=0.6799/0.6576 test77_diag_ema=0.7734/0.7281 v13=0.0006 grl=1.1012 v15=0.0000 v15r=0.0000 v16=0.0000 v17=0.0000 v18=0.0000 das=stage3[12,95] p=1.00 ep_time=10.9s
[13:57:28] [save] best_sourcequalified77_ema ep=52 source_val_live=0.9506/0.9491 source_val_ema=0.9630/0.9636 test77_ema=0.7734/0.7281
[13:57:28] [train] epoch 53/100 steps=40 use_dann=0 das=stage3 f=[12.0,95.0] p=1.00 gpu=3.0/15.8GB
[13:57:28] [train] ep=53 step=001/40 ce=0.2623 sc=0.9358 mi=0.0677 dn=0.0000 v13=0.0007 grl=1.0527 v15=0.0000 v15r=0.0000 v16=0.0000 v17=0.0000 v18=0.0000 acc=1.0000 lr=1.48e-04 lambda=0.000 grl_lambda=0.989 v18_lambda=0.000 gpu=3.0/15.8GB
[13:57:30] [train] ep=53 step=010/40 ce=0.3629 sc=0.7895 mi=0.0645 dn=0.0000 v13=0.0006 grl=1.0864 v15=0.0000 v15r=0.0000 v16=0.0000 v17=0.0000 v18=0.0000 acc=0.9938 lr=1.46e-04 lambda=0.000 grl_lambda=0.989 v18_lambda=0.000 gpu=3.0/15.8GB
[13:57:32] [train] ep=53 step=020/40 ce=0.3453 sc=0.7535 mi=0.0658 dn=0.0000 v13=0.0006 grl=1.0812 v15=0.0000 v15r=0.0000 v16=0.0000 v17=0.0000 v18=0.0000 acc=0.9938 lr=1.45e-04 lambda=0.000 grl_lambda=0.990 v18_lambda=0.000 gpu=3.0/15.8GB
[13:57:34] [train] ep=53 step=030/40 ce=0.3310 sc=0.7431 mi=0.0649 dn=0.0000 v13=0.0006 grl=1.0908 v15=0.0000 v15r=0.0000 v16=0.0000 v17=0.0000 v18=0.0000 acc=0.9958 lr=1.44e-04 lambda=0.000 grl_lambda=0.990 v18_lambda=0.000 gpu=3.0/15.8GB
[13:57:36] [train] ep=53 step=040/40 ce=0.3172 sc=0.7497 mi=0.0641 dn=0.0000 v13=0.0006 grl=1.0870 v15=0.0000 v15r=0.0000 v16=0.0000 v17=0.0000 v18=0.0000 acc=0.9969 lr=1.43e-04 lambda=0.000 grl_lambda=0.990 v18_lambda=0.000 gpu=3.0/15.8GB
[13:57:39] [ep_summary] ep=53/100 val_live=0.9506/0.9498 val_ema=0.9630/0.9636 test77_live=0.7518/0.7368 test77_diag_ema=0.7698/0.7290 v13=0.0006 grl=1.0870 v15=0.0000 v15r=0.0000 v16=0.0000 v17=0.0000 v18=0.0000 das=stage3[12,95] p=1.00 ep_time=10.8s
[13:57:39] [save] best_sourcequalified77_ema ep=53 source_val_live=0.9506/0.9498 source_val_ema=0.9630/0.9636 test77_ema=0.7698/0.7290
[13:57:39] [train] epoch 54/100 steps=40 use_dann=0 das=stage3 f=[12.0,95.0] p=1.00 gpu=3.0/15.8GB
[13:57:39] [train] ep=54 step=001/40 ce=0.2642 sc=1.0825 mi=0.0619 dn=0.0000 v13=0.0006 grl=1.0959 v15=0.0000 v15r=0.0000 v16=0.0000 v17=0.0000 v18=0.0000 acc=1.0000 lr=1.43e-04 lambda=0.000 grl_lambda=0.990 v18_lambda=0.000 gpu=3.0/15.8GB
[13:57:41] [train] ep=54 step=010/40 ce=0.3190 sc=0.8797 mi=0.0654 dn=0.0000 v13=0.0006 grl=1.0845 v15=0.0000 v15r=0.0000 v16=0.0000 v17=0.0000 v18=0.0000 acc=1.0000 lr=1.42e-04 lambda=0.000 grl_lambda=0.990 v18_lambda=0.000 gpu=3.0/15.8GB
[13:57:43] [train] ep=54 step=020/40 ce=0.3179 sc=0.8132 mi=0.0639 dn=0.0000 v13=0.0007 grl=1.0885 v15=0.0000 v15r=0.0000 v16=0.0000 v17=0.0000 v18=0.0000 acc=0.9969 lr=1.40e-04 lambda=0.000 grl_lambda=0.991 v18_lambda=0.000 gpu=3.0/15.8GB
[13:57:45] [train] ep=54 step=030/40 ce=0.3240 sc=0.7936 mi=0.0629 dn=0.0000 v13=0.0006 grl=1.0916 v15=0.0000 v15r=0.0000 v16=0.0000 v17=0.0000 v18=0.0000 acc=0.9958 lr=1.39e-04 lambda=0.000 grl_lambda=0.991 v18_lambda=0.000 gpu=3.0/15.8GB
[13:57:47] [train] ep=54 step=040/40 ce=0.3134 sc=0.7828 mi=0.0628 dn=0.0000 v13=0.0007 grl=1.0910 v15=0.0000 v15r=0.0000 v16=0.0000 v17=0.0000 v18=0.0000 acc=0.9969 lr=1.38e-04 lambda=0.000 grl_lambda=0.991 v18_lambda=0.000 gpu=3.0/15.8GB
[13:57:50] [ep_summary] ep=54/100 val_live=0.9630/0.9631 val_ema=0.9630/0.9636 test77_live=0.6799/0.6354 test77_diag_ema=0.7806/0.7422 v13=0.0007 grl=1.0910 v15=0.0000 v15r=0.0000 v16=0.0000 v17=0.0000 v18=0.0000 das=stage3[12,95] p=1.00 ep_time=10.8s
[13:57:50] [save] best_sourcequalified77_ema ep=54 source_val_live=0.9630/0.9631 source_val_ema=0.9630/0.9636 test77_ema=0.7806/0.7422
[13:57:50] [train] epoch 55/100 steps=40 use_dann=0 das=stage3 f=[12.0,95.0] p=1.00 gpu=3.0/15.8GB
[13:57:50] [train] ep=55 step=001/40 ce=0.2623 sc=0.7036 mi=0.0556 dn=0.0000 v13=0.0007 grl=1.0513 v15=0.0000 v15r=0.0000 v16=0.0000 v17=0.0000 v18=0.0000 acc=1.0000 lr=1.38e-04 lambda=0.000 grl_lambda=0.991 v18_lambda=0.000 gpu=3.0/15.8GB
[13:57:52] [train] ep=55 step=010/40 ce=0.2629 sc=0.7330 mi=0.0625 dn=0.0000 v13=0.0007 grl=1.0827 v15=0.0000 v15r=0.0000 v16=0.0000 v17=0.0000 v18=0.0000 acc=1.0000 lr=1.37e-04 lambda=0.000 grl_lambda=0.991 v18_lambda=0.000 gpu=3.0/15.8GB
[13:57:54] [train] ep=55 step=020/40 ce=0.3186 sc=0.7769 mi=0.0640 dn=0.0000 v13=0.0008 grl=1.0823 v15=0.0000 v15r=0.0000 v16=0.0000 v17=0.0000 v18=0.0000 acc=0.9969 lr=1.36e-04 lambda=0.000 grl_lambda=0.991 v18_lambda=0.000 gpu=3.0/15.8GB
[13:57:56] [train] ep=55 step=030/40 ce=0.3082 sc=0.7786 mi=0.0647 dn=0.0000 v13=0.0007 grl=1.0802 v15=0.0000 v15r=0.0000 v16=0.0000 v17=0.0000 v18=0.0000 acc=0.9979 lr=1.34e-04 lambda=0.000 grl_lambda=0.992 v18_lambda=0.000 gpu=3.0/15.8GB
[13:57:58] [train] ep=55 step=040/40 ce=0.3246 sc=0.8327 mi=0.0648 dn=0.0000 v13=0.0007 grl=1.0859 v15=0.0000 v15r=0.0000 v16=0.0000 v17=0.0000 v18=0.0000 acc=0.9969 lr=1.33e-04 lambda=0.000 grl_lambda=0.992 v18_lambda=0.000 gpu=3.0/15.8GB
[13:58:01] [ep_summary] ep=55/100 val_live=0.9630/0.9631 val_ema=0.9630/0.9636 test77_live=0.7842/0.7727 test77_diag_ema=0.7878/0.7518 v13=0.0007 grl=1.0859 v15=0.0000 v15r=0.0000 v16=0.0000 v17=0.0000 v18=0.0000 das=stage3[12,95] p=1.00 ep_time=10.8s
[13:58:01] [save] best_sourcequalified77_ema ep=55 source_val_live=0.9630/0.9631 source_val_ema=0.9630/0.9636 test77_ema=0.7878/0.7518
[13:58:01] [train] epoch 56/100 steps=40 use_dann=0 das=stage3 f=[12.0,95.0] p=1.00 gpu=3.0/15.8GB
[13:58:01] [train] ep=56 step=001/40 ce=0.3217 sc=0.8021 mi=0.0671 dn=0.0000 v13=0.0005 grl=1.1079 v15=0.0000 v15r=0.0000 v16=0.0000 v17=0.0000 v18=0.0000 acc=1.0000 lr=1.33e-04 lambda=0.000 grl_lambda=0.992 v18_lambda=0.000 gpu=3.0/15.8GB
[13:58:03] [train] ep=56 step=010/40 ce=0.2944 sc=0.9604 mi=0.0627 dn=0.0000 v13=0.0006 grl=1.0780 v15=0.0000 v15r=0.0000 v16=0.0000 v17=0.0000 v18=0.0000 acc=1.0000 lr=1.32e-04 lambda=0.000 grl_lambda=0.992 v18_lambda=0.000 gpu=3.0/15.8GB
[13:58:05] [train] ep=56 step=020/40 ce=0.3568 sc=0.8357 mi=0.0635 dn=0.0000 v13=0.0005 grl=1.0789 v15=0.0000 v15r=0.0000 v16=0.0000 v17=0.0000 v18=0.0000 acc=0.9938 lr=1.31e-04 lambda=0.000 grl_lambda=0.992 v18_lambda=0.000 gpu=3.0/15.8GB
[13:58:07] [train] ep=56 step=030/40 ce=0.3305 sc=0.7944 mi=0.0641 dn=0.0000 v13=0.0005 grl=1.0847 v15=0.0000 v15r=0.0000 v16=0.0000 v17=0.0000 v18=0.0000 acc=0.9958 lr=1.30e-04 lambda=0.000 grl_lambda=0.992 v18_lambda=0.000 gpu=3.0/15.8GB
[13:58:09] [train] ep=56 step=040/40 ce=0.3128 sc=0.7916 mi=0.0638 dn=0.0000 v13=0.0006 grl=1.0821 v15=0.0000 v15r=0.0000 v16=0.0000 v17=0.0000 v18=0.0000 acc=0.9969 lr=1.28e-04 lambda=0.000 grl_lambda=0.993 v18_lambda=0.000 gpu=3.0/15.8GB
[13:58:11] [ep_summary] ep=56/100 val_live=0.9568/0.9563 val_ema=0.9630/0.9636 test77_live=0.7482/0.7318 test77_diag_ema=0.7950/0.7629 v13=0.0006 grl=1.0821 v15=0.0000 v15r=0.0000 v16=0.0000 v17=0.0000 v18=0.0000 das=stage3[12,95] p=1.00 ep_time=10.8s
[13:58:11] [save] best_sourcequalified77_ema ep=56 source_val_live=0.9568/0.9563 source_val_ema=0.9630/0.9636 test77_ema=0.7950/0.7629
[13:58:11] [train] epoch 57/100 steps=40 use_dann=0 das=stage3 f=[12.0,95.0] p=1.00 gpu=3.0/15.8GB
[13:58:12] [train] ep=57 step=001/40 ce=0.3282 sc=0.6565 mi=0.0659 dn=0.0000 v13=0.0007 grl=1.1230 v15=0.0000 v15r=0.0000 v16=0.0000 v17=0.0000 v18=0.0000 acc=1.0000 lr=1.28e-04 lambda=0.000 grl_lambda=0.993 v18_lambda=0.000 gpu=3.0/15.8GB
[13:58:13] [train] ep=57 step=010/40 ce=0.2650 sc=0.7347 mi=0.0624 dn=0.0000 v13=0.0006 grl=1.1078 v15=0.0000 v15r=0.0000 v16=0.0000 v17=0.0000 v18=0.0000 acc=1.0000 lr=1.27e-04 lambda=0.000 grl_lambda=0.993 v18_lambda=0.000 gpu=3.0/15.8GB
[13:58:15] [train] ep=57 step=020/40 ce=0.2619 sc=0.7320 mi=0.0623 dn=0.0000 v13=0.0005 grl=1.0881 v15=0.0000 v15r=0.0000 v16=0.0000 v17=0.0000 v18=0.0000 acc=1.0000 lr=1.26e-04 lambda=0.000 grl_lambda=0.993 v18_lambda=0.000 gpu=3.0/15.8GB
[13:58:17] [train] ep=57 step=030/40 ce=0.2626 sc=0.7524 mi=0.0628 dn=0.0000 v13=0.0005 grl=1.0910 v15=0.0000 v15r=0.0000 v16=0.0000 v17=0.0000 v18=0.0000 acc=1.0000 lr=1.25e-04 lambda=0.000 grl_lambda=0.993 v18_lambda=0.000 gpu=3.0/15.8GB
[13:58:19] [train] ep=57 step=040/40 ce=0.2882 sc=0.7602 mi=0.0633 dn=0.0000 v13=0.0005 grl=1.0916 v15=0.0000 v15r=0.0000 v16=0.0000 v17=0.0000 v18=0.0000 acc=0.9984 lr=1.24e-04 lambda=0.000 grl_lambda=0.993 v18_lambda=0.000 gpu=3.0/15.8GB
[13:58:22] [ep_summary] ep=57/100 val_live=0.9630/0.9628 val_ema=0.9691/0.9694 test77_live=0.7590/0.7482 test77_diag_ema=0.7986/0.7690 v13=0.0005 grl=1.0916 v15=0.0000 v15r=0.0000 v16=0.0000 v17=0.0000 v18=0.0000 das=stage3[12,95] p=1.00 ep_time=10.7s
[13:58:22] [save] best_sourceval_ema val_acc_ema=0.9691 source_val_live=0.9630/0.9628 source_val_ema=0.9691/0.9694 ep=57
[13:58:22] [save] best_sourcequalified77_ema ep=57 source_val_live=0.9630/0.9628 source_val_ema=0.9691/0.9694 test77_ema=0.7986/0.7690
[13:58:22] [train] epoch 58/100 steps=40 use_dann=0 das=stage3 f=[12.0,95.0] p=1.00 gpu=3.0/15.8GB
[13:58:22] [train] ep=58 step=001/40 ce=0.2596 sc=0.9514 mi=0.0606 dn=0.0000 v13=0.0009 grl=1.0325 v15=0.0000 v15r=0.0000 v16=0.0000 v17=0.0000 v18=0.0000 acc=1.0000 lr=1.23e-04 lambda=0.000 grl_lambda=0.993 v18_lambda=0.000 gpu=3.0/15.8GB
[13:58:24] [train] ep=58 step=010/40 ce=0.2671 sc=0.7542 mi=0.0644 dn=0.0000 v13=0.0005 grl=1.1048 v15=0.0000 v15r=0.0000 v16=0.0000 v17=0.0000 v18=0.0000 acc=1.0000 lr=1.22e-04 lambda=0.000 grl_lambda=0.993 v18_lambda=0.000 gpu=3.0/15.8GB
[13:58:26] [train] ep=58 step=020/40 ce=0.2629 sc=0.7236 mi=0.0631 dn=0.0000 v13=0.0005 grl=1.0936 v15=0.0000 v15r=0.0000 v16=0.0000 v17=0.0000 v18=0.0000 acc=1.0000 lr=1.21e-04 lambda=0.000 grl_lambda=0.994 v18_lambda=0.000 gpu=3.0/15.8GB
[13:58:28] [train] ep=58 step=030/40 ce=0.3266 sc=0.8147 mi=0.0637 dn=0.0000 v13=0.0006 grl=1.0941 v15=0.0000 v15r=0.0000 v16=0.0000 v17=0.0000 v18=0.0000 acc=0.9958 lr=1.20e-04 lambda=0.000 grl_lambda=0.994 v18_lambda=0.000 gpu=3.0/15.8GB
[13:58:31] [train] ep=58 step=040/40 ce=0.3104 sc=0.7925 mi=0.0645 dn=0.0000 v13=0.0005 grl=1.0963 v15=0.0000 v15r=0.0000 v16=0.0000 v17=0.0000 v18=0.0000 acc=0.9969 lr=1.19e-04 lambda=0.000 grl_lambda=0.994 v18_lambda=0.000 gpu=3.0/15.8GB
[13:58:33] [ep_summary] ep=58/100 val_live=0.9691/0.9694 val_ema=0.9691/0.9694 test77_live=0.7554/0.7422 test77_diag_ema=0.8022/0.7753 v13=0.0005 grl=1.0963 v15=0.0000 v15r=0.0000 v16=0.0000 v17=0.0000 v18=0.0000 das=stage3[12,95] p=1.00 ep_time=11.3s
[13:58:34] [save] best_sourcequalified77_ema ep=58 source_val_live=0.9691/0.9694 source_val_ema=0.9691/0.9694 test77_ema=0.8022/0.7753
[13:58:34] [train] epoch 59/100 steps=40 use_dann=0 das=stage3 f=[12.0,95.0] p=1.00 gpu=3.0/15.8GB
[13:58:34] [train] ep=59 step=001/40 ce=0.2579 sc=1.0807 mi=0.0584 dn=0.0000 v13=0.0008 grl=1.0955 v15=0.0000 v15r=0.0000 v16=0.0000 v17=0.0000 v18=0.0000 acc=1.0000 lr=1.19e-04 lambda=0.000 grl_lambda=0.994 v18_lambda=0.000 gpu=3.0/15.8GB
[13:58:36] [train] ep=59 step=010/40 ce=0.3078 sc=0.8272 mi=0.0643 dn=0.0000 v13=0.0006 grl=1.0739 v15=0.0000 v15r=0.0000 v16=0.0000 v17=0.0000 v18=0.0000 acc=0.9938 lr=1.18e-04 lambda=0.000 grl_lambda=0.994 v18_lambda=0.000 gpu=3.0/15.8GB
[13:58:38] [train] ep=59 step=020/40 ce=0.3046 sc=0.8581 mi=0.0649 dn=0.0000 v13=0.0006 grl=1.0801 v15=0.0000 v15r=0.0000 v16=0.0000 v17=0.0000 v18=0.0000 acc=0.9938 lr=1.16e-04 lambda=0.000 grl_lambda=0.994 v18_lambda=0.000 gpu=3.0/15.8GB
[13:58:40] [train] ep=59 step=030/40 ce=0.2918 sc=0.8306 mi=0.0646 dn=0.0000 v13=0.0006 grl=1.0845 v15=0.0000 v15r=0.0000 v16=0.0000 v17=0.0000 v18=0.0000 acc=0.9958 lr=1.15e-04 lambda=0.000 grl_lambda=0.994 v18_lambda=0.000 gpu=3.0/15.8GB
[13:58:42] [train] ep=59 step=040/40 ce=0.2958 sc=0.8222 mi=0.0646 dn=0.0000 v13=0.0007 grl=1.0857 v15=0.0000 v15r=0.0000 v16=0.0000 v17=0.0000 v18=0.0000 acc=0.9953 lr=1.14e-04 lambda=0.000 grl_lambda=0.995 v18_lambda=0.000 gpu=3.0/15.8GB
[13:58:45] [ep_summary] ep=59/100 val_live=0.9691/0.9694 val_ema=0.9691/0.9694 test77_live=0.7482/0.7355 test77_diag_ema=0.8094/0.7877 v13=0.0007 grl=1.0857 v15=0.0000 v15r=0.0000 v16=0.0000 v17=0.0000 v18=0.0000 das=stage3[12,95] p=1.00 ep_time=11.6s
[13:58:45] [save] best_sourcequalified77_ema ep=59 source_val_live=0.9691/0.9694 source_val_ema=0.9691/0.9694 test77_ema=0.8094/0.7877
[13:58:45] [train] epoch 60/100 steps=40 use_dann=0 das=stage3 f=[12.0,95.0] p=1.00 gpu=3.0/15.8GB
[13:58:45] [train] ep=60 step=001/40 ce=0.2579 sc=0.4186 mi=0.0617 dn=0.0000 v13=0.0006 grl=1.0732 v15=0.0000 v15r=0.0000 v16=0.0000 v17=0.0000 v18=0.0000 acc=1.0000 lr=1.14e-04 lambda=0.000 grl_lambda=0.995 v18_lambda=0.000 gpu=3.0/15.8GB
[13:58:47] [train] ep=60 step=010/40 ce=0.2900 sc=0.7240 mi=0.0620 dn=0.0000 v13=0.0006 grl=1.0841 v15=0.0000 v15r=0.0000 v16=0.0000 v17=0.0000 v18=0.0000 acc=1.0000 lr=1.13e-04 lambda=0.000 grl_lambda=0.995 v18_lambda=0.000 gpu=3.0/15.8GB
[13:58:49] [train] ep=60 step=020/40 ce=0.3196 sc=0.8059 mi=0.0636 dn=0.0000 v13=0.0006 grl=1.0878 v15=0.0000 v15r=0.0000 v16=0.0000 v17=0.0000 v18=0.0000 acc=0.9969 lr=1.12e-04 lambda=0.000 grl_lambda=0.995 v18_lambda=0.000 gpu=3.0/15.8GB
[13:58:51] [train] ep=60 step=030/40 ce=0.3057 sc=0.7865 mi=0.0649 dn=0.0000 v13=0.0005 grl=1.0928 v15=0.0000 v15r=0.0000 v16=0.0000 v17=0.0000 v18=0.0000 acc=0.9979 lr=1.11e-04 lambda=0.000 grl_lambda=0.995 v18_lambda=0.000 gpu=3.0/15.8GB
[13:58:53] [train] ep=60 step=040/40 ce=0.2948 sc=0.7630 mi=0.0650 dn=0.0000 v13=0.0006 grl=1.0928 v15=0.0000 v15r=0.0000 v16=0.0000 v17=0.0000 v18=0.0000 acc=0.9984 lr=1.09e-04 lambda=0.000 grl_lambda=0.995 v18_lambda=0.000 gpu=3.0/15.8GB
[13:58:56] [pool] check ep=060/100 source_val_acc_ema=0.9691 threshold=0.90
[13:58:58] [pool] ep=060 ADDED src_val=0.9691/0.9694 dev77=0.7500/0.7341 final77=0.8058/0.7882
[13:58:58] [pool] running best ep=060 dev77_f1=0.7341 final77_f1=0.7882 (pool_size=3)
[13:58:58] [ep_summary] ep=60/100 val_live=0.9691/0.9694 val_ema=0.9691/0.9694 test77_live=0.7698/0.7582 test77_diag_ema=0.8058/0.7882 v13=0.0006 grl=1.0928 v15=0.0000 v15r=0.0000 v16=0.0000 v17=0.0000 v18=0.0000 das=stage3[12,95] p=1.00 ep_time=12.5s
[13:58:58] [save] best_sourcequalified77_ema ep=60 source_val_live=0.9691/0.9694 source_val_ema=0.9691/0.9694 test77_ema=0.8058/0.7882
[13:58:58] [strict77_monitor] ep=60 best_source_epoch=57 source_val_ema=0.9691/0.9694 test77_ema_diag=0.7986/0.7690 sourcequalified_count=60 best_sourcequalified77_epoch=60 source_val_ema=0.9691/0.9694 test77_ema=0.8058/0.7882
[13:58:58] [train] epoch 61/100 steps=40 use_dann=0 das=stage3 f=[12.0,95.0] p=1.00 gpu=3.0/15.8GB
[13:58:58] [train] ep=61 step=001/40 ce=0.2582 sc=0.8747 mi=0.0602 dn=0.0000 v13=0.0008 grl=1.1135 v15=0.0000 v15r=0.0000 v16=0.0000 v17=0.0000 v18=0.0000 acc=1.0000 lr=1.09e-04 lambda=0.000 grl_lambda=0.995 v18_lambda=0.000 gpu=3.0/15.8GB
[13:59:00] [train] ep=61 step=010/40 ce=0.4586 sc=0.9452 mi=0.0634 dn=0.0000 v13=0.0006 grl=1.0821 v15=0.0000 v15r=0.0000 v16=0.0000 v17=0.0000 v18=0.0000 acc=0.9875 lr=1.08e-04 lambda=0.000 grl_lambda=0.995 v18_lambda=0.000 gpu=3.0/15.8GB
[13:59:02] [train] ep=61 step=020/40 ce=0.3595 sc=0.8409 mi=0.0636 dn=0.0000 v13=0.0006 grl=1.0793 v15=0.0000 v15r=0.0000 v16=0.0000 v17=0.0000 v18=0.0000 acc=0.9938 lr=1.07e-04 lambda=0.000 grl_lambda=0.995 v18_lambda=0.000 gpu=3.0/15.8GB
[13:59:04] [train] ep=61 step=030/40 ce=0.3301 sc=0.8139 mi=0.0643 dn=0.0000 v13=0.0006 grl=1.0788 v15=0.0000 v15r=0.0000 v16=0.0000 v17=0.0000 v18=0.0000 acc=0.9958 lr=1.06e-04 lambda=0.000 grl_lambda=0.995 v18_lambda=0.000 gpu=3.0/15.8GB
[13:59:06] [train] ep=61 step=040/40 ce=0.3333 sc=0.8038 mi=0.0650 dn=0.0000 v13=0.0006 grl=1.0868 v15=0.0000 v15r=0.0000 v16=0.0000 v17=0.0000 v18=0.0000 acc=0.9938 lr=1.05e-04 lambda=0.000 grl_lambda=0.996 v18_lambda=0.000 gpu=3.0/15.8GB
[13:59:08] [ep_summary] ep=61/100 val_live=0.9630/0.9631 val_ema=0.9753/0.9755 test77_live=0.7698/0.7592 test77_diag_ema=0.8058/0.7882 v13=0.0006 grl=1.0868 v15=0.0000 v15r=0.0000 v16=0.0000 v17=0.0000 v18=0.0000 das=stage3[12,95] p=1.00 ep_time=10.7s
[13:59:09] [save] best_sourceval_ema val_acc_ema=0.9753 source_val_live=0.9630/0.9631 source_val_ema=0.9753/0.9755 ep=61
[13:59:09] [save] best_sourcequalified77_ema ep=61 source_val_live=0.9630/0.9631 source_val_ema=0.9753/0.9755 test77_ema=0.8058/0.7882
[13:59:09] [train] epoch 62/100 steps=40 use_dann=0 das=stage3 f=[12.0,95.0] p=1.00 gpu=3.0/15.8GB
[13:59:09] [train] ep=62 step=001/40 ce=0.2692 sc=0.6249 mi=0.0725 dn=0.0000 v13=0.0005 grl=1.0452 v15=0.0000 v15r=0.0000 v16=0.0000 v17=0.0000 v18=0.0000 acc=1.0000 lr=1.05e-04 lambda=0.000 grl_lambda=0.996 v18_lambda=0.000 gpu=3.0/15.8GB
[13:59:11] [train] ep=62 step=010/40 ce=0.3547 sc=0.9300 mi=0.0614 dn=0.0000 v13=0.0006 grl=1.0849 v15=0.0000 v15r=0.0000 v16=0.0000 v17=0.0000 v18=0.0000 acc=0.9938 lr=1.04e-04 lambda=0.000 grl_lambda=0.996 v18_lambda=0.000 gpu=3.0/15.8GB
[13:59:13] [train] ep=62 step=020/40 ce=0.3377 sc=0.8260 mi=0.0610 dn=0.0000 v13=0.0006 grl=1.0873 v15=0.0000 v15r=0.0000 v16=0.0000 v17=0.0000 v18=0.0000 acc=0.9938 lr=1.02e-04 lambda=0.000 grl_lambda=0.996 v18_lambda=0.000 gpu=3.0/15.8GB
[13:59:15] [train] ep=62 step=030/40 ce=0.3325 sc=0.7700 mi=0.0627 dn=0.0000 v13=0.0006 grl=1.0919 v15=0.0000 v15r=0.0000 v16=0.0000 v17=0.0000 v18=0.0000 acc=0.9938 lr=1.01e-04 lambda=0.000 grl_lambda=0.996 v18_lambda=0.000 gpu=3.0/15.8GB
[13:59:17] [train] ep=62 step=040/40 ce=0.3144 sc=0.7563 mi=0.0623 dn=0.0000 v13=0.0006 grl=1.0949 v15=0.0000 v15r=0.0000 v16=0.0000 v17=0.0000 v18=0.0000 acc=0.9953 lr=1.00e-04 lambda=0.000 grl_lambda=0.996 v18_lambda=0.000 gpu=3.0/15.8GB
[13:59:20] [ep_summary] ep=62/100 val_live=0.9630/0.9628 val_ema=0.9753/0.9755 test77_live=0.7446/0.7266 test77_diag_ema=0.8022/0.7846 v13=0.0006 grl=1.0949 v15=0.0000 v15r=0.0000 v16=0.0000 v17=0.0000 v18=0.0000 das=stage3[12,95] p=1.00 ep_time=11.1s
[13:59:20] [train] epoch 63/100 steps=40 use_dann=0 das=stage3 f=[12.0,95.0] p=1.00 gpu=3.0/15.8GB
[13:59:20] [train] ep=63 step=001/40 ce=0.2998 sc=0.4370 mi=0.0665 dn=0.0000 v13=0.0008 grl=1.1284 v15=0.0000 v15r=0.0000 v16=0.0000 v17=0.0000 v18=0.0000 acc=1.0000 lr=1.00e-04 lambda=0.000 grl_lambda=0.996 v18_lambda=0.000 gpu=3.0/15.8GB
[13:59:22] [train] ep=63 step=010/40 ce=0.2755 sc=0.5654 mi=0.0636 dn=0.0000 v13=0.0006 grl=1.1003 v15=0.0000 v15r=0.0000 v16=0.0000 v17=0.0000 v18=0.0000 acc=1.0000 lr=9.89e-05 lambda=0.000 grl_lambda=0.996 v18_lambda=0.000 gpu=3.0/15.8GB
[13:59:23] [train] ep=63 step=020/40 ce=0.3128 sc=0.7216 mi=0.0633 dn=0.0000 v13=0.0006 grl=1.1005 v15=0.0000 v15r=0.0000 v16=0.0000 v17=0.0000 v18=0.0000 acc=0.9969 lr=9.78e-05 lambda=0.000 grl_lambda=0.996 v18_lambda=0.000 gpu=3.0/15.8GB
[13:59:25] [train] ep=63 step=030/40 ce=0.3248 sc=0.7715 mi=0.0639 dn=0.0000 v13=0.0006 grl=1.0981 v15=0.0000 v15r=0.0000 v16=0.0000 v17=0.0000 v18=0.0000 acc=0.9958 lr=9.67e-05 lambda=0.000 grl_lambda=0.996 v18_lambda=0.000 gpu=3.0/15.8GB
[13:59:28] [train] ep=63 step=040/40 ce=0.3418 sc=0.7691 mi=0.0639 dn=0.0000 v13=0.0007 grl=1.0938 v15=0.0000 v15r=0.0000 v16=0.0000 v17=0.0000 v18=0.0000 acc=0.9953 lr=9.55e-05 lambda=0.000 grl_lambda=0.996 v18_lambda=0.000 gpu=3.0/15.8GB
[13:59:30] [ep_summary] ep=63/100 val_live=0.9506/0.9498 val_ema=0.9753/0.9755 test77_live=0.7698/0.7590 test77_diag_ema=0.7986/0.7814 v13=0.0007 grl=1.0938 v15=0.0000 v15r=0.0000 v16=0.0000 v17=0.0000 v18=0.0000 das=stage3[12,95] p=1.00 ep_time=10.8s
[13:59:30] [train] epoch 64/100 steps=40 use_dann=0 das=stage3 f=[12.0,95.0] p=1.00 gpu=3.0/15.8GB
[13:59:31] [train] ep=64 step=001/40 ce=0.2594 sc=0.6152 mi=0.0615 dn=0.0000 v13=0.0005 grl=1.0715 v15=0.0000 v15r=0.0000 v16=0.0000 v17=0.0000 v18=0.0000 acc=1.0000 lr=9.54e-05 lambda=0.000 grl_lambda=0.996 v18_lambda=0.000 gpu=3.0/15.8GB
[13:59:32] [train] ep=64 step=010/40 ce=0.3422 sc=0.8185 mi=0.0655 dn=0.0000 v13=0.0006 grl=1.0901 v15=0.0000 v15r=0.0000 v16=0.0000 v17=0.0000 v18=0.0000 acc=0.9938 lr=9.44e-05 lambda=0.000 grl_lambda=0.996 v18_lambda=0.000 gpu=3.0/15.8GB
[13:59:34] [train] ep=64 step=020/40 ce=0.3027 sc=0.8202 mi=0.0640 dn=0.0000 v13=0.0006 grl=1.0887 v15=0.0000 v15r=0.0000 v16=0.0000 v17=0.0000 v18=0.0000 acc=0.9969 lr=9.33e-05 lambda=0.000 grl_lambda=0.997 v18_lambda=0.000 gpu=3.0/15.8GB
[13:59:36] [train] ep=64 step=030/40 ce=0.2973 sc=0.8294 mi=0.0636 dn=0.0000 v13=0.0006 grl=1.0881 v15=0.0000 v15r=0.0000 v16=0.0000 v17=0.0000 v18=0.0000 acc=0.9979 lr=9.21e-05 lambda=0.000 grl_lambda=0.997 v18_lambda=0.000 gpu=3.0/15.8GB
[13:59:38] [train] ep=64 step=040/40 ce=0.2896 sc=0.8224 mi=0.0632 dn=0.0000 v13=0.0006 grl=1.0868 v15=0.0000 v15r=0.0000 v16=0.0000 v17=0.0000 v18=0.0000 acc=0.9984 lr=9.10e-05 lambda=0.000 grl_lambda=0.997 v18_lambda=0.000 gpu=3.0/15.8GB
[13:59:41] [ep_summary] ep=64/100 val_live=0.9506/0.9498 val_ema=0.9753/0.9755 test77_live=0.8129/0.8104 test77_diag_ema=0.8022/0.7848 v13=0.0006 grl=1.0868 v15=0.0000 v15r=0.0000 v16=0.0000 v17=0.0000 v18=0.0000 das=stage3[12,95] p=1.00 ep_time=10.8s
[13:59:41] [train] epoch 65/100 steps=40 use_dann=0 das=stage3 f=[12.0,95.0] p=1.00 gpu=3.0/15.8GB
[13:59:41] [train] ep=65 step=001/40 ce=0.2602 sc=0.6135 mi=0.0698 dn=0.0000 v13=0.0007 grl=1.0679 v15=0.0000 v15r=0.0000 v16=0.0000 v17=0.0000 v18=0.0000 acc=1.0000 lr=9.09e-05 lambda=0.000 grl_lambda=0.997 v18_lambda=0.000 gpu=3.0/15.8GB
[13:59:43] [train] ep=65 step=010/40 ce=0.2806 sc=0.7727 mi=0.0629 dn=0.0000 v13=0.0006 grl=1.0923 v15=0.0000 v15r=0.0000 v16=0.0000 v17=0.0000 v18=0.0000 acc=1.0000 lr=8.99e-05 lambda=0.000 grl_lambda=0.997 v18_lambda=0.000 gpu=3.0/15.8GB
[13:59:45] [train] ep=65 step=020/40 ce=0.2698 sc=0.7772 mi=0.0634 dn=0.0000 v13=0.0006 grl=1.1011 v15=0.0000 v15r=0.0000 v16=0.0000 v17=0.0000 v18=0.0000 acc=1.0000 lr=8.88e-05 lambda=0.000 grl_lambda=0.997 v18_lambda=0.000 gpu=3.0/15.8GB
[13:59:47] [train] ep=65 step=030/40 ce=0.3064 sc=0.8096 mi=0.0625 dn=0.0000 v13=0.0006 grl=1.0962 v15=0.0000 v15r=0.0000 v16=0.0000 v17=0.0000 v18=0.0000 acc=0.9958 lr=8.77e-05 lambda=0.000 grl_lambda=0.997 v18_lambda=0.000 gpu=3.0/15.8GB
[13:59:49] [train] ep=65 step=040/40 ce=0.2963 sc=0.8082 mi=0.0623 dn=0.0000 v13=0.0006 grl=1.0922 v15=0.0000 v15r=0.0000 v16=0.0000 v17=0.0000 v18=0.0000 acc=0.9969 lr=8.66e-05 lambda=0.000 grl_lambda=0.997 v18_lambda=0.000 gpu=3.0/15.8GB
[13:59:52] [ep_summary] ep=65/100 val_live=0.9630/0.9628 val_ema=0.9691/0.9692 test77_live=0.7662/0.7710 test77_diag_ema=0.8022/0.7848 v13=0.0006 grl=1.0922 v15=0.0000 v15r=0.0000 v16=0.0000 v17=0.0000 v18=0.0000 das=stage3[12,95] p=1.00 ep_time=10.9s
[13:59:52] [train] epoch 66/100 steps=40 use_dann=0 das=stage3 f=[12.0,95.0] p=1.00 gpu=3.0/15.8GB
[13:59:52] [train] ep=66 step=001/40 ce=0.2572 sc=0.6456 mi=0.0586 dn=0.0000 v13=0.0005 grl=1.0952 v15=0.0000 v15r=0.0000 v16=0.0000 v17=0.0000 v18=0.0000 acc=1.0000 lr=8.65e-05 lambda=0.000 grl_lambda=0.997 v18_lambda=0.000 gpu=3.0/15.8GB
[13:59:54] [train] ep=66 step=010/40 ce=0.2691 sc=0.7497 mi=0.0629 dn=0.0000 v13=0.0006 grl=1.0906 v15=0.0000 v15r=0.0000 v16=0.0000 v17=0.0000 v18=0.0000 acc=1.0000 lr=8.55e-05 lambda=0.000 grl_lambda=0.997 v18_lambda=0.000 gpu=3.0/15.8GB
[13:59:56] [train] ep=66 step=020/40 ce=0.2639 sc=0.7067 mi=0.0642 dn=0.0000 v13=0.0005 grl=1.0867 v15=0.0000 v15r=0.0000 v16=0.0000 v17=0.0000 v18=0.0000 acc=1.0000 lr=8.44e-05 lambda=0.000 grl_lambda=0.997 v18_lambda=0.000 gpu=3.0/15.8GB
[13:59:58] [train] ep=66 step=030/40 ce=0.2676 sc=0.7278 mi=0.0627 dn=0.0000 v13=0.0005 grl=1.0845 v15=0.0000 v15r=0.0000 v16=0.0000 v17=0.0000 v18=0.0000 acc=1.0000 lr=8.33e-05 lambda=0.000 grl_lambda=0.997 v18_lambda=0.000 gpu=3.0/15.8GB
[14:00:00] [train] ep=66 step=040/40 ce=0.2815 sc=0.7382 mi=0.0630 dn=0.0000 v13=0.0005 grl=1.0870 v15=0.0000 v15r=0.0000 v16=0.0000 v17=0.0000 v18=0.0000 acc=1.0000 lr=8.22e-05 lambda=0.000 grl_lambda=0.997 v18_lambda=0.000 gpu=3.0/15.8GB
[14:00:02] [ep_summary] ep=66/100 val_live=0.9753/0.9756 val_ema=0.9691/0.9692 test77_live=0.7662/0.7702 test77_diag_ema=0.8022/0.7851 v13=0.0005 grl=1.0870 v15=0.0000 v15r=0.0000 v16=0.0000 v17=0.0000 v18=0.0000 das=stage3[12,95] p=1.00 ep_time=10.2s
[14:00:02] [train] epoch 67/100 steps=40 use_dann=0 das=stage3 f=[12.0,95.0] p=1.00 gpu=3.0/15.8GB
[14:00:03] [train] ep=67 step=001/40 ce=0.3044 sc=0.7450 mi=0.0478 dn=0.0000 v13=0.0004 grl=1.0518 v15=0.0000 v15r=0.0000 v16=0.0000 v17=0.0000 v18=0.0000 acc=1.0000 lr=8.21e-05 lambda=0.000 grl_lambda=0.997 v18_lambda=0.000 gpu=3.0/15.8GB
[14:00:04] [train] ep=67 step=010/40 ce=0.2722 sc=0.7116 mi=0.0613 dn=0.0000 v13=0.0005 grl=1.0644 v15=0.0000 v15r=0.0000 v16=0.0000 v17=0.0000 v18=0.0000 acc=1.0000 lr=8.11e-05 lambda=0.000 grl_lambda=0.997 v18_lambda=0.000 gpu=3.0/15.8GB
[14:00:06] [train] ep=67 step=020/40 ce=0.3722 sc=0.8110 mi=0.0618 dn=0.0000 v13=0.0006 grl=1.0821 v15=0.0000 v15r=0.0000 v16=0.0000 v17=0.0000 v18=0.0000 acc=0.9906 lr=8.01e-05 lambda=0.000 grl_lambda=0.997 v18_lambda=0.000 gpu=3.0/15.8GB
[14:00:08] [train] ep=67 step=030/40 ce=0.3681 sc=0.8018 mi=0.0630 dn=0.0000 v13=0.0006 grl=1.0868 v15=0.0000 v15r=0.0000 v16=0.0000 v17=0.0000 v18=0.0000 acc=0.9917 lr=7.90e-05 lambda=0.000 grl_lambda=0.997 v18_lambda=0.000 gpu=3.0/15.8GB
[14:00:10] [train] ep=67 step=040/40 ce=0.3408 sc=0.8088 mi=0.0624 dn=0.0000 v13=0.0006 grl=1.0866 v15=0.0000 v15r=0.0000 v16=0.0000 v17=0.0000 v18=0.0000 acc=0.9938 lr=7.79e-05 lambda=0.000 grl_lambda=0.998 v18_lambda=0.000 gpu=3.0/15.8GB
[14:00:13] [ep_summary] ep=67/100 val_live=0.9568/0.9567 val_ema=0.9691/0.9692 test77_live=0.7590/0.7514 test77_diag_ema=0.8058/0.7904 v13=0.0006 grl=1.0866 v15=0.0000 v15r=0.0000 v16=0.0000 v17=0.0000 v18=0.0000 das=stage3[12,95] p=1.00 ep_time=10.4s
[14:00:13] [save] best_sourcequalified77_ema ep=67 source_val_live=0.9568/0.9567 source_val_ema=0.9691/0.9692 test77_ema=0.8058/0.7904
[14:00:13] [train] epoch 68/100 steps=40 use_dann=0 das=stage3 f=[12.0,95.0] p=1.00 gpu=3.0/15.8GB
[14:00:13] [train] ep=68 step=001/40 ce=0.2622 sc=0.4195 mi=0.0648 dn=0.0000 v13=0.0005 grl=1.0488 v15=0.0000 v15r=0.0000 v16=0.0000 v17=0.0000 v18=0.0000 acc=1.0000 lr=7.78e-05 lambda=0.000 grl_lambda=0.998 v18_lambda=0.000 gpu=3.0/15.8GB
[14:00:15] [train] ep=68 step=010/40 ce=0.2614 sc=0.7078 mi=0.0614 dn=0.0000 v13=0.0005 grl=1.0978 v15=0.0000 v15r=0.0000 v16=0.0000 v17=0.0000 v18=0.0000 acc=1.0000 lr=7.69e-05 lambda=0.000 grl_lambda=0.998 v18_lambda=0.000 gpu=3.0/15.8GB
[14:00:17] [train] ep=68 step=020/40 ce=0.2602 sc=0.6926 mi=0.0617 dn=0.0000 v13=0.0006 grl=1.0931 v15=0.0000 v15r=0.0000 v16=0.0000 v17=0.0000 v18=0.0000 acc=1.0000 lr=7.58e-05 lambda=0.000 grl_lambda=0.998 v18_lambda=0.000 gpu=3.0/15.8GB
[14:00:18] [train] ep=68 step=030/40 ce=0.2630 sc=0.6760 mi=0.0620 dn=0.0000 v13=0.0006 grl=1.0866 v15=0.0000 v15r=0.0000 v16=0.0000 v17=0.0000 v18=0.0000 acc=1.0000 lr=7.48e-05 lambda=0.000 grl_lambda=0.998 v18_lambda=0.000 gpu=3.0/15.8GB
[14:00:20] [train] ep=68 step=040/40 ce=0.2616 sc=0.6985 mi=0.0623 dn=0.0000 v13=0.0005 grl=1.0916 v15=0.0000 v15r=0.0000 v16=0.0000 v17=0.0000 v18=0.0000 acc=1.0000 lr=7.37e-05 lambda=0.000 grl_lambda=0.998 v18_lambda=0.000 gpu=3.0/15.8GB
[14:00:23] [ep_summary] ep=68/100 val_live=0.9568/0.9567 val_ema=0.9691/0.9692 test77_live=0.7590/0.7501 test77_diag_ema=0.8058/0.7904 v13=0.0005 grl=1.0916 v15=0.0000 v15r=0.0000 v16=0.0000 v17=0.0000 v18=0.0000 das=stage3[12,95] p=1.00 ep_time=10.2s
[14:00:23] [train] epoch 69/100 steps=40 use_dann=0 das=stage3 f=[12.0,95.0] p=1.00 gpu=3.0/15.8GB
[14:00:23] [train] ep=69 step=001/40 ce=0.2577 sc=0.6462 mi=0.0577 dn=0.0000 v13=0.0005 grl=1.1199 v15=0.0000 v15r=0.0000 v16=0.0000 v17=0.0000 v18=0.0000 acc=1.0000 lr=7.36e-05 lambda=0.000 grl_lambda=0.998 v18_lambda=0.000 gpu=3.0/15.8GB
[14:00:25] [train] ep=69 step=010/40 ce=0.2597 sc=0.6676 mi=0.0643 dn=0.0000 v13=0.0006 grl=1.0968 v15=0.0000 v15r=0.0000 v16=0.0000 v17=0.0000 v18=0.0000 acc=1.0000 lr=7.27e-05 lambda=0.000 grl_lambda=0.998 v18_lambda=0.000 gpu=3.0/15.8GB
[14:00:27] [train] ep=69 step=020/40 ce=0.2609 sc=0.7109 mi=0.0645 dn=0.0000 v13=0.0006 grl=1.0975 v15=0.0000 v15r=0.0000 v16=0.0000 v17=0.0000 v18=0.0000 acc=1.0000 lr=7.16e-05 lambda=0.000 grl_lambda=0.998 v18_lambda=0.000 gpu=3.0/15.8GB
[14:00:29] [train] ep=69 step=030/40 ce=0.2613 sc=0.7172 mi=0.0644 dn=0.0000 v13=0.0006 grl=1.0961 v15=0.0000 v15r=0.0000 v16=0.0000 v17=0.0000 v18=0.0000 acc=1.0000 lr=7.06e-05 lambda=0.000 grl_lambda=0.998 v18_lambda=0.000 gpu=3.0/15.8GB
[14:00:31] [train] ep=69 step=040/40 ce=0.2666 sc=0.7275 mi=0.0645 dn=0.0000 v13=0.0006 grl=1.0947 v15=0.0000 v15r=0.0000 v16=0.0000 v17=0.0000 v18=0.0000 acc=1.0000 lr=6.96e-05 lambda=0.000 grl_lambda=0.998 v18_lambda=0.000 gpu=3.0/15.8GB
[14:00:33] [ep_summary] ep=69/100 val_live=0.9568/0.9567 val_ema=0.9691/0.9692 test77_live=0.7806/0.7786 test77_diag_ema=0.8058/0.7904 v13=0.0006 grl=1.0947 v15=0.0000 v15r=0.0000 v16=0.0000 v17=0.0000 v18=0.0000 das=stage3[12,95] p=1.00 ep_time=10.3s
[14:00:33] [train] epoch 70/100 steps=40 use_dann=0 das=stage3 f=[12.0,95.0] p=1.00 gpu=3.0/15.8GB
[14:00:34] [train] ep=70 step=001/40 ce=0.5283 sc=0.7989 mi=0.0602 dn=0.0000 v13=0.0007 grl=1.0303 v15=0.0000 v15r=0.0000 v16=0.0000 v17=0.0000 v18=0.0000 acc=1.0000 lr=6.95e-05 lambda=0.000 grl_lambda=0.998 v18_lambda=0.000 gpu=3.0/15.8GB
[14:00:35] [train] ep=70 step=010/40 ce=0.2873 sc=0.8177 mi=0.0687 dn=0.0000 v13=0.0006 grl=1.0998 v15=0.0000 v15r=0.0000 v16=0.0000 v17=0.0000 v18=0.0000 acc=1.0000 lr=6.85e-05 lambda=0.000 grl_lambda=0.998 v18_lambda=0.000 gpu=3.0/15.8GB
[14:00:37] [train] ep=70 step=020/40 ce=0.2723 sc=0.7707 mi=0.0648 dn=0.0000 v13=0.0006 grl=1.1015 v15=0.0000 v15r=0.0000 v16=0.0000 v17=0.0000 v18=0.0000 acc=1.0000 lr=6.75e-05 lambda=0.000 grl_lambda=0.998 v18_lambda=0.000 gpu=3.0/15.8GB
[14:00:39] [train] ep=70 step=030/40 ce=0.2675 sc=0.7954 mi=0.0643 dn=0.0000 v13=0.0006 grl=1.1023 v15=0.0000 v15r=0.0000 v16=0.0000 v17=0.0000 v18=0.0000 acc=1.0000 lr=6.65e-05 lambda=0.000 grl_lambda=0.998 v18_lambda=0.000 gpu=3.0/15.8GB
[14:00:41] [train] ep=70 step=040/40 ce=0.2693 sc=0.8154 mi=0.0645 dn=0.0000 v13=0.0006 grl=1.1026 v15=0.0000 v15r=0.0000 v16=0.0000 v17=0.0000 v18=0.0000 acc=1.0000 lr=6.55e-05 lambda=0.000 grl_lambda=0.998 v18_lambda=0.000 gpu=3.0/15.8GB
[14:00:44] [pool] check ep=070/100 source_val_acc_ema=0.9691 threshold=0.90
[14:00:45] [pool] ep=070 ADDED src_val=0.9691/0.9692 dev77=0.7643/0.7538 final77=0.8058/0.7904
[14:00:45] [pool] running best ep=070 dev77_f1=0.7538 final77_f1=0.7904 (pool_size=4)
[14:00:45] [ep_summary] ep=70/100 val_live=0.9691/0.9694 val_ema=0.9691/0.9692 test77_live=0.7914/0.7928 test77_diag_ema=0.8058/0.7904 v13=0.0006 grl=1.1026 v15=0.0000 v15r=0.0000 v16=0.0000 v17=0.0000 v18=0.0000 das=stage3[12,95] p=1.00 ep_time=11.6s
[14:00:45] [strict77_monitor] ep=70 best_source_epoch=61 source_val_ema=0.9753/0.9755 test77_ema_diag=0.8058/0.7882 sourcequalified_count=70 best_sourcequalified77_epoch=67 source_val_ema=0.9691/0.9692 test77_ema=0.8058/0.7904
[14:00:45] [train] epoch 71/100 steps=40 use_dann=0 das=stage3 f=[12.0,95.0] p=1.00 gpu=3.0/15.8GB
[14:00:45] [train] ep=71 step=001/40 ce=0.2578 sc=0.5373 mi=0.0590 dn=0.0000 v13=0.0003 grl=1.0813 v15=0.0000 v15r=0.0000 v16=0.0000 v17=0.0000 v18=0.0000 acc=1.0000 lr=6.54e-05 lambda=0.000 grl_lambda=0.998 v18_lambda=0.000 gpu=3.0/15.8GB
[14:00:47] [train] ep=71 step=010/40 ce=0.3764 sc=0.8077 mi=0.0611 dn=0.0000 v13=0.0005 grl=1.0829 v15=0.0000 v15r=0.0000 v16=0.0000 v17=0.0000 v18=0.0000 acc=0.9875 lr=6.45e-05 lambda=0.000 grl_lambda=0.998 v18_lambda=0.000 gpu=3.0/15.8GB
[14:00:49] [train] ep=71 step=020/40 ce=0.3279 sc=0.7614 mi=0.0604 dn=0.0000 v13=0.0006 grl=1.0816 v15=0.0000 v15r=0.0000 v16=0.0000 v17=0.0000 v18=0.0000 acc=0.9938 lr=6.35e-05 lambda=0.000 grl_lambda=0.998 v18_lambda=0.000 gpu=3.0/15.8GB
[14:00:51] [train] ep=71 step=030/40 ce=0.3046 sc=0.7861 mi=0.0610 dn=0.0000 v13=0.0006 grl=1.0894 v15=0.0000 v15r=0.0000 v16=0.0000 v17=0.0000 v18=0.0000 acc=0.9958 lr=6.25e-05 lambda=0.000 grl_lambda=0.998 v18_lambda=0.000 gpu=3.0/15.8GB
[14:00:52] [train] ep=71 step=040/40 ce=0.2981 sc=0.7890 mi=0.0615 dn=0.0000 v13=0.0006 grl=1.0929 v15=0.0000 v15r=0.0000 v16=0.0000 v17=0.0000 v18=0.0000 acc=0.9969 lr=6.15e-05 lambda=0.000 grl_lambda=0.998 v18_lambda=0.000 gpu=3.0/15.8GB
[14:00:55] [ep_summary] ep=71/100 val_live=0.9506/0.9498 val_ema=0.9691/0.9692 test77_live=0.7698/0.7645 test77_diag_ema=0.8094/0.7956 v13=0.0006 grl=1.0929 v15=0.0000 v15r=0.0000 v16=0.0000 v17=0.0000 v18=0.0000 das=stage3[12,95] p=1.00 ep_time=10.3s
[14:00:55] [save] best_sourcequalified77_ema ep=71 source_val_live=0.9506/0.9498 source_val_ema=0.9691/0.9692 test77_ema=0.8094/0.7956
[14:00:55] [train] epoch 72/100 steps=40 use_dann=0 das=stage3 f=[12.0,95.0] p=1.00 gpu=3.0/15.8GB
[14:00:56] [train] ep=72 step=001/40 ce=0.2570 sc=0.4183 mi=0.0572 dn=0.0000 v13=0.0006 grl=1.1562 v15=0.0000 v15r=0.0000 v16=0.0000 v17=0.0000 v18=0.0000 acc=1.0000 lr=6.14e-05 lambda=0.000 grl_lambda=0.998 v18_lambda=0.000 gpu=3.0/15.8GB
[14:00:57] [train] ep=72 step=010/40 ce=0.2582 sc=0.8641 mi=0.0641 dn=0.0000 v13=0.0006 grl=1.1013 v15=0.0000 v15r=0.0000 v16=0.0000 v17=0.0000 v18=0.0000 acc=1.0000 lr=6.06e-05 lambda=0.000 grl_lambda=0.998 v18_lambda=0.000 gpu=3.0/15.8GB
[14:00:59] [train] ep=72 step=020/40 ce=0.2584 sc=0.7749 mi=0.0623 dn=0.0000 v13=0.0005 grl=1.0981 v15=0.0000 v15r=0.0000 v16=0.0000 v17=0.0000 v18=0.0000 acc=1.0000 lr=5.96e-05 lambda=0.000 grl_lambda=0.998 v18_lambda=0.000 gpu=3.0/15.8GB
[14:01:01] [train] ep=72 step=030/40 ce=0.3087 sc=0.8219 mi=0.0622 dn=0.0000 v13=0.0005 grl=1.0919 v15=0.0000 v15r=0.0000 v16=0.0000 v17=0.0000 v18=0.0000 acc=0.9958 lr=5.86e-05 lambda=0.000 grl_lambda=0.998 v18_lambda=0.000 gpu=3.0/15.8GB
[14:01:03] [train] ep=72 step=040/40 ce=0.3217 sc=0.8575 mi=0.0624 dn=0.0000 v13=0.0005 grl=1.0894 v15=0.0000 v15r=0.0000 v16=0.0000 v17=0.0000 v18=0.0000 acc=0.9953 lr=5.77e-05 lambda=0.000 grl_lambda=0.999 v18_lambda=0.000 gpu=3.0/15.8GB
[14:01:06] [ep_summary] ep=72/100 val_live=0.9506/0.9498 val_ema=0.9691/0.9692 test77_live=0.7410/0.7269 test77_diag_ema=0.8058/0.7921 v13=0.0005 grl=1.0894 v15=0.0000 v15r=0.0000 v16=0.0000 v17=0.0000 v18=0.0000 das=stage3[12,95] p=1.00 ep_time=10.5s
[14:01:06] [train] epoch 73/100 steps=40 use_dann=0 das=stage3 f=[12.0,95.0] p=1.00 gpu=3.0/15.8GB
[14:01:06] [train] ep=73 step=001/40 ce=0.2590 sc=0.6198 mi=0.0586 dn=0.0000 v13=0.0005 grl=1.1665 v15=0.0000 v15r=0.0000 v16=0.0000 v17=0.0000 v18=0.0000 acc=1.0000 lr=5.76e-05 lambda=0.000 grl_lambda=0.999 v18_lambda=0.000 gpu=3.0/15.8GB
[14:01:08] [train] ep=73 step=010/40 ce=0.4183 sc=0.7528 mi=0.0637 dn=0.0000 v13=0.0006 grl=1.1036 v15=0.0000 v15r=0.0000 v16=0.0000 v17=0.0000 v18=0.0000 acc=0.9875 lr=5.67e-05 lambda=0.000 grl_lambda=0.999 v18_lambda=0.000 gpu=3.0/15.8GB
[14:01:10] [train] ep=73 step=020/40 ce=0.3850 sc=0.7215 mi=0.0642 dn=0.0000 v13=0.0005 grl=1.1096 v15=0.0000 v15r=0.0000 v16=0.0000 v17=0.0000 v18=0.0000 acc=0.9906 lr=5.58e-05 lambda=0.000 grl_lambda=0.999 v18_lambda=0.000 gpu=3.0/15.8GB
[14:01:12] [train] ep=73 step=030/40 ce=0.3629 sc=0.7048 mi=0.0636 dn=0.0000 v13=0.0005 grl=1.1029 v15=0.0000 v15r=0.0000 v16=0.0000 v17=0.0000 v18=0.0000 acc=0.9938 lr=5.48e-05 lambda=0.000 grl_lambda=0.999 v18_lambda=0.000 gpu=3.0/15.8GB
[14:01:14] [train] ep=73 step=040/40 ce=0.3552 sc=0.7247 mi=0.0638 dn=0.0000 v13=0.0005 grl=1.1024 v15=0.0000 v15r=0.0000 v16=0.0000 v17=0.0000 v18=0.0000 acc=0.9938 lr=5.39e-05 lambda=0.000 grl_lambda=0.999 v18_lambda=0.000 gpu=3.0/15.8GB
[14:01:17] [ep_summary] ep=73/100 val_live=0.9630/0.9631 val_ema=0.9691/0.9692 test77_live=0.7302/0.7285 test77_diag_ema=0.7986/0.7877 v13=0.0005 grl=1.1024 v15=0.0000 v15r=0.0000 v16=0.0000 v17=0.0000 v18=0.0000 das=stage3[12,95] p=1.00 ep_time=10.9s
[14:01:17] [train] epoch 74/100 steps=40 use_dann=0 das=stage3 f=[12.0,95.0] p=1.00 gpu=3.0/15.8GB
[14:01:17] [train] ep=74 step=001/40 ce=0.2583 sc=0.8659 mi=0.0597 dn=0.0000 v13=0.0004 grl=1.1252 v15=0.0000 v15r=0.0000 v16=0.0000 v17=0.0000 v18=0.0000 acc=1.0000 lr=5.38e-05 lambda=0.000 grl_lambda=0.999 v18_lambda=0.000 gpu=3.0/15.8GB
[14:01:19] [train] ep=74 step=010/40 ce=0.3021 sc=0.7737 mi=0.0617 dn=0.0000 v13=0.0005 grl=1.0995 v15=0.0000 v15r=0.0000 v16=0.0000 v17=0.0000 v18=0.0000 acc=0.9938 lr=5.30e-05 lambda=0.000 grl_lambda=0.999 v18_lambda=0.000 gpu=3.0/15.8GB
[14:01:20] [train] ep=74 step=020/40 ce=0.2891 sc=0.7684 mi=0.0630 dn=0.0000 v13=0.0005 grl=1.0977 v15=0.0000 v15r=0.0000 v16=0.0000 v17=0.0000 v18=0.0000 acc=0.9969 lr=5.20e-05 lambda=0.000 grl_lambda=0.999 v18_lambda=0.000 gpu=3.0/15.8GB
[14:01:22] [train] ep=74 step=030/40 ce=0.2790 sc=0.7664 mi=0.0625 dn=0.0000 v13=0.0005 grl=1.0955 v15=0.0000 v15r=0.0000 v16=0.0000 v17=0.0000 v18=0.0000 acc=0.9979 lr=5.11e-05 lambda=0.000 grl_lambda=0.999 v18_lambda=0.000 gpu=3.0/15.8GB
[14:01:24] [train] ep=74 step=040/40 ce=0.2747 sc=0.7584 mi=0.0629 dn=0.0000 v13=0.0005 grl=1.0937 v15=0.0000 v15r=0.0000 v16=0.0000 v17=0.0000 v18=0.0000 acc=0.9984 lr=5.02e-05 lambda=0.000 grl_lambda=0.999 v18_lambda=0.000 gpu=3.0/15.8GB
[14:01:27] [ep_summary] ep=74/100 val_live=0.9506/0.9503 val_ema=0.9691/0.9692 test77_live=0.7374/0.7366 test77_diag_ema=0.7914/0.7797 v13=0.0005 grl=1.0937 v15=0.0000 v15r=0.0000 v16=0.0000 v17=0.0000 v18=0.0000 das=stage3[12,95] p=1.00 ep_time=10.3s
[14:01:27] [train] epoch 75/100 steps=40 use_dann=0 das=stage3 f=[12.0,95.0] p=1.00 gpu=3.0/15.8GB
[14:01:27] [train] ep=75 step=001/40 ce=0.2650 sc=0.7544 mi=0.0713 dn=0.0000 v13=0.0004 grl=1.0496 v15=0.0000 v15r=0.0000 v16=0.0000 v17=0.0000 v18=0.0000 acc=1.0000 lr=5.01e-05 lambda=0.000 grl_lambda=0.999 v18_lambda=0.000 gpu=3.0/15.8GB
[14:01:29] [train] ep=75 step=010/40 ce=0.2585 sc=0.7309 mi=0.0612 dn=0.0000 v13=0.0005 grl=1.0823 v15=0.0000 v15r=0.0000 v16=0.0000 v17=0.0000 v18=0.0000 acc=1.0000 lr=4.93e-05 lambda=0.000 grl_lambda=0.999 v18_lambda=0.000 gpu=3.0/15.8GB
[14:01:31] [train] ep=75 step=020/40 ce=0.2584 sc=0.7527 mi=0.0611 dn=0.0000 v13=0.0005 grl=1.0739 v15=0.0000 v15r=0.0000 v16=0.0000 v17=0.0000 v18=0.0000 acc=1.0000 lr=4.84e-05 lambda=0.000 grl_lambda=0.999 v18_lambda=0.000 gpu=3.0/15.8GB
[14:01:33] [train] ep=75 step=030/40 ce=0.2697 sc=0.7489 mi=0.0616 dn=0.0000 v13=0.0005 grl=1.0793 v15=0.0000 v15r=0.0000 v16=0.0000 v17=0.0000 v18=0.0000 acc=1.0000 lr=4.75e-05 lambda=0.000 grl_lambda=0.999 v18_lambda=0.000 gpu=3.0/15.8GB
[14:01:35] [train] ep=75 step=040/40 ce=0.2667 sc=0.7316 mi=0.0629 dn=0.0000 v13=0.0005 grl=1.0886 v15=0.0000 v15r=0.0000 v16=0.0000 v17=0.0000 v18=0.0000 acc=1.0000 lr=4.66e-05 lambda=0.000 grl_lambda=0.999 v18_lambda=0.000 gpu=3.0/15.8GB
[14:01:38] [ep_summary] ep=75/100 val_live=0.9691/0.9694 val_ema=0.9691/0.9692 test77_live=0.7410/0.7404 test77_diag_ema=0.7914/0.7817 v13=0.0005 grl=1.0886 v15=0.0000 v15r=0.0000 v16=0.0000 v17=0.0000 v18=0.0000 das=stage3[12,95] p=1.00 ep_time=11.0s
[14:01:38] [train] epoch 76/100 steps=40 use_dann=0 das=stage3 f=[12.0,95.0] p=1.00 gpu=3.0/15.8GB
[14:01:38] [train] ep=76 step=001/40 ce=0.2570 sc=0.7420 mi=0.0575 dn=0.0000 v13=0.0004 grl=1.1111 v15=0.0000 v15r=0.0000 v16=0.0000 v17=0.0000 v18=0.0000 acc=1.0000 lr=4.65e-05 lambda=0.000 grl_lambda=0.999 v18_lambda=0.000 gpu=3.0/15.8GB
[14:01:40] [train] ep=76 step=010/40 ce=0.3485 sc=0.8407 mi=0.0595 dn=0.0000 v13=0.0006 grl=1.0836 v15=0.0000 v15r=0.0000 v16=0.0000 v17=0.0000 v18=0.0000 acc=0.9938 lr=4.58e-05 lambda=0.000 grl_lambda=0.999 v18_lambda=0.000 gpu=3.0/15.8GB
[14:01:42] [train] ep=76 step=020/40 ce=0.3030 sc=0.8059 mi=0.0638 dn=0.0000 v13=0.0006 grl=1.0919 v15=0.0000 v15r=0.0000 v16=0.0000 v17=0.0000 v18=0.0000 acc=0.9969 lr=4.49e-05 lambda=0.000 grl_lambda=0.999 v18_lambda=0.000 gpu=3.0/15.8GB
[14:01:44] [train] ep=76 step=030/40 ce=0.3190 sc=0.8216 mi=0.0642 dn=0.0000 v13=0.0006 grl=1.0896 v15=0.0000 v15r=0.0000 v16=0.0000 v17=0.0000 v18=0.0000 acc=0.9958 lr=4.40e-05 lambda=0.000 grl_lambda=0.999 v18_lambda=0.000 gpu=3.0/15.8GB
[14:01:46] [train] ep=76 step=040/40 ce=0.3043 sc=0.7660 mi=0.0631 dn=0.0000 v13=0.0005 grl=1.0867 v15=0.0000 v15r=0.0000 v16=0.0000 v17=0.0000 v18=0.0000 acc=0.9969 lr=4.32e-05 lambda=0.000 grl_lambda=0.999 v18_lambda=0.000 gpu=3.0/15.8GB
[14:01:48] [ep_summary] ep=76/100 val_live=0.9691/0.9694 val_ema=0.9691/0.9692 test77_live=0.7950/0.7897 test77_diag_ema=0.7878/0.7783 v13=0.0005 grl=1.0867 v15=0.0000 v15r=0.0000 v16=0.0000 v17=0.0000 v18=0.0000 das=stage3[12,95] p=1.00 ep_time=10.6s
[14:01:48] [train] epoch 77/100 steps=40 use_dann=0 das=stage3 f=[12.0,95.0] p=1.00 gpu=3.0/15.8GB
[14:01:49] [train] ep=77 step=001/40 ce=0.2568 sc=0.5381 mi=0.0558 dn=0.0000 v13=0.0007 grl=1.1025 v15=0.0000 v15r=0.0000 v16=0.0000 v17=0.0000 v18=0.0000 acc=1.0000 lr=4.31e-05 lambda=0.000 grl_lambda=0.999 v18_lambda=0.000 gpu=3.0/15.8GB
[14:01:50] [train] ep=77 step=010/40 ce=0.2573 sc=0.6576 mi=0.0619 dn=0.0000 v13=0.0006 grl=1.0988 v15=0.0000 v15r=0.0000 v16=0.0000 v17=0.0000 v18=0.0000 acc=1.0000 lr=4.23e-05 lambda=0.000 grl_lambda=0.999 v18_lambda=0.000 gpu=3.0/15.8GB
[14:01:52] [train] ep=77 step=020/40 ce=0.2574 sc=0.7474 mi=0.0640 dn=0.0000 v13=0.0005 grl=1.1000 v15=0.0000 v15r=0.0000 v16=0.0000 v17=0.0000 v18=0.0000 acc=1.0000 lr=4.15e-05 lambda=0.000 grl_lambda=0.999 v18_lambda=0.000 gpu=3.0/15.8GB
[14:01:54] [train] ep=77 step=030/40 ce=0.2746 sc=0.7951 mi=0.0646 dn=0.0000 v13=0.0005 grl=1.1012 v15=0.0000 v15r=0.0000 v16=0.0000 v17=0.0000 v18=0.0000 acc=1.0000 lr=4.06e-05 lambda=0.000 grl_lambda=0.999 v18_lambda=0.000 gpu=3.0/15.8GB
[14:01:56] [train] ep=77 step=040/40 ce=0.2782 sc=0.8131 mi=0.0638 dn=0.0000 v13=0.0005 grl=1.1041 v15=0.0000 v15r=0.0000 v16=0.0000 v17=0.0000 v18=0.0000 acc=1.0000 lr=3.98e-05 lambda=0.000 grl_lambda=0.999 v18_lambda=0.000 gpu=3.0/15.8GB
[14:01:59] [ep_summary] ep=77/100 val_live=0.9691/0.9694 val_ema=0.9691/0.9692 test77_live=0.7770/0.7671 test77_diag_ema=0.7806/0.7718 v13=0.0005 grl=1.1041 v15=0.0000 v15r=0.0000 v16=0.0000 v17=0.0000 v18=0.0000 das=stage3[12,95] p=1.00 ep_time=10.5s
[14:01:59] [train] epoch 78/100 steps=40 use_dann=0 das=stage3 f=[12.0,95.0] p=1.00 gpu=3.0/15.8GB
[14:01:59] [train] ep=78 step=001/40 ce=0.2568 sc=0.9618 mi=0.0617 dn=0.0000 v13=0.0003 grl=1.1375 v15=0.0000 v15r=0.0000 v16=0.0000 v17=0.0000 v18=0.0000 acc=1.0000 lr=3.97e-05 lambda=0.000 grl_lambda=0.999 v18_lambda=0.000 gpu=3.0/15.8GB
[14:02:01] [train] ep=78 step=010/40 ce=0.2575 sc=0.7689 mi=0.0617 dn=0.0000 v13=0.0004 grl=1.0833 v15=0.0000 v15r=0.0000 v16=0.0000 v17=0.0000 v18=0.0000 acc=1.0000 lr=3.90e-05 lambda=0.000 grl_lambda=0.999 v18_lambda=0.000 gpu=3.0/15.8GB
[14:02:03] [train] ep=78 step=020/40 ce=0.2577 sc=0.6806 mi=0.0614 dn=0.0000 v13=0.0004 grl=1.0931 v15=0.0000 v15r=0.0000 v16=0.0000 v17=0.0000 v18=0.0000 acc=1.0000 lr=3.82e-05 lambda=0.000 grl_lambda=0.999 v18_lambda=0.000 gpu=3.0/15.8GB
[14:02:05] [train] ep=78 step=030/40 ce=0.2582 sc=0.6972 mi=0.0618 dn=0.0000 v13=0.0005 grl=1.0944 v15=0.0000 v15r=0.0000 v16=0.0000 v17=0.0000 v18=0.0000 acc=1.0000 lr=3.74e-05 lambda=0.000 grl_lambda=0.999 v18_lambda=0.000 gpu=3.0/15.8GB
[14:02:06] [train] ep=78 step=040/40 ce=0.2580 sc=0.7128 mi=0.0634 dn=0.0000 v13=0.0004 grl=1.0959 v15=0.0000 v15r=0.0000 v16=0.0000 v17=0.0000 v18=0.0000 acc=1.0000 lr=3.66e-05 lambda=0.000 grl_lambda=0.999 v18_lambda=0.000 gpu=3.0/15.8GB
[14:02:09] [ep_summary] ep=78/100 val_live=0.9815/0.9817 val_ema=0.9691/0.9692 test77_live=0.7698/0.7621 test77_diag_ema=0.7770/0.7683 v13=0.0004 grl=1.0959 v15=0.0000 v15r=0.0000 v16=0.0000 v17=0.0000 v18=0.0000 das=stage3[12,95] p=1.00 ep_time=10.4s
[14:02:09] [train] epoch 79/100 steps=40 use_dann=0 das=stage3 f=[12.0,95.0] p=1.00 gpu=3.0/15.8GB
[14:02:10] [train] ep=79 step=001/40 ce=0.2780 sc=1.0594 mi=0.0536 dn=0.0000 v13=0.0006 grl=1.0869 v15=0.0000 v15r=0.0000 v16=0.0000 v17=0.0000 v18=0.0000 acc=1.0000 lr=3.65e-05 lambda=0.000 grl_lambda=0.999 v18_lambda=0.000 gpu=3.0/15.8GB
[14:02:11] [train] ep=79 step=010/40 ce=0.2703 sc=0.8028 mi=0.0606 dn=0.0000 v13=0.0005 grl=1.0882 v15=0.0000 v15r=0.0000 v16=0.0000 v17=0.0000 v18=0.0000 acc=1.0000 lr=3.58e-05 lambda=0.000 grl_lambda=0.999 v18_lambda=0.000 gpu=3.0/15.8GB
[14:02:13] [train] ep=79 step=020/40 ce=0.2641 sc=0.7719 mi=0.0613 dn=0.0000 v13=0.0005 grl=1.0915 v15=0.0000 v15r=0.0000 v16=0.0000 v17=0.0000 v18=0.0000 acc=1.0000 lr=3.50e-05 lambda=0.000 grl_lambda=0.999 v18_lambda=0.000 gpu=3.0/15.8GB
[14:02:15] [train] ep=79 step=030/40 ce=0.2840 sc=0.7866 mi=0.0612 dn=0.0000 v13=0.0005 grl=1.0913 v15=0.0000 v15r=0.0000 v16=0.0000 v17=0.0000 v18=0.0000 acc=0.9979 lr=3.42e-05 lambda=0.000 grl_lambda=0.999 v18_lambda=0.000 gpu=3.0/15.8GB
[14:02:17] [train] ep=79 step=040/40 ce=0.2835 sc=0.7925 mi=0.0620 dn=0.0000 v13=0.0005 grl=1.0913 v15=0.0000 v15r=0.0000 v16=0.0000 v17=0.0000 v18=0.0000 acc=0.9984 lr=3.35e-05 lambda=0.000 grl_lambda=0.999 v18_lambda=0.000 gpu=3.0/15.8GB
[14:02:20] [ep_summary] ep=79/100 val_live=0.9815/0.9817 val_ema=0.9691/0.9692 test77_live=0.7878/0.7842 test77_diag_ema=0.7770/0.7683 v13=0.0005 grl=1.0913 v15=0.0000 v15r=0.0000 v16=0.0000 v17=0.0000 v18=0.0000 das=stage3[12,95] p=1.00 ep_time=10.4s
[14:02:20] [train] epoch 80/100 steps=40 use_dann=0 das=stage3 f=[12.0,95.0] p=1.00 gpu=3.0/15.8GB
[14:02:20] [train] ep=80 step=001/40 ce=0.2562 sc=0.5978 mi=0.0663 dn=0.0000 v13=0.0004 grl=1.0801 v15=0.0000 v15r=0.0000 v16=0.0000 v17=0.0000 v18=0.0000 acc=1.0000 lr=3.34e-05 lambda=0.000 grl_lambda=0.999 v18_lambda=0.000 gpu=3.0/15.8GB
[14:02:22] [train] ep=80 step=010/40 ce=0.2585 sc=0.7493 mi=0.0581 dn=0.0000 v13=0.0004 grl=1.0783 v15=0.0000 v15r=0.0000 v16=0.0000 v17=0.0000 v18=0.0000 acc=1.0000 lr=3.27e-05 lambda=0.000 grl_lambda=0.999 v18_lambda=0.000 gpu=3.0/15.8GB
[14:02:23] [train] ep=80 step=020/40 ce=0.2584 sc=0.7920 mi=0.0600 dn=0.0000 v13=0.0004 grl=1.0882 v15=0.0000 v15r=0.0000 v16=0.0000 v17=0.0000 v18=0.0000 acc=1.0000 lr=3.19e-05 lambda=0.000 grl_lambda=0.999 v18_lambda=0.000 gpu=3.0/15.8GB
[14:02:25] [train] ep=80 step=030/40 ce=0.2965 sc=0.8205 mi=0.0603 dn=0.0000 v13=0.0005 grl=1.0917 v15=0.0000 v15r=0.0000 v16=0.0000 v17=0.0000 v18=0.0000 acc=0.9979 lr=3.12e-05 lambda=0.000 grl_lambda=0.999 v18_lambda=0.000 gpu=3.0/15.8GB
[14:02:27] [train] ep=80 step=040/40 ce=0.2869 sc=0.8008 mi=0.0613 dn=0.0000 v13=0.0005 grl=1.0916 v15=0.0000 v15r=0.0000 v16=0.0000 v17=0.0000 v18=0.0000 acc=0.9984 lr=3.05e-05 lambda=0.000 grl_lambda=0.999 v18_lambda=0.000 gpu=3.0/15.8GB
[14:02:30] [pool] check ep=080/100 source_val_acc_ema=0.9691 threshold=0.90
[14:02:31] [pool] ep=080 ADDED src_val=0.9691/0.9692 dev77=0.7571/0.7505 final77=0.7734/0.7647
[14:02:31] [pool] running best ep=070 dev77_f1=0.7538 final77_f1=0.7904 (pool_size=5)
[14:02:31] [ep_summary] ep=80/100 val_live=0.9630/0.9628 val_ema=0.9691/0.9692 test77_live=0.7770/0.7721 test77_diag_ema=0.7734/0.7647 v13=0.0005 grl=1.0916 v15=0.0000 v15r=0.0000 v16=0.0000 v17=0.0000 v18=0.0000 das=stage3[12,95] p=1.00 ep_time=11.6s
[14:02:31] [strict77_monitor] ep=80 best_source_epoch=61 source_val_ema=0.9753/0.9755 test77_ema_diag=0.8058/0.7882 sourcequalified_count=80 best_sourcequalified77_epoch=71 source_val_ema=0.9691/0.9692 test77_ema=0.8094/0.7956
[14:02:31] [train] epoch 81/100 steps=40 use_dann=0 das=stage3 f=[12.0,95.0] p=1.00 gpu=3.0/15.8GB
[14:02:32] [train] ep=81 step=001/40 ce=0.2563 sc=0.7296 mi=0.0585 dn=0.0000 v13=0.0003 grl=1.0466 v15=0.0000 v15r=0.0000 v16=0.0000 v17=0.0000 v18=0.0000 acc=1.0000 lr=3.04e-05 lambda=0.000 grl_lambda=0.999 v18_lambda=0.000 gpu=3.0/15.8GB
[14:02:33] [train] ep=81 step=010/40 ce=0.2576 sc=0.8137 mi=0.0602 dn=0.0000 v13=0.0005 grl=1.0864 v15=0.0000 v15r=0.0000 v16=0.0000 v17=0.0000 v18=0.0000 acc=1.0000 lr=2.97e-05 lambda=0.000 grl_lambda=0.999 v18_lambda=0.000 gpu=3.0/15.8GB
[14:02:35] [train] ep=81 step=020/40 ce=0.2578 sc=0.8136 mi=0.0600 dn=0.0000 v13=0.0005 grl=1.0960 v15=0.0000 v15r=0.0000 v16=0.0000 v17=0.0000 v18=0.0000 acc=1.0000 lr=2.90e-05 lambda=0.000 grl_lambda=0.999 v18_lambda=0.000 gpu=3.0/15.8GB
[14:02:37] [train] ep=81 step=030/40 ce=0.2576 sc=0.7961 mi=0.0608 dn=0.0000 v13=0.0005 grl=1.0948 v15=0.0000 v15r=0.0000 v16=0.0000 v17=0.0000 v18=0.0000 acc=1.0000 lr=2.83e-05 lambda=0.000 grl_lambda=0.999 v18_lambda=0.000 gpu=3.0/15.8GB
[14:02:39] [train] ep=81 step=040/40 ce=0.2640 sc=0.7567 mi=0.0605 dn=0.0000 v13=0.0005 grl=1.0915 v15=0.0000 v15r=0.0000 v16=0.0000 v17=0.0000 v18=0.0000 acc=1.0000 lr=2.76e-05 lambda=0.000 grl_lambda=0.999 v18_lambda=0.000 gpu=3.0/15.8GB
[14:02:42] [ep_summary] ep=81/100 val_live=0.9630/0.9628 val_ema=0.9691/0.9692 test77_live=0.7914/0.7887 test77_diag_ema=0.7770/0.7694 v13=0.0005 grl=1.0915 v15=0.0000 v15r=0.0000 v16=0.0000 v17=0.0000 v18=0.0000 das=stage3[12,95] p=1.00 ep_time=10.3s
[14:02:42] [train] epoch 82/100 steps=40 use_dann=0 das=stage3 f=[12.0,95.0] p=1.00 gpu=3.0/15.8GB
[14:02:42] [train] ep=82 step=001/40 ce=0.2556 sc=0.5655 mi=0.0636 dn=0.0000 v13=0.0004 grl=1.0510 v15=0.0000 v15r=0.0000 v16=0.0000 v17=0.0000 v18=0.0000 acc=1.0000 lr=2.75e-05 lambda=0.000 grl_lambda=0.999 v18_lambda=0.000 gpu=3.0/15.8GB
[14:02:43] [train] ep=82 step=010/40 ce=0.2573 sc=0.7199 mi=0.0655 dn=0.0000 v13=0.0005 grl=1.1114 v15=0.0000 v15r=0.0000 v16=0.0000 v17=0.0000 v18=0.0000 acc=1.0000 lr=2.69e-05 lambda=0.000 grl_lambda=0.999 v18_lambda=0.000 gpu=3.0/15.8GB
[14:02:45] [train] ep=82 step=020/40 ce=0.2573 sc=0.7445 mi=0.0648 dn=0.0000 v13=0.0005 grl=1.1004 v15=0.0000 v15r=0.0000 v16=0.0000 v17=0.0000 v18=0.0000 acc=1.0000 lr=2.62e-05 lambda=0.000 grl_lambda=0.999 v18_lambda=0.000 gpu=3.0/15.8GB
[14:02:47] [train] ep=82 step=030/40 ce=0.2574 sc=0.7692 mi=0.0637 dn=0.0000 v13=0.0004 grl=1.0941 v15=0.0000 v15r=0.0000 v16=0.0000 v17=0.0000 v18=0.0000 acc=1.0000 lr=2.55e-05 lambda=0.000 grl_lambda=0.999 v18_lambda=0.000 gpu=3.0/15.8GB
[14:02:49] [train] ep=82 step=040/40 ce=0.2772 sc=0.7817 mi=0.0638 dn=0.0000 v13=0.0004 grl=1.0909 v15=0.0000 v15r=0.0000 v16=0.0000 v17=0.0000 v18=0.0000 acc=0.9984 lr=2.48e-05 lambda=0.000 grl_lambda=0.999 v18_lambda=0.000 gpu=3.0/15.8GB
[14:02:52] [ep_summary] ep=82/100 val_live=0.9630/0.9628 val_ema=0.9691/0.9692 test77_live=0.7950/0.7923 test77_diag_ema=0.7734/0.7655 v13=0.0004 grl=1.0909 v15=0.0000 v15r=0.0000 v16=0.0000 v17=0.0000 v18=0.0000 das=stage3[12,95] p=1.00 ep_time=10.2s
[14:02:52] [train] epoch 83/100 steps=40 use_dann=0 das=stage3 f=[12.0,95.0] p=1.00 gpu=3.0/15.8GB
[14:02:52] [train] ep=83 step=001/40 ce=0.2569 sc=0.8235 mi=0.0640 dn=0.0000 v13=0.0007 grl=1.1040 v15=0.0000 v15r=0.0000 v16=0.0000 v17=0.0000 v18=0.0000 acc=1.0000 lr=2.48e-05 lambda=0.000 grl_lambda=0.999 v18_lambda=0.000 gpu=3.0/15.8GB
[14:02:54] [train] ep=83 step=010/40 ce=0.3293 sc=0.7830 mi=0.0626 dn=0.0000 v13=0.0005 grl=1.0855 v15=0.0000 v15r=0.0000 v16=0.0000 v17=0.0000 v18=0.0000 acc=0.9938 lr=2.42e-05 lambda=0.000 grl_lambda=0.999 v18_lambda=0.000 gpu=3.0/15.8GB
[14:02:56] [train] ep=83 step=020/40 ce=0.2934 sc=0.7421 mi=0.0621 dn=0.0000 v13=0.0005 grl=1.0872 v15=0.0000 v15r=0.0000 v16=0.0000 v17=0.0000 v18=0.0000 acc=0.9969 lr=2.35e-05 lambda=0.000 grl_lambda=0.999 v18_lambda=0.000 gpu=3.0/15.8GB
[14:02:57] [train] ep=83 step=030/40 ce=0.2828 sc=0.7556 mi=0.0622 dn=0.0000 v13=0.0005 grl=1.0921 v15=0.0000 v15r=0.0000 v16=0.0000 v17=0.0000 v18=0.0000 acc=0.9979 lr=2.29e-05 lambda=0.000 grl_lambda=0.999 v18_lambda=0.000 gpu=3.0/15.8GB
[14:02:59] [train] ep=83 step=040/40 ce=0.2764 sc=0.7829 mi=0.0622 dn=0.0000 v13=0.0005 grl=1.0944 v15=0.0000 v15r=0.0000 v16=0.0000 v17=0.0000 v18=0.0000 acc=0.9984 lr=2.22e-05 lambda=0.000 grl_lambda=1.000 v18_lambda=0.000 gpu=3.0/15.8GB
[14:03:02] [ep_summary] ep=83/100 val_live=0.9630/0.9628 val_ema=0.9691/0.9692 test77_live=0.7734/0.7704 test77_diag_ema=0.7698/0.7613 v13=0.0005 grl=1.0944 v15=0.0000 v15r=0.0000 v16=0.0000 v17=0.0000 v18=0.0000 das=stage3[12,95] p=1.00 ep_time=10.2s
[14:03:02] [train] epoch 84/100 steps=40 use_dann=0 das=stage3 f=[12.0,95.0] p=1.00 gpu=3.0/15.8GB
[14:03:02] [train] ep=84 step=001/40 ce=0.2666 sc=0.9836 mi=0.0604 dn=0.0000 v13=0.0005 grl=1.0964 v15=0.0000 v15r=0.0000 v16=0.0000 v17=0.0000 v18=0.0000 acc=1.0000 lr=2.22e-05 lambda=0.000 grl_lambda=1.000 v18_lambda=0.000 gpu=3.0/15.8GB
[14:03:04] [train] ep=84 step=010/40 ce=0.3760 sc=0.8609 mi=0.0630 dn=0.0000 v13=0.0004 grl=1.1022 v15=0.0000 v15r=0.0000 v16=0.0000 v17=0.0000 v18=0.0000 acc=0.9938 lr=2.16e-05 lambda=0.000 grl_lambda=1.000 v18_lambda=0.000 gpu=3.0/15.8GB
[14:03:06] [train] ep=84 step=020/40 ce=0.3206 sc=0.7894 mi=0.0626 dn=0.0000 v13=0.0005 grl=1.0974 v15=0.0000 v15r=0.0000 v16=0.0000 v17=0.0000 v18=0.0000 acc=0.9969 lr=2.10e-05 lambda=0.000 grl_lambda=1.000 v18_lambda=0.000 gpu=3.0/15.8GB
[14:03:08] [train] ep=84 step=030/40 ce=0.3219 sc=0.7977 mi=0.0631 dn=0.0000 v13=0.0005 grl=1.0909 v15=0.0000 v15r=0.0000 v16=0.0000 v17=0.0000 v18=0.0000 acc=0.9958 lr=2.04e-05 lambda=0.000 grl_lambda=1.000 v18_lambda=0.000 gpu=3.0/15.8GB
[14:03:09] [train] ep=84 step=040/40 ce=0.3257 sc=0.7692 mi=0.0637 dn=0.0000 v13=0.0005 grl=1.0974 v15=0.0000 v15r=0.0000 v16=0.0000 v17=0.0000 v18=0.0000 acc=0.9953 lr=1.98e-05 lambda=0.000 grl_lambda=1.000 v18_lambda=0.000 gpu=3.0/15.8GB
[14:03:12] [ep_summary] ep=84/100 val_live=0.9630/0.9628 val_ema=0.9691/0.9692 test77_live=0.7734/0.7692 test77_diag_ema=0.7698/0.7613 v13=0.0005 grl=1.0974 v15=0.0000 v15r=0.0000 v16=0.0000 v17=0.0000 v18=0.0000 das=stage3[12,95] p=1.00 ep_time=10.3s
[14:03:12] [train] epoch 85/100 steps=40 use_dann=0 das=stage3 f=[12.0,95.0] p=1.00 gpu=3.0/15.8GB
[14:03:13] [train] ep=85 step=001/40 ce=0.2566 sc=0.5514 mi=0.0616 dn=0.0000 v13=0.0002 grl=1.0835 v15=0.0000 v15r=0.0000 v16=0.0000 v17=0.0000 v18=0.0000 acc=1.0000 lr=1.97e-05 lambda=0.000 grl_lambda=1.000 v18_lambda=0.000 gpu=3.0/15.8GB
[14:03:14] [train] ep=85 step=010/40 ce=0.2573 sc=0.8916 mi=0.0630 dn=0.0000 v13=0.0004 grl=1.1016 v15=0.0000 v15r=0.0000 v16=0.0000 v17=0.0000 v18=0.0000 acc=1.0000 lr=1.92e-05 lambda=0.000 grl_lambda=1.000 v18_lambda=0.000 gpu=3.0/15.8GB
[14:03:16] [train] ep=85 step=020/40 ce=0.2605 sc=0.8044 mi=0.0622 dn=0.0000 v13=0.0005 grl=1.0932 v15=0.0000 v15r=0.0000 v16=0.0000 v17=0.0000 v18=0.0000 acc=1.0000 lr=1.86e-05 lambda=0.000 grl_lambda=1.000 v18_lambda=0.000 gpu=3.0/15.8GB
[14:03:18] [train] ep=85 step=030/40 ce=0.2867 sc=0.7738 mi=0.0628 dn=0.0000 v13=0.0005 grl=1.0920 v15=0.0000 v15r=0.0000 v16=0.0000 v17=0.0000 v18=0.0000 acc=0.9979 lr=1.80e-05 lambda=0.000 grl_lambda=1.000 v18_lambda=0.000 gpu=3.0/15.8GB
[14:03:20] [train] ep=85 step=040/40 ce=0.3003 sc=0.7929 mi=0.0626 dn=0.0000 v13=0.0005 grl=1.0909 v15=0.0000 v15r=0.0000 v16=0.0000 v17=0.0000 v18=0.0000 acc=0.9969 lr=1.74e-05 lambda=0.000 grl_lambda=1.000 v18_lambda=0.000 gpu=3.0/15.8GB
[14:03:22] [ep_summary] ep=85/100 val_live=0.9753/0.9755 val_ema=0.9691/0.9692 test77_live=0.7878/0.7864 test77_diag_ema=0.7698/0.7614 v13=0.0005 grl=1.0909 v15=0.0000 v15r=0.0000 v16=0.0000 v17=0.0000 v18=0.0000 das=stage3[12,95] p=1.00 ep_time=10.2s
[14:03:22] [train] epoch 86/100 steps=40 use_dann=0 das=stage3 f=[12.0,95.0] p=1.00 gpu=3.0/15.8GB
[14:03:23] [train] ep=86 step=001/40 ce=0.2571 sc=0.7266 mi=0.0582 dn=0.0000 v13=0.0005 grl=1.1099 v15=0.0000 v15r=0.0000 v16=0.0000 v17=0.0000 v18=0.0000 acc=1.0000 lr=1.74e-05 lambda=0.000 grl_lambda=1.000 v18_lambda=0.000 gpu=3.0/15.8GB
[14:03:24] [train] ep=86 step=010/40 ce=0.2574 sc=0.8799 mi=0.0634 dn=0.0000 v13=0.0005 grl=1.0874 v15=0.0000 v15r=0.0000 v16=0.0000 v17=0.0000 v18=0.0000 acc=1.0000 lr=1.68e-05 lambda=0.000 grl_lambda=1.000 v18_lambda=0.000 gpu=3.0/15.8GB
[14:03:26] [train] ep=86 step=020/40 ce=0.2573 sc=0.8214 mi=0.0615 dn=0.0000 v13=0.0005 grl=1.0834 v15=0.0000 v15r=0.0000 v16=0.0000 v17=0.0000 v18=0.0000 acc=1.0000 lr=1.63e-05 lambda=0.000 grl_lambda=1.000 v18_lambda=0.000 gpu=3.0/15.8GB
[14:03:28] [train] ep=86 step=030/40 ce=0.2635 sc=0.8046 mi=0.0608 dn=0.0000 v13=0.0005 grl=1.0872 v15=0.0000 v15r=0.0000 v16=0.0000 v17=0.0000 v18=0.0000 acc=1.0000 lr=1.57e-05 lambda=0.000 grl_lambda=1.000 v18_lambda=0.000 gpu=3.0/15.8GB
[14:03:30] [train] ep=86 step=040/40 ce=0.2705 sc=0.7830 mi=0.0612 dn=0.0000 v13=0.0005 grl=1.0872 v15=0.0000 v15r=0.0000 v16=0.0000 v17=0.0000 v18=0.0000 acc=1.0000 lr=1.52e-05 lambda=0.000 grl_lambda=1.000 v18_lambda=0.000 gpu=3.0/15.8GB
[14:03:33] [ep_summary] ep=86/100 val_live=0.9753/0.9755 val_ema=0.9691/0.9692 test77_live=0.7950/0.7930 test77_diag_ema=0.7734/0.7656 v13=0.0005 grl=1.0872 v15=0.0000 v15r=0.0000 v16=0.0000 v17=0.0000 v18=0.0000 das=stage3[12,95] p=1.00 ep_time=10.2s
[14:03:33] [train] epoch 87/100 steps=40 use_dann=0 das=stage3 f=[12.0,95.0] p=1.00 gpu=3.0/15.8GB
[14:03:33] [train] ep=87 step=001/40 ce=0.2561 sc=0.8753 mi=0.0643 dn=0.0000 v13=0.0004 grl=1.0693 v15=0.0000 v15r=0.0000 v16=0.0000 v17=0.0000 v18=0.0000 acc=1.0000 lr=1.52e-05 lambda=0.000 grl_lambda=1.000 v18_lambda=0.000 gpu=3.0/15.8GB
[14:03:35] [train] ep=87 step=010/40 ce=0.2587 sc=0.7938 mi=0.0596 dn=0.0000 v13=0.0004 grl=1.0934 v15=0.0000 v15r=0.0000 v16=0.0000 v17=0.0000 v18=0.0000 acc=1.0000 lr=1.47e-05 lambda=0.000 grl_lambda=1.000 v18_lambda=0.000 gpu=3.0/15.8GB
[14:03:36] [train] ep=87 step=020/40 ce=0.3311 sc=0.7857 mi=0.0600 dn=0.0000 v13=0.0004 grl=1.0841 v15=0.0000 v15r=0.0000 v16=0.0000 v17=0.0000 v18=0.0000 acc=0.9938 lr=1.42e-05 lambda=0.000 grl_lambda=1.000 v18_lambda=0.000 gpu=3.0/15.8GB
[14:03:38] [train] ep=87 step=030/40 ce=0.3148 sc=0.7900 mi=0.0618 dn=0.0000 v13=0.0004 grl=1.0947 v15=0.0000 v15r=0.0000 v16=0.0000 v17=0.0000 v18=0.0000 acc=0.9958 lr=1.37e-05 lambda=0.000 grl_lambda=1.000 v18_lambda=0.000 gpu=3.0/15.8GB
[14:03:40] [train] ep=87 step=040/40 ce=0.3158 sc=0.7602 mi=0.0625 dn=0.0000 v13=0.0004 grl=1.0970 v15=0.0000 v15r=0.0000 v16=0.0000 v17=0.0000 v18=0.0000 acc=0.9953 lr=1.31e-05 lambda=0.000 grl_lambda=1.000 v18_lambda=0.000 gpu=3.0/15.8GB
[14:03:43] [ep_summary] ep=87/100 val_live=0.9630/0.9628 val_ema=0.9691/0.9692 test77_live=0.7950/0.7919 test77_diag_ema=0.7770/0.7696 v13=0.0004 grl=1.0970 v15=0.0000 v15r=0.0000 v16=0.0000 v17=0.0000 v18=0.0000 das=stage3[12,95] p=1.00 ep_time=10.2s
[14:03:43] [train] epoch 88/100 steps=40 use_dann=0 das=stage3 f=[12.0,95.0] p=1.00 gpu=3.0/15.8GB
[14:03:43] [train] ep=88 step=001/40 ce=0.2561 sc=0.6466 mi=0.0548 dn=0.0000 v13=0.0004 grl=1.0537 v15=0.0000 v15r=0.0000 v16=0.0000 v17=0.0000 v18=0.0000 acc=1.0000 lr=1.31e-05 lambda=0.000 grl_lambda=1.000 v18_lambda=0.000 gpu=3.0/15.8GB
[14:03:45] [train] ep=88 step=010/40 ce=0.2877 sc=0.6655 mi=0.0584 dn=0.0000 v13=0.0005 grl=1.0815 v15=0.0000 v15r=0.0000 v16=0.0000 v17=0.0000 v18=0.0000 acc=1.0000 lr=1.27e-05 lambda=0.000 grl_lambda=1.000 v18_lambda=0.000 gpu=3.0/15.8GB
[14:03:47] [train] ep=88 step=020/40 ce=0.3492 sc=0.7286 mi=0.0606 dn=0.0000 v13=0.0005 grl=1.0888 v15=0.0000 v15r=0.0000 v16=0.0000 v17=0.0000 v18=0.0000 acc=0.9938 lr=1.22e-05 lambda=0.000 grl_lambda=1.000 v18_lambda=0.000 gpu=3.0/15.8GB
[14:03:48] [train] ep=88 step=030/40 ce=0.3469 sc=0.7894 mi=0.0612 dn=0.0000 v13=0.0005 grl=1.0821 v15=0.0000 v15r=0.0000 v16=0.0000 v17=0.0000 v18=0.0000 acc=0.9938 lr=1.17e-05 lambda=0.000 grl_lambda=1.000 v18_lambda=0.000 gpu=3.0/15.8GB
[14:03:50] [train] ep=88 step=040/40 ce=0.3500 sc=0.7648 mi=0.0616 dn=0.0000 v13=0.0005 grl=1.0868 v15=0.0000 v15r=0.0000 v16=0.0000 v17=0.0000 v18=0.0000 acc=0.9938 lr=1.12e-05 lambda=0.000 grl_lambda=1.000 v18_lambda=0.000 gpu=3.0/15.8GB
[14:03:53] [ep_summary] ep=88/100 val_live=0.9630/0.9628 val_ema=0.9691/0.9692 test77_live=0.8094/0.8058 test77_diag_ema=0.7806/0.7749 v13=0.0005 grl=1.0868 v15=0.0000 v15r=0.0000 v16=0.0000 v17=0.0000 v18=0.0000 das=stage3[12,95] p=1.00 ep_time=10.2s
[14:03:53] [train] epoch 89/100 steps=40 use_dann=0 das=stage3 f=[12.0,95.0] p=1.00 gpu=3.0/15.8GB
[14:03:53] [train] ep=89 step=001/40 ce=0.2581 sc=0.9543 mi=0.0501 dn=0.0000 v13=0.0005 grl=1.1011 v15=0.0000 v15r=0.0000 v16=0.0000 v17=0.0000 v18=0.0000 acc=1.0000 lr=1.12e-05 lambda=0.000 grl_lambda=1.000 v18_lambda=0.000 gpu=3.0/15.8GB
[14:03:55] [train] ep=89 step=010/40 ce=0.2805 sc=0.7322 mi=0.0619 dn=0.0000 v13=0.0004 grl=1.0931 v15=0.0000 v15r=0.0000 v16=0.0000 v17=0.0000 v18=0.0000 acc=1.0000 lr=1.08e-05 lambda=0.000 grl_lambda=1.000 v18_lambda=0.000 gpu=3.0/15.8GB
[14:03:57] [train] ep=89 step=020/40 ce=0.2688 sc=0.6988 mi=0.0608 dn=0.0000 v13=0.0004 grl=1.0902 v15=0.0000 v15r=0.0000 v16=0.0000 v17=0.0000 v18=0.0000 acc=1.0000 lr=1.03e-05 lambda=0.000 grl_lambda=1.000 v18_lambda=0.000 gpu=3.0/15.8GB
[14:03:59] [train] ep=89 step=030/40 ce=0.2808 sc=0.7272 mi=0.0619 dn=0.0000 v13=0.0005 grl=1.0909 v15=0.0000 v15r=0.0000 v16=0.0000 v17=0.0000 v18=0.0000 acc=1.0000 lr=9.89e-06 lambda=0.000 grl_lambda=1.000 v18_lambda=0.000 gpu=3.0/15.8GB
[14:04:01] [train] ep=89 step=040/40 ce=0.2753 sc=0.7580 mi=0.0620 dn=0.0000 v13=0.0005 grl=1.0939 v15=0.0000 v15r=0.0000 v16=0.0000 v17=0.0000 v18=0.0000 acc=1.0000 lr=9.46e-06 lambda=0.000 grl_lambda=1.000 v18_lambda=0.000 gpu=3.0/15.8GB
[14:04:03] [ep_summary] ep=89/100 val_live=0.9630/0.9628 val_ema=0.9630/0.9628 test77_live=0.8129/0.8083 test77_diag_ema=0.7806/0.7754 v13=0.0005 grl=1.0939 v15=0.0000 v15r=0.0000 v16=0.0000 v17=0.0000 v18=0.0000 das=stage3[12,95] p=1.00 ep_time=10.3s
[14:04:03] [train] epoch 90/100 steps=40 use_dann=0 das=stage3 f=[12.0,95.0] p=1.00 gpu=3.0/15.8GB
[14:04:04] [train] ep=90 step=001/40 ce=0.2622 sc=0.4185 mi=0.0609 dn=0.0000 v13=0.0004 grl=1.0808 v15=0.0000 v15r=0.0000 v16=0.0000 v17=0.0000 v18=0.0000 acc=1.0000 lr=9.42e-06 lambda=0.000 grl_lambda=1.000 v18_lambda=0.000 gpu=3.0/15.8GB
[14:04:05] [train] ep=90 step=010/40 ce=0.2586 sc=0.6501 mi=0.0643 dn=0.0000 v13=0.0004 grl=1.0875 v15=0.0000 v15r=0.0000 v16=0.0000 v17=0.0000 v18=0.0000 acc=1.0000 lr=9.04e-06 lambda=0.000 grl_lambda=1.000 v18_lambda=0.000 gpu=3.0/15.8GB
[14:04:07] [train] ep=90 step=020/40 ce=0.2578 sc=0.7041 mi=0.0620 dn=0.0000 v13=0.0004 grl=1.0876 v15=0.0000 v15r=0.0000 v16=0.0000 v17=0.0000 v18=0.0000 acc=1.0000 lr=8.63e-06 lambda=0.000 grl_lambda=1.000 v18_lambda=0.000 gpu=3.0/15.8GB
[14:04:09] [train] ep=90 step=030/40 ce=0.2702 sc=0.7212 mi=0.0624 dn=0.0000 v13=0.0004 grl=1.0861 v15=0.0000 v15r=0.0000 v16=0.0000 v17=0.0000 v18=0.0000 acc=0.9979 lr=8.23e-06 lambda=0.000 grl_lambda=1.000 v18_lambda=0.000 gpu=3.0/15.8GB
[14:04:11] [train] ep=90 step=040/40 ce=0.2804 sc=0.7189 mi=0.0623 dn=0.0000 v13=0.0004 grl=1.0875 v15=0.0000 v15r=0.0000 v16=0.0000 v17=0.0000 v18=0.0000 acc=0.9984 lr=7.84e-06 lambda=0.000 grl_lambda=1.000 v18_lambda=0.000 gpu=3.0/15.8GB
[14:04:14] [pool] check ep=090/100 source_val_acc_ema=0.9630 threshold=0.90
[14:04:15] [pool] ep=090 ADDED src_val=0.9630/0.9628 dev77=0.7429/0.7373 final77=0.7770/0.7711
[14:04:15] [pool] running best ep=070 dev77_f1=0.7538 final77_f1=0.7904 (pool_size=6)
[14:04:15] [ep_summary] ep=90/100 val_live=0.9630/0.9628 val_ema=0.9630/0.9628 test77_live=0.8201/0.8151 test77_diag_ema=0.7770/0.7711 v13=0.0004 grl=1.0875 v15=0.0000 v15r=0.0000 v16=0.0000 v17=0.0000 v18=0.0000 das=stage3[12,95] p=1.00 ep_time=11.5s
[14:04:15] [strict77_monitor] ep=90 best_source_epoch=61 source_val_ema=0.9753/0.9755 test77_ema_diag=0.8058/0.7882 sourcequalified_count=90 best_sourcequalified77_epoch=71 source_val_ema=0.9691/0.9692 test77_ema=0.8094/0.7956
[14:04:15] [train] epoch 91/100 steps=40 use_dann=0 das=stage3 f=[12.0,95.0] p=1.00 gpu=3.0/15.8GB
[14:04:15] [train] ep=91 step=001/40 ce=0.2569 sc=0.5369 mi=0.0608 dn=0.0000 v13=0.0008 grl=1.0564 v15=0.0000 v15r=0.0000 v16=0.0000 v17=0.0000 v18=0.0000 acc=1.0000 lr=7.80e-06 lambda=0.000 grl_lambda=1.000 v18_lambda=0.000 gpu=3.0/15.8GB
[14:04:17] [train] ep=91 step=010/40 ce=0.3704 sc=0.8118 mi=0.0610 dn=0.0000 v13=0.0004 grl=1.0951 v15=0.0000 v15r=0.0000 v16=0.0000 v17=0.0000 v18=0.0000 acc=0.9938 lr=7.45e-06 lambda=0.000 grl_lambda=1.000 v18_lambda=0.000 gpu=3.0/15.8GB
[14:04:19] [train] ep=91 step=020/40 ce=0.3144 sc=0.7911 mi=0.0626 dn=0.0000 v13=0.0005 grl=1.0938 v15=0.0000 v15r=0.0000 v16=0.0000 v17=0.0000 v18=0.0000 acc=0.9969 lr=7.08e-06 lambda=0.000 grl_lambda=1.000 v18_lambda=0.000 gpu=3.0/15.8GB
[14:04:20] [train] ep=91 step=030/40 ce=0.2951 sc=0.8104 mi=0.0614 dn=0.0000 v13=0.0005 grl=1.0925 v15=0.0000 v15r=0.0000 v16=0.0000 v17=0.0000 v18=0.0000 acc=0.9979 lr=6.72e-06 lambda=0.000 grl_lambda=1.000 v18_lambda=0.000 gpu=3.0/15.8GB
[14:04:22] [train] ep=91 step=040/40 ce=0.2859 sc=0.8011 mi=0.0615 dn=0.0000 v13=0.0005 grl=1.0931 v15=0.0000 v15r=0.0000 v16=0.0000 v17=0.0000 v18=0.0000 acc=0.9984 lr=6.36e-06 lambda=0.000 grl_lambda=1.000 v18_lambda=0.000 gpu=3.0/15.8GB
[14:04:25] [ep_summary] ep=91/100 val_live=0.9630/0.9628 val_ema=0.9630/0.9628 test77_live=0.8201/0.8151 test77_diag_ema=0.7806/0.7757 v13=0.0005 grl=1.0931 v15=0.0000 v15r=0.0000 v16=0.0000 v17=0.0000 v18=0.0000 das=stage3[12,95] p=1.00 ep_time=10.1s
[14:04:25] [train] epoch 92/100 steps=40 use_dann=0 das=stage3 f=[12.0,95.0] p=1.00 gpu=3.0/15.8GB
[14:04:25] [train] ep=92 step=001/40 ce=0.2564 sc=0.6465 mi=0.0722 dn=0.0000 v13=0.0006 grl=1.1260 v15=0.0000 v15r=0.0000 v16=0.0000 v17=0.0000 v18=0.0000 acc=1.0000 lr=6.33e-06 lambda=0.000 grl_lambda=1.000 v18_lambda=0.000 gpu=3.0/15.8GB
[14:04:27] [train] ep=92 step=010/40 ce=0.2794 sc=0.7186 mi=0.0611 dn=0.0000 v13=0.0005 grl=1.0925 v15=0.0000 v15r=0.0000 v16=0.0000 v17=0.0000 v18=0.0000 acc=1.0000 lr=6.02e-06 lambda=0.000 grl_lambda=1.000 v18_lambda=0.000 gpu=3.0/15.8GB
[14:04:29] [train] ep=92 step=020/40 ce=0.3207 sc=0.7890 mi=0.0619 dn=0.0000 v13=0.0004 grl=1.0892 v15=0.0000 v15r=0.0000 v16=0.0000 v17=0.0000 v18=0.0000 acc=0.9969 lr=5.68e-06 lambda=0.000 grl_lambda=1.000 v18_lambda=0.000 gpu=3.0/15.8GB
[14:04:31] [train] ep=92 step=030/40 ce=0.3007 sc=0.7688 mi=0.0627 dn=0.0000 v13=0.0005 grl=1.0891 v15=0.0000 v15r=0.0000 v16=0.0000 v17=0.0000 v18=0.0000 acc=0.9979 lr=5.35e-06 lambda=0.000 grl_lambda=1.000 v18_lambda=0.000 gpu=3.0/15.8GB
[14:04:34] [train] ep=92 step=040/40 ce=0.3093 sc=0.7471 mi=0.0622 dn=0.0000 v13=0.0005 grl=1.0852 v15=0.0000 v15r=0.0000 v16=0.0000 v17=0.0000 v18=0.0000 acc=0.9969 lr=5.04e-06 lambda=0.000 grl_lambda=1.000 v18_lambda=0.000 gpu=3.0/15.8GB
[14:04:36] [ep_summary] ep=92/100 val_live=0.9630/0.9628 val_ema=0.9630/0.9628 test77_live=0.8201/0.8151 test77_diag_ema=0.7842/0.7804 v13=0.0005 grl=1.0852 v15=0.0000 v15r=0.0000 v16=0.0000 v17=0.0000 v18=0.0000 das=stage3[12,95] p=1.00 ep_time=11.3s
[14:04:36] [train] epoch 93/100 steps=40 use_dann=0 das=stage3 f=[12.0,95.0] p=1.00 gpu=3.0/15.8GB
[14:04:37] [train] ep=93 step=001/40 ce=0.2562 sc=0.7566 mi=0.0639 dn=0.0000 v13=0.0002 grl=1.1128 v15=0.0000 v15r=0.0000 v16=0.0000 v17=0.0000 v18=0.0000 acc=1.0000 lr=5.01e-06 lambda=0.000 grl_lambda=1.000 v18_lambda=0.000 gpu=3.0/15.8GB
[14:04:38] [train] ep=93 step=010/40 ce=0.3460 sc=0.8079 mi=0.0593 dn=0.0000 v13=0.0005 grl=1.0983 v15=0.0000 v15r=0.0000 v16=0.0000 v17=0.0000 v18=0.0000 acc=0.9938 lr=4.73e-06 lambda=0.000 grl_lambda=1.000 v18_lambda=0.000 gpu=3.0/15.8GB
[14:04:40] [train] ep=93 step=020/40 ce=0.3663 sc=0.7908 mi=0.0594 dn=0.0000 v13=0.0005 grl=1.0987 v15=0.0000 v15r=0.0000 v16=0.0000 v17=0.0000 v18=0.0000 acc=0.9938 lr=4.43e-06 lambda=0.000 grl_lambda=1.000 v18_lambda=0.000 gpu=3.0/15.8GB
[14:04:43] [train] ep=93 step=030/40 ce=0.3320 sc=0.7733 mi=0.0602 dn=0.0000 v13=0.0005 grl=1.0937 v15=0.0000 v15r=0.0000 v16=0.0000 v17=0.0000 v18=0.0000 acc=0.9958 lr=4.14e-06 lambda=0.000 grl_lambda=1.000 v18_lambda=0.000 gpu=3.0/15.8GB
[14:04:45] [train] ep=93 step=040/40 ce=0.3133 sc=0.7567 mi=0.0605 dn=0.0000 v13=0.0005 grl=1.0964 v15=0.0000 v15r=0.0000 v16=0.0000 v17=0.0000 v18=0.0000 acc=0.9969 lr=3.87e-06 lambda=0.000 grl_lambda=1.000 v18_lambda=0.000 gpu=3.0/15.8GB
[14:04:47] [ep_summary] ep=93/100 val_live=0.9630/0.9628 val_ema=0.9630/0.9628 test77_live=0.8201/0.8151 test77_diag_ema=0.7878/0.7847 v13=0.0005 grl=1.0964 v15=0.0000 v15r=0.0000 v16=0.0000 v17=0.0000 v18=0.0000 das=stage3[12,95] p=1.00 ep_time=11.1s
[14:04:48] [train] epoch 94/100 steps=40 use_dann=0 das=stage3 f=[12.0,95.0] p=1.00 gpu=3.0/15.8GB
[14:04:48] [train] ep=94 step=001/40 ce=0.2562 sc=0.9295 mi=0.0597 dn=0.0000 v13=0.0002 grl=1.0305 v15=0.0000 v15r=0.0000 v16=0.0000 v17=0.0000 v18=0.0000 acc=1.0000 lr=3.84e-06 lambda=0.000 grl_lambda=1.000 v18_lambda=0.000 gpu=3.0/15.8GB
[14:04:50] [train] ep=94 step=010/40 ce=0.2618 sc=0.6793 mi=0.0601 dn=0.0000 v13=0.0004 grl=1.0764 v15=0.0000 v15r=0.0000 v16=0.0000 v17=0.0000 v18=0.0000 acc=1.0000 lr=3.60e-06 lambda=0.000 grl_lambda=1.000 v18_lambda=0.000 gpu=3.0/15.8GB
[14:04:52] [train] ep=94 step=020/40 ce=0.2619 sc=0.7436 mi=0.0595 dn=0.0000 v13=0.0004 grl=1.0781 v15=0.0000 v15r=0.0000 v16=0.0000 v17=0.0000 v18=0.0000 acc=1.0000 lr=3.34e-06 lambda=0.000 grl_lambda=1.000 v18_lambda=0.000 gpu=3.0/15.8GB
[14:04:54] [train] ep=94 step=030/40 ce=0.2797 sc=0.7790 mi=0.0601 dn=0.0000 v13=0.0005 grl=1.0812 v15=0.0000 v15r=0.0000 v16=0.0000 v17=0.0000 v18=0.0000 acc=0.9979 lr=3.09e-06 lambda=0.000 grl_lambda=1.000 v18_lambda=0.000 gpu=3.0/15.8GB
[14:04:56] [train] ep=94 step=040/40 ce=0.2739 sc=0.7928 mi=0.0608 dn=0.0000 v13=0.0005 grl=1.0876 v15=0.0000 v15r=0.0000 v16=0.0000 v17=0.0000 v18=0.0000 acc=0.9984 lr=2.85e-06 lambda=0.000 grl_lambda=1.000 v18_lambda=0.000 gpu=3.0/15.8GB
[14:04:59] [ep_summary] ep=94/100 val_live=0.9630/0.9628 val_ema=0.9630/0.9628 test77_live=0.8201/0.8151 test77_diag_ema=0.7878/0.7847 v13=0.0005 grl=1.0876 v15=0.0000 v15r=0.0000 v16=0.0000 v17=0.0000 v18=0.0000 das=stage3[12,95] p=1.00 ep_time=11.5s
[14:04:59] [train] epoch 95/100 steps=40 use_dann=0 das=stage3 f=[12.0,95.0] p=1.00 gpu=3.0/15.8GB
[14:04:59] [train] ep=95 step=001/40 ce=0.2566 sc=0.6469 mi=0.0510 dn=0.0000 v13=0.0006 grl=1.0964 v15=0.0000 v15r=0.0000 v16=0.0000 v17=0.0000 v18=0.0000 acc=1.0000 lr=2.82e-06 lambda=0.000 grl_lambda=1.000 v18_lambda=0.000 gpu=3.0/15.8GB
[14:05:01] [train] ep=95 step=010/40 ce=0.2581 sc=0.7857 mi=0.0591 dn=0.0000 v13=0.0005 grl=1.0948 v15=0.0000 v15r=0.0000 v16=0.0000 v17=0.0000 v18=0.0000 acc=1.0000 lr=2.62e-06 lambda=0.000 grl_lambda=1.000 v18_lambda=0.000 gpu=3.0/15.8GB
[14:05:03] [train] ep=95 step=020/40 ce=0.2576 sc=0.8234 mi=0.0602 dn=0.0000 v13=0.0004 grl=1.0875 v15=0.0000 v15r=0.0000 v16=0.0000 v17=0.0000 v18=0.0000 acc=1.0000 lr=2.40e-06 lambda=0.000 grl_lambda=1.000 v18_lambda=0.000 gpu=3.0/15.8GB
[14:05:05] [train] ep=95 step=030/40 ce=0.2575 sc=0.7716 mi=0.0606 dn=0.0000 v13=0.0005 grl=1.0884 v15=0.0000 v15r=0.0000 v16=0.0000 v17=0.0000 v18=0.0000 acc=1.0000 lr=2.18e-06 lambda=0.000 grl_lambda=1.000 v18_lambda=0.000 gpu=3.0/15.8GB
[14:05:07] [train] ep=95 step=040/40 ce=0.2581 sc=0.7775 mi=0.0613 dn=0.0000 v13=0.0005 grl=1.0905 v15=0.0000 v15r=0.0000 v16=0.0000 v17=0.0000 v18=0.0000 acc=1.0000 lr=1.98e-06 lambda=0.000 grl_lambda=1.000 v18_lambda=0.000 gpu=3.0/15.8GB
[14:05:10] [ep_summary] ep=95/100 val_live=0.9630/0.9628 val_ema=0.9630/0.9628 test77_live=0.8201/0.8151 test77_diag_ema=0.7878/0.7847 v13=0.0005 grl=1.0905 v15=0.0000 v15r=0.0000 v16=0.0000 v17=0.0000 v18=0.0000 das=stage3[12,95] p=1.00 ep_time=11.2s
[14:05:10] [train] epoch 96/100 steps=40 use_dann=0 das=stage3 f=[12.0,95.0] p=1.00 gpu=3.0/15.8GB
[14:05:10] [train] ep=96 step=001/40 ce=0.2581 sc=0.7308 mi=0.0583 dn=0.0000 v13=0.0007 grl=1.1008 v15=0.0000 v15r=0.0000 v16=0.0000 v17=0.0000 v18=0.0000 acc=1.0000 lr=1.96e-06 lambda=0.000 grl_lambda=1.000 v18_lambda=0.000 gpu=3.0/15.8GB
[14:05:12] [train] ep=96 step=010/40 ce=0.3463 sc=0.8213 mi=0.0611 dn=0.0000 v13=0.0004 grl=1.1010 v15=0.0000 v15r=0.0000 v16=0.0000 v17=0.0000 v18=0.0000 acc=1.0000 lr=1.79e-06 lambda=0.000 grl_lambda=1.000 v18_lambda=0.000 gpu=3.0/15.8GB
[14:05:14] [train] ep=96 step=020/40 ce=0.3036 sc=0.8046 mi=0.0603 dn=0.0000 v13=0.0004 grl=1.0976 v15=0.0000 v15r=0.0000 v16=0.0000 v17=0.0000 v18=0.0000 acc=1.0000 lr=1.61e-06 lambda=0.000 grl_lambda=1.000 v18_lambda=0.000 gpu=3.0/15.8GB
[14:05:17] [train] ep=96 step=030/40 ce=0.2904 sc=0.7948 mi=0.0604 dn=0.0000 v13=0.0004 grl=1.0963 v15=0.0000 v15r=0.0000 v16=0.0000 v17=0.0000 v18=0.0000 acc=1.0000 lr=1.44e-06 lambda=0.000 grl_lambda=1.000 v18_lambda=0.000 gpu=3.0/15.8GB
[14:05:19] [train] ep=96 step=040/40 ce=0.2925 sc=0.7676 mi=0.0601 dn=0.0000 v13=0.0004 grl=1.0931 v15=0.0000 v15r=0.0000 v16=0.0000 v17=0.0000 v18=0.0000 acc=0.9984 lr=1.27e-06 lambda=0.000 grl_lambda=1.000 v18_lambda=0.000 gpu=3.0/15.8GB
[14:05:22] [ep_summary] ep=96/100 val_live=0.9630/0.9628 val_ema=0.9630/0.9628 test77_live=0.8201/0.8151 test77_diag_ema=0.7878/0.7847 v13=0.0004 grl=1.0931 v15=0.0000 v15r=0.0000 v16=0.0000 v17=0.0000 v18=0.0000 das=stage3[12,95] p=1.00 ep_time=11.3s
[14:05:22] [train] epoch 97/100 steps=40 use_dann=0 das=stage3 f=[12.0,95.0] p=1.00 gpu=3.0/15.8GB
[14:05:22] [train] ep=97 step=001/40 ce=1.3418 sc=2.1921 mi=0.0548 dn=0.0000 v13=0.0014 grl=1.0559 v15=0.0000 v15r=0.0000 v16=0.0000 v17=0.0000 v18=0.0000 acc=0.9375 lr=1.26e-06 lambda=0.000 grl_lambda=1.000 v18_lambda=0.000 gpu=3.0/15.8GB
[14:05:24] [train] ep=97 step=010/40 ce=0.3651 sc=0.9139 mi=0.0627 dn=0.0000 v13=0.0005 grl=1.1157 v15=0.0000 v15r=0.0000 v16=0.0000 v17=0.0000 v18=0.0000 acc=0.9938 lr=1.12e-06 lambda=0.000 grl_lambda=1.000 v18_lambda=0.000 gpu=3.0/15.8GB
[14:05:26] [train] ep=97 step=020/40 ce=0.3407 sc=0.8130 mi=0.0626 dn=0.0000 v13=0.0005 grl=1.1032 v15=0.0000 v15r=0.0000 v16=0.0000 v17=0.0000 v18=0.0000 acc=0.9938 lr=9.76e-07 lambda=0.000 grl_lambda=1.000 v18_lambda=0.000 gpu=3.0/15.8GB
[14:05:28] [train] ep=97 step=030/40 ce=0.3411 sc=0.8259 mi=0.0616 dn=0.0000 v13=0.0005 grl=1.0966 v15=0.0000 v15r=0.0000 v16=0.0000 v17=0.0000 v18=0.0000 acc=0.9938 lr=8.43e-07 lambda=0.000 grl_lambda=1.000 v18_lambda=0.000 gpu=3.0/15.8GB
[14:05:30] [train] ep=97 step=040/40 ce=0.3287 sc=0.7852 mi=0.0615 dn=0.0000 v13=0.0005 grl=1.0961 v15=0.0000 v15r=0.0000 v16=0.0000 v17=0.0000 v18=0.0000 acc=0.9953 lr=7.19e-07 lambda=0.000 grl_lambda=1.000 v18_lambda=0.000 gpu=3.0/15.8GB
[14:05:33] [ep_summary] ep=97/100 val_live=0.9630/0.9628 val_ema=0.9630/0.9628 test77_live=0.8201/0.8151 test77_diag_ema=0.7950/0.7923 v13=0.0005 grl=1.0961 v15=0.0000 v15r=0.0000 v16=0.0000 v17=0.0000 v18=0.0000 das=stage3[12,95] p=1.00 ep_time=11.3s
[14:05:33] [train] epoch 98/100 steps=40 use_dann=0 das=stage3 f=[12.0,95.0] p=1.00 gpu=3.0/15.8GB
[14:05:33] [train] ep=98 step=001/40 ce=0.2563 sc=0.9597 mi=0.0636 dn=0.0000 v13=0.0004 grl=1.0513 v15=0.0000 v15r=0.0000 v16=0.0000 v17=0.0000 v18=0.0000 acc=1.0000 lr=7.07e-07 lambda=0.000 grl_lambda=1.000 v18_lambda=0.000 gpu=3.0/15.8GB
[14:05:35] [train] ep=98 step=010/40 ce=0.2817 sc=0.7546 mi=0.0653 dn=0.0000 v13=0.0005 grl=1.0880 v15=0.0000 v15r=0.0000 v16=0.0000 v17=0.0000 v18=0.0000 acc=1.0000 lr=6.05e-07 lambda=0.000 grl_lambda=1.000 v18_lambda=0.000 gpu=3.0/15.8GB
[14:05:37] [train] ep=98 step=020/40 ce=0.2766 sc=0.7691 mi=0.0636 dn=0.0000 v13=0.0005 grl=1.0917 v15=0.0000 v15r=0.0000 v16=0.0000 v17=0.0000 v18=0.0000 acc=1.0000 lr=5.01e-07 lambda=0.000 grl_lambda=1.000 v18_lambda=0.000 gpu=3.0/15.8GB
[14:05:39] [train] ep=98 step=030/40 ce=0.3033 sc=0.7776 mi=0.0630 dn=0.0000 v13=0.0005 grl=1.0900 v15=0.0000 v15r=0.0000 v16=0.0000 v17=0.0000 v18=0.0000 acc=0.9979 lr=4.07e-07 lambda=0.000 grl_lambda=1.000 v18_lambda=0.000 gpu=3.0/15.8GB
[14:05:42] [train] ep=98 step=040/40 ce=0.2938 sc=0.7834 mi=0.0625 dn=0.0000 v13=0.0005 grl=1.0901 v15=0.0000 v15r=0.0000 v16=0.0000 v17=0.0000 v18=0.0000 acc=0.9984 lr=3.22e-07 lambda=0.000 grl_lambda=1.000 v18_lambda=0.000 gpu=3.0/15.8GB
[14:05:44] [ep_summary] ep=98/100 val_live=0.9630/0.9628 val_ema=0.9630/0.9628 test77_live=0.8201/0.8151 test77_diag_ema=0.7950/0.7922 v13=0.0005 grl=1.0901 v15=0.0000 v15r=0.0000 v16=0.0000 v17=0.0000 v18=0.0000 das=stage3[12,95] p=1.00 ep_time=11.6s
[14:05:44] [train] epoch 99/100 steps=40 use_dann=0 das=stage3 f=[12.0,95.0] p=1.00 gpu=3.0/15.8GB
[14:05:45] [train] ep=99 step=001/40 ce=0.3427 sc=0.6298 mi=0.0585 dn=0.0000 v13=0.0005 grl=1.1467 v15=0.0000 v15r=0.0000 v16=0.0000 v17=0.0000 v18=0.0000 acc=1.0000 lr=3.15e-07 lambda=0.000 grl_lambda=1.000 v18_lambda=0.000 gpu=3.0/15.8GB
[14:05:47] [train] ep=99 step=010/40 ce=0.3003 sc=0.7822 mi=0.0639 dn=0.0000 v13=0.0003 grl=1.1103 v15=0.0000 v15r=0.0000 v16=0.0000 v17=0.0000 v18=0.0000 acc=1.0000 lr=2.48e-07 lambda=0.000 grl_lambda=1.000 v18_lambda=0.000 gpu=3.0/15.8GB
[14:05:49] [train] ep=99 step=020/40 ce=0.2785 sc=0.7216 mi=0.0627 dn=0.0000 v13=0.0004 grl=1.1048 v15=0.0000 v15r=0.0000 v16=0.0000 v17=0.0000 v18=0.0000 acc=1.0000 lr=1.83e-07 lambda=0.000 grl_lambda=1.000 v18_lambda=0.000 gpu=3.0/15.8GB
[14:05:51] [train] ep=99 step=030/40 ce=0.2845 sc=0.7579 mi=0.0616 dn=0.0000 v13=0.0004 grl=1.0991 v15=0.0000 v15r=0.0000 v16=0.0000 v17=0.0000 v18=0.0000 acc=0.9979 lr=1.28e-07 lambda=0.000 grl_lambda=1.000 v18_lambda=0.000 gpu=3.0/15.8GB
[14:05:54] [train] ep=99 step=040/40 ce=0.2809 sc=0.7816 mi=0.0612 dn=0.0000 v13=0.0004 grl=1.0922 v15=0.0000 v15r=0.0000 v16=0.0000 v17=0.0000 v18=0.0000 acc=0.9984 lr=8.26e-08 lambda=0.000 grl_lambda=1.000 v18_lambda=0.000 gpu=3.0/15.8GB
[14:05:56] [ep_summary] ep=99/100 val_live=0.9630/0.9628 val_ema=0.9630/0.9628 test77_live=0.8201/0.8151 test77_diag_ema=0.7950/0.7916 v13=0.0004 grl=1.0922 v15=0.0000 v15r=0.0000 v16=0.0000 v17=0.0000 v18=0.0000 das=stage3[12,95] p=1.00 ep_time=11.8s
[14:05:56] [train] epoch 100/100 steps=40 use_dann=0 das=stage3 f=[12.0,95.0] p=1.00 gpu=3.0/15.8GB
[14:05:57] [train] ep=100 step=001/40 ce=0.2578 sc=0.9967 mi=0.0701 dn=0.0000 v13=0.0004 grl=1.1277 v15=0.0000 v15r=0.0000 v16=0.0000 v17=0.0000 v18=0.0000 acc=1.0000 lr=7.87e-08 lambda=0.000 grl_lambda=1.000 v18_lambda=0.000 gpu=3.0/15.8GB
[14:05:58] [train] ep=100 step=010/40 ce=0.3549 sc=0.8791 mi=0.0630 dn=0.0000 v13=0.0005 grl=1.1012 v15=0.0000 v15r=0.0000 v16=0.0000 v17=0.0000 v18=0.0000 acc=0.9938 lr=4.72e-08 lambda=0.000 grl_lambda=1.000 v18_lambda=0.000 gpu=3.0/15.8GB
[14:06:00] [train] ep=100 step=020/40 ce=0.3061 sc=0.8326 mi=0.0631 dn=0.0000 v13=0.0004 grl=1.0973 v15=0.0000 v15r=0.0000 v16=0.0000 v17=0.0000 v18=0.0000 acc=0.9969 lr=2.17e-08 lambda=0.000 grl_lambda=1.000 v18_lambda=0.000 gpu=3.0/15.8GB
[14:06:03] [train] ep=100 step=030/40 ce=0.2932 sc=0.7855 mi=0.0620 dn=0.0000 v13=0.0005 grl=1.0908 v15=0.0000 v15r=0.0000 v16=0.0000 v17=0.0000 v18=0.0000 acc=0.9979 lr=5.95e-09 lambda=0.000 grl_lambda=1.000 v18_lambda=0.000 gpu=3.0/15.8GB
[14:06:05] [train] ep=100 step=040/40 ce=0.2842 sc=0.7696 mi=0.0615 dn=0.0000 v13=0.0005 grl=1.0899 v15=0.0000 v15r=0.0000 v16=0.0000 v17=0.0000 v18=0.0000 acc=0.9984 lr=4.92e-11 lambda=0.000 grl_lambda=1.000 v18_lambda=0.000 gpu=3.0/15.8GB
[14:06:08] [pool] check ep=100/100 source_val_acc_ema=0.9630 threshold=0.90
[14:06:09] [pool] ep=100 ADDED src_val=0.9630/0.9628 dev77=0.7286/0.7241 final77=0.7986/0.7945
[14:06:09] [pool] running best ep=070 dev77_f1=0.7538 final77_f1=0.7904 (pool_size=7)
[14:06:09] [ep_summary] ep=100/100 val_live=0.9630/0.9628 val_ema=0.9630/0.9628 test77_live=0.8201/0.8151 test77_diag_ema=0.7986/0.7945 v13=0.0005 grl=1.0899 v15=0.0000 v15r=0.0000 v16=0.0000 v17=0.0000 v18=0.0000 das=stage3[12,95] p=1.00 ep_time=12.6s
[14:06:09] [strict77_monitor] ep=100 best_source_epoch=61 source_val_ema=0.9753/0.9755 test77_ema_diag=0.8058/0.7882 sourcequalified_count=100 best_sourcequalified77_epoch=71 source_val_ema=0.9691/0.9692 test77_ema=0.8094/0.7956
[14:06:09] [pool] FINAL pool_size=7 best ep=070 dev77_f1=0.7538 final77_f1=0.7904 -> EXPERIMENTSRESULT\REVISION_5090\SUPP_ABLATION\ACR_discrete\seed1234\checkpoints\best_pool_ema.pt
[14:06:09] [train] done best_sourceval_acc_ema=0.9753
[14:06:14] [eval] loaded vit_large_patch16_dinov3_lvd1689m_best_sourceval_ema.pt (sourceval)
[14:06:14] [eval] strict source-val selected by ema acc; heldout77_unused=140 final_test77=278 imgs, seed=42 dev_per_class=20
[14:06:16] [eval] 77GHz final-test acc=0.8058 f1=0.7882
[14:06:16] [eval] 77GHz final-test per-class={'Away': 1.0, 'Bend': 0.7948717948717948, 'Kneel': 0.9285714285714286, 'Pick': 0.8, 'SStep': 1.0, 'Sit': 0.32432432432432434, 'Towards': 0.75}
[14:06:17] [eval] val_all acc=0.9753 f1=0.9755
[14:06:18] [freq_scan:val10] f_virt=15GHz acc=0.9744 f1=0.9760
[14:06:18] [freq_scan:val10] f_virt=30GHz acc=0.9872 f1=0.9881
[14:06:19] [freq_scan:val10] f_virt=50GHz acc=0.9872 f1=0.9881
[14:06:19] [freq_scan:val10] f_virt=77GHz acc=0.9744 f1=0.9760
[14:06:20] [freq_scan:val10] f_virt=99GHz acc=0.9231 f1=0.9278
[14:06:21] [freq_scan:val10] f_virt=120GHz acc=0.9103 f1=0.9145
[14:06:22] [freq_scan:val10] f_virt=140GHz acc=0.9359 f1=0.9388
[14:06:22] [freq_scan:val24] f_virt=15GHz acc=0.9881 f1=0.9885
[14:06:23] [freq_scan:val24] f_virt=30GHz acc=0.9881 f1=0.9875
[14:06:24] [freq_scan:val24] f_virt=50GHz acc=0.9881 f1=0.9875
[14:06:24] [freq_scan:val24] f_virt=77GHz acc=0.9643 f1=0.9637
[14:06:25] [freq_scan:val24] f_virt=99GHz acc=0.9643 f1=0.9637
[14:06:26] [freq_scan:val24] f_virt=120GHz acc=0.9643 f1=0.9646
[14:06:27] [freq_scan:val24] f_virt=140GHz acc=0.9167 f1=0.9175
[14:06:27] [eval] saved eval_sourceval.json
[14:06:31] [eval] loaded vit_large_patch16_dinov3_lvd1689m_best_sourcequalified77_ema.pt (sourcequalified)
[14:06:31] [eval] source-qualified diagnostic selected (source-val ema acc >= 0.00, then best 77GHz ema macro-F1); heldout77_unused=140 final_test77=278 imgs, seed=42 dev_per_class=20
[14:06:33] [eval] 77GHz final-test acc=0.8094 f1=0.7956
[14:06:33] [eval] 77GHz final-test per-class={'Away': 1.0, 'Bend': 0.7948717948717948, 'Kneel': 0.9285714285714286, 'Pick': 0.8, 'SStep': 1.0, 'Sit': 0.3783783783783784, 'Towards': 0.725}
[14:06:35] [eval] val_all acc=0.9691 f1=0.9692
[14:06:35] [freq_scan:val10] f_virt=15GHz acc=0.9744 f1=0.9760
[14:06:36] [freq_scan:val10] f_virt=30GHz acc=0.9872 f1=0.9881
[14:06:36] [freq_scan:val10] f_virt=50GHz acc=0.9744 f1=0.9760
[14:06:37] [freq_scan:val10] f_virt=77GHz acc=0.9615 f1=0.9637
[14:06:38] [freq_scan:val10] f_virt=99GHz acc=0.9231 f1=0.9273
[14:06:38] [freq_scan:val10] f_virt=120GHz acc=0.9231 f1=0.9273
[14:06:39] [freq_scan:val10] f_virt=140GHz acc=0.9103 f1=0.9152
[14:06:40] [freq_scan:val24] f_virt=15GHz acc=0.9881 f1=0.9885
[14:06:40] [freq_scan:val24] f_virt=30GHz acc=1.0000 f1=1.0000
[14:06:41] [freq_scan:val24] f_virt=50GHz acc=0.9881 f1=0.9875
[14:06:42] [freq_scan:val24] f_virt=77GHz acc=0.9643 f1=0.9637
[14:06:42] [freq_scan:val24] f_virt=99GHz acc=0.9643 f1=0.9637
[14:06:43] [freq_scan:val24] f_virt=120GHz acc=0.9643 f1=0.9646
[14:06:44] [freq_scan:val24] f_virt=140GHz acc=0.9286 f1=0.9291
[14:06:44] [eval] saved eval_sourcequalified.json
