[23:08:28] run_dir=G:\zhanghe\Letter journal\EXPERIMENTSRESULT\REVISION_5090\A_V13\seed31415
[23:08:28] device=cuda
[23:08:28] backbone=vit_large_patch16_dinov3.lvd1689m
[23:08:28] env: manifest_dir=G:\zhanghe\Letter journal\tasks\known_people_unknown_freq\manifest dataset_root=G:\zhanghe\Letter journal use_dann=False selection=source_val_acc_ema adapter_mode=lora
[23:08:28] set_seed(31415)
[23:08:29] [fast_gpu] source cache 644 imgs (0.39GB) on cuda
[23:08:29] train_source=644 train_src_rows=10:302 24:342 source_steps/epoch=40 val_all=162 heldout77_unused=140 test77_final=278
[23:08:29] [test77_split] seed=42 dev_per_class=20
[23:08:37] trainable params=2378753 (encoder_lora+neck+head + miro_proj+v15_falsification+v13_residual_split)
[23:08:37] logit_prior=[-1.9678890705108643, -1.913821816444397, -1.8427258729934692, -1.9678890705108643, -2.0133514404296875, -1.8929877281188965, -2.036881923675537]
[23:08:37] use_dann=False
[23:08:37] use_das=True
[23:08:37] das_mode=curriculum initial_stage={'name': 'stage1', 'p': 0.35, 'f_low': 10.0, 'f_high': 24.0}
[23:08:37] adapter_mode=lora
[23:08:37] schedule: epochs=100 steps/epoch=40 imgs/step=16 total_steps=4000 total_imgs=64000 warmup_steps=120
[23:08:37] source_qualified_policy: val_acc_ema>=0.00 candidates are recorded; best candidate by 77GHz F1 is saved as diagnostic
[23:08:37] [pool] init threshold=0.90 period=10 selection=dev77_f1
[23:08:37] [train] epoch 1/100 steps=40 use_dann=0 das=stage1 f=[10.0,24.0] p=0.35 gpu=3.0/3.0GB
[23:08:38] [train] ep=01 step=001/40 ce=7.8180 sc=2.9973 mi=1.0265 dn=0.0000 v13=0.0207 v15=0.0000 v16=0.0000 v17=0.0000 v18=0.0000 acc=0.1875 lr=2.50e-06 lambda=0.000 v18_lambda=0.000 gpu=3.0/11.8GB
[23:08:39] [train] ep=01 step=010/40 ce=7.9405 sc=2.8524 mi=1.0122 dn=0.0000 v13=0.0074 v15=0.0000 v16=0.0000 v17=0.0000 v18=0.0000 acc=0.1250 lr=2.50e-05 lambda=0.000 v18_lambda=0.000 gpu=3.0/11.8GB
[23:08:41] [train] ep=01 step=020/40 ce=7.8616 sc=2.8285 mi=0.9613 dn=0.0000 v13=0.0066 v15=0.0000 v16=0.0000 v17=0.0000 v18=0.0000 acc=0.1406 lr=5.00e-05 lambda=0.000 v18_lambda=0.000 gpu=3.0/11.8GB
[23:08:43] [train] ep=01 step=030/40 ce=7.8816 sc=2.8201 mi=0.8884 dn=0.0000 v13=0.0057 v15=0.0000 v16=0.0000 v17=0.0000 v18=0.0000 acc=0.1521 lr=7.50e-05 lambda=0.000 v18_lambda=0.000 gpu=3.0/11.8GB
[23:08:45] [train] ep=01 step=040/40 ce=7.8119 sc=2.8068 mi=0.8036 dn=0.0000 v13=0.0050 v15=0.0000 v16=0.0000 v17=0.0000 v18=0.0000 acc=0.1594 lr=1.00e-04 lambda=0.000 v18_lambda=0.000 gpu=3.0/11.8GB
[23:08:46] [ep_summary] ep=01/100 val_live=0.1852/0.0966 val_ema=0.0000/0.0000 test77_live=0.1978/0.1083 test77_diag_ema=0.0000/0.0000 v13=0.0050 v15=0.0000 v16=0.0000 v17=0.0000 v18=0.0000 das=stage1[10,24] p=0.35 ep_time=9.0s
[23:08:46] [train] epoch 2/100 steps=40 use_dann=0 das=stage1 f=[10.0,24.0] p=0.35 gpu=3.0/15.8GB
[23:08:46] [train] ep=02 step=001/40 ce=7.5947 sc=2.6666 mi=0.4588 dn=0.0000 v13=0.0013 v15=0.0000 v16=0.0000 v17=0.0000 v18=0.0000 acc=0.2500 lr=1.02e-04 lambda=0.000 v18_lambda=0.000 gpu=3.0/15.8GB
[23:08:48] [train] ep=02 step=010/40 ce=7.5390 sc=2.7814 mi=0.3796 dn=0.0000 v13=0.0018 v15=0.0000 v16=0.0000 v17=0.0000 v18=0.0000 acc=0.2250 lr=1.25e-04 lambda=0.000 v18_lambda=0.000 gpu=3.0/15.8GB
[23:08:50] [train] ep=02 step=020/40 ce=7.3820 sc=2.7628 mi=0.3226 dn=0.0000 v13=0.0016 v15=0.0000 v16=0.0000 v17=0.0000 v18=0.0000 acc=0.2812 lr=1.50e-04 lambda=0.000 v18_lambda=0.000 gpu=3.0/15.8GB
[23:08:51] [train] ep=02 step=030/40 ce=7.2331 sc=2.7503 mi=0.2845 dn=0.0000 v13=0.0015 v15=0.0000 v16=0.0000 v17=0.0000 v18=0.0000 acc=0.3250 lr=1.75e-04 lambda=0.000 v18_lambda=0.000 gpu=3.0/15.8GB
[23:08:53] [train] ep=02 step=040/40 ce=7.0395 sc=2.7151 mi=0.2585 dn=0.0000 v13=0.0015 v15=0.0000 v16=0.0000 v17=0.0000 v18=0.0000 acc=0.3625 lr=2.00e-04 lambda=0.000 v18_lambda=0.000 gpu=3.0/15.8GB
[23:08:54] [ep_summary] ep=02/100 val_live=0.6049/0.5782 val_ema=0.0000/0.0000 test77_live=0.3094/0.2145 test77_diag_ema=0.0000/0.0000 v13=0.0015 v15=0.0000 v16=0.0000 v17=0.0000 v18=0.0000 das=stage1[10,24] p=0.35 ep_time=8.4s
[23:08:54] [train] epoch 3/100 steps=40 use_dann=0 das=stage1 f=[10.0,24.0] p=0.35 gpu=3.0/15.8GB
[23:08:55] [train] ep=03 step=001/40 ce=5.7589 sc=2.7040 mi=0.1968 dn=0.0000 v13=0.0008 v15=0.0000 v16=0.0000 v17=0.0000 v18=0.0000 acc=0.5625 lr=2.02e-04 lambda=0.000 v18_lambda=0.000 gpu=3.0/15.8GB
[23:08:56] [train] ep=03 step=010/40 ce=5.9923 sc=2.4840 mi=0.1854 dn=0.0000 v13=0.0015 v15=0.0000 v16=0.0000 v17=0.0000 v18=0.0000 acc=0.5000 lr=2.25e-04 lambda=0.000 v18_lambda=0.000 gpu=3.0/15.8GB
[23:08:58] [train] ep=03 step=020/40 ce=5.6331 sc=2.3314 mi=0.1793 dn=0.0000 v13=0.0014 v15=0.0000 v16=0.0000 v17=0.0000 v18=0.0000 acc=0.5500 lr=2.50e-04 lambda=0.000 v18_lambda=0.000 gpu=3.0/15.8GB
[23:09:00] [train] ep=03 step=030/40 ce=4.9804 sc=2.1970 mi=0.1887 dn=0.0000 v13=0.0014 v15=0.0000 v16=0.0000 v17=0.0000 v18=0.0000 acc=0.6250 lr=2.75e-04 lambda=0.000 v18_lambda=0.000 gpu=3.0/15.8GB
[23:09:02] [train] ep=03 step=040/40 ce=4.6306 sc=2.1283 mi=0.1961 dn=0.0000 v13=0.0013 v15=0.0000 v16=0.0000 v17=0.0000 v18=0.0000 acc=0.6609 lr=3.00e-04 lambda=0.000 v18_lambda=0.000 gpu=3.0/15.8GB
[23:09:03] [ep_summary] ep=03/100 val_live=0.7901/0.8000 val_ema=0.0000/0.0000 test77_live=0.4317/0.3404 test77_diag_ema=0.0000/0.0000 v13=0.0013 v15=0.0000 v16=0.0000 v17=0.0000 v18=0.0000 das=stage1[10,24] p=0.35 ep_time=8.4s
[23:09:03] [train] epoch 4/100 steps=40 use_dann=0 das=stage1 f=[10.0,24.0] p=0.35 gpu=3.0/15.8GB
[23:09:03] [train] ep=04 step=001/40 ce=3.0394 sc=1.5078 mi=0.1817 dn=0.0000 v13=0.0026 v15=0.0000 v16=0.0000 v17=0.0000 v18=0.0000 acc=0.7500 lr=3.00e-04 lambda=0.000 v18_lambda=0.000 gpu=3.0/15.8GB
[23:09:05] [train] ep=04 step=010/40 ce=3.2637 sc=1.7317 mi=0.1759 dn=0.0000 v13=0.0014 v15=0.0000 v16=0.0000 v17=0.0000 v18=0.0000 acc=0.7812 lr=3.00e-04 lambda=0.000 v18_lambda=0.000 gpu=3.0/15.8GB
[23:09:06] [train] ep=04 step=020/40 ce=3.0491 sc=1.5617 mi=0.1641 dn=0.0000 v13=0.0012 v15=0.0000 v16=0.0000 v17=0.0000 v18=0.0000 acc=0.7969 lr=3.00e-04 lambda=0.000 v18_lambda=0.000 gpu=3.0/15.8GB
[23:09:08] [train] ep=04 step=030/40 ce=3.0558 sc=1.5821 mi=0.1504 dn=0.0000 v13=0.0011 v15=0.0000 v16=0.0000 v17=0.0000 v18=0.0000 acc=0.7958 lr=3.00e-04 lambda=0.000 v18_lambda=0.000 gpu=3.0/15.8GB
[23:09:10] [train] ep=04 step=040/40 ce=2.8879 sc=1.5541 mi=0.1384 dn=0.0000 v13=0.0011 v15=0.0000 v16=0.0000 v17=0.0000 v18=0.0000 acc=0.8109 lr=3.00e-04 lambda=0.000 v18_lambda=0.000 gpu=3.0/15.8GB
[23:09:11] [ep_summary] ep=04/100 val_live=0.8086/0.7793 val_ema=0.0000/0.0000 test77_live=0.4568/0.3373 test77_diag_ema=0.0000/0.0000 v13=0.0011 v15=0.0000 v16=0.0000 v17=0.0000 v18=0.0000 das=stage1[10,24] p=0.35 ep_time=8.5s
[23:09:11] [train] epoch 5/100 steps=40 use_dann=0 das=stage1 f=[10.0,24.0] p=0.35 gpu=3.0/15.8GB
[23:09:12] [train] ep=05 step=001/40 ce=2.4477 sc=1.5439 mi=0.0997 dn=0.0000 v13=0.0013 v15=0.0000 v16=0.0000 v17=0.0000 v18=0.0000 acc=0.8750 lr=3.00e-04 lambda=0.000 v18_lambda=0.000 gpu=3.0/15.8GB
[23:09:13] [train] ep=05 step=010/40 ce=2.5412 sc=1.5417 mi=0.1015 dn=0.0000 v13=0.0007 v15=0.0000 v16=0.0000 v17=0.0000 v18=0.0000 acc=0.8625 lr=3.00e-04 lambda=0.000 v18_lambda=0.000 gpu=3.0/15.8GB
[23:09:15] [train] ep=05 step=020/40 ce=2.4036 sc=1.4279 mi=0.0987 dn=0.0000 v13=0.0007 v15=0.0000 v16=0.0000 v17=0.0000 v18=0.0000 acc=0.8594 lr=3.00e-04 lambda=0.000 v18_lambda=0.000 gpu=3.0/15.8GB
[23:09:17] [train] ep=05 step=030/40 ce=2.4613 sc=1.4273 mi=0.0966 dn=0.0000 v13=0.0007 v15=0.0000 v16=0.0000 v17=0.0000 v18=0.0000 acc=0.8562 lr=3.00e-04 lambda=0.000 v18_lambda=0.000 gpu=3.0/15.8GB
[23:09:19] [train] ep=05 step=040/40 ce=2.2657 sc=1.4027 mi=0.0959 dn=0.0000 v13=0.0007 v15=0.0000 v16=0.0000 v17=0.0000 v18=0.0000 acc=0.8719 lr=3.00e-04 lambda=0.000 v18_lambda=0.000 gpu=3.0/15.8GB
[23:09:21] [ep_summary] ep=05/100 val_live=0.8642/0.8655 val_ema=0.1358/0.0386 test77_live=0.3705/0.2687 test77_diag_ema=0.1511/0.0719 v13=0.0007 v15=0.0000 v16=0.0000 v17=0.0000 v18=0.0000 das=stage1[10,24] p=0.35 ep_time=9.9s
[23:09:21] [save] best_sourceval_ema val_acc_ema=0.1358 source_val_live=0.8642/0.8655 source_val_ema=0.1358/0.0386 ep=5
[23:09:21] [save] best_sourcequalified77_ema ep=5 source_val_live=0.8642/0.8655 source_val_ema=0.1358/0.0386 test77_ema=0.1511/0.0719
[23:09:21] [train] epoch 6/100 steps=40 use_dann=0 das=stage1 f=[10.0,24.0] p=0.35 gpu=3.0/15.8GB
[23:09:22] [train] ep=06 step=001/40 ce=2.3178 sc=0.8176 mi=0.0943 dn=0.0000 v13=0.0007 v15=0.0000 v16=0.0000 v17=0.0000 v18=0.0000 acc=0.8750 lr=3.00e-04 lambda=0.000 v18_lambda=0.000 gpu=3.0/15.8GB
[23:09:23] [train] ep=06 step=010/40 ce=1.8942 sc=1.3812 mi=0.0957 dn=0.0000 v13=0.0008 v15=0.0000 v16=0.0000 v17=0.0000 v18=0.0000 acc=0.8938 lr=3.00e-04 lambda=0.000 v18_lambda=0.000 gpu=3.0/15.8GB
[23:09:25] [train] ep=06 step=020/40 ce=1.8686 sc=1.2931 mi=0.0907 dn=0.0000 v13=0.0007 v15=0.0000 v16=0.0000 v17=0.0000 v18=0.0000 acc=0.8969 lr=3.00e-04 lambda=0.000 v18_lambda=0.000 gpu=3.0/15.8GB
[23:09:27] [train] ep=06 step=030/40 ce=1.9479 sc=1.3469 mi=0.0884 dn=0.0000 v13=0.0007 v15=0.0000 v16=0.0000 v17=0.0000 v18=0.0000 acc=0.8896 lr=2.99e-04 lambda=0.000 v18_lambda=0.000 gpu=3.0/15.8GB
[23:09:29] [train] ep=06 step=040/40 ce=1.8182 sc=1.3044 mi=0.0863 dn=0.0000 v13=0.0007 v15=0.0000 v16=0.0000 v17=0.0000 v18=0.0000 acc=0.8953 lr=2.99e-04 lambda=0.000 v18_lambda=0.000 gpu=3.0/15.8GB
[23:09:31] [ep_summary] ep=06/100 val_live=0.9506/0.9513 val_ema=0.1481/0.0408 test77_live=0.4856/0.3632 test77_diag_ema=0.1691/0.0756 v13=0.0007 v15=0.0000 v16=0.0000 v17=0.0000 v18=0.0000 das=stage1[10,24] p=0.35 ep_time=9.9s
[23:09:31] [save] best_sourceval_ema val_acc_ema=0.1481 source_val_live=0.9506/0.9513 source_val_ema=0.1481/0.0408 ep=6
[23:09:31] [save] best_sourcequalified77_ema ep=6 source_val_live=0.9506/0.9513 source_val_ema=0.1481/0.0408 test77_ema=0.1691/0.0756
[23:09:31] [train] epoch 7/100 steps=40 use_dann=0 das=stage1 f=[10.0,24.0] p=0.35 gpu=3.0/15.8GB
[23:09:32] [train] ep=07 step=001/40 ce=0.8094 sc=1.1482 mi=0.0779 dn=0.0000 v13=0.0007 v15=0.0000 v16=0.0000 v17=0.0000 v18=0.0000 acc=1.0000 lr=2.99e-04 lambda=0.000 v18_lambda=0.000 gpu=3.0/15.8GB
[23:09:33] [train] ep=07 step=010/40 ce=1.1616 sc=1.1362 mi=0.0779 dn=0.0000 v13=0.0007 v15=0.0000 v16=0.0000 v17=0.0000 v18=0.0000 acc=0.9500 lr=2.99e-04 lambda=0.000 v18_lambda=0.000 gpu=3.0/15.8GB
[23:09:35] [train] ep=07 step=020/40 ce=1.4601 sc=1.1378 mi=0.0786 dn=0.0000 v13=0.0006 v15=0.0000 v16=0.0000 v17=0.0000 v18=0.0000 acc=0.9281 lr=2.99e-04 lambda=0.000 v18_lambda=0.000 gpu=3.0/15.8GB
[23:09:37] [train] ep=07 step=030/40 ce=1.6037 sc=1.1671 mi=0.0791 dn=0.0000 v13=0.0006 v15=0.0000 v16=0.0000 v17=0.0000 v18=0.0000 acc=0.9208 lr=2.99e-04 lambda=0.000 v18_lambda=0.000 gpu=3.0/15.8GB
[23:09:39] [train] ep=07 step=040/40 ce=1.6731 sc=1.1733 mi=0.0784 dn=0.0000 v13=0.0007 v15=0.0000 v16=0.0000 v17=0.0000 v18=0.0000 acc=0.9156 lr=2.99e-04 lambda=0.000 v18_lambda=0.000 gpu=3.0/15.8GB
[23:09:41] [ep_summary] ep=07/100 val_live=0.9012/0.9071 val_ema=0.1543/0.0525 test77_live=0.5468/0.4689 test77_diag_ema=0.1799/0.0792 v13=0.0007 v15=0.0000 v16=0.0000 v17=0.0000 v18=0.0000 das=stage1[10,24] p=0.35 ep_time=9.9s
[23:09:41] [save] best_sourceval_ema val_acc_ema=0.1543 source_val_live=0.9012/0.9071 source_val_ema=0.1543/0.0525 ep=7
[23:09:41] [save] best_sourcequalified77_ema ep=7 source_val_live=0.9012/0.9071 source_val_ema=0.1543/0.0525 test77_ema=0.1799/0.0792
[23:09:41] [train] epoch 8/100 steps=40 use_dann=0 das=stage1 f=[10.0,24.0] p=0.35 gpu=3.0/15.8GB
[23:09:41] [train] ep=08 step=001/40 ce=2.2482 sc=1.6102 mi=0.0666 dn=0.0000 v13=0.0008 v15=0.0000 v16=0.0000 v17=0.0000 v18=0.0000 acc=0.8750 lr=2.99e-04 lambda=0.000 v18_lambda=0.000 gpu=3.0/15.8GB
[23:09:43] [train] ep=08 step=010/40 ce=1.5350 sc=1.2098 mi=0.0743 dn=0.0000 v13=0.0009 v15=0.0000 v16=0.0000 v17=0.0000 v18=0.0000 acc=0.9062 lr=2.99e-04 lambda=0.000 v18_lambda=0.000 gpu=3.0/15.8GB
[23:09:45] [train] ep=08 step=020/40 ce=1.6123 sc=1.2038 mi=0.0753 dn=0.0000 v13=0.0007 v15=0.0000 v16=0.0000 v17=0.0000 v18=0.0000 acc=0.9000 lr=2.98e-04 lambda=0.000 v18_lambda=0.000 gpu=3.0/15.8GB
[23:09:47] [train] ep=08 step=030/40 ce=1.5718 sc=1.1966 mi=0.0743 dn=0.0000 v13=0.0006 v15=0.0000 v16=0.0000 v17=0.0000 v18=0.0000 acc=0.9083 lr=2.98e-04 lambda=0.000 v18_lambda=0.000 gpu=3.0/15.8GB
[23:09:48] [train] ep=08 step=040/40 ce=1.5811 sc=1.1939 mi=0.0733 dn=0.0000 v13=0.0006 v15=0.0000 v16=0.0000 v17=0.0000 v18=0.0000 acc=0.9094 lr=2.98e-04 lambda=0.000 v18_lambda=0.000 gpu=3.0/15.8GB
[23:09:51] [ep_summary] ep=08/100 val_live=0.9383/0.9393 val_ema=0.1914/0.1128 test77_live=0.5612/0.4754 test77_diag_ema=0.1619/0.0663 v13=0.0006 v15=0.0000 v16=0.0000 v17=0.0000 v18=0.0000 das=stage1[10,24] p=0.35 ep_time=9.9s
[23:09:51] [save] best_sourceval_ema val_acc_ema=0.1914 source_val_live=0.9383/0.9393 source_val_ema=0.1914/0.1128 ep=8
[23:09:51] [train] epoch 9/100 steps=40 use_dann=0 das=stage2 f=[10.0,50.0] p=0.70 gpu=3.0/15.8GB
[23:09:51] [train] ep=09 step=001/40 ce=1.1914 sc=1.0978 mi=0.0899 dn=0.0000 v13=0.0007 v15=0.0000 v16=0.0000 v17=0.0000 v18=0.0000 acc=0.9375 lr=2.98e-04 lambda=0.000 v18_lambda=0.000 gpu=3.0/15.8GB
[23:09:53] [train] ep=09 step=010/40 ce=1.7154 sc=1.3077 mi=0.0820 dn=0.0000 v13=0.0009 v15=0.0000 v16=0.0000 v17=0.0000 v18=0.0000 acc=0.9000 lr=2.98e-04 lambda=0.000 v18_lambda=0.000 gpu=3.0/15.8GB
[23:09:55] [train] ep=09 step=020/40 ce=1.6271 sc=1.2563 mi=0.0775 dn=0.0000 v13=0.0009 v15=0.0000 v16=0.0000 v17=0.0000 v18=0.0000 acc=0.9125 lr=2.98e-04 lambda=0.000 v18_lambda=0.000 gpu=3.0/15.8GB
[23:09:57] [train] ep=09 step=030/40 ce=1.6008 sc=1.2239 mi=0.0767 dn=0.0000 v13=0.0010 v15=0.0000 v16=0.0000 v17=0.0000 v18=0.0000 acc=0.9125 lr=2.97e-04 lambda=0.000 v18_lambda=0.000 gpu=3.0/15.8GB
[23:09:58] [train] ep=09 step=040/40 ce=1.4778 sc=1.1803 mi=0.0763 dn=0.0000 v13=0.0010 v15=0.0000 v16=0.0000 v17=0.0000 v18=0.0000 acc=0.9203 lr=2.97e-04 lambda=0.000 v18_lambda=0.000 gpu=3.0/15.8GB
[23:10:01] [ep_summary] ep=09/100 val_live=0.9383/0.9416 val_ema=0.2222/0.1531 test77_live=0.7878/0.7837 test77_diag_ema=0.1511/0.0588 v13=0.0010 v15=0.0000 v16=0.0000 v17=0.0000 v18=0.0000 das=stage2[10,50] p=0.70 ep_time=9.9s
[23:10:01] [save] best_sourceval_ema val_acc_ema=0.2222 source_val_live=0.9383/0.9416 source_val_ema=0.2222/0.1531 ep=9
[23:10:01] [train] epoch 10/100 steps=40 use_dann=0 das=stage2 f=[10.0,50.0] p=0.70 gpu=3.0/15.8GB
[23:10:01] [train] ep=10 step=001/40 ce=2.1940 sc=1.6013 mi=0.0710 dn=0.0000 v13=0.0009 v15=0.0000 v16=0.0000 v17=0.0000 v18=0.0000 acc=0.8125 lr=2.97e-04 lambda=0.000 v18_lambda=0.000 gpu=3.0/15.8GB
[23:10:03] [train] ep=10 step=010/40 ce=1.5890 sc=1.3192 mi=0.0704 dn=0.0000 v13=0.0012 v15=0.0000 v16=0.0000 v17=0.0000 v18=0.0000 acc=0.9187 lr=2.97e-04 lambda=0.000 v18_lambda=0.000 gpu=3.0/15.8GB
[23:10:05] [train] ep=10 step=020/40 ce=1.3073 sc=1.2223 mi=0.0691 dn=0.0000 v13=0.0011 v15=0.0000 v16=0.0000 v17=0.0000 v18=0.0000 acc=0.9344 lr=2.97e-04 lambda=0.000 v18_lambda=0.000 gpu=3.0/15.8GB
[23:10:06] [train] ep=10 step=030/40 ce=1.2545 sc=1.1919 mi=0.0698 dn=0.0000 v13=0.0010 v15=0.0000 v16=0.0000 v17=0.0000 v18=0.0000 acc=0.9396 lr=2.96e-04 lambda=0.000 v18_lambda=0.000 gpu=3.0/15.8GB
[23:10:08] [train] ep=10 step=040/40 ce=1.1802 sc=1.1207 mi=0.0697 dn=0.0000 v13=0.0010 v15=0.0000 v16=0.0000 v17=0.0000 v18=0.0000 acc=0.9453 lr=2.96e-04 lambda=0.000 v18_lambda=0.000 gpu=3.0/15.8GB
[23:10:11] [pool] check ep=010/100 source_val_acc_ema=0.2469 threshold=0.90
[23:10:11] [pool] ep=010 SKIP (source_val_acc_ema=0.2469 < 0.90)
[23:10:11] [ep_summary] ep=10/100 val_live=0.9383/0.9395 val_ema=0.2469/0.1748 test77_live=0.6655/0.6127 test77_diag_ema=0.1475/0.0477 v13=0.0010 v15=0.0000 v16=0.0000 v17=0.0000 v18=0.0000 das=stage2[10,50] p=0.70 ep_time=9.9s
[23:10:11] [save] best_sourceval_ema val_acc_ema=0.2469 source_val_live=0.9383/0.9395 source_val_ema=0.2469/0.1748 ep=10
[23:10:11] [strict77_monitor] ep=10 best_source_epoch=10 source_val_ema=0.2469/0.1748 test77_ema_diag=0.1475/0.0477 sourcequalified_count=10 best_sourcequalified77_epoch=7 source_val_ema=0.1543/0.0525 test77_ema=0.1799/0.0792
[23:10:11] [train] epoch 11/100 steps=40 use_dann=0 das=stage2 f=[10.0,50.0] p=0.70 gpu=3.0/15.8GB
[23:10:11] [train] ep=11 step=001/40 ce=0.5140 sc=0.7605 mi=0.0750 dn=0.0000 v13=0.0011 v15=0.0000 v16=0.0000 v17=0.0000 v18=0.0000 acc=1.0000 lr=2.96e-04 lambda=0.000 v18_lambda=0.000 gpu=3.0/15.8GB
[23:10:13] [train] ep=11 step=010/40 ce=1.3461 sc=1.0918 mi=0.0707 dn=0.0000 v13=0.0009 v15=0.0000 v16=0.0000 v17=0.0000 v18=0.0000 acc=0.9250 lr=2.96e-04 lambda=0.000 v18_lambda=0.000 gpu=3.0/15.8GB
[23:10:15] [train] ep=11 step=020/40 ce=1.3688 sc=1.0760 mi=0.0717 dn=0.0000 v13=0.0009 v15=0.0000 v16=0.0000 v17=0.0000 v18=0.0000 acc=0.9250 lr=2.96e-04 lambda=0.000 v18_lambda=0.000 gpu=3.0/15.8GB
[23:10:16] [train] ep=11 step=030/40 ce=1.2260 sc=1.0657 mi=0.0701 dn=0.0000 v13=0.0008 v15=0.0000 v16=0.0000 v17=0.0000 v18=0.0000 acc=0.9292 lr=2.95e-04 lambda=0.000 v18_lambda=0.000 gpu=3.0/15.8GB
[23:10:18] [train] ep=11 step=040/40 ce=1.1508 sc=1.0482 mi=0.0701 dn=0.0000 v13=0.0008 v15=0.0000 v16=0.0000 v17=0.0000 v18=0.0000 acc=0.9391 lr=2.95e-04 lambda=0.000 v18_lambda=0.000 gpu=3.0/15.8GB
[23:10:21] [ep_summary] ep=11/100 val_live=0.9136/0.9172 val_ema=0.2901/0.2250 test77_live=0.7230/0.6593 test77_diag_ema=0.1475/0.0473 v13=0.0008 v15=0.0000 v16=0.0000 v17=0.0000 v18=0.0000 das=stage2[10,50] p=0.70 ep_time=9.9s
[23:10:21] [save] best_sourceval_ema val_acc_ema=0.2901 source_val_live=0.9136/0.9172 source_val_ema=0.2901/0.2250 ep=11
[23:10:21] [train] epoch 12/100 steps=40 use_dann=0 das=stage2 f=[10.0,50.0] p=0.70 gpu=3.0/15.8GB
[23:10:21] [train] ep=12 step=001/40 ce=0.7922 sc=0.9026 mi=0.0634 dn=0.0000 v13=0.0011 v15=0.0000 v16=0.0000 v17=0.0000 v18=0.0000 acc=0.9375 lr=2.95e-04 lambda=0.000 v18_lambda=0.000 gpu=3.0/15.8GB
[23:10:23] [train] ep=12 step=010/40 ce=0.9257 sc=0.9257 mi=0.0683 dn=0.0000 v13=0.0009 v15=0.0000 v16=0.0000 v17=0.0000 v18=0.0000 acc=0.9563 lr=2.95e-04 lambda=0.000 v18_lambda=0.000 gpu=3.0/15.8GB
[23:10:25] [train] ep=12 step=020/40 ce=0.9253 sc=0.9213 mi=0.0673 dn=0.0000 v13=0.0009 v15=0.0000 v16=0.0000 v17=0.0000 v18=0.0000 acc=0.9594 lr=2.94e-04 lambda=0.000 v18_lambda=0.000 gpu=3.0/15.8GB
[23:10:26] [train] ep=12 step=030/40 ce=0.9459 sc=0.9537 mi=0.0686 dn=0.0000 v13=0.0009 v15=0.0000 v16=0.0000 v17=0.0000 v18=0.0000 acc=0.9563 lr=2.94e-04 lambda=0.000 v18_lambda=0.000 gpu=3.0/15.8GB
[23:10:28] [train] ep=12 step=040/40 ce=0.9465 sc=0.9668 mi=0.0686 dn=0.0000 v13=0.0008 v15=0.0000 v16=0.0000 v17=0.0000 v18=0.0000 acc=0.9578 lr=2.94e-04 lambda=0.000 v18_lambda=0.000 gpu=3.0/15.8GB
[23:10:31] [ep_summary] ep=12/100 val_live=0.9383/0.9395 val_ema=0.3519/0.2944 test77_live=0.7914/0.7932 test77_diag_ema=0.1475/0.0471 v13=0.0008 v15=0.0000 v16=0.0000 v17=0.0000 v18=0.0000 das=stage2[10,50] p=0.70 ep_time=9.9s
[23:10:31] [save] best_sourceval_ema val_acc_ema=0.3519 source_val_live=0.9383/0.9395 source_val_ema=0.3519/0.2944 ep=12
[23:10:31] [train] epoch 13/100 steps=40 use_dann=0 das=stage2 f=[10.0,50.0] p=0.70 gpu=3.0/15.8GB
[23:10:31] [train] ep=13 step=001/40 ce=0.3642 sc=1.0888 mi=0.0696 dn=0.0000 v13=0.0008 v15=0.0000 v16=0.0000 v17=0.0000 v18=0.0000 acc=1.0000 lr=2.94e-04 lambda=0.000 v18_lambda=0.000 gpu=3.0/15.8GB
[23:10:33] [train] ep=13 step=010/40 ce=0.8833 sc=0.9125 mi=0.0715 dn=0.0000 v13=0.0008 v15=0.0000 v16=0.0000 v17=0.0000 v18=0.0000 acc=0.9563 lr=2.93e-04 lambda=0.000 v18_lambda=0.000 gpu=3.0/15.8GB
[23:10:34] [train] ep=13 step=020/40 ce=0.9430 sc=0.9940 mi=0.0706 dn=0.0000 v13=0.0008 v15=0.0000 v16=0.0000 v17=0.0000 v18=0.0000 acc=0.9531 lr=2.93e-04 lambda=0.000 v18_lambda=0.000 gpu=3.0/15.8GB
[23:10:36] [train] ep=13 step=030/40 ce=0.9174 sc=0.9726 mi=0.0699 dn=0.0000 v13=0.0009 v15=0.0000 v16=0.0000 v17=0.0000 v18=0.0000 acc=0.9542 lr=2.93e-04 lambda=0.000 v18_lambda=0.000 gpu=3.0/15.8GB
[23:10:38] [train] ep=13 step=040/40 ce=0.9716 sc=0.9452 mi=0.0696 dn=0.0000 v13=0.0009 v15=0.0000 v16=0.0000 v17=0.0000 v18=0.0000 acc=0.9500 lr=2.92e-04 lambda=0.000 v18_lambda=0.000 gpu=3.0/15.8GB
[23:10:41] [ep_summary] ep=13/100 val_live=0.8827/0.8763 val_ema=0.4012/0.3372 test77_live=0.7554/0.7326 test77_diag_ema=0.1439/0.0431 v13=0.0009 v15=0.0000 v16=0.0000 v17=0.0000 v18=0.0000 das=stage2[10,50] p=0.70 ep_time=9.9s
[23:10:41] [save] best_sourceval_ema val_acc_ema=0.4012 source_val_live=0.8827/0.8763 source_val_ema=0.4012/0.3372 ep=13
[23:10:41] [train] epoch 14/100 steps=40 use_dann=0 das=stage2 f=[10.0,50.0] p=0.70 gpu=3.0/15.8GB
[23:10:41] [train] ep=14 step=001/40 ce=1.6878 sc=0.9052 mi=0.0828 dn=0.0000 v13=0.0005 v15=0.0000 v16=0.0000 v17=0.0000 v18=0.0000 acc=0.9375 lr=2.92e-04 lambda=0.000 v18_lambda=0.000 gpu=3.0/15.8GB
[23:10:43] [train] ep=14 step=010/40 ce=1.2471 sc=1.1583 mi=0.0720 dn=0.0000 v13=0.0008 v15=0.0000 v16=0.0000 v17=0.0000 v18=0.0000 acc=0.9500 lr=2.92e-04 lambda=0.000 v18_lambda=0.000 gpu=3.0/15.8GB
[23:10:44] [train] ep=14 step=020/40 ce=1.1506 sc=1.1031 mi=0.0719 dn=0.0000 v13=0.0008 v15=0.0000 v16=0.0000 v17=0.0000 v18=0.0000 acc=0.9469 lr=2.91e-04 lambda=0.000 v18_lambda=0.000 gpu=3.0/15.8GB
[23:10:46] [train] ep=14 step=030/40 ce=1.0863 sc=1.0815 mi=0.0711 dn=0.0000 v13=0.0008 v15=0.0000 v16=0.0000 v17=0.0000 v18=0.0000 acc=0.9500 lr=2.91e-04 lambda=0.000 v18_lambda=0.000 gpu=3.0/15.8GB
[23:10:48] [train] ep=14 step=040/40 ce=1.1143 sc=1.0860 mi=0.0692 dn=0.0000 v13=0.0008 v15=0.0000 v16=0.0000 v17=0.0000 v18=0.0000 acc=0.9484 lr=2.91e-04 lambda=0.000 v18_lambda=0.000 gpu=3.0/15.8GB
[23:10:51] [ep_summary] ep=14/100 val_live=0.9444/0.9463 val_ema=0.4630/0.4133 test77_live=0.7770/0.7701 test77_diag_ema=0.1439/0.0430 v13=0.0008 v15=0.0000 v16=0.0000 v17=0.0000 v18=0.0000 das=stage2[10,50] p=0.70 ep_time=10.0s
[23:10:51] [save] best_sourceval_ema val_acc_ema=0.4630 source_val_live=0.9444/0.9463 source_val_ema=0.4630/0.4133 ep=14
[23:10:51] [train] epoch 15/100 steps=40 use_dann=0 das=stage2 f=[10.0,50.0] p=0.70 gpu=3.0/15.8GB
[23:10:51] [train] ep=15 step=001/40 ce=1.1565 sc=0.8942 mi=0.0619 dn=0.0000 v13=0.0012 v15=0.0000 v16=0.0000 v17=0.0000 v18=0.0000 acc=0.9375 lr=2.91e-04 lambda=0.000 v18_lambda=0.000 gpu=3.0/15.8GB
[23:10:53] [train] ep=15 step=010/40 ce=0.8170 sc=0.8666 mi=0.0640 dn=0.0000 v13=0.0009 v15=0.0000 v16=0.0000 v17=0.0000 v18=0.0000 acc=0.9625 lr=2.90e-04 lambda=0.000 v18_lambda=0.000 gpu=3.0/15.8GB
[23:10:54] [train] ep=15 step=020/40 ce=0.8006 sc=0.8524 mi=0.0651 dn=0.0000 v13=0.0007 v15=0.0000 v16=0.0000 v17=0.0000 v18=0.0000 acc=0.9656 lr=2.90e-04 lambda=0.000 v18_lambda=0.000 gpu=3.0/15.8GB
[23:10:56] [train] ep=15 step=030/40 ce=0.8075 sc=0.9064 mi=0.0643 dn=0.0000 v13=0.0007 v15=0.0000 v16=0.0000 v17=0.0000 v18=0.0000 acc=0.9604 lr=2.89e-04 lambda=0.000 v18_lambda=0.000 gpu=3.0/15.8GB
[23:10:59] [train] ep=15 step=040/40 ce=0.8241 sc=0.9270 mi=0.0647 dn=0.0000 v13=0.0007 v15=0.0000 v16=0.0000 v17=0.0000 v18=0.0000 acc=0.9594 lr=2.89e-04 lambda=0.000 v18_lambda=0.000 gpu=3.0/15.8GB
[23:11:01] [ep_summary] ep=15/100 val_live=0.9136/0.9123 val_ema=0.4938/0.4448 test77_live=0.8417/0.8391 test77_diag_ema=0.1439/0.0423 v13=0.0007 v15=0.0000 v16=0.0000 v17=0.0000 v18=0.0000 das=stage2[10,50] p=0.70 ep_time=10.5s
[23:11:01] [save] best_sourceval_ema val_acc_ema=0.4938 source_val_live=0.9136/0.9123 source_val_ema=0.4938/0.4448 ep=15
[23:11:01] [train] epoch 16/100 steps=40 use_dann=0 das=stage2 f=[10.0,50.0] p=0.70 gpu=3.0/15.8GB
[23:11:02] [train] ep=16 step=001/40 ce=1.0324 sc=0.9535 mi=0.0718 dn=0.0000 v13=0.0008 v15=0.0000 v16=0.0000 v17=0.0000 v18=0.0000 acc=1.0000 lr=2.89e-04 lambda=0.000 v18_lambda=0.000 gpu=3.0/15.8GB
[23:11:03] [train] ep=16 step=010/40 ce=0.8603 sc=0.9648 mi=0.0685 dn=0.0000 v13=0.0008 v15=0.0000 v16=0.0000 v17=0.0000 v18=0.0000 acc=0.9750 lr=2.88e-04 lambda=0.000 v18_lambda=0.000 gpu=3.0/15.8GB
[23:11:05] [train] ep=16 step=020/40 ce=0.8207 sc=0.8034 mi=0.0655 dn=0.0000 v13=0.0007 v15=0.0000 v16=0.0000 v17=0.0000 v18=0.0000 acc=0.9656 lr=2.88e-04 lambda=0.000 v18_lambda=0.000 gpu=3.0/15.8GB
[23:11:07] [train] ep=16 step=030/40 ce=0.8253 sc=0.9121 mi=0.0661 dn=0.0000 v13=0.0007 v15=0.0000 v16=0.0000 v17=0.0000 v18=0.0000 acc=0.9667 lr=2.87e-04 lambda=0.000 v18_lambda=0.000 gpu=3.0/15.8GB
[23:11:09] [train] ep=16 step=040/40 ce=0.7740 sc=0.8948 mi=0.0666 dn=0.0000 v13=0.0007 v15=0.0000 v16=0.0000 v17=0.0000 v18=0.0000 acc=0.9703 lr=2.87e-04 lambda=0.000 v18_lambda=0.000 gpu=3.0/15.8GB
[23:11:12] [ep_summary] ep=16/100 val_live=0.9506/0.9516 val_ema=0.5185/0.4626 test77_live=0.7806/0.7377 test77_diag_ema=0.1439/0.0421 v13=0.0007 v15=0.0000 v16=0.0000 v17=0.0000 v18=0.0000 das=stage2[10,50] p=0.70 ep_time=10.2s
[23:11:12] [save] best_sourceval_ema val_acc_ema=0.5185 source_val_live=0.9506/0.9516 source_val_ema=0.5185/0.4626 ep=16
[23:11:12] [train] epoch 17/100 steps=40 use_dann=0 das=stage2 f=[10.0,50.0] p=0.70 gpu=3.0/15.8GB
[23:11:12] [train] ep=17 step=001/40 ce=0.3134 sc=1.0620 mi=0.0668 dn=0.0000 v13=0.0009 v15=0.0000 v16=0.0000 v17=0.0000 v18=0.0000 acc=1.0000 lr=2.87e-04 lambda=0.000 v18_lambda=0.000 gpu=3.0/15.8GB
[23:11:14] [train] ep=17 step=010/40 ce=0.7151 sc=0.9330 mi=0.0662 dn=0.0000 v13=0.0007 v15=0.0000 v16=0.0000 v17=0.0000 v18=0.0000 acc=0.9688 lr=2.86e-04 lambda=0.000 v18_lambda=0.000 gpu=3.0/15.8GB
[23:11:16] [train] ep=17 step=020/40 ce=0.7184 sc=0.9107 mi=0.0669 dn=0.0000 v13=0.0007 v15=0.0000 v16=0.0000 v17=0.0000 v18=0.0000 acc=0.9719 lr=2.86e-04 lambda=0.000 v18_lambda=0.000 gpu=3.0/15.8GB
[23:11:18] [train] ep=17 step=030/40 ce=0.6599 sc=0.9281 mi=0.0668 dn=0.0000 v13=0.0007 v15=0.0000 v16=0.0000 v17=0.0000 v18=0.0000 acc=0.9771 lr=2.85e-04 lambda=0.000 v18_lambda=0.000 gpu=3.0/15.8GB
[23:11:20] [train] ep=17 step=040/40 ce=0.6249 sc=0.9196 mi=0.0661 dn=0.0000 v13=0.0007 v15=0.0000 v16=0.0000 v17=0.0000 v18=0.0000 acc=0.9781 lr=2.85e-04 lambda=0.000 v18_lambda=0.000 gpu=3.0/15.8GB
[23:11:23] [ep_summary] ep=17/100 val_live=0.9630/0.9631 val_ema=0.5679/0.5191 test77_live=0.7554/0.7146 test77_diag_ema=0.1511/0.0525 v13=0.0007 v15=0.0000 v16=0.0000 v17=0.0000 v18=0.0000 das=stage2[10,50] p=0.70 ep_time=11.6s
[23:11:23] [save] best_sourceval_ema val_acc_ema=0.5679 source_val_live=0.9630/0.9631 source_val_ema=0.5679/0.5191 ep=17
[23:11:23] [train] epoch 18/100 steps=40 use_dann=0 das=stage2 f=[10.0,50.0] p=0.70 gpu=3.0/15.8GB
[23:11:23] [train] ep=18 step=001/40 ce=0.3928 sc=0.5909 mi=0.0688 dn=0.0000 v13=0.0009 v15=0.0000 v16=0.0000 v17=0.0000 v18=0.0000 acc=1.0000 lr=2.85e-04 lambda=0.000 v18_lambda=0.000 gpu=3.0/15.8GB
[23:11:25] [train] ep=18 step=010/40 ce=0.5501 sc=0.8588 mi=0.0647 dn=0.0000 v13=0.0007 v15=0.0000 v16=0.0000 v17=0.0000 v18=0.0000 acc=0.9875 lr=2.84e-04 lambda=0.000 v18_lambda=0.000 gpu=3.0/15.8GB
[23:11:28] [train] ep=18 step=020/40 ce=0.5345 sc=0.8592 mi=0.0635 dn=0.0000 v13=0.0007 v15=0.0000 v16=0.0000 v17=0.0000 v18=0.0000 acc=0.9844 lr=2.84e-04 lambda=0.000 v18_lambda=0.000 gpu=3.0/15.8GB
[23:11:30] [train] ep=18 step=030/40 ce=0.5055 sc=0.9123 mi=0.0635 dn=0.0000 v13=0.0007 v15=0.0000 v16=0.0000 v17=0.0000 v18=0.0000 acc=0.9854 lr=2.83e-04 lambda=0.000 v18_lambda=0.000 gpu=3.0/15.8GB
[23:11:32] [train] ep=18 step=040/40 ce=0.5499 sc=0.9150 mi=0.0626 dn=0.0000 v13=0.0007 v15=0.0000 v16=0.0000 v17=0.0000 v18=0.0000 acc=0.9797 lr=2.83e-04 lambda=0.000 v18_lambda=0.000 gpu=3.0/15.8GB
[23:11:34] [ep_summary] ep=18/100 val_live=0.9321/0.9337 val_ema=0.5988/0.5650 test77_live=0.8453/0.8409 test77_diag_ema=0.1583/0.0625 v13=0.0007 v15=0.0000 v16=0.0000 v17=0.0000 v18=0.0000 das=stage2[10,50] p=0.70 ep_time=11.2s
[23:11:34] [save] best_sourceval_ema val_acc_ema=0.5988 source_val_live=0.9321/0.9337 source_val_ema=0.5988/0.5650 ep=18
[23:11:34] [train] epoch 19/100 steps=40 use_dann=0 das=stage2 f=[10.0,50.0] p=0.70 gpu=3.0/15.8GB
[23:11:35] [train] ep=19 step=001/40 ce=0.2928 sc=0.5464 mi=0.0565 dn=0.0000 v13=0.0005 v15=0.0000 v16=0.0000 v17=0.0000 v18=0.0000 acc=1.0000 lr=2.83e-04 lambda=0.000 v18_lambda=0.000 gpu=3.0/15.8GB
[23:11:36] [train] ep=19 step=010/40 ce=0.5443 sc=0.8262 mi=0.0652 dn=0.0000 v13=0.0009 v15=0.0000 v16=0.0000 v17=0.0000 v18=0.0000 acc=0.9938 lr=2.82e-04 lambda=0.000 v18_lambda=0.000 gpu=3.0/15.8GB
[23:11:38] [train] ep=19 step=020/40 ce=0.4967 sc=0.8205 mi=0.0655 dn=0.0000 v13=0.0008 v15=0.0000 v16=0.0000 v17=0.0000 v18=0.0000 acc=0.9938 lr=2.82e-04 lambda=0.000 v18_lambda=0.000 gpu=3.0/15.8GB
[23:11:40] [train] ep=19 step=030/40 ce=0.5425 sc=0.8416 mi=0.0646 dn=0.0000 v13=0.0007 v15=0.0000 v16=0.0000 v17=0.0000 v18=0.0000 acc=0.9896 lr=2.81e-04 lambda=0.000 v18_lambda=0.000 gpu=3.0/15.8GB
[23:11:43] [train] ep=19 step=040/40 ce=0.5289 sc=0.8422 mi=0.0644 dn=0.0000 v13=0.0007 v15=0.0000 v16=0.0000 v17=0.0000 v18=0.0000 acc=0.9906 lr=2.80e-04 lambda=0.000 v18_lambda=0.000 gpu=3.0/15.8GB
[23:11:45] [ep_summary] ep=19/100 val_live=0.9259/0.9241 val_ema=0.6358/0.5989 test77_live=0.7338/0.7026 test77_diag_ema=0.1727/0.0816 v13=0.0007 v15=0.0000 v16=0.0000 v17=0.0000 v18=0.0000 das=stage2[10,50] p=0.70 ep_time=10.8s
[23:11:45] [save] best_sourceval_ema val_acc_ema=0.6358 source_val_live=0.9259/0.9241 source_val_ema=0.6358/0.5989 ep=19
[23:11:45] [save] best_sourcequalified77_ema ep=19 source_val_live=0.9259/0.9241 source_val_ema=0.6358/0.5989 test77_ema=0.1727/0.0816
[23:11:45] [train] epoch 20/100 steps=40 use_dann=0 das=stage2 f=[10.0,50.0] p=0.70 gpu=3.0/15.8GB
[23:11:46] [train] ep=20 step=001/40 ce=0.2956 sc=0.8295 mi=0.0572 dn=0.0000 v13=0.0005 v15=0.0000 v16=0.0000 v17=0.0000 v18=0.0000 acc=1.0000 lr=2.80e-04 lambda=0.000 v18_lambda=0.000 gpu=3.0/15.8GB
[23:11:48] [train] ep=20 step=010/40 ce=0.4977 sc=0.8087 mi=0.0624 dn=0.0000 v13=0.0005 v15=0.0000 v16=0.0000 v17=0.0000 v18=0.0000 acc=0.9812 lr=2.80e-04 lambda=0.000 v18_lambda=0.000 gpu=3.0/15.8GB
[23:11:50] [train] ep=20 step=020/40 ce=0.5253 sc=0.7918 mi=0.0629 dn=0.0000 v13=0.0005 v15=0.0000 v16=0.0000 v17=0.0000 v18=0.0000 acc=0.9844 lr=2.79e-04 lambda=0.000 v18_lambda=0.000 gpu=3.0/15.8GB
[23:11:52] [train] ep=20 step=030/40 ce=0.5247 sc=0.8057 mi=0.0628 dn=0.0000 v13=0.0005 v15=0.0000 v16=0.0000 v17=0.0000 v18=0.0000 acc=0.9833 lr=2.79e-04 lambda=0.000 v18_lambda=0.000 gpu=3.0/15.8GB
[23:11:54] [train] ep=20 step=040/40 ce=0.5249 sc=0.8158 mi=0.0624 dn=0.0000 v13=0.0005 v15=0.0000 v16=0.0000 v17=0.0000 v18=0.0000 acc=0.9812 lr=2.78e-04 lambda=0.000 v18_lambda=0.000 gpu=3.0/15.8GB
[23:11:57] [pool] check ep=020/100 source_val_acc_ema=0.6667 threshold=0.90
[23:11:57] [pool] ep=020 SKIP (source_val_acc_ema=0.6667 < 0.90)
[23:11:57] [ep_summary] ep=20/100 val_live=0.9321/0.9289 val_ema=0.6667/0.6312 test77_live=0.7122/0.6659 test77_diag_ema=0.1727/0.0829 v13=0.0005 v15=0.0000 v16=0.0000 v17=0.0000 v18=0.0000 das=stage2[10,50] p=0.70 ep_time=11.3s
[23:11:57] [save] best_sourceval_ema val_acc_ema=0.6667 source_val_live=0.9321/0.9289 source_val_ema=0.6667/0.6312 ep=20
[23:11:57] [save] best_sourcequalified77_ema ep=20 source_val_live=0.9321/0.9289 source_val_ema=0.6667/0.6312 test77_ema=0.1727/0.0829
[23:11:57] [strict77_monitor] ep=20 best_source_epoch=20 source_val_ema=0.6667/0.6312 test77_ema_diag=0.1727/0.0829 sourcequalified_count=20 best_sourcequalified77_epoch=20 source_val_ema=0.6667/0.6312 test77_ema=0.1727/0.0829
[23:11:57] [train] epoch 21/100 steps=40 use_dann=0 das=stage2 f=[10.0,50.0] p=0.70 gpu=3.0/15.8GB
[23:11:57] [train] ep=21 step=001/40 ce=0.4673 sc=0.9010 mi=0.0536 dn=0.0000 v13=0.0009 v15=0.0000 v16=0.0000 v17=0.0000 v18=0.0000 acc=1.0000 lr=2.78e-04 lambda=0.000 v18_lambda=0.000 gpu=3.0/15.8GB
[23:11:59] [train] ep=21 step=010/40 ce=0.4871 sc=0.8452 mi=0.0604 dn=0.0000 v13=0.0006 v15=0.0000 v16=0.0000 v17=0.0000 v18=0.0000 acc=0.9875 lr=2.77e-04 lambda=0.000 v18_lambda=0.000 gpu=3.0/15.8GB
[23:12:01] [train] ep=21 step=020/40 ce=0.4836 sc=0.8476 mi=0.0604 dn=0.0000 v13=0.0006 v15=0.0000 v16=0.0000 v17=0.0000 v18=0.0000 acc=0.9875 lr=2.77e-04 lambda=0.000 v18_lambda=0.000 gpu=3.0/15.8GB
[23:12:03] [train] ep=21 step=030/40 ce=0.5201 sc=0.8196 mi=0.0607 dn=0.0000 v13=0.0006 v15=0.0000 v16=0.0000 v17=0.0000 v18=0.0000 acc=0.9854 lr=2.76e-04 lambda=0.000 v18_lambda=0.000 gpu=3.0/15.8GB
[23:12:05] [train] ep=21 step=040/40 ce=0.4998 sc=0.8223 mi=0.0611 dn=0.0000 v13=0.0006 v15=0.0000 v16=0.0000 v17=0.0000 v18=0.0000 acc=0.9859 lr=2.75e-04 lambda=0.000 v18_lambda=0.000 gpu=3.0/15.8GB
[23:12:08] [ep_summary] ep=21/100 val_live=0.9630/0.9634 val_ema=0.7037/0.6659 test77_live=0.7698/0.7401 test77_diag_ema=0.1906/0.1032 v13=0.0006 v15=0.0000 v16=0.0000 v17=0.0000 v18=0.0000 das=stage2[10,50] p=0.70 ep_time=11.4s
[23:12:08] [save] best_sourceval_ema val_acc_ema=0.7037 source_val_live=0.9630/0.9634 source_val_ema=0.7037/0.6659 ep=21
[23:12:08] [save] best_sourcequalified77_ema ep=21 source_val_live=0.9630/0.9634 source_val_ema=0.7037/0.6659 test77_ema=0.1906/0.1032
[23:12:08] [train] epoch 22/100 steps=40 use_dann=0 das=stage2 f=[10.0,50.0] p=0.70 gpu=3.0/15.8GB
[23:12:08] [train] ep=22 step=001/40 ce=1.4004 sc=1.4097 mi=0.0576 dn=0.0000 v13=0.0011 v15=0.0000 v16=0.0000 v17=0.0000 v18=0.0000 acc=0.9375 lr=2.75e-04 lambda=0.000 v18_lambda=0.000 gpu=3.0/15.8GB
[23:12:10] [train] ep=22 step=010/40 ce=0.7002 sc=1.1136 mi=0.0606 dn=0.0000 v13=0.0008 v15=0.0000 v16=0.0000 v17=0.0000 v18=0.0000 acc=0.9750 lr=2.75e-04 lambda=0.000 v18_lambda=0.000 gpu=3.0/15.8GB
[23:12:13] [train] ep=22 step=020/40 ce=0.7141 sc=1.0936 mi=0.0616 dn=0.0000 v13=0.0008 v15=0.0000 v16=0.0000 v17=0.0000 v18=0.0000 acc=0.9750 lr=2.74e-04 lambda=0.000 v18_lambda=0.000 gpu=3.0/15.8GB
[23:12:15] [train] ep=22 step=030/40 ce=0.6805 sc=1.0081 mi=0.0622 dn=0.0000 v13=0.0007 v15=0.0000 v16=0.0000 v17=0.0000 v18=0.0000 acc=0.9729 lr=2.73e-04 lambda=0.000 v18_lambda=0.000 gpu=3.0/15.8GB
[23:12:17] [train] ep=22 step=040/40 ce=0.6202 sc=0.9298 mi=0.0617 dn=0.0000 v13=0.0007 v15=0.0000 v16=0.0000 v17=0.0000 v18=0.0000 acc=0.9781 lr=2.73e-04 lambda=0.000 v18_lambda=0.000 gpu=3.0/15.8GB
[23:12:20] [ep_summary] ep=22/100 val_live=0.9506/0.9495 val_ema=0.7222/0.6881 test77_live=0.8022/0.7690 test77_diag_ema=0.2050/0.1184 v13=0.0007 v15=0.0000 v16=0.0000 v17=0.0000 v18=0.0000 das=stage2[10,50] p=0.70 ep_time=11.6s
[23:12:20] [save] best_sourceval_ema val_acc_ema=0.7222 source_val_live=0.9506/0.9495 source_val_ema=0.7222/0.6881 ep=22
[23:12:20] [save] best_sourcequalified77_ema ep=22 source_val_live=0.9506/0.9495 source_val_ema=0.7222/0.6881 test77_ema=0.2050/0.1184
[23:12:20] [train] epoch 23/100 steps=40 use_dann=0 das=stage2 f=[10.0,50.0] p=0.70 gpu=3.0/15.8GB
[23:12:20] [train] ep=23 step=001/40 ce=1.2176 sc=1.0076 mi=0.0615 dn=0.0000 v13=0.0009 v15=0.0000 v16=0.0000 v17=0.0000 v18=0.0000 acc=0.9375 lr=2.72e-04 lambda=0.000 v18_lambda=0.000 gpu=3.0/15.8GB
[23:12:22] [train] ep=23 step=010/40 ce=0.8051 sc=1.0117 mi=0.0603 dn=0.0000 v13=0.0007 v15=0.0000 v16=0.0000 v17=0.0000 v18=0.0000 acc=0.9625 lr=2.72e-04 lambda=0.000 v18_lambda=0.000 gpu=3.0/15.8GB
[23:12:24] [train] ep=23 step=020/40 ce=0.6763 sc=0.8762 mi=0.0627 dn=0.0000 v13=0.0006 v15=0.0000 v16=0.0000 v17=0.0000 v18=0.0000 acc=0.9719 lr=2.71e-04 lambda=0.000 v18_lambda=0.000 gpu=3.0/15.8GB
[23:12:25] [train] ep=23 step=030/40 ce=0.6777 sc=0.8999 mi=0.0624 dn=0.0000 v13=0.0006 v15=0.0000 v16=0.0000 v17=0.0000 v18=0.0000 acc=0.9708 lr=2.70e-04 lambda=0.000 v18_lambda=0.000 gpu=3.0/15.8GB
[23:12:27] [train] ep=23 step=040/40 ce=0.6927 sc=0.9021 mi=0.0629 dn=0.0000 v13=0.0006 v15=0.0000 v16=0.0000 v17=0.0000 v18=0.0000 acc=0.9703 lr=2.70e-04 lambda=0.000 v18_lambda=0.000 gpu=3.0/15.8GB
[23:12:30] [ep_summary] ep=23/100 val_live=0.9568/0.9573 val_ema=0.7407/0.7172 test77_live=0.8597/0.8509 test77_diag_ema=0.2338/0.1423 v13=0.0006 v15=0.0000 v16=0.0000 v17=0.0000 v18=0.0000 das=stage2[10,50] p=0.70 ep_time=10.2s
[23:12:30] [save] best_sourceval_ema val_acc_ema=0.7407 source_val_live=0.9568/0.9573 source_val_ema=0.7407/0.7172 ep=23
[23:12:30] [save] best_sourcequalified77_ema ep=23 source_val_live=0.9568/0.9573 source_val_ema=0.7407/0.7172 test77_ema=0.2338/0.1423
[23:12:30] [train] epoch 24/100 steps=40 use_dann=0 das=stage2 f=[10.0,50.0] p=0.70 gpu=3.0/15.8GB
[23:12:30] [train] ep=24 step=001/40 ce=0.9649 sc=1.0008 mi=0.0614 dn=0.0000 v13=0.0006 v15=0.0000 v16=0.0000 v17=0.0000 v18=0.0000 acc=0.9375 lr=2.70e-04 lambda=0.000 v18_lambda=0.000 gpu=3.0/15.8GB
[23:12:32] [train] ep=24 step=010/40 ce=0.5053 sc=0.8208 mi=0.0632 dn=0.0000 v13=0.0006 v15=0.0000 v16=0.0000 v17=0.0000 v18=0.0000 acc=0.9875 lr=2.69e-04 lambda=0.000 v18_lambda=0.000 gpu=3.0/15.8GB
[23:12:34] [train] ep=24 step=020/40 ce=0.5551 sc=0.8568 mi=0.0614 dn=0.0000 v13=0.0006 v15=0.0000 v16=0.0000 v17=0.0000 v18=0.0000 acc=0.9781 lr=2.68e-04 lambda=0.000 v18_lambda=0.000 gpu=3.0/15.8GB
[23:12:35] [train] ep=24 step=030/40 ce=0.5538 sc=0.8929 mi=0.0636 dn=0.0000 v13=0.0006 v15=0.0000 v16=0.0000 v17=0.0000 v18=0.0000 acc=0.9812 lr=2.67e-04 lambda=0.000 v18_lambda=0.000 gpu=3.0/15.8GB
[23:12:37] [train] ep=24 step=040/40 ce=0.5151 sc=0.8621 mi=0.0629 dn=0.0000 v13=0.0006 v15=0.0000 v16=0.0000 v17=0.0000 v18=0.0000 acc=0.9828 lr=2.67e-04 lambda=0.000 v18_lambda=0.000 gpu=3.0/15.8GB
[23:12:40] [ep_summary] ep=24/100 val_live=0.9444/0.9450 val_ema=0.7593/0.7366 test77_live=0.8381/0.8265 test77_diag_ema=0.2482/0.1511 v13=0.0006 v15=0.0000 v16=0.0000 v17=0.0000 v18=0.0000 das=stage2[10,50] p=0.70 ep_time=10.0s
[23:12:40] [save] best_sourceval_ema val_acc_ema=0.7593 source_val_live=0.9444/0.9450 source_val_ema=0.7593/0.7366 ep=24
[23:12:40] [save] best_sourcequalified77_ema ep=24 source_val_live=0.9444/0.9450 source_val_ema=0.7593/0.7366 test77_ema=0.2482/0.1511
[23:12:40] [train] epoch 25/100 steps=40 use_dann=0 das=stage3 f=[12.0,95.0] p=1.00 gpu=3.0/15.8GB
[23:12:40] [train] ep=25 step=001/40 ce=0.7577 sc=0.4900 mi=0.0825 dn=0.0000 v13=0.0028 v15=0.0000 v16=0.0000 v17=0.0000 v18=0.0000 acc=0.9375 lr=2.67e-04 lambda=0.000 v18_lambda=0.000 gpu=3.0/15.8GB
[23:12:42] [train] ep=25 step=010/40 ce=0.5886 sc=0.8826 mi=0.0730 dn=0.0000 v13=0.0012 v15=0.0000 v16=0.0000 v17=0.0000 v18=0.0000 acc=0.9750 lr=2.66e-04 lambda=0.000 v18_lambda=0.000 gpu=3.0/15.8GB
[23:12:44] [train] ep=25 step=020/40 ce=0.5994 sc=0.8719 mi=0.0682 dn=0.0000 v13=0.0012 v15=0.0000 v16=0.0000 v17=0.0000 v18=0.0000 acc=0.9750 lr=2.65e-04 lambda=0.000 v18_lambda=0.000 gpu=3.0/15.8GB
[23:12:45] [train] ep=25 step=030/40 ce=0.5984 sc=0.8855 mi=0.0672 dn=0.0000 v13=0.0011 v15=0.0000 v16=0.0000 v17=0.0000 v18=0.0000 acc=0.9792 lr=2.64e-04 lambda=0.000 v18_lambda=0.000 gpu=3.0/15.8GB
[23:12:47] [train] ep=25 step=040/40 ce=0.5593 sc=0.8425 mi=0.0667 dn=0.0000 v13=0.0011 v15=0.0000 v16=0.0000 v17=0.0000 v18=0.0000 acc=0.9828 lr=2.64e-04 lambda=0.000 v18_lambda=0.000 gpu=3.0/15.8GB
[23:12:50] [ep_summary] ep=25/100 val_live=0.9321/0.9305 val_ema=0.8148/0.7985 test77_live=0.8921/0.8908 test77_diag_ema=0.2554/0.1558 v13=0.0011 v15=0.0000 v16=0.0000 v17=0.0000 v18=0.0000 das=stage3[12,95] p=1.00 ep_time=9.9s
[23:12:50] [save] best_sourceval_ema val_acc_ema=0.8148 source_val_live=0.9321/0.9305 source_val_ema=0.8148/0.7985 ep=25
[23:12:50] [save] best_sourcequalified77_ema ep=25 source_val_live=0.9321/0.9305 source_val_ema=0.8148/0.7985 test77_ema=0.2554/0.1558
[23:12:50] [train] epoch 26/100 steps=40 use_dann=0 das=stage3 f=[12.0,95.0] p=1.00 gpu=3.0/15.8GB
[23:12:50] [train] ep=26 step=001/40 ce=0.6519 sc=0.9912 mi=0.0528 dn=0.0000 v13=0.0004 v15=0.0000 v16=0.0000 v17=0.0000 v18=0.0000 acc=1.0000 lr=2.64e-04 lambda=0.000 v18_lambda=0.000 gpu=3.0/15.8GB
[23:12:52] [train] ep=26 step=010/40 ce=0.6434 sc=0.8509 mi=0.0638 dn=0.0000 v13=0.0009 v15=0.0000 v16=0.0000 v17=0.0000 v18=0.0000 acc=0.9750 lr=2.63e-04 lambda=0.000 v18_lambda=0.000 gpu=3.0/15.8GB
[23:12:54] [train] ep=26 step=020/40 ce=0.7082 sc=0.8897 mi=0.0654 dn=0.0000 v13=0.0008 v15=0.0000 v16=0.0000 v17=0.0000 v18=0.0000 acc=0.9688 lr=2.62e-04 lambda=0.000 v18_lambda=0.000 gpu=3.0/15.8GB
[23:12:56] [train] ep=26 step=030/40 ce=0.7108 sc=0.8948 mi=0.0642 dn=0.0000 v13=0.0008 v15=0.0000 v16=0.0000 v17=0.0000 v18=0.0000 acc=0.9708 lr=2.61e-04 lambda=0.000 v18_lambda=0.000 gpu=3.0/15.8GB
[23:12:57] [train] ep=26 step=040/40 ce=0.6363 sc=0.8749 mi=0.0636 dn=0.0000 v13=0.0009 v15=0.0000 v16=0.0000 v17=0.0000 v18=0.0000 acc=0.9766 lr=2.60e-04 lambda=0.000 v18_lambda=0.000 gpu=3.0/15.8GB
[23:13:00] [ep_summary] ep=26/100 val_live=0.9568/0.9574 val_ema=0.8333/0.8223 test77_live=0.8273/0.8242 test77_diag_ema=0.2770/0.1738 v13=0.0009 v15=0.0000 v16=0.0000 v17=0.0000 v18=0.0000 das=stage3[12,95] p=1.00 ep_time=10.0s
[23:13:00] [save] best_sourceval_ema val_acc_ema=0.8333 source_val_live=0.9568/0.9574 source_val_ema=0.8333/0.8223 ep=26
[23:13:00] [save] best_sourcequalified77_ema ep=26 source_val_live=0.9568/0.9574 source_val_ema=0.8333/0.8223 test77_ema=0.2770/0.1738
[23:13:00] [train] epoch 27/100 steps=40 use_dann=0 das=stage3 f=[12.0,95.0] p=1.00 gpu=3.0/15.8GB
[23:13:00] [train] ep=27 step=001/40 ce=0.3153 sc=0.6619 mi=0.0725 dn=0.0000 v13=0.0010 v15=0.0000 v16=0.0000 v17=0.0000 v18=0.0000 acc=1.0000 lr=2.60e-04 lambda=0.000 v18_lambda=0.000 gpu=3.0/15.8GB
[23:13:02] [train] ep=27 step=010/40 ce=0.5477 sc=0.7832 mi=0.0625 dn=0.0000 v13=0.0009 v15=0.0000 v16=0.0000 v17=0.0000 v18=0.0000 acc=0.9812 lr=2.60e-04 lambda=0.000 v18_lambda=0.000 gpu=3.0/15.8GB
[23:13:04] [train] ep=27 step=020/40 ce=0.5492 sc=0.8169 mi=0.0642 dn=0.0000 v13=0.0010 v15=0.0000 v16=0.0000 v17=0.0000 v18=0.0000 acc=0.9812 lr=2.59e-04 lambda=0.000 v18_lambda=0.000 gpu=3.0/15.8GB
[23:13:06] [train] ep=27 step=030/40 ce=0.5492 sc=0.8114 mi=0.0639 dn=0.0000 v13=0.0009 v15=0.0000 v16=0.0000 v17=0.0000 v18=0.0000 acc=0.9833 lr=2.58e-04 lambda=0.000 v18_lambda=0.000 gpu=3.0/15.8GB
[23:13:08] [train] ep=27 step=040/40 ce=0.5354 sc=0.8054 mi=0.0636 dn=0.0000 v13=0.0009 v15=0.0000 v16=0.0000 v17=0.0000 v18=0.0000 acc=0.9844 lr=2.57e-04 lambda=0.000 v18_lambda=0.000 gpu=3.0/15.8GB
[23:13:11] [ep_summary] ep=27/100 val_live=0.9321/0.9297 val_ema=0.8642/0.8622 test77_live=0.8022/0.7843 test77_diag_ema=0.2842/0.1778 v13=0.0009 v15=0.0000 v16=0.0000 v17=0.0000 v18=0.0000 das=stage3[12,95] p=1.00 ep_time=11.0s
[23:13:11] [save] best_sourceval_ema val_acc_ema=0.8642 source_val_live=0.9321/0.9297 source_val_ema=0.8642/0.8622 ep=27
[23:13:11] [save] best_sourcequalified77_ema ep=27 source_val_live=0.9321/0.9297 source_val_ema=0.8642/0.8622 test77_ema=0.2842/0.1778
[23:13:11] [train] epoch 28/100 steps=40 use_dann=0 das=stage3 f=[12.0,95.0] p=1.00 gpu=3.0/15.8GB
[23:13:11] [train] ep=28 step=001/40 ce=0.4851 sc=0.8855 mi=0.0700 dn=0.0000 v13=0.0025 v15=0.0000 v16=0.0000 v17=0.0000 v18=0.0000 acc=1.0000 lr=2.57e-04 lambda=0.000 v18_lambda=0.000 gpu=3.0/15.8GB
[23:13:13] [train] ep=28 step=010/40 ce=0.6220 sc=0.8869 mi=0.0664 dn=0.0000 v13=0.0013 v15=0.0000 v16=0.0000 v17=0.0000 v18=0.0000 acc=0.9812 lr=2.56e-04 lambda=0.000 v18_lambda=0.000 gpu=3.0/15.8GB
[23:13:15] [train] ep=28 step=020/40 ce=0.5156 sc=0.8570 mi=0.0651 dn=0.0000 v13=0.0011 v15=0.0000 v16=0.0000 v17=0.0000 v18=0.0000 acc=0.9875 lr=2.55e-04 lambda=0.000 v18_lambda=0.000 gpu=3.0/15.8GB
[23:13:17] [train] ep=28 step=030/40 ce=0.5154 sc=0.8064 mi=0.0645 dn=0.0000 v13=0.0011 v15=0.0000 v16=0.0000 v17=0.0000 v18=0.0000 acc=0.9854 lr=2.54e-04 lambda=0.000 v18_lambda=0.000 gpu=3.0/15.8GB
[23:13:19] [train] ep=28 step=040/40 ce=0.5037 sc=0.8152 mi=0.0635 dn=0.0000 v13=0.0011 v15=0.0000 v16=0.0000 v17=0.0000 v18=0.0000 acc=0.9859 lr=2.54e-04 lambda=0.000 v18_lambda=0.000 gpu=3.0/15.8GB
[23:13:22] [ep_summary] ep=28/100 val_live=0.9568/0.9557 val_ema=0.8765/0.8772 test77_live=0.7878/0.7774 test77_diag_ema=0.2914/0.1939 v13=0.0011 v15=0.0000 v16=0.0000 v17=0.0000 v18=0.0000 das=stage3[12,95] p=1.00 ep_time=10.8s
[23:13:22] [save] best_sourceval_ema val_acc_ema=0.8765 source_val_live=0.9568/0.9557 source_val_ema=0.8765/0.8772 ep=28
[23:13:22] [save] best_sourcequalified77_ema ep=28 source_val_live=0.9568/0.9557 source_val_ema=0.8765/0.8772 test77_ema=0.2914/0.1939
[23:13:22] [train] epoch 29/100 steps=40 use_dann=0 das=stage3 f=[12.0,95.0] p=1.00 gpu=3.0/15.8GB
[23:13:22] [train] ep=29 step=001/40 ce=2.1898 sc=2.0335 mi=0.0624 dn=0.0000 v13=0.0012 v15=0.0000 v16=0.0000 v17=0.0000 v18=0.0000 acc=0.8750 lr=2.53e-04 lambda=0.000 v18_lambda=0.000 gpu=3.0/15.8GB
[23:13:24] [train] ep=29 step=010/40 ce=0.4788 sc=0.8688 mi=0.0604 dn=0.0000 v13=0.0009 v15=0.0000 v16=0.0000 v17=0.0000 v18=0.0000 acc=0.9875 lr=2.53e-04 lambda=0.000 v18_lambda=0.000 gpu=3.0/15.8GB
[23:13:26] [train] ep=29 step=020/40 ce=0.5113 sc=0.8764 mi=0.0610 dn=0.0000 v13=0.0009 v15=0.0000 v16=0.0000 v17=0.0000 v18=0.0000 acc=0.9781 lr=2.52e-04 lambda=0.000 v18_lambda=0.000 gpu=3.0/15.8GB
[23:13:28] [train] ep=29 step=030/40 ce=0.4614 sc=0.9044 mi=0.0629 dn=0.0000 v13=0.0009 v15=0.0000 v16=0.0000 v17=0.0000 v18=0.0000 acc=0.9812 lr=2.51e-04 lambda=0.000 v18_lambda=0.000 gpu=3.0/15.8GB
[23:13:30] [train] ep=29 step=040/40 ce=0.5300 sc=0.8884 mi=0.0636 dn=0.0000 v13=0.0008 v15=0.0000 v16=0.0000 v17=0.0000 v18=0.0000 acc=0.9766 lr=2.50e-04 lambda=0.000 v18_lambda=0.000 gpu=3.0/15.8GB
[23:13:33] [ep_summary] ep=29/100 val_live=0.9568/0.9563 val_ema=0.8827/0.8844 test77_live=0.7950/0.7872 test77_diag_ema=0.2986/0.2046 v13=0.0008 v15=0.0000 v16=0.0000 v17=0.0000 v18=0.0000 das=stage3[12,95] p=1.00 ep_time=10.6s
[23:13:33] [save] best_sourceval_ema val_acc_ema=0.8827 source_val_live=0.9568/0.9563 source_val_ema=0.8827/0.8844 ep=29
[23:13:33] [save] best_sourcequalified77_ema ep=29 source_val_live=0.9568/0.9563 source_val_ema=0.8827/0.8844 test77_ema=0.2986/0.2046
[23:13:33] [train] epoch 30/100 steps=40 use_dann=0 das=stage3 f=[12.0,95.0] p=1.00 gpu=3.0/15.8GB
[23:13:33] [train] ep=30 step=001/40 ce=0.2762 sc=0.8644 mi=0.0686 dn=0.0000 v13=0.0008 v15=0.0000 v16=0.0000 v17=0.0000 v18=0.0000 acc=1.0000 lr=2.50e-04 lambda=0.000 v18_lambda=0.000 gpu=3.0/15.8GB
[23:13:35] [train] ep=30 step=010/40 ce=0.3862 sc=0.8083 mi=0.0632 dn=0.0000 v13=0.0009 v15=0.0000 v16=0.0000 v17=0.0000 v18=0.0000 acc=1.0000 lr=2.49e-04 lambda=0.000 v18_lambda=0.000 gpu=3.0/15.8GB
[23:13:37] [train] ep=30 step=020/40 ce=0.4521 sc=0.8562 mi=0.0625 dn=0.0000 v13=0.0009 v15=0.0000 v16=0.0000 v17=0.0000 v18=0.0000 acc=0.9906 lr=2.48e-04 lambda=0.000 v18_lambda=0.000 gpu=3.0/15.8GB
[23:13:39] [train] ep=30 step=030/40 ce=0.5185 sc=0.8926 mi=0.0618 dn=0.0000 v13=0.0008 v15=0.0000 v16=0.0000 v17=0.0000 v18=0.0000 acc=0.9833 lr=2.47e-04 lambda=0.000 v18_lambda=0.000 gpu=3.0/15.8GB
[23:13:41] [train] ep=30 step=040/40 ce=0.5574 sc=0.8848 mi=0.0627 dn=0.0000 v13=0.0008 v15=0.0000 v16=0.0000 v17=0.0000 v18=0.0000 acc=0.9812 lr=2.46e-04 lambda=0.000 v18_lambda=0.000 gpu=3.0/15.8GB
[23:13:44] [pool] check ep=030/100 source_val_acc_ema=0.8889 threshold=0.90
[23:13:44] [pool] ep=030 SKIP (source_val_acc_ema=0.8889 < 0.90)
[23:13:44] [ep_summary] ep=30/100 val_live=0.9506/0.9504 val_ema=0.8889/0.8914 test77_live=0.8453/0.8374 test77_diag_ema=0.3165/0.2296 v13=0.0008 v15=0.0000 v16=0.0000 v17=0.0000 v18=0.0000 das=stage3[12,95] p=1.00 ep_time=11.2s
[23:13:44] [save] best_sourceval_ema val_acc_ema=0.8889 source_val_live=0.9506/0.9504 source_val_ema=0.8889/0.8914 ep=30
[23:13:44] [save] best_sourcequalified77_ema ep=30 source_val_live=0.9506/0.9504 source_val_ema=0.8889/0.8914 test77_ema=0.3165/0.2296
[23:13:44] [strict77_monitor] ep=30 best_source_epoch=30 source_val_ema=0.8889/0.8914 test77_ema_diag=0.3165/0.2296 sourcequalified_count=30 best_sourcequalified77_epoch=30 source_val_ema=0.8889/0.8914 test77_ema=0.3165/0.2296
[23:13:44] [train] epoch 31/100 steps=40 use_dann=0 das=stage3 f=[12.0,95.0] p=1.00 gpu=3.0/15.8GB
[23:13:44] [train] ep=31 step=001/40 ce=0.7750 sc=0.4532 mi=0.0714 dn=0.0000 v13=0.0003 v15=0.0000 v16=0.0000 v17=0.0000 v18=0.0000 acc=0.9375 lr=2.46e-04 lambda=0.000 v18_lambda=0.000 gpu=3.0/15.8GB
[23:13:46] [train] ep=31 step=010/40 ce=0.4241 sc=0.7637 mi=0.0636 dn=0.0000 v13=0.0006 v15=0.0000 v16=0.0000 v17=0.0000 v18=0.0000 acc=0.9875 lr=2.45e-04 lambda=0.000 v18_lambda=0.000 gpu=3.0/15.8GB
[23:13:48] [train] ep=31 step=020/40 ce=0.4070 sc=0.7726 mi=0.0624 dn=0.0000 v13=0.0007 v15=0.0000 v16=0.0000 v17=0.0000 v18=0.0000 acc=0.9938 lr=2.44e-04 lambda=0.000 v18_lambda=0.000 gpu=3.0/15.8GB
[23:13:50] [train] ep=31 step=030/40 ce=0.4227 sc=0.7934 mi=0.0616 dn=0.0000 v13=0.0007 v15=0.0000 v16=0.0000 v17=0.0000 v18=0.0000 acc=0.9917 lr=2.43e-04 lambda=0.000 v18_lambda=0.000 gpu=3.0/15.8GB
[23:13:52] [train] ep=31 step=040/40 ce=0.4150 sc=0.7869 mi=0.0619 dn=0.0000 v13=0.0007 v15=0.0000 v16=0.0000 v17=0.0000 v18=0.0000 acc=0.9922 lr=2.43e-04 lambda=0.000 v18_lambda=0.000 gpu=3.0/15.8GB
[23:13:55] [ep_summary] ep=31/100 val_live=0.9691/0.9692 val_ema=0.9012/0.9032 test77_live=0.8309/0.8293 test77_diag_ema=0.3237/0.2377 v13=0.0007 v15=0.0000 v16=0.0000 v17=0.0000 v18=0.0000 das=stage3[12,95] p=1.00 ep_time=10.8s
[23:13:55] [save] best_sourceval_ema val_acc_ema=0.9012 source_val_live=0.9691/0.9692 source_val_ema=0.9012/0.9032 ep=31
[23:13:55] [save] best_sourcequalified77_ema ep=31 source_val_live=0.9691/0.9692 source_val_ema=0.9012/0.9032 test77_ema=0.3237/0.2377
[23:13:55] [train] epoch 32/100 steps=40 use_dann=0 das=stage3 f=[12.0,95.0] p=1.00 gpu=3.0/15.8GB
[23:13:55] [train] ep=32 step=001/40 ce=0.2759 sc=0.6143 mi=0.0605 dn=0.0000 v13=0.0007 v15=0.0000 v16=0.0000 v17=0.0000 v18=0.0000 acc=1.0000 lr=2.42e-04 lambda=0.000 v18_lambda=0.000 gpu=3.0/15.8GB
[23:13:57] [train] ep=32 step=010/40 ce=0.4330 sc=0.8679 mi=0.0641 dn=0.0000 v13=0.0009 v15=0.0000 v16=0.0000 v17=0.0000 v18=0.0000 acc=0.9938 lr=2.42e-04 lambda=0.000 v18_lambda=0.000 gpu=3.0/15.8GB
[23:13:58] [train] ep=32 step=020/40 ce=0.4499 sc=0.7839 mi=0.0631 dn=0.0000 v13=0.0009 v15=0.0000 v16=0.0000 v17=0.0000 v18=0.0000 acc=0.9906 lr=2.41e-04 lambda=0.000 v18_lambda=0.000 gpu=3.0/15.8GB
[23:14:00] [train] ep=32 step=030/40 ce=0.4141 sc=0.7467 mi=0.0636 dn=0.0000 v13=0.0009 v15=0.0000 v16=0.0000 v17=0.0000 v18=0.0000 acc=0.9938 lr=2.40e-04 lambda=0.000 v18_lambda=0.000 gpu=3.0/15.8GB
[23:14:02] [train] ep=32 step=040/40 ce=0.4151 sc=0.7681 mi=0.0633 dn=0.0000 v13=0.0009 v15=0.0000 v16=0.0000 v17=0.0000 v18=0.0000 acc=0.9953 lr=2.39e-04 lambda=0.000 v18_lambda=0.000 gpu=3.0/15.8GB
[23:14:05] [ep_summary] ep=32/100 val_live=0.9383/0.9385 val_ema=0.9074/0.9096 test77_live=0.8094/0.8028 test77_diag_ema=0.3525/0.2738 v13=0.0009 v15=0.0000 v16=0.0000 v17=0.0000 v18=0.0000 das=stage3[12,95] p=1.00 ep_time=10.1s
[23:14:05] [save] best_sourceval_ema val_acc_ema=0.9074 source_val_live=0.9383/0.9385 source_val_ema=0.9074/0.9096 ep=32
[23:14:05] [save] best_sourcequalified77_ema ep=32 source_val_live=0.9383/0.9385 source_val_ema=0.9074/0.9096 test77_ema=0.3525/0.2738
[23:14:05] [train] epoch 33/100 steps=40 use_dann=0 das=stage3 f=[12.0,95.0] p=1.00 gpu=3.0/15.8GB
[23:14:05] [train] ep=33 step=001/40 ce=0.3778 sc=0.6668 mi=0.0610 dn=0.0000 v13=0.0005 v15=0.0000 v16=0.0000 v17=0.0000 v18=0.0000 acc=1.0000 lr=2.39e-04 lambda=0.000 v18_lambda=0.000 gpu=3.0/15.8GB
[23:14:07] [train] ep=33 step=010/40 ce=0.3649 sc=0.7596 mi=0.0616 dn=0.0000 v13=0.0010 v15=0.0000 v16=0.0000 v17=0.0000 v18=0.0000 acc=0.9938 lr=2.38e-04 lambda=0.000 v18_lambda=0.000 gpu=3.0/15.8GB
[23:14:08] [train] ep=33 step=020/40 ce=0.4032 sc=0.7778 mi=0.0623 dn=0.0000 v13=0.0009 v15=0.0000 v16=0.0000 v17=0.0000 v18=0.0000 acc=0.9875 lr=2.37e-04 lambda=0.000 v18_lambda=0.000 gpu=3.0/15.8GB
[23:14:10] [train] ep=33 step=030/40 ce=0.3900 sc=0.7926 mi=0.0617 dn=0.0000 v13=0.0009 v15=0.0000 v16=0.0000 v17=0.0000 v18=0.0000 acc=0.9896 lr=2.36e-04 lambda=0.000 v18_lambda=0.000 gpu=3.0/15.8GB
[23:14:12] [train] ep=33 step=040/40 ce=0.3764 sc=0.7906 mi=0.0613 dn=0.0000 v13=0.0009 v15=0.0000 v16=0.0000 v17=0.0000 v18=0.0000 acc=0.9906 lr=2.35e-04 lambda=0.000 v18_lambda=0.000 gpu=3.0/15.8GB
[23:14:15] [ep_summary] ep=33/100 val_live=0.9444/0.9460 val_ema=0.9136/0.9159 test77_live=0.8489/0.8423 test77_diag_ema=0.3741/0.3009 v13=0.0009 v15=0.0000 v16=0.0000 v17=0.0000 v18=0.0000 das=stage3[12,95] p=1.00 ep_time=10.0s
[23:14:15] [save] best_sourceval_ema val_acc_ema=0.9136 source_val_live=0.9444/0.9460 source_val_ema=0.9136/0.9159 ep=33
[23:14:15] [save] best_sourcequalified77_ema ep=33 source_val_live=0.9444/0.9460 source_val_ema=0.9136/0.9159 test77_ema=0.3741/0.3009
[23:14:15] [train] epoch 34/100 steps=40 use_dann=0 das=stage3 f=[12.0,95.0] p=1.00 gpu=3.0/15.8GB
[23:14:15] [train] ep=34 step=001/40 ce=0.2776 sc=0.4438 mi=0.0549 dn=0.0000 v13=0.0010 v15=0.0000 v16=0.0000 v17=0.0000 v18=0.0000 acc=1.0000 lr=2.35e-04 lambda=0.000 v18_lambda=0.000 gpu=3.0/15.8GB
[23:14:17] [train] ep=34 step=010/40 ce=0.3083 sc=0.9356 mi=0.0596 dn=0.0000 v13=0.0009 v15=0.0000 v16=0.0000 v17=0.0000 v18=0.0000 acc=1.0000 lr=2.34e-04 lambda=0.000 v18_lambda=0.000 gpu=3.0/15.8GB
[23:14:19] [train] ep=34 step=020/40 ce=0.3084 sc=0.8444 mi=0.0593 dn=0.0000 v13=0.0008 v15=0.0000 v16=0.0000 v17=0.0000 v18=0.0000 acc=1.0000 lr=2.33e-04 lambda=0.000 v18_lambda=0.000 gpu=3.0/15.8GB
[23:14:20] [train] ep=34 step=030/40 ce=0.3189 sc=0.8319 mi=0.0592 dn=0.0000 v13=0.0007 v15=0.0000 v16=0.0000 v17=0.0000 v18=0.0000 acc=0.9979 lr=2.32e-04 lambda=0.000 v18_lambda=0.000 gpu=3.0/15.8GB
[23:14:22] [train] ep=34 step=040/40 ce=0.3788 sc=0.8514 mi=0.0594 dn=0.0000 v13=0.0007 v15=0.0000 v16=0.0000 v17=0.0000 v18=0.0000 acc=0.9938 lr=2.31e-04 lambda=0.000 v18_lambda=0.000 gpu=3.0/15.8GB
[23:14:25] [ep_summary] ep=34/100 val_live=0.9630/0.9628 val_ema=0.9198/0.9220 test77_live=0.7554/0.7448 test77_diag_ema=0.3957/0.3212 v13=0.0007 v15=0.0000 v16=0.0000 v17=0.0000 v18=0.0000 das=stage3[12,95] p=1.00 ep_time=10.2s
[23:14:25] [save] best_sourceval_ema val_acc_ema=0.9198 source_val_live=0.9630/0.9628 source_val_ema=0.9198/0.9220 ep=34
[23:14:25] [save] best_sourcequalified77_ema ep=34 source_val_live=0.9630/0.9628 source_val_ema=0.9198/0.9220 test77_ema=0.3957/0.3212
[23:14:25] [train] epoch 35/100 steps=40 use_dann=0 das=stage3 f=[12.0,95.0] p=1.00 gpu=3.0/15.8GB
[23:14:25] [train] ep=35 step=001/40 ce=0.8997 sc=1.0748 mi=0.0583 dn=0.0000 v13=0.0005 v15=0.0000 v16=0.0000 v17=0.0000 v18=0.0000 acc=0.9375 lr=2.31e-04 lambda=0.000 v18_lambda=0.000 gpu=3.0/15.8GB
[23:14:27] [train] ep=35 step=010/40 ce=0.5670 sc=0.8014 mi=0.0592 dn=0.0000 v13=0.0006 v15=0.0000 v16=0.0000 v17=0.0000 v18=0.0000 acc=0.9688 lr=2.30e-04 lambda=0.000 v18_lambda=0.000 gpu=3.0/15.8GB
[23:14:29] [train] ep=35 step=020/40 ce=0.6866 sc=0.8943 mi=0.0604 dn=0.0000 v13=0.0007 v15=0.0000 v16=0.0000 v17=0.0000 v18=0.0000 acc=0.9656 lr=2.29e-04 lambda=0.000 v18_lambda=0.000 gpu=3.0/15.8GB
[23:14:31] [train] ep=35 step=030/40 ce=0.6398 sc=0.8710 mi=0.0609 dn=0.0000 v13=0.0007 v15=0.0000 v16=0.0000 v17=0.0000 v18=0.0000 acc=0.9708 lr=2.28e-04 lambda=0.000 v18_lambda=0.000 gpu=3.0/15.8GB
[23:14:32] [train] ep=35 step=040/40 ce=0.5848 sc=0.8763 mi=0.0611 dn=0.0000 v13=0.0007 v15=0.0000 v16=0.0000 v17=0.0000 v18=0.0000 acc=0.9750 lr=2.27e-04 lambda=0.000 v18_lambda=0.000 gpu=3.0/15.8GB
[23:14:35] [ep_summary] ep=35/100 val_live=0.9506/0.9498 val_ema=0.9259/0.9274 test77_live=0.8489/0.8459 test77_diag_ema=0.4101/0.3402 v13=0.0007 v15=0.0000 v16=0.0000 v17=0.0000 v18=0.0000 das=stage3[12,95] p=1.00 ep_time=10.0s
[23:14:35] [save] best_sourceval_ema val_acc_ema=0.9259 source_val_live=0.9506/0.9498 source_val_ema=0.9259/0.9274 ep=35
[23:14:35] [save] best_sourcequalified77_ema ep=35 source_val_live=0.9506/0.9498 source_val_ema=0.9259/0.9274 test77_ema=0.4101/0.3402
[23:14:35] [train] epoch 36/100 steps=40 use_dann=0 das=stage3 f=[12.0,95.0] p=1.00 gpu=3.0/15.8GB
[23:14:35] [train] ep=36 step=001/40 ce=0.8064 sc=1.4236 mi=0.0531 dn=0.0000 v13=0.0009 v15=0.0000 v16=0.0000 v17=0.0000 v18=0.0000 acc=0.9375 lr=2.26e-04 lambda=0.000 v18_lambda=0.000 gpu=3.0/15.8GB
[23:14:37] [train] ep=36 step=010/40 ce=0.5646 sc=0.8145 mi=0.0586 dn=0.0000 v13=0.0006 v15=0.0000 v16=0.0000 v17=0.0000 v18=0.0000 acc=0.9750 lr=2.25e-04 lambda=0.000 v18_lambda=0.000 gpu=3.0/15.8GB
[23:14:39] [train] ep=36 step=020/40 ce=0.4359 sc=0.7598 mi=0.0592 dn=0.0000 v13=0.0006 v15=0.0000 v16=0.0000 v17=0.0000 v18=0.0000 acc=0.9875 lr=2.24e-04 lambda=0.000 v18_lambda=0.000 gpu=3.0/15.8GB
[23:14:41] [train] ep=36 step=030/40 ce=0.3827 sc=0.7605 mi=0.0583 dn=0.0000 v13=0.0006 v15=0.0000 v16=0.0000 v17=0.0000 v18=0.0000 acc=0.9917 lr=2.23e-04 lambda=0.000 v18_lambda=0.000 gpu=3.0/15.8GB
[23:14:42] [train] ep=36 step=040/40 ce=0.3897 sc=0.7437 mi=0.0590 dn=0.0000 v13=0.0007 v15=0.0000 v16=0.0000 v17=0.0000 v18=0.0000 acc=0.9906 lr=2.22e-04 lambda=0.000 v18_lambda=0.000 gpu=3.0/15.8GB
[23:14:45] [ep_summary] ep=36/100 val_live=0.9444/0.9431 val_ema=0.9321/0.9335 test77_live=0.7806/0.7696 test77_diag_ema=0.4317/0.3570 v13=0.0007 v15=0.0000 v16=0.0000 v17=0.0000 v18=0.0000 das=stage3[12,95] p=1.00 ep_time=10.0s
[23:14:45] [save] best_sourceval_ema val_acc_ema=0.9321 source_val_live=0.9444/0.9431 source_val_ema=0.9321/0.9335 ep=36
[23:14:45] [save] best_sourcequalified77_ema ep=36 source_val_live=0.9444/0.9431 source_val_ema=0.9321/0.9335 test77_ema=0.4317/0.3570
[23:14:45] [train] epoch 37/100 steps=40 use_dann=0 das=stage3 f=[12.0,95.0] p=1.00 gpu=3.0/15.8GB
[23:14:45] [train] ep=37 step=001/40 ce=0.2705 sc=0.7771 mi=0.0659 dn=0.0000 v13=0.0007 v15=0.0000 v16=0.0000 v17=0.0000 v18=0.0000 acc=1.0000 lr=2.22e-04 lambda=0.000 v18_lambda=0.000 gpu=3.0/15.8GB
[23:14:47] [train] ep=37 step=010/40 ce=0.3976 sc=0.8329 mi=0.0595 dn=0.0000 v13=0.0008 v15=0.0000 v16=0.0000 v17=0.0000 v18=0.0000 acc=0.9875 lr=2.21e-04 lambda=0.000 v18_lambda=0.000 gpu=3.0/15.8GB
[23:14:49] [train] ep=37 step=020/40 ce=0.3440 sc=0.8091 mi=0.0586 dn=0.0000 v13=0.0007 v15=0.0000 v16=0.0000 v17=0.0000 v18=0.0000 acc=0.9938 lr=2.20e-04 lambda=0.000 v18_lambda=0.000 gpu=3.0/15.8GB
[23:14:51] [train] ep=37 step=030/40 ce=0.3529 sc=0.7905 mi=0.0583 dn=0.0000 v13=0.0008 v15=0.0000 v16=0.0000 v17=0.0000 v18=0.0000 acc=0.9958 lr=2.19e-04 lambda=0.000 v18_lambda=0.000 gpu=3.0/15.8GB
[23:14:52] [train] ep=37 step=040/40 ce=0.3407 sc=0.7989 mi=0.0587 dn=0.0000 v13=0.0008 v15=0.0000 v16=0.0000 v17=0.0000 v18=0.0000 acc=0.9969 lr=2.18e-04 lambda=0.000 v18_lambda=0.000 gpu=3.0/15.8GB
[23:14:55] [ep_summary] ep=37/100 val_live=0.9506/0.9508 val_ema=0.9383/0.9395 test77_live=0.8597/0.8535 test77_diag_ema=0.4640/0.3955 v13=0.0008 v15=0.0000 v16=0.0000 v17=0.0000 v18=0.0000 das=stage3[12,95] p=1.00 ep_time=9.9s
[23:14:55] [save] best_sourceval_ema val_acc_ema=0.9383 source_val_live=0.9506/0.9508 source_val_ema=0.9383/0.9395 ep=37
[23:14:55] [save] best_sourcequalified77_ema ep=37 source_val_live=0.9506/0.9508 source_val_ema=0.9383/0.9395 test77_ema=0.4640/0.3955
[23:14:55] [train] epoch 38/100 steps=40 use_dann=0 das=stage3 f=[12.0,95.0] p=1.00 gpu=3.0/15.8GB
[23:14:55] [train] ep=38 step=001/40 ce=0.2671 sc=0.4416 mi=0.0553 dn=0.0000 v13=0.0009 v15=0.0000 v16=0.0000 v17=0.0000 v18=0.0000 acc=1.0000 lr=2.18e-04 lambda=0.000 v18_lambda=0.000 gpu=3.0/15.8GB
[23:14:57] [train] ep=38 step=010/40 ce=0.3965 sc=0.7696 mi=0.0583 dn=0.0000 v13=0.0007 v15=0.0000 v16=0.0000 v17=0.0000 v18=0.0000 acc=0.9938 lr=2.17e-04 lambda=0.000 v18_lambda=0.000 gpu=3.0/15.8GB
[23:14:59] [train] ep=38 step=020/40 ce=0.3728 sc=0.7875 mi=0.0581 dn=0.0000 v13=0.0006 v15=0.0000 v16=0.0000 v17=0.0000 v18=0.0000 acc=0.9938 lr=2.16e-04 lambda=0.000 v18_lambda=0.000 gpu=3.0/15.8GB
[23:15:01] [train] ep=38 step=030/40 ce=0.3708 sc=0.7445 mi=0.0583 dn=0.0000 v13=0.0006 v15=0.0000 v16=0.0000 v17=0.0000 v18=0.0000 acc=0.9917 lr=2.15e-04 lambda=0.000 v18_lambda=0.000 gpu=3.0/15.8GB
[23:15:02] [train] ep=38 step=040/40 ce=0.3481 sc=0.7418 mi=0.0585 dn=0.0000 v13=0.0006 v15=0.0000 v16=0.0000 v17=0.0000 v18=0.0000 acc=0.9938 lr=2.14e-04 lambda=0.000 v18_lambda=0.000 gpu=3.0/15.8GB
[23:15:05] [ep_summary] ep=38/100 val_live=0.9568/0.9567 val_ema=0.9383/0.9395 test77_live=0.8273/0.8153 test77_diag_ema=0.4856/0.4203 v13=0.0006 v15=0.0000 v16=0.0000 v17=0.0000 v18=0.0000 das=stage3[12,95] p=1.00 ep_time=9.9s
[23:15:05] [save] best_sourcequalified77_ema ep=38 source_val_live=0.9568/0.9567 source_val_ema=0.9383/0.9395 test77_ema=0.4856/0.4203
[23:15:05] [train] epoch 39/100 steps=40 use_dann=0 das=stage3 f=[12.0,95.0] p=1.00 gpu=3.0/15.8GB
[23:15:05] [train] ep=39 step=001/40 ce=0.2661 sc=0.7864 mi=0.0556 dn=0.0000 v13=0.0005 v15=0.0000 v16=0.0000 v17=0.0000 v18=0.0000 acc=1.0000 lr=2.14e-04 lambda=0.000 v18_lambda=0.000 gpu=3.0/15.8GB
[23:15:07] [train] ep=39 step=010/40 ce=0.2946 sc=0.8068 mi=0.0597 dn=0.0000 v13=0.0006 v15=0.0000 v16=0.0000 v17=0.0000 v18=0.0000 acc=1.0000 lr=2.13e-04 lambda=0.000 v18_lambda=0.000 gpu=3.0/15.8GB
[23:15:09] [train] ep=39 step=020/40 ce=0.2864 sc=0.7465 mi=0.0583 dn=0.0000 v13=0.0005 v15=0.0000 v16=0.0000 v17=0.0000 v18=0.0000 acc=1.0000 lr=2.11e-04 lambda=0.000 v18_lambda=0.000 gpu=3.0/15.8GB
[23:15:11] [train] ep=39 step=030/40 ce=0.3002 sc=0.7374 mi=0.0576 dn=0.0000 v13=0.0005 v15=0.0000 v16=0.0000 v17=0.0000 v18=0.0000 acc=0.9979 lr=2.10e-04 lambda=0.000 v18_lambda=0.000 gpu=3.0/15.8GB
[23:15:12] [train] ep=39 step=040/40 ce=0.2966 sc=0.7370 mi=0.0577 dn=0.0000 v13=0.0006 v15=0.0000 v16=0.0000 v17=0.0000 v18=0.0000 acc=0.9984 lr=2.09e-04 lambda=0.000 v18_lambda=0.000 gpu=3.0/15.8GB
[23:15:15] [ep_summary] ep=39/100 val_live=0.9506/0.9503 val_ema=0.9383/0.9395 test77_live=0.8633/0.8578 test77_diag_ema=0.5180/0.4578 v13=0.0006 v15=0.0000 v16=0.0000 v17=0.0000 v18=0.0000 das=stage3[12,95] p=1.00 ep_time=10.0s
[23:15:15] [save] best_sourcequalified77_ema ep=39 source_val_live=0.9506/0.9503 source_val_ema=0.9383/0.9395 test77_ema=0.5180/0.4578
[23:15:15] [train] epoch 40/100 steps=40 use_dann=0 das=stage3 f=[12.0,95.0] p=1.00 gpu=3.0/15.8GB
[23:15:15] [train] ep=40 step=001/40 ce=0.2627 sc=0.9922 mi=0.0546 dn=0.0000 v13=0.0004 v15=0.0000 v16=0.0000 v17=0.0000 v18=0.0000 acc=1.0000 lr=2.09e-04 lambda=0.000 v18_lambda=0.000 gpu=3.0/15.8GB
[23:15:17] [train] ep=40 step=010/40 ce=0.3011 sc=0.8062 mi=0.0614 dn=0.0000 v13=0.0007 v15=0.0000 v16=0.0000 v17=0.0000 v18=0.0000 acc=1.0000 lr=2.08e-04 lambda=0.000 v18_lambda=0.000 gpu=3.0/15.8GB
[23:15:19] [train] ep=40 step=020/40 ce=0.2910 sc=0.7649 mi=0.0614 dn=0.0000 v13=0.0007 v15=0.0000 v16=0.0000 v17=0.0000 v18=0.0000 acc=1.0000 lr=2.07e-04 lambda=0.000 v18_lambda=0.000 gpu=3.0/15.8GB
[23:15:21] [train] ep=40 step=030/40 ce=0.2977 sc=0.7772 mi=0.0604 dn=0.0000 v13=0.0007 v15=0.0000 v16=0.0000 v17=0.0000 v18=0.0000 acc=0.9979 lr=2.06e-04 lambda=0.000 v18_lambda=0.000 gpu=3.0/15.8GB
[23:15:22] [train] ep=40 step=040/40 ce=0.3322 sc=0.8089 mi=0.0605 dn=0.0000 v13=0.0007 v15=0.0000 v16=0.0000 v17=0.0000 v18=0.0000 acc=0.9953 lr=2.05e-04 lambda=0.000 v18_lambda=0.000 gpu=3.0/15.8GB
[23:15:25] [pool] check ep=040/100 source_val_acc_ema=0.9506 threshold=0.90
[23:15:26] [pool] ep=040 ADDED src_val=0.9506/0.9514 dev77=0.5286/0.4586 final77=0.5468/0.4898
[23:15:26] [pool] running best ep=040 dev77_f1=0.4586 final77_f1=0.4898 (pool_size=1)
[23:15:26] [ep_summary] ep=40/100 val_live=0.9506/0.9498 val_ema=0.9506/0.9514 test77_live=0.8525/0.8475 test77_diag_ema=0.5468/0.4898 v13=0.0007 v15=0.0000 v16=0.0000 v17=0.0000 v18=0.0000 das=stage3[12,95] p=1.00 ep_time=11.3s
[23:15:26] [save] best_sourceval_ema val_acc_ema=0.9506 source_val_live=0.9506/0.9498 source_val_ema=0.9506/0.9514 ep=40
[23:15:26] [save] best_sourcequalified77_ema ep=40 source_val_live=0.9506/0.9498 source_val_ema=0.9506/0.9514 test77_ema=0.5468/0.4898
[23:15:26] [strict77_monitor] ep=40 best_source_epoch=40 source_val_ema=0.9506/0.9514 test77_ema_diag=0.5468/0.4898 sourcequalified_count=40 best_sourcequalified77_epoch=40 source_val_ema=0.9506/0.9514 test77_ema=0.5468/0.4898
[23:15:26] [train] epoch 41/100 steps=40 use_dann=0 das=stage3 f=[12.0,95.0] p=1.00 gpu=3.0/15.8GB
[23:15:27] [train] ep=41 step=001/40 ce=0.9031 sc=1.0246 mi=0.0540 dn=0.0000 v13=0.0007 v15=0.0000 v16=0.0000 v17=0.0000 v18=0.0000 acc=0.9375 lr=2.05e-04 lambda=0.000 v18_lambda=0.000 gpu=3.0/15.8GB
[23:15:28] [train] ep=41 step=010/40 ce=0.3471 sc=0.9449 mi=0.0589 dn=0.0000 v13=0.0007 v15=0.0000 v16=0.0000 v17=0.0000 v18=0.0000 acc=0.9938 lr=2.04e-04 lambda=0.000 v18_lambda=0.000 gpu=3.0/15.8GB
[23:15:30] [train] ep=41 step=020/40 ce=0.3846 sc=0.8649 mi=0.0591 dn=0.0000 v13=0.0007 v15=0.0000 v16=0.0000 v17=0.0000 v18=0.0000 acc=0.9906 lr=2.02e-04 lambda=0.000 v18_lambda=0.000 gpu=3.0/15.8GB
[23:15:32] [train] ep=41 step=030/40 ce=0.3616 sc=0.8727 mi=0.0594 dn=0.0000 v13=0.0007 v15=0.0000 v16=0.0000 v17=0.0000 v18=0.0000 acc=0.9917 lr=2.01e-04 lambda=0.000 v18_lambda=0.000 gpu=3.0/15.8GB
[23:15:34] [train] ep=41 step=040/40 ce=0.3405 sc=0.8174 mi=0.0588 dn=0.0000 v13=0.0007 v15=0.0000 v16=0.0000 v17=0.0000 v18=0.0000 acc=0.9938 lr=2.00e-04 lambda=0.000 v18_lambda=0.000 gpu=3.0/15.8GB
[23:15:36] [ep_summary] ep=41/100 val_live=0.9383/0.9385 val_ema=0.9506/0.9514 test77_live=0.8921/0.8890 test77_diag_ema=0.5827/0.5263 v13=0.0007 v15=0.0000 v16=0.0000 v17=0.0000 v18=0.0000 das=stage3[12,95] p=1.00 ep_time=10.0s
[23:15:36] [save] best_sourcequalified77_ema ep=41 source_val_live=0.9383/0.9385 source_val_ema=0.9506/0.9514 test77_ema=0.5827/0.5263
[23:15:36] [train] epoch 42/100 steps=40 use_dann=0 das=stage3 f=[12.0,95.0] p=1.00 gpu=3.0/15.8GB
[23:15:37] [train] ep=42 step=001/40 ce=0.3290 sc=1.0084 mi=0.0478 dn=0.0000 v13=0.0007 v15=0.0000 v16=0.0000 v17=0.0000 v18=0.0000 acc=1.0000 lr=2.00e-04 lambda=0.000 v18_lambda=0.000 gpu=3.0/15.8GB
[23:15:38] [train] ep=42 step=010/40 ce=0.3480 sc=0.7939 mi=0.0538 dn=0.0000 v13=0.0007 v15=0.0000 v16=0.0000 v17=0.0000 v18=0.0000 acc=0.9938 lr=1.99e-04 lambda=0.000 v18_lambda=0.000 gpu=3.0/15.8GB
[23:15:40] [train] ep=42 step=020/40 ce=0.3683 sc=0.8386 mi=0.0545 dn=0.0000 v13=0.0007 v15=0.0000 v16=0.0000 v17=0.0000 v18=0.0000 acc=0.9938 lr=1.98e-04 lambda=0.000 v18_lambda=0.000 gpu=3.0/15.8GB
[23:15:42] [train] ep=42 step=030/40 ce=0.3877 sc=0.8555 mi=0.0555 dn=0.0000 v13=0.0007 v15=0.0000 v16=0.0000 v17=0.0000 v18=0.0000 acc=0.9917 lr=1.97e-04 lambda=0.000 v18_lambda=0.000 gpu=3.0/15.8GB
[23:15:44] [train] ep=42 step=040/40 ce=0.3770 sc=0.8250 mi=0.0558 dn=0.0000 v13=0.0006 v15=0.0000 v16=0.0000 v17=0.0000 v18=0.0000 acc=0.9922 lr=1.96e-04 lambda=0.000 v18_lambda=0.000 gpu=3.0/15.8GB
[23:15:46] [ep_summary] ep=42/100 val_live=0.9630/0.9631 val_ema=0.9506/0.9514 test77_live=0.8669/0.8622 test77_diag_ema=0.6043/0.5484 v13=0.0006 v15=0.0000 v16=0.0000 v17=0.0000 v18=0.0000 das=stage3[12,95] p=1.00 ep_time=9.9s
[23:15:46] [save] best_sourcequalified77_ema ep=42 source_val_live=0.9630/0.9631 source_val_ema=0.9506/0.9514 test77_ema=0.6043/0.5484
[23:15:46] [train] epoch 43/100 steps=40 use_dann=0 das=stage3 f=[12.0,95.0] p=1.00 gpu=3.0/15.8GB
[23:15:47] [train] ep=43 step=001/40 ce=0.2617 sc=1.0359 mi=0.0533 dn=0.0000 v13=0.0006 v15=0.0000 v16=0.0000 v17=0.0000 v18=0.0000 acc=1.0000 lr=1.95e-04 lambda=0.000 v18_lambda=0.000 gpu=3.0/15.8GB
[23:15:48] [train] ep=43 step=010/40 ce=0.5433 sc=0.8531 mi=0.0546 dn=0.0000 v13=0.0005 v15=0.0000 v16=0.0000 v17=0.0000 v18=0.0000 acc=0.9812 lr=1.94e-04 lambda=0.000 v18_lambda=0.000 gpu=3.0/15.8GB
[23:15:50] [train] ep=43 step=020/40 ce=0.4465 sc=0.8559 mi=0.0568 dn=0.0000 v13=0.0006 v15=0.0000 v16=0.0000 v17=0.0000 v18=0.0000 acc=0.9875 lr=1.93e-04 lambda=0.000 v18_lambda=0.000 gpu=3.0/15.8GB
[23:15:52] [train] ep=43 step=030/40 ce=0.4009 sc=0.8675 mi=0.0573 dn=0.0000 v13=0.0007 v15=0.0000 v16=0.0000 v17=0.0000 v18=0.0000 acc=0.9917 lr=1.92e-04 lambda=0.000 v18_lambda=0.000 gpu=3.0/15.8GB
[23:15:54] [train] ep=43 step=040/40 ce=0.4172 sc=0.8560 mi=0.0576 dn=0.0000 v13=0.0007 v15=0.0000 v16=0.0000 v17=0.0000 v18=0.0000 acc=0.9906 lr=1.91e-04 lambda=0.000 v18_lambda=0.000 gpu=3.0/15.8GB
[23:15:56] [ep_summary] ep=43/100 val_live=0.9691/0.9692 val_ema=0.9568/0.9582 test77_live=0.8633/0.8600 test77_diag_ema=0.6367/0.5832 v13=0.0007 v15=0.0000 v16=0.0000 v17=0.0000 v18=0.0000 das=stage3[12,95] p=1.00 ep_time=9.9s
[23:15:56] [save] best_sourceval_ema val_acc_ema=0.9568 source_val_live=0.9691/0.9692 source_val_ema=0.9568/0.9582 ep=43
[23:15:56] [save] best_sourcequalified77_ema ep=43 source_val_live=0.9691/0.9692 source_val_ema=0.9568/0.9582 test77_ema=0.6367/0.5832
[23:15:56] [train] epoch 44/100 steps=40 use_dann=0 das=stage3 f=[12.0,95.0] p=1.00 gpu=3.0/15.8GB
[23:15:57] [train] ep=44 step=001/40 ce=0.2637 sc=0.4231 mi=0.0655 dn=0.0000 v13=0.0009 v15=0.0000 v16=0.0000 v17=0.0000 v18=0.0000 acc=1.0000 lr=1.91e-04 lambda=0.000 v18_lambda=0.000 gpu=3.0/15.8GB
[23:15:58] [train] ep=44 step=010/40 ce=0.3756 sc=0.7186 mi=0.0567 dn=0.0000 v13=0.0006 v15=0.0000 v16=0.0000 v17=0.0000 v18=0.0000 acc=0.9938 lr=1.90e-04 lambda=0.000 v18_lambda=0.000 gpu=3.0/15.8GB
[23:16:00] [train] ep=44 step=020/40 ce=0.3418 sc=0.7259 mi=0.0571 dn=0.0000 v13=0.0006 v15=0.0000 v16=0.0000 v17=0.0000 v18=0.0000 acc=0.9938 lr=1.89e-04 lambda=0.000 v18_lambda=0.000 gpu=3.0/15.8GB
[23:16:02] [train] ep=44 step=030/40 ce=0.3524 sc=0.7537 mi=0.0571 dn=0.0000 v13=0.0005 v15=0.0000 v16=0.0000 v17=0.0000 v18=0.0000 acc=0.9938 lr=1.87e-04 lambda=0.000 v18_lambda=0.000 gpu=3.0/15.8GB
[23:16:04] [train] ep=44 step=040/40 ce=0.3444 sc=0.7414 mi=0.0570 dn=0.0000 v13=0.0005 v15=0.0000 v16=0.0000 v17=0.0000 v18=0.0000 acc=0.9938 lr=1.86e-04 lambda=0.000 v18_lambda=0.000 gpu=3.0/15.8GB
[23:16:06] [ep_summary] ep=44/100 val_live=0.9506/0.9498 val_ema=0.9506/0.9521 test77_live=0.8705/0.8665 test77_diag_ema=0.6619/0.6170 v13=0.0005 v15=0.0000 v16=0.0000 v17=0.0000 v18=0.0000 das=stage3[12,95] p=1.00 ep_time=10.0s
[23:16:06] [save] best_sourcequalified77_ema ep=44 source_val_live=0.9506/0.9498 source_val_ema=0.9506/0.9521 test77_ema=0.6619/0.6170
[23:16:06] [train] epoch 45/100 steps=40 use_dann=0 das=stage3 f=[12.0,95.0] p=1.00 gpu=3.0/15.8GB
[23:16:07] [train] ep=45 step=001/40 ce=0.2716 sc=0.6357 mi=0.0499 dn=0.0000 v13=0.0007 v15=0.0000 v16=0.0000 v17=0.0000 v18=0.0000 acc=1.0000 lr=1.86e-04 lambda=0.000 v18_lambda=0.000 gpu=3.0/15.8GB
[23:16:08] [train] ep=45 step=010/40 ce=0.2777 sc=0.8189 mi=0.0550 dn=0.0000 v13=0.0006 v15=0.0000 v16=0.0000 v17=0.0000 v18=0.0000 acc=1.0000 lr=1.85e-04 lambda=0.000 v18_lambda=0.000 gpu=3.0/15.8GB
[23:16:10] [train] ep=45 step=020/40 ce=0.2741 sc=0.7434 mi=0.0563 dn=0.0000 v13=0.0005 v15=0.0000 v16=0.0000 v17=0.0000 v18=0.0000 acc=1.0000 lr=1.84e-04 lambda=0.000 v18_lambda=0.000 gpu=3.0/15.8GB
[23:16:12] [train] ep=45 step=030/40 ce=0.2754 sc=0.7530 mi=0.0554 dn=0.0000 v13=0.0006 v15=0.0000 v16=0.0000 v17=0.0000 v18=0.0000 acc=1.0000 lr=1.83e-04 lambda=0.000 v18_lambda=0.000 gpu=3.0/15.8GB
[23:16:14] [train] ep=45 step=040/40 ce=0.2859 sc=0.7686 mi=0.0560 dn=0.0000 v13=0.0006 v15=0.0000 v16=0.0000 v17=0.0000 v18=0.0000 acc=0.9984 lr=1.81e-04 lambda=0.000 v18_lambda=0.000 gpu=3.0/15.8GB
[23:16:16] [ep_summary] ep=45/100 val_live=0.9444/0.9431 val_ema=0.9568/0.9578 test77_live=0.8885/0.8859 test77_diag_ema=0.6906/0.6594 v13=0.0006 v15=0.0000 v16=0.0000 v17=0.0000 v18=0.0000 das=stage3[12,95] p=1.00 ep_time=10.0s
[23:16:16] [save] best_sourcequalified77_ema ep=45 source_val_live=0.9444/0.9431 source_val_ema=0.9568/0.9578 test77_ema=0.6906/0.6594
[23:16:16] [train] epoch 46/100 steps=40 use_dann=0 das=stage3 f=[12.0,95.0] p=1.00 gpu=3.0/15.8GB
[23:16:17] [train] ep=46 step=001/40 ce=0.2631 sc=0.7464 mi=0.0653 dn=0.0000 v13=0.0006 v15=0.0000 v16=0.0000 v17=0.0000 v18=0.0000 acc=1.0000 lr=1.81e-04 lambda=0.000 v18_lambda=0.000 gpu=3.0/15.8GB
[23:16:18] [train] ep=46 step=010/40 ce=0.3602 sc=0.8007 mi=0.0598 dn=0.0000 v13=0.0006 v15=0.0000 v16=0.0000 v17=0.0000 v18=0.0000 acc=0.9938 lr=1.80e-04 lambda=0.000 v18_lambda=0.000 gpu=3.0/15.8GB
[23:16:20] [train] ep=46 step=020/40 ce=0.3112 sc=0.7606 mi=0.0586 dn=0.0000 v13=0.0006 v15=0.0000 v16=0.0000 v17=0.0000 v18=0.0000 acc=0.9969 lr=1.79e-04 lambda=0.000 v18_lambda=0.000 gpu=3.0/15.8GB
[23:16:22] [train] ep=46 step=030/40 ce=0.3111 sc=0.7493 mi=0.0583 dn=0.0000 v13=0.0006 v15=0.0000 v16=0.0000 v17=0.0000 v18=0.0000 acc=0.9979 lr=1.78e-04 lambda=0.000 v18_lambda=0.000 gpu=3.0/15.8GB
[23:16:24] [train] ep=46 step=040/40 ce=0.2989 sc=0.7421 mi=0.0578 dn=0.0000 v13=0.0006 v15=0.0000 v16=0.0000 v17=0.0000 v18=0.0000 acc=0.9984 lr=1.77e-04 lambda=0.000 v18_lambda=0.000 gpu=3.0/15.8GB
[23:16:26] [ep_summary] ep=46/100 val_live=0.9630/0.9628 val_ema=0.9568/0.9578 test77_live=0.8957/0.8940 test77_diag_ema=0.7122/0.6865 v13=0.0006 v15=0.0000 v16=0.0000 v17=0.0000 v18=0.0000 das=stage3[12,95] p=1.00 ep_time=10.0s
[23:16:26] [save] best_sourcequalified77_ema ep=46 source_val_live=0.9630/0.9628 source_val_ema=0.9568/0.9578 test77_ema=0.7122/0.6865
[23:16:26] [train] epoch 47/100 steps=40 use_dann=0 das=stage3 f=[12.0,95.0] p=1.00 gpu=3.0/15.8GB
[23:16:26] [train] ep=47 step=001/40 ce=0.2588 sc=0.9936 mi=0.0576 dn=0.0000 v13=0.0006 v15=0.0000 v16=0.0000 v17=0.0000 v18=0.0000 acc=1.0000 lr=1.77e-04 lambda=0.000 v18_lambda=0.000 gpu=3.0/15.8GB
[23:16:28] [train] ep=47 step=010/40 ce=0.4005 sc=0.8293 mi=0.0579 dn=0.0000 v13=0.0007 v15=0.0000 v16=0.0000 v17=0.0000 v18=0.0000 acc=0.9938 lr=1.76e-04 lambda=0.000 v18_lambda=0.000 gpu=3.0/15.8GB
[23:16:30] [train] ep=47 step=020/40 ce=0.3352 sc=0.7733 mi=0.0561 dn=0.0000 v13=0.0006 v15=0.0000 v16=0.0000 v17=0.0000 v18=0.0000 acc=0.9969 lr=1.74e-04 lambda=0.000 v18_lambda=0.000 gpu=3.0/15.8GB
[23:16:32] [train] ep=47 step=030/40 ce=0.3353 sc=0.7665 mi=0.0567 dn=0.0000 v13=0.0006 v15=0.0000 v16=0.0000 v17=0.0000 v18=0.0000 acc=0.9958 lr=1.73e-04 lambda=0.000 v18_lambda=0.000 gpu=3.0/15.8GB
[23:16:34] [train] ep=47 step=040/40 ce=0.3351 sc=0.7743 mi=0.0572 dn=0.0000 v13=0.0006 v15=0.0000 v16=0.0000 v17=0.0000 v18=0.0000 acc=0.9953 lr=1.72e-04 lambda=0.000 v18_lambda=0.000 gpu=3.0/15.8GB
[23:16:36] [ep_summary] ep=47/100 val_live=0.9444/0.9431 val_ema=0.9568/0.9578 test77_live=0.8921/0.8895 test77_diag_ema=0.7194/0.6958 v13=0.0006 v15=0.0000 v16=0.0000 v17=0.0000 v18=0.0000 das=stage3[12,95] p=1.00 ep_time=9.9s
[23:16:36] [save] best_sourcequalified77_ema ep=47 source_val_live=0.9444/0.9431 source_val_ema=0.9568/0.9578 test77_ema=0.7194/0.6958
[23:16:36] [train] epoch 48/100 steps=40 use_dann=0 das=stage3 f=[12.0,95.0] p=1.00 gpu=3.0/15.8GB
[23:16:36] [train] ep=48 step=001/40 ce=0.2972 sc=0.7376 mi=0.0520 dn=0.0000 v13=0.0005 v15=0.0000 v16=0.0000 v17=0.0000 v18=0.0000 acc=1.0000 lr=1.72e-04 lambda=0.000 v18_lambda=0.000 gpu=3.0/15.8GB
[23:16:38] [train] ep=48 step=010/40 ce=0.4294 sc=0.9020 mi=0.0545 dn=0.0000 v13=0.0006 v15=0.0000 v16=0.0000 v17=0.0000 v18=0.0000 acc=0.9875 lr=1.71e-04 lambda=0.000 v18_lambda=0.000 gpu=3.0/15.8GB
[23:16:40] [train] ep=48 step=020/40 ce=0.3878 sc=0.9019 mi=0.0545 dn=0.0000 v13=0.0007 v15=0.0000 v16=0.0000 v17=0.0000 v18=0.0000 acc=0.9906 lr=1.69e-04 lambda=0.000 v18_lambda=0.000 gpu=3.0/15.8GB
[23:16:42] [train] ep=48 step=030/40 ce=0.3912 sc=0.8681 mi=0.0561 dn=0.0000 v13=0.0007 v15=0.0000 v16=0.0000 v17=0.0000 v18=0.0000 acc=0.9896 lr=1.68e-04 lambda=0.000 v18_lambda=0.000 gpu=3.0/15.8GB
[23:16:43] [train] ep=48 step=040/40 ce=0.3852 sc=0.8744 mi=0.0564 dn=0.0000 v13=0.0007 v15=0.0000 v16=0.0000 v17=0.0000 v18=0.0000 acc=0.9906 lr=1.67e-04 lambda=0.000 v18_lambda=0.000 gpu=3.0/15.8GB
[23:16:46] [ep_summary] ep=48/100 val_live=0.9630/0.9634 val_ema=0.9630/0.9637 test77_live=0.8669/0.8641 test77_diag_ema=0.7338/0.7177 v13=0.0007 v15=0.0000 v16=0.0000 v17=0.0000 v18=0.0000 das=stage3[12,95] p=1.00 ep_time=9.9s
[23:16:46] [save] best_sourceval_ema val_acc_ema=0.9630 source_val_live=0.9630/0.9634 source_val_ema=0.9630/0.9637 ep=48
[23:16:46] [save] best_sourcequalified77_ema ep=48 source_val_live=0.9630/0.9634 source_val_ema=0.9630/0.9637 test77_ema=0.7338/0.7177
[23:16:46] [train] epoch 49/100 steps=40 use_dann=0 das=stage3 f=[12.0,95.0] p=1.00 gpu=3.0/15.8GB
[23:16:46] [train] ep=49 step=001/40 ce=0.2664 sc=0.4393 mi=0.0525 dn=0.0000 v13=0.0006 v15=0.0000 v16=0.0000 v17=0.0000 v18=0.0000 acc=1.0000 lr=1.67e-04 lambda=0.000 v18_lambda=0.000 gpu=3.0/15.8GB
[23:16:48] [train] ep=49 step=010/40 ce=0.3162 sc=0.7433 mi=0.0581 dn=0.0000 v13=0.0007 v15=0.0000 v16=0.0000 v17=0.0000 v18=0.0000 acc=0.9938 lr=1.66e-04 lambda=0.000 v18_lambda=0.000 gpu=3.0/15.8GB
[23:16:50] [train] ep=49 step=020/40 ce=0.3091 sc=0.7765 mi=0.0571 dn=0.0000 v13=0.0006 v15=0.0000 v16=0.0000 v17=0.0000 v18=0.0000 acc=0.9969 lr=1.65e-04 lambda=0.000 v18_lambda=0.000 gpu=3.0/15.8GB
[23:16:52] [train] ep=49 step=030/40 ce=0.3522 sc=0.8040 mi=0.0566 dn=0.0000 v13=0.0006 v15=0.0000 v16=0.0000 v17=0.0000 v18=0.0000 acc=0.9917 lr=1.63e-04 lambda=0.000 v18_lambda=0.000 gpu=3.0/15.8GB
[23:16:53] [train] ep=49 step=040/40 ce=0.4009 sc=0.8213 mi=0.0566 dn=0.0000 v13=0.0006 v15=0.0000 v16=0.0000 v17=0.0000 v18=0.0000 acc=0.9891 lr=1.62e-04 lambda=0.000 v18_lambda=0.000 gpu=3.0/15.8GB
[23:16:56] [ep_summary] ep=49/100 val_live=0.9506/0.9509 val_ema=0.9568/0.9576 test77_live=0.8489/0.8402 test77_diag_ema=0.7518/0.7414 v13=0.0006 v15=0.0000 v16=0.0000 v17=0.0000 v18=0.0000 das=stage3[12,95] p=1.00 ep_time=9.9s
[23:16:56] [save] best_sourcequalified77_ema ep=49 source_val_live=0.9506/0.9509 source_val_ema=0.9568/0.9576 test77_ema=0.7518/0.7414
[23:16:56] [train] epoch 50/100 steps=40 use_dann=0 das=stage3 f=[12.0,95.0] p=1.00 gpu=3.0/15.8GB
[23:16:56] [train] ep=50 step=001/40 ce=0.8544 sc=1.0650 mi=0.0558 dn=0.0000 v13=0.0005 v15=0.0000 v16=0.0000 v17=0.0000 v18=0.0000 acc=0.9375 lr=1.62e-04 lambda=0.000 v18_lambda=0.000 gpu=3.0/15.8GB
[23:16:58] [train] ep=50 step=010/40 ce=0.4214 sc=0.7469 mi=0.0572 dn=0.0000 v13=0.0005 v15=0.0000 v16=0.0000 v17=0.0000 v18=0.0000 acc=0.9812 lr=1.61e-04 lambda=0.000 v18_lambda=0.000 gpu=3.0/15.8GB
[23:17:00] [train] ep=50 step=020/40 ce=0.3560 sc=0.7212 mi=0.0560 dn=0.0000 v13=0.0006 v15=0.0000 v16=0.0000 v17=0.0000 v18=0.0000 acc=0.9906 lr=1.60e-04 lambda=0.000 v18_lambda=0.000 gpu=3.0/15.8GB
[23:17:02] [train] ep=50 step=030/40 ce=0.3404 sc=0.7424 mi=0.0558 dn=0.0000 v13=0.0006 v15=0.0000 v16=0.0000 v17=0.0000 v18=0.0000 acc=0.9917 lr=1.59e-04 lambda=0.000 v18_lambda=0.000 gpu=3.0/15.8GB
[23:17:04] [train] ep=50 step=040/40 ce=0.3585 sc=0.7505 mi=0.0557 dn=0.0000 v13=0.0006 v15=0.0000 v16=0.0000 v17=0.0000 v18=0.0000 acc=0.9906 lr=1.57e-04 lambda=0.000 v18_lambda=0.000 gpu=3.0/15.8GB
[23:17:07] [pool] check ep=050/100 source_val_acc_ema=0.9630 threshold=0.90
[23:17:09] [pool] ep=050 ADDED src_val=0.9630/0.9634 dev77=0.7643/0.7562 final77=0.7698/0.7624
[23:17:09] [pool] running best ep=050 dev77_f1=0.7562 final77_f1=0.7624 (pool_size=2)
[23:17:09] [ep_summary] ep=50/100 val_live=0.9506/0.9514 val_ema=0.9630/0.9634 test77_live=0.8849/0.8816 test77_diag_ema=0.7698/0.7624 v13=0.0006 v15=0.0000 v16=0.0000 v17=0.0000 v18=0.0000 das=stage3[12,95] p=1.00 ep_time=12.3s
[23:17:09] [save] best_sourcequalified77_ema ep=50 source_val_live=0.9506/0.9514 source_val_ema=0.9630/0.9634 test77_ema=0.7698/0.7624
[23:17:09] [strict77_monitor] ep=50 best_source_epoch=48 source_val_ema=0.9630/0.9637 test77_ema_diag=0.7338/0.7177 sourcequalified_count=50 best_sourcequalified77_epoch=50 source_val_ema=0.9630/0.9634 test77_ema=0.7698/0.7624
[23:17:09] [train] epoch 51/100 steps=40 use_dann=0 das=stage3 f=[12.0,95.0] p=1.00 gpu=3.0/15.8GB
[23:17:09] [train] ep=51 step=001/40 ce=0.2604 sc=0.4358 mi=0.0622 dn=0.0000 v13=0.0007 v15=0.0000 v16=0.0000 v17=0.0000 v18=0.0000 acc=1.0000 lr=1.57e-04 lambda=0.000 v18_lambda=0.000 gpu=3.0/15.8GB
[23:17:11] [train] ep=51 step=010/40 ce=0.3422 sc=0.8408 mi=0.0570 dn=0.0000 v13=0.0006 v15=0.0000 v16=0.0000 v17=0.0000 v18=0.0000 acc=0.9938 lr=1.56e-04 lambda=0.000 v18_lambda=0.000 gpu=3.0/15.8GB
[23:17:13] [train] ep=51 step=020/40 ce=0.3056 sc=0.8515 mi=0.0562 dn=0.0000 v13=0.0005 v15=0.0000 v16=0.0000 v17=0.0000 v18=0.0000 acc=0.9969 lr=1.55e-04 lambda=0.000 v18_lambda=0.000 gpu=3.0/15.8GB
[23:17:15] [train] ep=51 step=030/40 ce=0.3054 sc=0.8291 mi=0.0560 dn=0.0000 v13=0.0006 v15=0.0000 v16=0.0000 v17=0.0000 v18=0.0000 acc=0.9979 lr=1.54e-04 lambda=0.000 v18_lambda=0.000 gpu=3.0/15.8GB
[23:17:17] [train] ep=51 step=040/40 ce=0.3082 sc=0.8288 mi=0.0562 dn=0.0000 v13=0.0006 v15=0.0000 v16=0.0000 v17=0.0000 v18=0.0000 acc=0.9984 lr=1.53e-04 lambda=0.000 v18_lambda=0.000 gpu=3.0/15.8GB
[23:17:20] [ep_summary] ep=51/100 val_live=0.9753/0.9755 val_ema=0.9630/0.9634 test77_live=0.8777/0.8736 test77_diag_ema=0.7914/0.7845 v13=0.0006 v15=0.0000 v16=0.0000 v17=0.0000 v18=0.0000 das=stage3[12,95] p=1.00 ep_time=11.5s
[23:17:20] [save] best_sourcequalified77_ema ep=51 source_val_live=0.9753/0.9755 source_val_ema=0.9630/0.9634 test77_ema=0.7914/0.7845
[23:17:20] [train] epoch 52/100 steps=40 use_dann=0 das=stage3 f=[12.0,95.0] p=1.00 gpu=3.0/15.8GB
[23:17:20] [train] ep=52 step=001/40 ce=0.2803 sc=0.6538 mi=0.0637 dn=0.0000 v13=0.0007 v15=0.0000 v16=0.0000 v17=0.0000 v18=0.0000 acc=1.0000 lr=1.52e-04 lambda=0.000 v18_lambda=0.000 gpu=3.0/15.8GB
[23:17:22] [train] ep=52 step=010/40 ce=0.4681 sc=0.8415 mi=0.0558 dn=0.0000 v13=0.0005 v15=0.0000 v16=0.0000 v17=0.0000 v18=0.0000 acc=0.9875 lr=1.51e-04 lambda=0.000 v18_lambda=0.000 gpu=3.0/15.8GB
[23:17:25] [train] ep=52 step=020/40 ce=0.3833 sc=0.8249 mi=0.0555 dn=0.0000 v13=0.0006 v15=0.0000 v16=0.0000 v17=0.0000 v18=0.0000 acc=0.9938 lr=1.50e-04 lambda=0.000 v18_lambda=0.000 gpu=3.0/15.8GB
[23:17:27] [train] ep=52 step=030/40 ce=0.3610 sc=0.7841 mi=0.0551 dn=0.0000 v13=0.0005 v15=0.0000 v16=0.0000 v17=0.0000 v18=0.0000 acc=0.9938 lr=1.49e-04 lambda=0.000 v18_lambda=0.000 gpu=3.0/15.8GB
[23:17:29] [train] ep=52 step=040/40 ce=0.3602 sc=0.7976 mi=0.0542 dn=0.0000 v13=0.0005 v15=0.0000 v16=0.0000 v17=0.0000 v18=0.0000 acc=0.9938 lr=1.48e-04 lambda=0.000 v18_lambda=0.000 gpu=3.0/15.8GB
[23:17:31] [ep_summary] ep=52/100 val_live=0.9691/0.9692 val_ema=0.9630/0.9634 test77_live=0.8597/0.8566 test77_diag_ema=0.7986/0.7926 v13=0.0005 v15=0.0000 v16=0.0000 v17=0.0000 v18=0.0000 das=stage3[12,95] p=1.00 ep_time=11.4s
[23:17:32] [save] best_sourcequalified77_ema ep=52 source_val_live=0.9691/0.9692 source_val_ema=0.9630/0.9634 test77_ema=0.7986/0.7926
[23:17:32] [train] epoch 53/100 steps=40 use_dann=0 das=stage3 f=[12.0,95.0] p=1.00 gpu=3.0/15.8GB
[23:17:32] [train] ep=53 step=001/40 ce=0.2590 sc=0.7334 mi=0.0517 dn=0.0000 v13=0.0004 v15=0.0000 v16=0.0000 v17=0.0000 v18=0.0000 acc=1.0000 lr=1.48e-04 lambda=0.000 v18_lambda=0.000 gpu=3.0/15.8GB
[23:17:34] [train] ep=53 step=010/40 ce=0.2804 sc=0.9279 mi=0.0534 dn=0.0000 v13=0.0006 v15=0.0000 v16=0.0000 v17=0.0000 v18=0.0000 acc=1.0000 lr=1.46e-04 lambda=0.000 v18_lambda=0.000 gpu=3.0/15.8GB
[23:17:36] [train] ep=53 step=020/40 ce=0.2986 sc=0.8567 mi=0.0544 dn=0.0000 v13=0.0005 v15=0.0000 v16=0.0000 v17=0.0000 v18=0.0000 acc=1.0000 lr=1.45e-04 lambda=0.000 v18_lambda=0.000 gpu=3.0/15.8GB
[23:17:38] [train] ep=53 step=030/40 ce=0.2865 sc=0.8361 mi=0.0546 dn=0.0000 v13=0.0005 v15=0.0000 v16=0.0000 v17=0.0000 v18=0.0000 acc=1.0000 lr=1.44e-04 lambda=0.000 v18_lambda=0.000 gpu=3.0/15.8GB
[23:17:41] [train] ep=53 step=040/40 ce=0.2802 sc=0.8079 mi=0.0541 dn=0.0000 v13=0.0006 v15=0.0000 v16=0.0000 v17=0.0000 v18=0.0000 acc=1.0000 lr=1.43e-04 lambda=0.000 v18_lambda=0.000 gpu=3.0/15.8GB
[23:17:43] [ep_summary] ep=53/100 val_live=0.9630/0.9628 val_ema=0.9630/0.9634 test77_live=0.8453/0.8369 test77_diag_ema=0.8129/0.8079 v13=0.0006 v15=0.0000 v16=0.0000 v17=0.0000 v18=0.0000 das=stage3[12,95] p=1.00 ep_time=11.8s
[23:17:43] [save] best_sourcequalified77_ema ep=53 source_val_live=0.9630/0.9628 source_val_ema=0.9630/0.9634 test77_ema=0.8129/0.8079
[23:17:43] [train] epoch 54/100 steps=40 use_dann=0 das=stage3 f=[12.0,95.0] p=1.00 gpu=3.0/15.8GB
[23:17:44] [train] ep=54 step=001/40 ce=0.2579 sc=0.7862 mi=0.0464 dn=0.0000 v13=0.0005 v15=0.0000 v16=0.0000 v17=0.0000 v18=0.0000 acc=1.0000 lr=1.43e-04 lambda=0.000 v18_lambda=0.000 gpu=3.0/15.8GB
[23:17:45] [train] ep=54 step=010/40 ce=0.2623 sc=0.7280 mi=0.0552 dn=0.0000 v13=0.0006 v15=0.0000 v16=0.0000 v17=0.0000 v18=0.0000 acc=1.0000 lr=1.42e-04 lambda=0.000 v18_lambda=0.000 gpu=3.0/15.8GB
[23:17:48] [train] ep=54 step=020/40 ce=0.2621 sc=0.7525 mi=0.0537 dn=0.0000 v13=0.0006 v15=0.0000 v16=0.0000 v17=0.0000 v18=0.0000 acc=1.0000 lr=1.40e-04 lambda=0.000 v18_lambda=0.000 gpu=3.0/15.8GB
[23:17:50] [train] ep=54 step=030/40 ce=0.2612 sc=0.7763 mi=0.0530 dn=0.0000 v13=0.0005 v15=0.0000 v16=0.0000 v17=0.0000 v18=0.0000 acc=1.0000 lr=1.39e-04 lambda=0.000 v18_lambda=0.000 gpu=3.0/15.8GB
[23:17:52] [train] ep=54 step=040/40 ce=0.2609 sc=0.7586 mi=0.0538 dn=0.0000 v13=0.0005 v15=0.0000 v16=0.0000 v17=0.0000 v18=0.0000 acc=1.0000 lr=1.38e-04 lambda=0.000 v18_lambda=0.000 gpu=3.0/15.8GB
[23:17:54] [ep_summary] ep=54/100 val_live=0.9691/0.9692 val_ema=0.9630/0.9634 test77_live=0.8417/0.8343 test77_diag_ema=0.8345/0.8284 v13=0.0005 v15=0.0000 v16=0.0000 v17=0.0000 v18=0.0000 das=stage3[12,95] p=1.00 ep_time=11.0s
[23:17:54] [save] best_sourcequalified77_ema ep=54 source_val_live=0.9691/0.9692 source_val_ema=0.9630/0.9634 test77_ema=0.8345/0.8284
[23:17:54] [train] epoch 55/100 steps=40 use_dann=0 das=stage3 f=[12.0,95.0] p=1.00 gpu=3.0/15.8GB
[23:17:55] [train] ep=55 step=001/40 ce=0.2599 sc=0.6477 mi=0.0615 dn=0.0000 v13=0.0005 v15=0.0000 v16=0.0000 v17=0.0000 v18=0.0000 acc=1.0000 lr=1.38e-04 lambda=0.000 v18_lambda=0.000 gpu=3.0/15.8GB
[23:17:57] [train] ep=55 step=010/40 ce=0.2785 sc=0.7621 mi=0.0527 dn=0.0000 v13=0.0007 v15=0.0000 v16=0.0000 v17=0.0000 v18=0.0000 acc=1.0000 lr=1.37e-04 lambda=0.000 v18_lambda=0.000 gpu=3.0/15.8GB
[23:17:59] [train] ep=55 step=020/40 ce=0.2892 sc=0.7043 mi=0.0547 dn=0.0000 v13=0.0006 v15=0.0000 v16=0.0000 v17=0.0000 v18=0.0000 acc=1.0000 lr=1.36e-04 lambda=0.000 v18_lambda=0.000 gpu=3.0/15.8GB
[23:18:01] [train] ep=55 step=030/40 ce=0.2796 sc=0.6920 mi=0.0552 dn=0.0000 v13=0.0006 v15=0.0000 v16=0.0000 v17=0.0000 v18=0.0000 acc=1.0000 lr=1.34e-04 lambda=0.000 v18_lambda=0.000 gpu=3.0/15.8GB
[23:18:03] [train] ep=55 step=040/40 ce=0.2894 sc=0.6901 mi=0.0548 dn=0.0000 v13=0.0005 v15=0.0000 v16=0.0000 v17=0.0000 v18=0.0000 acc=0.9984 lr=1.33e-04 lambda=0.000 v18_lambda=0.000 gpu=3.0/15.8GB
[23:18:06] [ep_summary] ep=55/100 val_live=0.9691/0.9694 val_ema=0.9630/0.9634 test77_live=0.8561/0.8511 test77_diag_ema=0.8381/0.8335 v13=0.0005 v15=0.0000 v16=0.0000 v17=0.0000 v18=0.0000 das=stage3[12,95] p=1.00 ep_time=11.2s
[23:18:06] [save] best_sourcequalified77_ema ep=55 source_val_live=0.9691/0.9694 source_val_ema=0.9630/0.9634 test77_ema=0.8381/0.8335
[23:18:06] [train] epoch 56/100 steps=40 use_dann=0 das=stage3 f=[12.0,95.0] p=1.00 gpu=3.0/15.8GB
[23:18:06] [train] ep=56 step=001/40 ce=0.2590 sc=0.7283 mi=0.0538 dn=0.0000 v13=0.0004 v15=0.0000 v16=0.0000 v17=0.0000 v18=0.0000 acc=1.0000 lr=1.33e-04 lambda=0.000 v18_lambda=0.000 gpu=3.0/15.8GB
[23:18:08] [train] ep=56 step=010/40 ce=0.2594 sc=0.7450 mi=0.0571 dn=0.0000 v13=0.0005 v15=0.0000 v16=0.0000 v17=0.0000 v18=0.0000 acc=1.0000 lr=1.32e-04 lambda=0.000 v18_lambda=0.000 gpu=3.0/15.8GB
[23:18:10] [train] ep=56 step=020/40 ce=0.2870 sc=0.7627 mi=0.0561 dn=0.0000 v13=0.0005 v15=0.0000 v16=0.0000 v17=0.0000 v18=0.0000 acc=0.9969 lr=1.31e-04 lambda=0.000 v18_lambda=0.000 gpu=3.0/15.8GB
[23:18:12] [train] ep=56 step=030/40 ce=0.2919 sc=0.7456 mi=0.0560 dn=0.0000 v13=0.0005 v15=0.0000 v16=0.0000 v17=0.0000 v18=0.0000 acc=0.9958 lr=1.30e-04 lambda=0.000 v18_lambda=0.000 gpu=3.0/15.8GB
[23:18:14] [train] ep=56 step=040/40 ce=0.3037 sc=0.7776 mi=0.0550 dn=0.0000 v13=0.0005 v15=0.0000 v16=0.0000 v17=0.0000 v18=0.0000 acc=0.9953 lr=1.28e-04 lambda=0.000 v18_lambda=0.000 gpu=3.0/15.8GB
[23:18:17] [ep_summary] ep=56/100 val_live=0.9630/0.9628 val_ema=0.9630/0.9634 test77_live=0.8705/0.8660 test77_diag_ema=0.8381/0.8335 v13=0.0005 v15=0.0000 v16=0.0000 v17=0.0000 v18=0.0000 das=stage3[12,95] p=1.00 ep_time=11.4s
[23:18:17] [train] epoch 57/100 steps=40 use_dann=0 das=stage3 f=[12.0,95.0] p=1.00 gpu=3.0/15.8GB
[23:18:17] [train] ep=57 step=001/40 ce=0.6440 sc=0.9265 mi=0.0531 dn=0.0000 v13=0.0003 v15=0.0000 v16=0.0000 v17=0.0000 v18=0.0000 acc=1.0000 lr=1.28e-04 lambda=0.000 v18_lambda=0.000 gpu=3.0/15.8GB
[23:18:19] [train] ep=57 step=010/40 ce=0.3218 sc=0.8318 mi=0.0540 dn=0.0000 v13=0.0005 v15=0.0000 v16=0.0000 v17=0.0000 v18=0.0000 acc=1.0000 lr=1.27e-04 lambda=0.000 v18_lambda=0.000 gpu=3.0/15.8GB
[23:18:21] [train] ep=57 step=020/40 ce=0.3190 sc=0.8401 mi=0.0540 dn=0.0000 v13=0.0005 v15=0.0000 v16=0.0000 v17=0.0000 v18=0.0000 acc=0.9969 lr=1.26e-04 lambda=0.000 v18_lambda=0.000 gpu=3.0/15.8GB
[23:18:23] [train] ep=57 step=030/40 ce=0.3501 sc=0.7949 mi=0.0539 dn=0.0000 v13=0.0005 v15=0.0000 v16=0.0000 v17=0.0000 v18=0.0000 acc=0.9938 lr=1.25e-04 lambda=0.000 v18_lambda=0.000 gpu=3.0/15.8GB
[23:18:26] [train] ep=57 step=040/40 ce=0.3486 sc=0.7789 mi=0.0538 dn=0.0000 v13=0.0005 v15=0.0000 v16=0.0000 v17=0.0000 v18=0.0000 acc=0.9938 lr=1.24e-04 lambda=0.000 v18_lambda=0.000 gpu=3.0/15.8GB
[23:18:28] [ep_summary] ep=57/100 val_live=0.9568/0.9563 val_ema=0.9691/0.9694 test77_live=0.8741/0.8714 test77_diag_ema=0.8381/0.8335 v13=0.0005 v15=0.0000 v16=0.0000 v17=0.0000 v18=0.0000 das=stage3[12,95] p=1.00 ep_time=11.3s
[23:18:28] [save] best_sourceval_ema val_acc_ema=0.9691 source_val_live=0.9568/0.9563 source_val_ema=0.9691/0.9694 ep=57
[23:18:28] [train] epoch 58/100 steps=40 use_dann=0 das=stage3 f=[12.0,95.0] p=1.00 gpu=3.0/15.8GB
[23:18:28] [train] ep=58 step=001/40 ce=0.2591 sc=0.5998 mi=0.0507 dn=0.0000 v13=0.0002 v15=0.0000 v16=0.0000 v17=0.0000 v18=0.0000 acc=1.0000 lr=1.23e-04 lambda=0.000 v18_lambda=0.000 gpu=3.0/15.8GB
[23:18:30] [train] ep=58 step=010/40 ce=0.3236 sc=0.8301 mi=0.0536 dn=0.0000 v13=0.0004 v15=0.0000 v16=0.0000 v17=0.0000 v18=0.0000 acc=0.9938 lr=1.22e-04 lambda=0.000 v18_lambda=0.000 gpu=3.0/15.8GB
[23:18:32] [train] ep=58 step=020/40 ce=0.3128 sc=0.8028 mi=0.0540 dn=0.0000 v13=0.0005 v15=0.0000 v16=0.0000 v17=0.0000 v18=0.0000 acc=0.9969 lr=1.21e-04 lambda=0.000 v18_lambda=0.000 gpu=3.0/15.8GB
[23:18:34] [train] ep=58 step=030/40 ce=0.3088 sc=0.7924 mi=0.0542 dn=0.0000 v13=0.0005 v15=0.0000 v16=0.0000 v17=0.0000 v18=0.0000 acc=0.9979 lr=1.20e-04 lambda=0.000 v18_lambda=0.000 gpu=3.0/15.8GB
[23:18:36] [train] ep=58 step=040/40 ce=0.3001 sc=0.7741 mi=0.0539 dn=0.0000 v13=0.0005 v15=0.0000 v16=0.0000 v17=0.0000 v18=0.0000 acc=0.9984 lr=1.19e-04 lambda=0.000 v18_lambda=0.000 gpu=3.0/15.8GB
[23:18:38] [ep_summary] ep=58/100 val_live=0.9506/0.9509 val_ema=0.9691/0.9694 test77_live=0.8885/0.8862 test77_diag_ema=0.8417/0.8367 v13=0.0005 v15=0.0000 v16=0.0000 v17=0.0000 v18=0.0000 das=stage3[12,95] p=1.00 ep_time=10.0s
[23:18:38] [save] best_sourcequalified77_ema ep=58 source_val_live=0.9506/0.9509 source_val_ema=0.9691/0.9694 test77_ema=0.8417/0.8367
[23:18:38] [train] epoch 59/100 steps=40 use_dann=0 das=stage3 f=[12.0,95.0] p=1.00 gpu=3.0/15.8GB
[23:18:38] [train] ep=59 step=001/40 ce=0.2600 sc=1.3108 mi=0.0570 dn=0.0000 v13=0.0003 v15=0.0000 v16=0.0000 v17=0.0000 v18=0.0000 acc=1.0000 lr=1.19e-04 lambda=0.000 v18_lambda=0.000 gpu=3.0/15.8GB
[23:18:40] [train] ep=59 step=010/40 ce=0.2613 sc=0.7570 mi=0.0514 dn=0.0000 v13=0.0004 v15=0.0000 v16=0.0000 v17=0.0000 v18=0.0000 acc=1.0000 lr=1.18e-04 lambda=0.000 v18_lambda=0.000 gpu=3.0/15.8GB
[23:18:42] [train] ep=59 step=020/40 ce=0.2685 sc=0.8013 mi=0.0526 dn=0.0000 v13=0.0005 v15=0.0000 v16=0.0000 v17=0.0000 v18=0.0000 acc=1.0000 lr=1.16e-04 lambda=0.000 v18_lambda=0.000 gpu=3.0/15.8GB
[23:18:44] [train] ep=59 step=030/40 ce=0.3150 sc=0.8156 mi=0.0531 dn=0.0000 v13=0.0005 v15=0.0000 v16=0.0000 v17=0.0000 v18=0.0000 acc=0.9979 lr=1.15e-04 lambda=0.000 v18_lambda=0.000 gpu=3.0/15.8GB
[23:18:46] [train] ep=59 step=040/40 ce=0.3306 sc=0.7809 mi=0.0535 dn=0.0000 v13=0.0005 v15=0.0000 v16=0.0000 v17=0.0000 v18=0.0000 acc=0.9953 lr=1.14e-04 lambda=0.000 v18_lambda=0.000 gpu=3.0/15.8GB
[23:18:48] [ep_summary] ep=59/100 val_live=0.9444/0.9444 val_ema=0.9691/0.9694 test77_live=0.8885/0.8870 test77_diag_ema=0.8417/0.8373 v13=0.0005 v15=0.0000 v16=0.0000 v17=0.0000 v18=0.0000 das=stage3[12,95] p=1.00 ep_time=10.0s
[23:18:48] [save] best_sourcequalified77_ema ep=59 source_val_live=0.9444/0.9444 source_val_ema=0.9691/0.9694 test77_ema=0.8417/0.8373
[23:18:48] [train] epoch 60/100 steps=40 use_dann=0 das=stage3 f=[12.0,95.0] p=1.00 gpu=3.0/15.8GB
[23:18:48] [train] ep=60 step=001/40 ce=0.2611 sc=0.6323 mi=0.0528 dn=0.0000 v13=0.0004 v15=0.0000 v16=0.0000 v17=0.0000 v18=0.0000 acc=1.0000 lr=1.14e-04 lambda=0.000 v18_lambda=0.000 gpu=3.0/15.8GB
[23:18:50] [train] ep=60 step=010/40 ce=0.2734 sc=0.6939 mi=0.0504 dn=0.0000 v13=0.0005 v15=0.0000 v16=0.0000 v17=0.0000 v18=0.0000 acc=1.0000 lr=1.13e-04 lambda=0.000 v18_lambda=0.000 gpu=3.0/15.8GB
[23:18:52] [train] ep=60 step=020/40 ce=0.2675 sc=0.7249 mi=0.0518 dn=0.0000 v13=0.0005 v15=0.0000 v16=0.0000 v17=0.0000 v18=0.0000 acc=1.0000 lr=1.12e-04 lambda=0.000 v18_lambda=0.000 gpu=3.0/15.8GB
[23:18:54] [train] ep=60 step=030/40 ce=0.2848 sc=0.7181 mi=0.0525 dn=0.0000 v13=0.0005 v15=0.0000 v16=0.0000 v17=0.0000 v18=0.0000 acc=0.9979 lr=1.11e-04 lambda=0.000 v18_lambda=0.000 gpu=3.0/15.8GB
[23:18:55] [train] ep=60 step=040/40 ce=0.2801 sc=0.7251 mi=0.0530 dn=0.0000 v13=0.0005 v15=0.0000 v16=0.0000 v17=0.0000 v18=0.0000 acc=0.9984 lr=1.09e-04 lambda=0.000 v18_lambda=0.000 gpu=3.0/15.8GB
[23:18:58] [pool] check ep=060/100 source_val_acc_ema=0.9691 threshold=0.90
[23:19:00] [pool] ep=060 ADDED src_val=0.9691/0.9694 dev77=0.8286/0.8256 final77=0.8489/0.8450
[23:19:00] [pool] running best ep=060 dev77_f1=0.8256 final77_f1=0.8450 (pool_size=3)
[23:19:00] [ep_summary] ep=60/100 val_live=0.9506/0.9503 val_ema=0.9691/0.9694 test77_live=0.8921/0.8910 test77_diag_ema=0.8489/0.8450 v13=0.0005 v15=0.0000 v16=0.0000 v17=0.0000 v18=0.0000 das=stage3[12,95] p=1.00 ep_time=11.3s
[23:19:00] [save] best_sourcequalified77_ema ep=60 source_val_live=0.9506/0.9503 source_val_ema=0.9691/0.9694 test77_ema=0.8489/0.8450
[23:19:00] [strict77_monitor] ep=60 best_source_epoch=57 source_val_ema=0.9691/0.9694 test77_ema_diag=0.8381/0.8335 sourcequalified_count=60 best_sourcequalified77_epoch=60 source_val_ema=0.9691/0.9694 test77_ema=0.8489/0.8450
[23:19:00] [train] epoch 61/100 steps=40 use_dann=0 das=stage3 f=[12.0,95.0] p=1.00 gpu=3.0/15.8GB
[23:19:00] [train] ep=61 step=001/40 ce=0.2737 sc=0.8634 mi=0.0501 dn=0.0000 v13=0.0006 v15=0.0000 v16=0.0000 v17=0.0000 v18=0.0000 acc=1.0000 lr=1.09e-04 lambda=0.000 v18_lambda=0.000 gpu=3.0/15.8GB
[23:19:02] [train] ep=61 step=010/40 ce=0.2674 sc=0.8059 mi=0.0523 dn=0.0000 v13=0.0005 v15=0.0000 v16=0.0000 v17=0.0000 v18=0.0000 acc=1.0000 lr=1.08e-04 lambda=0.000 v18_lambda=0.000 gpu=3.0/15.8GB
[23:19:04] [train] ep=61 step=020/40 ce=0.2669 sc=0.8048 mi=0.0530 dn=0.0000 v13=0.0004 v15=0.0000 v16=0.0000 v17=0.0000 v18=0.0000 acc=1.0000 lr=1.07e-04 lambda=0.000 v18_lambda=0.000 gpu=3.0/15.8GB
[23:19:06] [train] ep=61 step=030/40 ce=0.2689 sc=0.7805 mi=0.0528 dn=0.0000 v13=0.0005 v15=0.0000 v16=0.0000 v17=0.0000 v18=0.0000 acc=1.0000 lr=1.06e-04 lambda=0.000 v18_lambda=0.000 gpu=3.0/15.8GB
[23:19:08] [train] ep=61 step=040/40 ce=0.2671 sc=0.7488 mi=0.0536 dn=0.0000 v13=0.0004 v15=0.0000 v16=0.0000 v17=0.0000 v18=0.0000 acc=1.0000 lr=1.05e-04 lambda=0.000 v18_lambda=0.000 gpu=3.0/15.8GB
[23:19:11] [ep_summary] ep=61/100 val_live=0.9383/0.9379 val_ema=0.9691/0.9694 test77_live=0.8813/0.8787 test77_diag_ema=0.8525/0.8485 v13=0.0004 v15=0.0000 v16=0.0000 v17=0.0000 v18=0.0000 das=stage3[12,95] p=1.00 ep_time=11.0s
[23:19:11] [save] best_sourcequalified77_ema ep=61 source_val_live=0.9383/0.9379 source_val_ema=0.9691/0.9694 test77_ema=0.8525/0.8485
[23:19:11] [train] epoch 62/100 steps=40 use_dann=0 das=stage3 f=[12.0,95.0] p=1.00 gpu=3.0/15.8GB
[23:19:11] [train] ep=62 step=001/40 ce=0.3988 sc=0.9827 mi=0.0481 dn=0.0000 v13=0.0005 v15=0.0000 v16=0.0000 v17=0.0000 v18=0.0000 acc=1.0000 lr=1.05e-04 lambda=0.000 v18_lambda=0.000 gpu=3.0/15.8GB
[23:19:13] [train] ep=62 step=010/40 ce=0.3416 sc=0.7506 mi=0.0535 dn=0.0000 v13=0.0004 v15=0.0000 v16=0.0000 v17=0.0000 v18=0.0000 acc=0.9938 lr=1.04e-04 lambda=0.000 v18_lambda=0.000 gpu=3.0/15.8GB
[23:19:15] [train] ep=62 step=020/40 ce=0.3205 sc=0.7936 mi=0.0547 dn=0.0000 v13=0.0004 v15=0.0000 v16=0.0000 v17=0.0000 v18=0.0000 acc=0.9969 lr=1.02e-04 lambda=0.000 v18_lambda=0.000 gpu=3.0/15.8GB
[23:19:17] [train] ep=62 step=030/40 ce=0.3376 sc=0.7634 mi=0.0549 dn=0.0000 v13=0.0004 v15=0.0000 v16=0.0000 v17=0.0000 v18=0.0000 acc=0.9958 lr=1.01e-04 lambda=0.000 v18_lambda=0.000 gpu=3.0/15.8GB
[23:19:19] [train] ep=62 step=040/40 ce=0.3218 sc=0.7451 mi=0.0543 dn=0.0000 v13=0.0004 v15=0.0000 v16=0.0000 v17=0.0000 v18=0.0000 acc=0.9969 lr=1.00e-04 lambda=0.000 v18_lambda=0.000 gpu=3.0/15.8GB
[23:19:22] [ep_summary] ep=62/100 val_live=0.9630/0.9628 val_ema=0.9691/0.9694 test77_live=0.8993/0.8976 test77_diag_ema=0.8705/0.8672 v13=0.0004 v15=0.0000 v16=0.0000 v17=0.0000 v18=0.0000 das=stage3[12,95] p=1.00 ep_time=11.4s
[23:19:22] [save] best_sourcequalified77_ema ep=62 source_val_live=0.9630/0.9628 source_val_ema=0.9691/0.9694 test77_ema=0.8705/0.8672
[23:19:22] [train] epoch 63/100 steps=40 use_dann=0 das=stage3 f=[12.0,95.0] p=1.00 gpu=3.0/15.8GB
[23:19:22] [train] ep=63 step=001/40 ce=0.2574 sc=0.5665 mi=0.0501 dn=0.0000 v13=0.0006 v15=0.0000 v16=0.0000 v17=0.0000 v18=0.0000 acc=1.0000 lr=1.00e-04 lambda=0.000 v18_lambda=0.000 gpu=3.0/15.8GB
[23:19:24] [train] ep=63 step=010/40 ce=0.4539 sc=0.8668 mi=0.0532 dn=0.0000 v13=0.0005 v15=0.0000 v16=0.0000 v17=0.0000 v18=0.0000 acc=0.9812 lr=9.89e-05 lambda=0.000 v18_lambda=0.000 gpu=3.0/15.8GB
[23:19:26] [train] ep=63 step=020/40 ce=0.3886 sc=0.8181 mi=0.0535 dn=0.0000 v13=0.0005 v15=0.0000 v16=0.0000 v17=0.0000 v18=0.0000 acc=0.9875 lr=9.78e-05 lambda=0.000 v18_lambda=0.000 gpu=3.0/15.8GB
[23:19:29] [train] ep=63 step=030/40 ce=0.3698 sc=0.8035 mi=0.0540 dn=0.0000 v13=0.0005 v15=0.0000 v16=0.0000 v17=0.0000 v18=0.0000 acc=0.9917 lr=9.67e-05 lambda=0.000 v18_lambda=0.000 gpu=3.0/15.8GB
[23:19:31] [train] ep=63 step=040/40 ce=0.3435 sc=0.8069 mi=0.0530 dn=0.0000 v13=0.0005 v15=0.0000 v16=0.0000 v17=0.0000 v18=0.0000 acc=0.9938 lr=9.55e-05 lambda=0.000 v18_lambda=0.000 gpu=3.0/15.8GB
[23:19:33] [ep_summary] ep=63/100 val_live=0.9630/0.9628 val_ema=0.9691/0.9694 test77_live=0.8669/0.8651 test77_diag_ema=0.8777/0.8750 v13=0.0005 v15=0.0000 v16=0.0000 v17=0.0000 v18=0.0000 das=stage3[12,95] p=1.00 ep_time=11.4s
[23:19:33] [save] best_sourcequalified77_ema ep=63 source_val_live=0.9630/0.9628 source_val_ema=0.9691/0.9694 test77_ema=0.8777/0.8750
[23:19:33] [train] epoch 64/100 steps=40 use_dann=0 das=stage3 f=[12.0,95.0] p=1.00 gpu=3.0/15.8GB
[23:19:34] [train] ep=64 step=001/40 ce=1.4169 sc=1.9508 mi=0.0555 dn=0.0000 v13=0.0008 v15=0.0000 v16=0.0000 v17=0.0000 v18=0.0000 acc=0.9375 lr=9.54e-05 lambda=0.000 v18_lambda=0.000 gpu=3.0/15.8GB
[23:19:36] [train] ep=64 step=010/40 ce=0.3802 sc=0.8493 mi=0.0515 dn=0.0000 v13=0.0005 v15=0.0000 v16=0.0000 v17=0.0000 v18=0.0000 acc=0.9938 lr=9.44e-05 lambda=0.000 v18_lambda=0.000 gpu=3.0/15.8GB
[23:19:38] [train] ep=64 step=020/40 ce=0.3194 sc=0.7884 mi=0.0513 dn=0.0000 v13=0.0005 v15=0.0000 v16=0.0000 v17=0.0000 v18=0.0000 acc=0.9969 lr=9.33e-05 lambda=0.000 v18_lambda=0.000 gpu=3.0/15.8GB
[23:19:40] [train] ep=64 step=030/40 ce=0.3045 sc=0.7537 mi=0.0521 dn=0.0000 v13=0.0005 v15=0.0000 v16=0.0000 v17=0.0000 v18=0.0000 acc=0.9979 lr=9.21e-05 lambda=0.000 v18_lambda=0.000 gpu=3.0/15.8GB
[23:19:42] [train] ep=64 step=040/40 ce=0.3201 sc=0.7770 mi=0.0524 dn=0.0000 v13=0.0005 v15=0.0000 v16=0.0000 v17=0.0000 v18=0.0000 acc=0.9969 lr=9.10e-05 lambda=0.000 v18_lambda=0.000 gpu=3.0/15.8GB
[23:19:44] [ep_summary] ep=64/100 val_live=0.9630/0.9628 val_ema=0.9691/0.9694 test77_live=0.8777/0.8758 test77_diag_ema=0.8813/0.8782 v13=0.0005 v15=0.0000 v16=0.0000 v17=0.0000 v18=0.0000 das=stage3[12,95] p=1.00 ep_time=11.1s
[23:19:45] [save] best_sourcequalified77_ema ep=64 source_val_live=0.9630/0.9628 source_val_ema=0.9691/0.9694 test77_ema=0.8813/0.8782
[23:19:45] [train] epoch 65/100 steps=40 use_dann=0 das=stage3 f=[12.0,95.0] p=1.00 gpu=3.0/15.8GB
[23:19:45] [train] ep=65 step=001/40 ce=0.2581 sc=0.6306 mi=0.0502 dn=0.0000 v13=0.0006 v15=0.0000 v16=0.0000 v17=0.0000 v18=0.0000 acc=1.0000 lr=9.09e-05 lambda=0.000 v18_lambda=0.000 gpu=3.0/15.8GB
[23:19:47] [train] ep=65 step=010/40 ce=0.2586 sc=0.9271 mi=0.0511 dn=0.0000 v13=0.0005 v15=0.0000 v16=0.0000 v17=0.0000 v18=0.0000 acc=1.0000 lr=8.99e-05 lambda=0.000 v18_lambda=0.000 gpu=3.0/15.8GB
[23:19:49] [train] ep=65 step=020/40 ce=0.3303 sc=0.8588 mi=0.0534 dn=0.0000 v13=0.0005 v15=0.0000 v16=0.0000 v17=0.0000 v18=0.0000 acc=0.9938 lr=8.88e-05 lambda=0.000 v18_lambda=0.000 gpu=3.0/15.8GB
[23:19:51] [train] ep=65 step=030/40 ce=0.3194 sc=0.8012 mi=0.0531 dn=0.0000 v13=0.0005 v15=0.0000 v16=0.0000 v17=0.0000 v18=0.0000 acc=0.9958 lr=8.77e-05 lambda=0.000 v18_lambda=0.000 gpu=3.0/15.8GB
[23:19:53] [train] ep=65 step=040/40 ce=0.3041 sc=0.7813 mi=0.0531 dn=0.0000 v13=0.0005 v15=0.0000 v16=0.0000 v17=0.0000 v18=0.0000 acc=0.9969 lr=8.66e-05 lambda=0.000 v18_lambda=0.000 gpu=3.0/15.8GB
[23:19:56] [ep_summary] ep=65/100 val_live=0.9506/0.9498 val_ema=0.9691/0.9692 test77_live=0.8705/0.8680 test77_diag_ema=0.8885/0.8853 v13=0.0005 v15=0.0000 v16=0.0000 v17=0.0000 v18=0.0000 das=stage3[12,95] p=1.00 ep_time=11.4s
[23:19:56] [save] best_sourcequalified77_ema ep=65 source_val_live=0.9506/0.9498 source_val_ema=0.9691/0.9692 test77_ema=0.8885/0.8853
[23:19:56] [train] epoch 66/100 steps=40 use_dann=0 das=stage3 f=[12.0,95.0] p=1.00 gpu=3.0/15.8GB
[23:19:56] [train] ep=66 step=001/40 ce=0.7466 sc=1.2288 mi=0.0567 dn=0.0000 v13=0.0005 v15=0.0000 v16=0.0000 v17=0.0000 v18=0.0000 acc=0.9375 lr=8.65e-05 lambda=0.000 v18_lambda=0.000 gpu=3.0/15.8GB
[23:19:58] [train] ep=66 step=010/40 ce=0.3093 sc=0.9163 mi=0.0551 dn=0.0000 v13=0.0004 v15=0.0000 v16=0.0000 v17=0.0000 v18=0.0000 acc=0.9938 lr=8.55e-05 lambda=0.000 v18_lambda=0.000 gpu=3.0/15.8GB
[23:20:00] [train] ep=66 step=020/40 ce=0.2839 sc=0.9045 mi=0.0528 dn=0.0000 v13=0.0004 v15=0.0000 v16=0.0000 v17=0.0000 v18=0.0000 acc=0.9969 lr=8.44e-05 lambda=0.000 v18_lambda=0.000 gpu=3.0/15.8GB
[23:20:02] [train] ep=66 step=030/40 ce=0.2815 sc=0.8286 mi=0.0529 dn=0.0000 v13=0.0005 v15=0.0000 v16=0.0000 v17=0.0000 v18=0.0000 acc=0.9979 lr=8.33e-05 lambda=0.000 v18_lambda=0.000 gpu=3.0/15.8GB
[23:20:03] [train] ep=66 step=040/40 ce=0.2760 sc=0.8132 mi=0.0529 dn=0.0000 v13=0.0005 v15=0.0000 v16=0.0000 v17=0.0000 v18=0.0000 acc=0.9984 lr=8.22e-05 lambda=0.000 v18_lambda=0.000 gpu=3.0/15.8GB
[23:20:06] [ep_summary] ep=66/100 val_live=0.9568/0.9563 val_ema=0.9691/0.9692 test77_live=0.8777/0.8728 test77_diag_ema=0.8885/0.8853 v13=0.0005 v15=0.0000 v16=0.0000 v17=0.0000 v18=0.0000 das=stage3[12,95] p=1.00 ep_time=10.2s
[23:20:06] [train] epoch 67/100 steps=40 use_dann=0 das=stage3 f=[12.0,95.0] p=1.00 gpu=3.0/15.8GB
[23:20:06] [train] ep=67 step=001/40 ce=0.2588 sc=0.6144 mi=0.0502 dn=0.0000 v13=0.0006 v15=0.0000 v16=0.0000 v17=0.0000 v18=0.0000 acc=1.0000 lr=8.21e-05 lambda=0.000 v18_lambda=0.000 gpu=3.0/15.8GB
[23:20:08] [train] ep=67 step=010/40 ce=0.3648 sc=0.7854 mi=0.0543 dn=0.0000 v13=0.0005 v15=0.0000 v16=0.0000 v17=0.0000 v18=0.0000 acc=0.9938 lr=8.11e-05 lambda=0.000 v18_lambda=0.000 gpu=3.0/15.8GB
[23:20:10] [train] ep=67 step=020/40 ce=0.3225 sc=0.6995 mi=0.0533 dn=0.0000 v13=0.0004 v15=0.0000 v16=0.0000 v17=0.0000 v18=0.0000 acc=0.9969 lr=8.01e-05 lambda=0.000 v18_lambda=0.000 gpu=3.0/15.8GB
[23:20:12] [train] ep=67 step=030/40 ce=0.3145 sc=0.7006 mi=0.0539 dn=0.0000 v13=0.0005 v15=0.0000 v16=0.0000 v17=0.0000 v18=0.0000 acc=0.9979 lr=7.90e-05 lambda=0.000 v18_lambda=0.000 gpu=3.0/15.8GB
[23:20:13] [train] ep=67 step=040/40 ce=0.3005 sc=0.7138 mi=0.0532 dn=0.0000 v13=0.0005 v15=0.0000 v16=0.0000 v17=0.0000 v18=0.0000 acc=0.9984 lr=7.79e-05 lambda=0.000 v18_lambda=0.000 gpu=3.0/15.8GB
[23:20:16] [ep_summary] ep=67/100 val_live=0.9691/0.9692 val_ema=0.9691/0.9692 test77_live=0.8813/0.8791 test77_diag_ema=0.8885/0.8853 v13=0.0005 v15=0.0000 v16=0.0000 v17=0.0000 v18=0.0000 das=stage3[12,95] p=1.00 ep_time=10.0s
[23:20:16] [train] epoch 68/100 steps=40 use_dann=0 das=stage3 f=[12.0,95.0] p=1.00 gpu=3.0/15.8GB
[23:20:16] [train] ep=68 step=001/40 ce=0.2603 sc=0.7272 mi=0.0609 dn=0.0000 v13=0.0003 v15=0.0000 v16=0.0000 v17=0.0000 v18=0.0000 acc=1.0000 lr=7.78e-05 lambda=0.000 v18_lambda=0.000 gpu=3.0/15.8GB
[23:20:18] [train] ep=68 step=010/40 ce=0.3166 sc=0.7171 mi=0.0540 dn=0.0000 v13=0.0004 v15=0.0000 v16=0.0000 v17=0.0000 v18=0.0000 acc=0.9938 lr=7.69e-05 lambda=0.000 v18_lambda=0.000 gpu=3.0/15.8GB
[23:20:20] [train] ep=68 step=020/40 ce=0.2926 sc=0.7874 mi=0.0532 dn=0.0000 v13=0.0004 v15=0.0000 v16=0.0000 v17=0.0000 v18=0.0000 acc=0.9969 lr=7.58e-05 lambda=0.000 v18_lambda=0.000 gpu=3.0/15.8GB
[23:20:22] [train] ep=68 step=030/40 ce=0.3061 sc=0.7959 mi=0.0536 dn=0.0000 v13=0.0004 v15=0.0000 v16=0.0000 v17=0.0000 v18=0.0000 acc=0.9958 lr=7.48e-05 lambda=0.000 v18_lambda=0.000 gpu=3.0/15.8GB
[23:20:24] [train] ep=68 step=040/40 ce=0.2943 sc=0.8122 mi=0.0534 dn=0.0000 v13=0.0004 v15=0.0000 v16=0.0000 v17=0.0000 v18=0.0000 acc=0.9969 lr=7.37e-05 lambda=0.000 v18_lambda=0.000 gpu=3.0/15.8GB
[23:20:27] [ep_summary] ep=68/100 val_live=0.9568/0.9563 val_ema=0.9691/0.9692 test77_live=0.8777/0.8745 test77_diag_ema=0.8921/0.8897 v13=0.0004 v15=0.0000 v16=0.0000 v17=0.0000 v18=0.0000 das=stage3[12,95] p=1.00 ep_time=10.4s
[23:20:27] [save] best_sourcequalified77_ema ep=68 source_val_live=0.9568/0.9563 source_val_ema=0.9691/0.9692 test77_ema=0.8921/0.8897
[23:20:27] [train] epoch 69/100 steps=40 use_dann=0 das=stage3 f=[12.0,95.0] p=1.00 gpu=3.0/15.8GB
[23:20:27] [train] ep=69 step=001/40 ce=0.2566 sc=0.8433 mi=0.0572 dn=0.0000 v13=0.0004 v15=0.0000 v16=0.0000 v17=0.0000 v18=0.0000 acc=1.0000 lr=7.36e-05 lambda=0.000 v18_lambda=0.000 gpu=3.0/15.8GB
[23:20:28] [train] ep=69 step=010/40 ce=0.2590 sc=0.5888 mi=0.0541 dn=0.0000 v13=0.0005 v15=0.0000 v16=0.0000 v17=0.0000 v18=0.0000 acc=1.0000 lr=7.27e-05 lambda=0.000 v18_lambda=0.000 gpu=3.0/15.8GB
[23:20:30] [train] ep=69 step=020/40 ce=0.2585 sc=0.6357 mi=0.0515 dn=0.0000 v13=0.0005 v15=0.0000 v16=0.0000 v17=0.0000 v18=0.0000 acc=1.0000 lr=7.16e-05 lambda=0.000 v18_lambda=0.000 gpu=3.0/15.8GB
[23:20:32] [train] ep=69 step=030/40 ce=0.2585 sc=0.7000 mi=0.0519 dn=0.0000 v13=0.0005 v15=0.0000 v16=0.0000 v17=0.0000 v18=0.0000 acc=1.0000 lr=7.06e-05 lambda=0.000 v18_lambda=0.000 gpu=3.0/15.8GB
[23:20:34] [train] ep=69 step=040/40 ce=0.2583 sc=0.6681 mi=0.0516 dn=0.0000 v13=0.0005 v15=0.0000 v16=0.0000 v17=0.0000 v18=0.0000 acc=1.0000 lr=6.96e-05 lambda=0.000 v18_lambda=0.000 gpu=3.0/15.8GB
[23:20:37] [ep_summary] ep=69/100 val_live=0.9568/0.9563 val_ema=0.9691/0.9692 test77_live=0.8777/0.8745 test77_diag_ema=0.8957/0.8942 v13=0.0005 v15=0.0000 v16=0.0000 v17=0.0000 v18=0.0000 das=stage3[12,95] p=1.00 ep_time=10.0s
[23:20:37] [save] best_sourcequalified77_ema ep=69 source_val_live=0.9568/0.9563 source_val_ema=0.9691/0.9692 test77_ema=0.8957/0.8942
[23:20:37] [train] epoch 70/100 steps=40 use_dann=0 das=stage3 f=[12.0,95.0] p=1.00 gpu=3.0/15.8GB
[23:20:37] [train] ep=70 step=001/40 ce=0.2581 sc=0.7618 mi=0.0513 dn=0.0000 v13=0.0005 v15=0.0000 v16=0.0000 v17=0.0000 v18=0.0000 acc=1.0000 lr=6.95e-05 lambda=0.000 v18_lambda=0.000 gpu=3.0/15.8GB
[23:20:38] [train] ep=70 step=010/40 ce=0.3982 sc=0.9153 mi=0.0513 dn=0.0000 v13=0.0005 v15=0.0000 v16=0.0000 v17=0.0000 v18=0.0000 acc=0.9938 lr=6.85e-05 lambda=0.000 v18_lambda=0.000 gpu=3.0/15.8GB
[23:20:40] [train] ep=70 step=020/40 ce=0.3809 sc=0.9068 mi=0.0509 dn=0.0000 v13=0.0005 v15=0.0000 v16=0.0000 v17=0.0000 v18=0.0000 acc=0.9938 lr=6.75e-05 lambda=0.000 v18_lambda=0.000 gpu=3.0/15.8GB
[23:20:42] [train] ep=70 step=030/40 ce=0.3481 sc=0.8673 mi=0.0512 dn=0.0000 v13=0.0005 v15=0.0000 v16=0.0000 v17=0.0000 v18=0.0000 acc=0.9958 lr=6.65e-05 lambda=0.000 v18_lambda=0.000 gpu=3.0/15.8GB
[23:20:44] [train] ep=70 step=040/40 ce=0.3528 sc=0.8343 mi=0.0511 dn=0.0000 v13=0.0005 v15=0.0000 v16=0.0000 v17=0.0000 v18=0.0000 acc=0.9953 lr=6.55e-05 lambda=0.000 v18_lambda=0.000 gpu=3.0/15.8GB
[23:20:47] [pool] check ep=070/100 source_val_acc_ema=0.9691 threshold=0.90
[23:20:48] [pool] ep=070 ADDED src_val=0.9691/0.9692 dev77=0.8429/0.8420 final77=0.8957/0.8942
[23:20:48] [pool] running best ep=070 dev77_f1=0.8420 final77_f1=0.8942 (pool_size=4)
[23:20:48] [ep_summary] ep=70/100 val_live=0.9506/0.9498 val_ema=0.9691/0.9692 test77_live=0.8633/0.8617 test77_diag_ema=0.8957/0.8942 v13=0.0005 v15=0.0000 v16=0.0000 v17=0.0000 v18=0.0000 das=stage3[12,95] p=1.00 ep_time=11.3s
[23:20:48] [strict77_monitor] ep=70 best_source_epoch=57 source_val_ema=0.9691/0.9694 test77_ema_diag=0.8381/0.8335 sourcequalified_count=70 best_sourcequalified77_epoch=69 source_val_ema=0.9691/0.9692 test77_ema=0.8957/0.8942
[23:20:48] [train] epoch 71/100 steps=40 use_dann=0 das=stage3 f=[12.0,95.0] p=1.00 gpu=3.0/15.8GB
[23:20:48] [train] ep=71 step=001/40 ce=0.2615 sc=0.9662 mi=0.0472 dn=0.0000 v13=0.0006 v15=0.0000 v16=0.0000 v17=0.0000 v18=0.0000 acc=1.0000 lr=6.54e-05 lambda=0.000 v18_lambda=0.000 gpu=3.0/15.8GB
[23:20:50] [train] ep=71 step=010/40 ce=0.2778 sc=0.6519 mi=0.0530 dn=0.0000 v13=0.0006 v15=0.0000 v16=0.0000 v17=0.0000 v18=0.0000 acc=1.0000 lr=6.45e-05 lambda=0.000 v18_lambda=0.000 gpu=3.0/15.8GB
[23:20:51] [train] ep=71 step=020/40 ce=0.2717 sc=0.7297 mi=0.0516 dn=0.0000 v13=0.0005 v15=0.0000 v16=0.0000 v17=0.0000 v18=0.0000 acc=1.0000 lr=6.35e-05 lambda=0.000 v18_lambda=0.000 gpu=3.0/15.8GB
[23:20:53] [train] ep=71 step=030/40 ce=0.2698 sc=0.7532 mi=0.0511 dn=0.0000 v13=0.0005 v15=0.0000 v16=0.0000 v17=0.0000 v18=0.0000 acc=1.0000 lr=6.25e-05 lambda=0.000 v18_lambda=0.000 gpu=3.0/15.8GB
[23:20:55] [train] ep=71 step=040/40 ce=0.2682 sc=0.7427 mi=0.0515 dn=0.0000 v13=0.0005 v15=0.0000 v16=0.0000 v17=0.0000 v18=0.0000 acc=1.0000 lr=6.15e-05 lambda=0.000 v18_lambda=0.000 gpu=3.0/15.8GB
[23:20:58] [ep_summary] ep=71/100 val_live=0.9630/0.9628 val_ema=0.9630/0.9628 test77_live=0.8669/0.8648 test77_diag_ema=0.8993/0.8974 v13=0.0005 v15=0.0000 v16=0.0000 v17=0.0000 v18=0.0000 das=stage3[12,95] p=1.00 ep_time=10.0s
[23:20:58] [save] best_sourcequalified77_ema ep=71 source_val_live=0.9630/0.9628 source_val_ema=0.9630/0.9628 test77_ema=0.8993/0.8974
[23:20:58] [train] epoch 72/100 steps=40 use_dann=0 das=stage3 f=[12.0,95.0] p=1.00 gpu=3.0/15.8GB
[23:20:58] [train] ep=72 step=001/40 ce=0.2568 sc=0.7277 mi=0.0472 dn=0.0000 v13=0.0005 v15=0.0000 v16=0.0000 v17=0.0000 v18=0.0000 acc=1.0000 lr=6.14e-05 lambda=0.000 v18_lambda=0.000 gpu=3.0/15.8GB
[23:21:00] [train] ep=72 step=010/40 ce=0.3377 sc=0.9270 mi=0.0524 dn=0.0000 v13=0.0004 v15=0.0000 v16=0.0000 v17=0.0000 v18=0.0000 acc=0.9938 lr=6.06e-05 lambda=0.000 v18_lambda=0.000 gpu=3.0/15.8GB
[23:21:02] [train] ep=72 step=020/40 ce=0.3100 sc=0.8362 mi=0.0520 dn=0.0000 v13=0.0005 v15=0.0000 v16=0.0000 v17=0.0000 v18=0.0000 acc=0.9969 lr=5.96e-05 lambda=0.000 v18_lambda=0.000 gpu=3.0/15.8GB
[23:21:03] [train] ep=72 step=030/40 ce=0.2926 sc=0.8048 mi=0.0521 dn=0.0000 v13=0.0005 v15=0.0000 v16=0.0000 v17=0.0000 v18=0.0000 acc=0.9979 lr=5.86e-05 lambda=0.000 v18_lambda=0.000 gpu=3.0/15.8GB
[23:21:05] [train] ep=72 step=040/40 ce=0.2923 sc=0.7688 mi=0.0519 dn=0.0000 v13=0.0005 v15=0.0000 v16=0.0000 v17=0.0000 v18=0.0000 acc=0.9984 lr=5.77e-05 lambda=0.000 v18_lambda=0.000 gpu=3.0/15.8GB
[23:21:08] [ep_summary] ep=72/100 val_live=0.9506/0.9498 val_ema=0.9630/0.9628 test77_live=0.8705/0.8672 test77_diag_ema=0.9029/0.9014 v13=0.0005 v15=0.0000 v16=0.0000 v17=0.0000 v18=0.0000 das=stage3[12,95] p=1.00 ep_time=10.0s
[23:21:08] [save] best_sourcequalified77_ema ep=72 source_val_live=0.9506/0.9498 source_val_ema=0.9630/0.9628 test77_ema=0.9029/0.9014
[23:21:08] [train] epoch 73/100 steps=40 use_dann=0 das=stage3 f=[12.0,95.0] p=1.00 gpu=3.0/15.8GB
[23:21:08] [train] ep=73 step=001/40 ce=0.2568 sc=0.6154 mi=0.0558 dn=0.0000 v13=0.0010 v15=0.0000 v16=0.0000 v17=0.0000 v18=0.0000 acc=1.0000 lr=5.76e-05 lambda=0.000 v18_lambda=0.000 gpu=3.0/15.8GB
[23:21:10] [train] ep=73 step=010/40 ce=0.2575 sc=0.6771 mi=0.0536 dn=0.0000 v13=0.0004 v15=0.0000 v16=0.0000 v17=0.0000 v18=0.0000 acc=1.0000 lr=5.67e-05 lambda=0.000 v18_lambda=0.000 gpu=3.0/15.8GB
[23:21:12] [train] ep=73 step=020/40 ce=0.2778 sc=0.7482 mi=0.0521 dn=0.0000 v13=0.0004 v15=0.0000 v16=0.0000 v17=0.0000 v18=0.0000 acc=0.9969 lr=5.58e-05 lambda=0.000 v18_lambda=0.000 gpu=3.0/15.8GB
[23:21:13] [train] ep=73 step=030/40 ce=0.2971 sc=0.7486 mi=0.0522 dn=0.0000 v13=0.0004 v15=0.0000 v16=0.0000 v17=0.0000 v18=0.0000 acc=0.9958 lr=5.48e-05 lambda=0.000 v18_lambda=0.000 gpu=3.0/15.8GB
[23:21:15] [train] ep=73 step=040/40 ce=0.2872 sc=0.7087 mi=0.0521 dn=0.0000 v13=0.0004 v15=0.0000 v16=0.0000 v17=0.0000 v18=0.0000 acc=0.9969 lr=5.39e-05 lambda=0.000 v18_lambda=0.000 gpu=3.0/15.8GB
[23:21:18] [ep_summary] ep=73/100 val_live=0.9506/0.9498 val_ema=0.9630/0.9628 test77_live=0.8489/0.8428 test77_diag_ema=0.9065/0.9050 v13=0.0004 v15=0.0000 v16=0.0000 v17=0.0000 v18=0.0000 das=stage3[12,95] p=1.00 ep_time=10.0s
[23:21:18] [save] best_sourcequalified77_ema ep=73 source_val_live=0.9506/0.9498 source_val_ema=0.9630/0.9628 test77_ema=0.9065/0.9050
[23:21:18] [train] epoch 74/100 steps=40 use_dann=0 das=stage3 f=[12.0,95.0] p=1.00 gpu=3.0/15.8GB
[23:21:18] [train] ep=74 step=001/40 ce=0.6297 sc=1.5066 mi=0.0659 dn=0.0000 v13=0.0005 v15=0.0000 v16=0.0000 v17=0.0000 v18=0.0000 acc=0.9375 lr=5.38e-05 lambda=0.000 v18_lambda=0.000 gpu=3.0/15.8GB
[23:21:20] [train] ep=74 step=010/40 ce=0.3083 sc=0.9019 mi=0.0533 dn=0.0000 v13=0.0004 v15=0.0000 v16=0.0000 v17=0.0000 v18=0.0000 acc=0.9938 lr=5.30e-05 lambda=0.000 v18_lambda=0.000 gpu=3.0/15.8GB
[23:21:22] [train] ep=74 step=020/40 ce=0.3001 sc=0.8321 mi=0.0519 dn=0.0000 v13=0.0005 v15=0.0000 v16=0.0000 v17=0.0000 v18=0.0000 acc=0.9969 lr=5.20e-05 lambda=0.000 v18_lambda=0.000 gpu=3.0/15.8GB
[23:21:24] [train] ep=74 step=030/40 ce=0.2865 sc=0.7795 mi=0.0514 dn=0.0000 v13=0.0005 v15=0.0000 v16=0.0000 v17=0.0000 v18=0.0000 acc=0.9979 lr=5.11e-05 lambda=0.000 v18_lambda=0.000 gpu=3.0/15.8GB
[23:21:25] [train] ep=74 step=040/40 ce=0.3308 sc=0.8273 mi=0.0520 dn=0.0000 v13=0.0004 v15=0.0000 v16=0.0000 v17=0.0000 v18=0.0000 acc=0.9953 lr=5.02e-05 lambda=0.000 v18_lambda=0.000 gpu=3.0/15.8GB
[23:21:28] [ep_summary] ep=74/100 val_live=0.9568/0.9563 val_ema=0.9630/0.9628 test77_live=0.8669/0.8633 test77_diag_ema=0.9065/0.9050 v13=0.0004 v15=0.0000 v16=0.0000 v17=0.0000 v18=0.0000 das=stage3[12,95] p=1.00 ep_time=10.1s
[23:21:28] [train] epoch 75/100 steps=40 use_dann=0 das=stage3 f=[12.0,95.0] p=1.00 gpu=3.0/15.8GB
[23:21:28] [train] ep=75 step=001/40 ce=0.2583 sc=0.8405 mi=0.0484 dn=0.0000 v13=0.0003 v15=0.0000 v16=0.0000 v17=0.0000 v18=0.0000 acc=1.0000 lr=5.01e-05 lambda=0.000 v18_lambda=0.000 gpu=3.0/15.8GB
[23:21:30] [train] ep=75 step=010/40 ce=0.2962 sc=0.7361 mi=0.0510 dn=0.0000 v13=0.0004 v15=0.0000 v16=0.0000 v17=0.0000 v18=0.0000 acc=1.0000 lr=4.93e-05 lambda=0.000 v18_lambda=0.000 gpu=3.0/15.8GB
[23:21:32] [train] ep=75 step=020/40 ce=0.3150 sc=0.7519 mi=0.0522 dn=0.0000 v13=0.0004 v15=0.0000 v16=0.0000 v17=0.0000 v18=0.0000 acc=0.9969 lr=4.84e-05 lambda=0.000 v18_lambda=0.000 gpu=3.0/15.8GB
[23:21:34] [train] ep=75 step=030/40 ce=0.3236 sc=0.7875 mi=0.0523 dn=0.0000 v13=0.0004 v15=0.0000 v16=0.0000 v17=0.0000 v18=0.0000 acc=0.9958 lr=4.75e-05 lambda=0.000 v18_lambda=0.000 gpu=3.0/15.8GB
[23:21:35] [train] ep=75 step=040/40 ce=0.3372 sc=0.8048 mi=0.0520 dn=0.0000 v13=0.0004 v15=0.0000 v16=0.0000 v17=0.0000 v18=0.0000 acc=0.9938 lr=4.66e-05 lambda=0.000 v18_lambda=0.000 gpu=3.0/15.8GB
[23:21:38] [ep_summary] ep=75/100 val_live=0.9568/0.9563 val_ema=0.9630/0.9628 test77_live=0.8597/0.8555 test77_diag_ema=0.9101/0.9082 v13=0.0004 v15=0.0000 v16=0.0000 v17=0.0000 v18=0.0000 das=stage3[12,95] p=1.00 ep_time=10.0s
[23:21:38] [save] best_sourcequalified77_ema ep=75 source_val_live=0.9568/0.9563 source_val_ema=0.9630/0.9628 test77_ema=0.9101/0.9082
[23:21:38] [train] epoch 76/100 steps=40 use_dann=0 das=stage3 f=[12.0,95.0] p=1.00 gpu=3.0/15.8GB
[23:21:38] [train] ep=76 step=001/40 ce=0.2567 sc=0.5651 mi=0.0582 dn=0.0000 v13=0.0003 v15=0.0000 v16=0.0000 v17=0.0000 v18=0.0000 acc=1.0000 lr=4.65e-05 lambda=0.000 v18_lambda=0.000 gpu=3.0/15.8GB
[23:21:40] [train] ep=76 step=010/40 ce=0.2943 sc=0.6359 mi=0.0518 dn=0.0000 v13=0.0004 v15=0.0000 v16=0.0000 v17=0.0000 v18=0.0000 acc=0.9938 lr=4.58e-05 lambda=0.000 v18_lambda=0.000 gpu=3.0/15.8GB
[23:21:42] [train] ep=76 step=020/40 ce=0.2760 sc=0.6870 mi=0.0526 dn=0.0000 v13=0.0004 v15=0.0000 v16=0.0000 v17=0.0000 v18=0.0000 acc=0.9969 lr=4.49e-05 lambda=0.000 v18_lambda=0.000 gpu=3.0/15.8GB
[23:21:44] [train] ep=76 step=030/40 ce=0.2717 sc=0.6915 mi=0.0528 dn=0.0000 v13=0.0005 v15=0.0000 v16=0.0000 v17=0.0000 v18=0.0000 acc=0.9979 lr=4.40e-05 lambda=0.000 v18_lambda=0.000 gpu=3.0/15.8GB
[23:21:46] [train] ep=76 step=040/40 ce=0.2684 sc=0.7072 mi=0.0520 dn=0.0000 v13=0.0005 v15=0.0000 v16=0.0000 v17=0.0000 v18=0.0000 acc=0.9984 lr=4.32e-05 lambda=0.000 v18_lambda=0.000 gpu=3.0/15.8GB
[23:21:48] [ep_summary] ep=76/100 val_live=0.9630/0.9628 val_ema=0.9630/0.9628 test77_live=0.8633/0.8590 test77_diag_ema=0.9029/0.9010 v13=0.0005 v15=0.0000 v16=0.0000 v17=0.0000 v18=0.0000 das=stage3[12,95] p=1.00 ep_time=10.1s
[23:21:48] [train] epoch 77/100 steps=40 use_dann=0 das=stage3 f=[12.0,95.0] p=1.00 gpu=3.0/15.8GB
[23:21:48] [train] ep=77 step=001/40 ce=0.2570 sc=0.6299 mi=0.0492 dn=0.0000 v13=0.0003 v15=0.0000 v16=0.0000 v17=0.0000 v18=0.0000 acc=1.0000 lr=4.31e-05 lambda=0.000 v18_lambda=0.000 gpu=3.0/15.8GB
[23:21:50] [train] ep=77 step=010/40 ce=0.2577 sc=0.6382 mi=0.0525 dn=0.0000 v13=0.0004 v15=0.0000 v16=0.0000 v17=0.0000 v18=0.0000 acc=1.0000 lr=4.23e-05 lambda=0.000 v18_lambda=0.000 gpu=3.0/15.8GB
[23:21:52] [train] ep=77 step=020/40 ce=0.2814 sc=0.6622 mi=0.0522 dn=0.0000 v13=0.0004 v15=0.0000 v16=0.0000 v17=0.0000 v18=0.0000 acc=0.9969 lr=4.15e-05 lambda=0.000 v18_lambda=0.000 gpu=3.0/15.8GB
[23:21:54] [train] ep=77 step=030/40 ce=0.2780 sc=0.6927 mi=0.0523 dn=0.0000 v13=0.0004 v15=0.0000 v16=0.0000 v17=0.0000 v18=0.0000 acc=0.9979 lr=4.06e-05 lambda=0.000 v18_lambda=0.000 gpu=3.0/15.8GB
[23:21:56] [train] ep=77 step=040/40 ce=0.2728 sc=0.7340 mi=0.0525 dn=0.0000 v13=0.0004 v15=0.0000 v16=0.0000 v17=0.0000 v18=0.0000 acc=0.9984 lr=3.98e-05 lambda=0.000 v18_lambda=0.000 gpu=3.0/15.8GB
[23:21:58] [ep_summary] ep=77/100 val_live=0.9630/0.9628 val_ema=0.9630/0.9628 test77_live=0.8669/0.8635 test77_diag_ema=0.9029/0.9010 v13=0.0004 v15=0.0000 v16=0.0000 v17=0.0000 v18=0.0000 das=stage3[12,95] p=1.00 ep_time=10.2s
[23:21:58] [train] epoch 78/100 steps=40 use_dann=0 das=stage3 f=[12.0,95.0] p=1.00 gpu=3.0/15.8GB
[23:21:59] [train] ep=78 step=001/40 ce=0.2590 sc=1.0877 mi=0.0583 dn=0.0000 v13=0.0002 v15=0.0000 v16=0.0000 v17=0.0000 v18=0.0000 acc=1.0000 lr=3.97e-05 lambda=0.000 v18_lambda=0.000 gpu=3.0/15.8GB
[23:22:00] [train] ep=78 step=010/40 ce=0.2968 sc=0.7149 mi=0.0514 dn=0.0000 v13=0.0005 v15=0.0000 v16=0.0000 v17=0.0000 v18=0.0000 acc=1.0000 lr=3.90e-05 lambda=0.000 v18_lambda=0.000 gpu=3.0/15.8GB
[23:22:02] [train] ep=78 step=020/40 ce=0.2921 sc=0.7185 mi=0.0512 dn=0.0000 v13=0.0004 v15=0.0000 v16=0.0000 v17=0.0000 v18=0.0000 acc=1.0000 lr=3.82e-05 lambda=0.000 v18_lambda=0.000 gpu=3.0/15.8GB
[23:22:04] [train] ep=78 step=030/40 ce=0.2881 sc=0.7596 mi=0.0517 dn=0.0000 v13=0.0004 v15=0.0000 v16=0.0000 v17=0.0000 v18=0.0000 acc=1.0000 lr=3.74e-05 lambda=0.000 v18_lambda=0.000 gpu=3.0/15.8GB
[23:22:06] [train] ep=78 step=040/40 ce=0.2838 sc=0.7431 mi=0.0518 dn=0.0000 v13=0.0004 v15=0.0000 v16=0.0000 v17=0.0000 v18=0.0000 acc=1.0000 lr=3.66e-05 lambda=0.000 v18_lambda=0.000 gpu=3.0/15.8GB
[23:22:08] [ep_summary] ep=78/100 val_live=0.9691/0.9692 val_ema=0.9630/0.9628 test77_live=0.8561/0.8522 test77_diag_ema=0.9029/0.9010 v13=0.0004 v15=0.0000 v16=0.0000 v17=0.0000 v18=0.0000 das=stage3[12,95] p=1.00 ep_time=10.0s
[23:22:08] [train] epoch 79/100 steps=40 use_dann=0 das=stage3 f=[12.0,95.0] p=1.00 gpu=3.0/15.8GB
[23:22:09] [train] ep=79 step=001/40 ce=0.2572 sc=0.6464 mi=0.0536 dn=0.0000 v13=0.0005 v15=0.0000 v16=0.0000 v17=0.0000 v18=0.0000 acc=1.0000 lr=3.65e-05 lambda=0.000 v18_lambda=0.000 gpu=3.0/15.8GB
[23:22:10] [train] ep=79 step=010/40 ce=0.3750 sc=0.8925 mi=0.0517 dn=0.0000 v13=0.0004 v15=0.0000 v16=0.0000 v17=0.0000 v18=0.0000 acc=0.9938 lr=3.58e-05 lambda=0.000 v18_lambda=0.000 gpu=3.0/15.8GB
[23:22:12] [train] ep=79 step=020/40 ce=0.3161 sc=0.8838 mi=0.0518 dn=0.0000 v13=0.0004 v15=0.0000 v16=0.0000 v17=0.0000 v18=0.0000 acc=0.9969 lr=3.50e-05 lambda=0.000 v18_lambda=0.000 gpu=3.0/15.8GB
[23:22:14] [train] ep=79 step=030/40 ce=0.2964 sc=0.8017 mi=0.0517 dn=0.0000 v13=0.0004 v15=0.0000 v16=0.0000 v17=0.0000 v18=0.0000 acc=0.9979 lr=3.42e-05 lambda=0.000 v18_lambda=0.000 gpu=3.0/15.8GB
[23:22:16] [train] ep=79 step=040/40 ce=0.2866 sc=0.8066 mi=0.0514 dn=0.0000 v13=0.0004 v15=0.0000 v16=0.0000 v17=0.0000 v18=0.0000 acc=0.9984 lr=3.35e-05 lambda=0.000 v18_lambda=0.000 gpu=3.0/15.8GB
[23:22:19] [ep_summary] ep=79/100 val_live=0.9630/0.9628 val_ema=0.9630/0.9628 test77_live=0.8525/0.8481 test77_diag_ema=0.9029/0.9008 v13=0.0004 v15=0.0000 v16=0.0000 v17=0.0000 v18=0.0000 das=stage3[12,95] p=1.00 ep_time=10.1s
[23:22:19] [train] epoch 80/100 steps=40 use_dann=0 das=stage3 f=[12.0,95.0] p=1.00 gpu=3.0/15.8GB
[23:22:19] [train] ep=80 step=001/40 ce=0.2571 sc=0.4190 mi=0.0461 dn=0.0000 v13=0.0005 v15=0.0000 v16=0.0000 v17=0.0000 v18=0.0000 acc=1.0000 lr=3.34e-05 lambda=0.000 v18_lambda=0.000 gpu=3.0/15.8GB
[23:22:20] [train] ep=80 step=010/40 ce=0.2579 sc=0.7029 mi=0.0497 dn=0.0000 v13=0.0005 v15=0.0000 v16=0.0000 v17=0.0000 v18=0.0000 acc=1.0000 lr=3.27e-05 lambda=0.000 v18_lambda=0.000 gpu=3.0/15.8GB
[23:22:22] [train] ep=80 step=020/40 ce=0.2629 sc=0.7543 mi=0.0509 dn=0.0000 v13=0.0004 v15=0.0000 v16=0.0000 v17=0.0000 v18=0.0000 acc=1.0000 lr=3.19e-05 lambda=0.000 v18_lambda=0.000 gpu=3.0/15.8GB
[23:22:24] [train] ep=80 step=030/40 ce=0.2611 sc=0.7451 mi=0.0512 dn=0.0000 v13=0.0004 v15=0.0000 v16=0.0000 v17=0.0000 v18=0.0000 acc=1.0000 lr=3.12e-05 lambda=0.000 v18_lambda=0.000 gpu=3.0/15.8GB
[23:22:26] [train] ep=80 step=040/40 ce=0.2600 sc=0.7556 mi=0.0509 dn=0.0000 v13=0.0004 v15=0.0000 v16=0.0000 v17=0.0000 v18=0.0000 acc=1.0000 lr=3.05e-05 lambda=0.000 v18_lambda=0.000 gpu=3.0/15.8GB
[23:22:29] [pool] check ep=080/100 source_val_acc_ema=0.9630 threshold=0.90
[23:22:30] [pool] ep=080 ADDED src_val=0.9630/0.9628 dev77=0.8643/0.8611 final77=0.9029/0.9008
[23:22:30] [pool] running best ep=080 dev77_f1=0.8611 final77_f1=0.9008 (pool_size=5)
[23:22:30] [ep_summary] ep=80/100 val_live=0.9630/0.9628 val_ema=0.9630/0.9628 test77_live=0.8561/0.8527 test77_diag_ema=0.9029/0.9008 v13=0.0004 v15=0.0000 v16=0.0000 v17=0.0000 v18=0.0000 das=stage3[12,95] p=1.00 ep_time=11.5s
[23:22:30] [strict77_monitor] ep=80 best_source_epoch=57 source_val_ema=0.9691/0.9694 test77_ema_diag=0.8381/0.8335 sourcequalified_count=80 best_sourcequalified77_epoch=75 source_val_ema=0.9630/0.9628 test77_ema=0.9101/0.9082
[23:22:30] [train] epoch 81/100 steps=40 use_dann=0 das=stage3 f=[12.0,95.0] p=1.00 gpu=3.0/15.8GB
[23:22:30] [train] ep=81 step=001/40 ce=0.4541 sc=0.9507 mi=0.0492 dn=0.0000 v13=0.0003 v15=0.0000 v16=0.0000 v17=0.0000 v18=0.0000 acc=1.0000 lr=3.04e-05 lambda=0.000 v18_lambda=0.000 gpu=3.0/15.8GB
[23:22:32] [train] ep=81 step=010/40 ce=0.3978 sc=0.9788 mi=0.0489 dn=0.0000 v13=0.0003 v15=0.0000 v16=0.0000 v17=0.0000 v18=0.0000 acc=0.9938 lr=2.97e-05 lambda=0.000 v18_lambda=0.000 gpu=3.0/15.8GB
[23:22:34] [train] ep=81 step=020/40 ce=0.3281 sc=0.8468 mi=0.0495 dn=0.0000 v13=0.0004 v15=0.0000 v16=0.0000 v17=0.0000 v18=0.0000 acc=0.9969 lr=2.90e-05 lambda=0.000 v18_lambda=0.000 gpu=3.0/15.8GB
[23:22:36] [train] ep=81 step=030/40 ce=0.3053 sc=0.8307 mi=0.0502 dn=0.0000 v13=0.0004 v15=0.0000 v16=0.0000 v17=0.0000 v18=0.0000 acc=0.9979 lr=2.83e-05 lambda=0.000 v18_lambda=0.000 gpu=3.0/15.8GB
[23:22:37] [train] ep=81 step=040/40 ce=0.2933 sc=0.8360 mi=0.0503 dn=0.0000 v13=0.0004 v15=0.0000 v16=0.0000 v17=0.0000 v18=0.0000 acc=0.9984 lr=2.76e-05 lambda=0.000 v18_lambda=0.000 gpu=3.0/15.8GB
[23:22:40] [ep_summary] ep=81/100 val_live=0.9630/0.9628 val_ema=0.9630/0.9628 test77_live=0.8561/0.8521 test77_diag_ema=0.9029/0.9008 v13=0.0004 v15=0.0000 v16=0.0000 v17=0.0000 v18=0.0000 das=stage3[12,95] p=1.00 ep_time=10.1s
[23:22:40] [train] epoch 82/100 steps=40 use_dann=0 das=stage3 f=[12.0,95.0] p=1.00 gpu=3.0/15.8GB
[23:22:40] [train] ep=82 step=001/40 ce=0.2574 sc=0.8390 mi=0.0498 dn=0.0000 v13=0.0003 v15=0.0000 v16=0.0000 v17=0.0000 v18=0.0000 acc=1.0000 lr=2.75e-05 lambda=0.000 v18_lambda=0.000 gpu=3.0/15.8GB
[23:22:42] [train] ep=82 step=010/40 ce=0.2627 sc=0.7576 mi=0.0538 dn=0.0000 v13=0.0003 v15=0.0000 v16=0.0000 v17=0.0000 v18=0.0000 acc=1.0000 lr=2.69e-05 lambda=0.000 v18_lambda=0.000 gpu=3.0/15.8GB
[23:22:44] [train] ep=82 step=020/40 ce=0.2949 sc=0.7482 mi=0.0534 dn=0.0000 v13=0.0004 v15=0.0000 v16=0.0000 v17=0.0000 v18=0.0000 acc=0.9969 lr=2.62e-05 lambda=0.000 v18_lambda=0.000 gpu=3.0/15.8GB
[23:22:46] [train] ep=82 step=030/40 ce=0.2824 sc=0.7729 mi=0.0522 dn=0.0000 v13=0.0004 v15=0.0000 v16=0.0000 v17=0.0000 v18=0.0000 acc=0.9979 lr=2.55e-05 lambda=0.000 v18_lambda=0.000 gpu=3.0/15.8GB
[23:22:47] [train] ep=82 step=040/40 ce=0.2938 sc=0.7666 mi=0.0522 dn=0.0000 v13=0.0004 v15=0.0000 v16=0.0000 v17=0.0000 v18=0.0000 acc=0.9969 lr=2.48e-05 lambda=0.000 v18_lambda=0.000 gpu=3.0/15.8GB
[23:22:50] [ep_summary] ep=82/100 val_live=0.9630/0.9628 val_ema=0.9630/0.9628 test77_live=0.8561/0.8511 test77_diag_ema=0.8993/0.8971 v13=0.0004 v15=0.0000 v16=0.0000 v17=0.0000 v18=0.0000 das=stage3[12,95] p=1.00 ep_time=10.1s
[23:22:50] [train] epoch 83/100 steps=40 use_dann=0 das=stage3 f=[12.0,95.0] p=1.00 gpu=3.0/15.8GB
[23:22:50] [train] ep=83 step=001/40 ce=0.2575 sc=0.7117 mi=0.0476 dn=0.0000 v13=0.0004 v15=0.0000 v16=0.0000 v17=0.0000 v18=0.0000 acc=1.0000 lr=2.48e-05 lambda=0.000 v18_lambda=0.000 gpu=3.0/15.8GB
[23:22:52] [train] ep=83 step=010/40 ce=0.3544 sc=0.8023 mi=0.0518 dn=0.0000 v13=0.0004 v15=0.0000 v16=0.0000 v17=0.0000 v18=0.0000 acc=0.9938 lr=2.42e-05 lambda=0.000 v18_lambda=0.000 gpu=3.0/15.8GB
[23:22:54] [train] ep=83 step=020/40 ce=0.3332 sc=0.7814 mi=0.0503 dn=0.0000 v13=0.0004 v15=0.0000 v16=0.0000 v17=0.0000 v18=0.0000 acc=0.9969 lr=2.35e-05 lambda=0.000 v18_lambda=0.000 gpu=3.0/15.8GB
[23:22:56] [train] ep=83 step=030/40 ce=0.3079 sc=0.7549 mi=0.0503 dn=0.0000 v13=0.0004 v15=0.0000 v16=0.0000 v17=0.0000 v18=0.0000 acc=0.9979 lr=2.29e-05 lambda=0.000 v18_lambda=0.000 gpu=3.0/15.8GB
[23:22:58] [train] ep=83 step=040/40 ce=0.3365 sc=0.7628 mi=0.0501 dn=0.0000 v13=0.0004 v15=0.0000 v16=0.0000 v17=0.0000 v18=0.0000 acc=0.9938 lr=2.22e-05 lambda=0.000 v18_lambda=0.000 gpu=3.0/15.8GB
[23:23:00] [ep_summary] ep=83/100 val_live=0.9630/0.9628 val_ema=0.9630/0.9628 test77_live=0.8561/0.8511 test77_diag_ema=0.8993/0.8970 v13=0.0004 v15=0.0000 v16=0.0000 v17=0.0000 v18=0.0000 das=stage3[12,95] p=1.00 ep_time=10.2s
[23:23:00] [train] epoch 84/100 steps=40 use_dann=0 das=stage3 f=[12.0,95.0] p=1.00 gpu=3.0/15.8GB
[23:23:01] [train] ep=84 step=001/40 ce=0.2615 sc=0.7883 mi=0.0521 dn=0.0000 v13=0.0004 v15=0.0000 v16=0.0000 v17=0.0000 v18=0.0000 acc=1.0000 lr=2.22e-05 lambda=0.000 v18_lambda=0.000 gpu=3.0/15.8GB
[23:23:03] [train] ep=84 step=010/40 ce=0.3131 sc=0.8172 mi=0.0527 dn=0.0000 v13=0.0004 v15=0.0000 v16=0.0000 v17=0.0000 v18=0.0000 acc=0.9938 lr=2.16e-05 lambda=0.000 v18_lambda=0.000 gpu=3.0/15.8GB
[23:23:05] [train] ep=84 step=020/40 ce=0.3131 sc=0.8260 mi=0.0521 dn=0.0000 v13=0.0004 v15=0.0000 v16=0.0000 v17=0.0000 v18=0.0000 acc=0.9969 lr=2.10e-05 lambda=0.000 v18_lambda=0.000 gpu=3.0/15.8GB
[23:23:07] [train] ep=84 step=030/40 ce=0.2949 sc=0.7864 mi=0.0518 dn=0.0000 v13=0.0004 v15=0.0000 v16=0.0000 v17=0.0000 v18=0.0000 acc=0.9979 lr=2.04e-05 lambda=0.000 v18_lambda=0.000 gpu=3.0/15.8GB
[23:23:10] [train] ep=84 step=040/40 ce=0.3016 sc=0.7897 mi=0.0518 dn=0.0000 v13=0.0004 v15=0.0000 v16=0.0000 v17=0.0000 v18=0.0000 acc=0.9969 lr=1.98e-05 lambda=0.000 v18_lambda=0.000 gpu=3.0/15.8GB
[23:23:12] [ep_summary] ep=84/100 val_live=0.9630/0.9628 val_ema=0.9630/0.9628 test77_live=0.8489/0.8440 test77_diag_ema=0.8957/0.8934 v13=0.0004 v15=0.0000 v16=0.0000 v17=0.0000 v18=0.0000 das=stage3[12,95] p=1.00 ep_time=11.9s
[23:23:12] [train] epoch 85/100 steps=40 use_dann=0 das=stage3 f=[12.0,95.0] p=1.00 gpu=3.0/15.8GB
[23:23:13] [train] ep=85 step=001/40 ce=0.2591 sc=1.1173 mi=0.0490 dn=0.0000 v13=0.0005 v15=0.0000 v16=0.0000 v17=0.0000 v18=0.0000 acc=1.0000 lr=1.97e-05 lambda=0.000 v18_lambda=0.000 gpu=3.0/15.8GB
[23:23:15] [train] ep=85 step=010/40 ce=0.3359 sc=0.8922 mi=0.0503 dn=0.0000 v13=0.0004 v15=0.0000 v16=0.0000 v17=0.0000 v18=0.0000 acc=0.9938 lr=1.92e-05 lambda=0.000 v18_lambda=0.000 gpu=3.0/15.8GB
[23:23:17] [train] ep=85 step=020/40 ce=0.2969 sc=0.8226 mi=0.0494 dn=0.0000 v13=0.0004 v15=0.0000 v16=0.0000 v17=0.0000 v18=0.0000 acc=0.9969 lr=1.86e-05 lambda=0.000 v18_lambda=0.000 gpu=3.0/15.8GB
[23:23:19] [train] ep=85 step=030/40 ce=0.2854 sc=0.8104 mi=0.0500 dn=0.0000 v13=0.0004 v15=0.0000 v16=0.0000 v17=0.0000 v18=0.0000 acc=0.9979 lr=1.80e-05 lambda=0.000 v18_lambda=0.000 gpu=3.0/15.8GB
[23:23:21] [train] ep=85 step=040/40 ce=0.2811 sc=0.8150 mi=0.0506 dn=0.0000 v13=0.0004 v15=0.0000 v16=0.0000 v17=0.0000 v18=0.0000 acc=0.9984 lr=1.74e-05 lambda=0.000 v18_lambda=0.000 gpu=3.0/15.8GB
[23:23:24] [ep_summary] ep=85/100 val_live=0.9630/0.9628 val_ema=0.9630/0.9628 test77_live=0.8525/0.8479 test77_diag_ema=0.8921/0.8896 v13=0.0004 v15=0.0000 v16=0.0000 v17=0.0000 v18=0.0000 das=stage3[12,95] p=1.00 ep_time=11.3s
[23:23:24] [train] epoch 86/100 steps=40 use_dann=0 das=stage3 f=[12.0,95.0] p=1.00 gpu=3.0/15.8GB
[23:23:24] [train] ep=86 step=001/40 ce=0.2745 sc=0.6174 mi=0.0520 dn=0.0000 v13=0.0004 v15=0.0000 v16=0.0000 v17=0.0000 v18=0.0000 acc=1.0000 lr=1.74e-05 lambda=0.000 v18_lambda=0.000 gpu=3.0/15.8GB
[23:23:26] [train] ep=86 step=010/40 ce=0.2591 sc=0.7081 mi=0.0506 dn=0.0000 v13=0.0004 v15=0.0000 v16=0.0000 v17=0.0000 v18=0.0000 acc=1.0000 lr=1.68e-05 lambda=0.000 v18_lambda=0.000 gpu=3.0/15.8GB
[23:23:28] [train] ep=86 step=020/40 ce=0.2635 sc=0.6573 mi=0.0512 dn=0.0000 v13=0.0004 v15=0.0000 v16=0.0000 v17=0.0000 v18=0.0000 acc=1.0000 lr=1.63e-05 lambda=0.000 v18_lambda=0.000 gpu=3.0/15.8GB
[23:23:30] [train] ep=86 step=030/40 ce=0.2991 sc=0.7005 mi=0.0514 dn=0.0000 v13=0.0004 v15=0.0000 v16=0.0000 v17=0.0000 v18=0.0000 acc=0.9979 lr=1.57e-05 lambda=0.000 v18_lambda=0.000 gpu=3.0/15.8GB
[23:23:31] [train] ep=86 step=040/40 ce=0.2905 sc=0.7164 mi=0.0509 dn=0.0000 v13=0.0004 v15=0.0000 v16=0.0000 v17=0.0000 v18=0.0000 acc=0.9984 lr=1.52e-05 lambda=0.000 v18_lambda=0.000 gpu=3.0/15.8GB
[23:23:34] [ep_summary] ep=86/100 val_live=0.9630/0.9628 val_ema=0.9630/0.9628 test77_live=0.8453/0.8391 test77_diag_ema=0.8921/0.8895 v13=0.0004 v15=0.0000 v16=0.0000 v17=0.0000 v18=0.0000 das=stage3[12,95] p=1.00 ep_time=10.6s
[23:23:34] [train] epoch 87/100 steps=40 use_dann=0 das=stage3 f=[12.0,95.0] p=1.00 gpu=3.0/15.8GB
[23:23:35] [train] ep=87 step=001/40 ce=0.2566 sc=0.5962 mi=0.0514 dn=0.0000 v13=0.0002 v15=0.0000 v16=0.0000 v17=0.0000 v18=0.0000 acc=1.0000 lr=1.52e-05 lambda=0.000 v18_lambda=0.000 gpu=3.0/15.8GB
[23:23:37] [train] ep=87 step=010/40 ce=0.2735 sc=0.7295 mi=0.0467 dn=0.0000 v13=0.0004 v15=0.0000 v16=0.0000 v17=0.0000 v18=0.0000 acc=1.0000 lr=1.47e-05 lambda=0.000 v18_lambda=0.000 gpu=3.0/15.8GB
[23:23:39] [train] ep=87 step=020/40 ce=0.3063 sc=0.7630 mi=0.0503 dn=0.0000 v13=0.0004 v15=0.0000 v16=0.0000 v17=0.0000 v18=0.0000 acc=0.9969 lr=1.42e-05 lambda=0.000 v18_lambda=0.000 gpu=3.0/15.8GB
[23:23:41] [train] ep=87 step=030/40 ce=0.2901 sc=0.7603 mi=0.0499 dn=0.0000 v13=0.0004 v15=0.0000 v16=0.0000 v17=0.0000 v18=0.0000 acc=0.9979 lr=1.37e-05 lambda=0.000 v18_lambda=0.000 gpu=3.0/15.8GB
[23:23:43] [train] ep=87 step=040/40 ce=0.2820 sc=0.7650 mi=0.0508 dn=0.0000 v13=0.0004 v15=0.0000 v16=0.0000 v17=0.0000 v18=0.0000 acc=0.9984 lr=1.31e-05 lambda=0.000 v18_lambda=0.000 gpu=3.0/15.8GB
[23:23:46] [ep_summary] ep=87/100 val_live=0.9630/0.9628 val_ema=0.9630/0.9628 test77_live=0.8525/0.8475 test77_diag_ema=0.8921/0.8895 v13=0.0004 v15=0.0000 v16=0.0000 v17=0.0000 v18=0.0000 das=stage3[12,95] p=1.00 ep_time=11.2s
[23:23:46] [train] epoch 88/100 steps=40 use_dann=0 das=stage3 f=[12.0,95.0] p=1.00 gpu=3.0/15.8GB
[23:23:46] [train] ep=88 step=001/40 ce=0.2565 sc=0.4180 mi=0.0470 dn=0.0000 v13=0.0003 v15=0.0000 v16=0.0000 v17=0.0000 v18=0.0000 acc=1.0000 lr=1.31e-05 lambda=0.000 v18_lambda=0.000 gpu=3.0/15.8GB
[23:23:48] [train] ep=88 step=010/40 ce=0.3281 sc=0.7759 mi=0.0504 dn=0.0000 v13=0.0004 v15=0.0000 v16=0.0000 v17=0.0000 v18=0.0000 acc=0.9938 lr=1.27e-05 lambda=0.000 v18_lambda=0.000 gpu=3.0/15.8GB
[23:23:50] [train] ep=88 step=020/40 ce=0.3150 sc=0.7562 mi=0.0505 dn=0.0000 v13=0.0004 v15=0.0000 v16=0.0000 v17=0.0000 v18=0.0000 acc=0.9938 lr=1.22e-05 lambda=0.000 v18_lambda=0.000 gpu=3.0/15.8GB
[23:23:52] [train] ep=88 step=030/40 ce=0.3077 sc=0.7719 mi=0.0506 dn=0.0000 v13=0.0004 v15=0.0000 v16=0.0000 v17=0.0000 v18=0.0000 acc=0.9958 lr=1.17e-05 lambda=0.000 v18_lambda=0.000 gpu=3.0/15.8GB
[23:23:54] [train] ep=88 step=040/40 ce=0.2968 sc=0.7903 mi=0.0499 dn=0.0000 v13=0.0004 v15=0.0000 v16=0.0000 v17=0.0000 v18=0.0000 acc=0.9969 lr=1.12e-05 lambda=0.000 v18_lambda=0.000 gpu=3.0/15.8GB
[23:23:57] [ep_summary] ep=88/100 val_live=0.9691/0.9692 val_ema=0.9630/0.9628 test77_live=0.8561/0.8511 test77_diag_ema=0.8957/0.8930 v13=0.0004 v15=0.0000 v16=0.0000 v17=0.0000 v18=0.0000 das=stage3[12,95] p=1.00 ep_time=11.1s
[23:23:57] [train] epoch 89/100 steps=40 use_dann=0 das=stage3 f=[12.0,95.0] p=1.00 gpu=3.0/15.8GB
[23:23:57] [train] ep=89 step=001/40 ce=0.2566 sc=0.8125 mi=0.0514 dn=0.0000 v13=0.0003 v15=0.0000 v16=0.0000 v17=0.0000 v18=0.0000 acc=1.0000 lr=1.12e-05 lambda=0.000 v18_lambda=0.000 gpu=3.0/15.8GB
[23:23:59] [train] ep=89 step=010/40 ce=0.2577 sc=0.7352 mi=0.0544 dn=0.0000 v13=0.0004 v15=0.0000 v16=0.0000 v17=0.0000 v18=0.0000 acc=1.0000 lr=1.08e-05 lambda=0.000 v18_lambda=0.000 gpu=3.0/15.8GB
[23:24:01] [train] ep=89 step=020/40 ce=0.2770 sc=0.6999 mi=0.0516 dn=0.0000 v13=0.0004 v15=0.0000 v16=0.0000 v17=0.0000 v18=0.0000 acc=0.9969 lr=1.03e-05 lambda=0.000 v18_lambda=0.000 gpu=3.0/15.8GB
[23:24:03] [train] ep=89 step=030/40 ce=0.2706 sc=0.7526 mi=0.0508 dn=0.0000 v13=0.0004 v15=0.0000 v16=0.0000 v17=0.0000 v18=0.0000 acc=0.9979 lr=9.89e-06 lambda=0.000 v18_lambda=0.000 gpu=3.0/15.8GB
[23:24:05] [train] ep=89 step=040/40 ce=0.2671 sc=0.7869 mi=0.0508 dn=0.0000 v13=0.0004 v15=0.0000 v16=0.0000 v17=0.0000 v18=0.0000 acc=0.9984 lr=9.46e-06 lambda=0.000 v18_lambda=0.000 gpu=3.0/15.8GB
[23:24:07] [ep_summary] ep=89/100 val_live=0.9691/0.9692 val_ema=0.9630/0.9628 test77_live=0.8597/0.8551 test77_diag_ema=0.8885/0.8855 v13=0.0004 v15=0.0000 v16=0.0000 v17=0.0000 v18=0.0000 das=stage3[12,95] p=1.00 ep_time=10.7s
[23:24:07] [train] epoch 90/100 steps=40 use_dann=0 das=stage3 f=[12.0,95.0] p=1.00 gpu=3.0/15.8GB
[23:24:08] [train] ep=90 step=001/40 ce=0.2568 sc=0.5377 mi=0.0515 dn=0.0000 v13=0.0002 v15=0.0000 v16=0.0000 v17=0.0000 v18=0.0000 acc=1.0000 lr=9.42e-06 lambda=0.000 v18_lambda=0.000 gpu=3.0/15.8GB
[23:24:09] [train] ep=90 step=010/40 ce=0.3122 sc=0.6740 mi=0.0525 dn=0.0000 v13=0.0004 v15=0.0000 v16=0.0000 v17=0.0000 v18=0.0000 acc=1.0000 lr=9.04e-06 lambda=0.000 v18_lambda=0.000 gpu=3.0/15.8GB
[23:24:11] [train] ep=90 step=020/40 ce=0.2874 sc=0.7490 mi=0.0522 dn=0.0000 v13=0.0005 v15=0.0000 v16=0.0000 v17=0.0000 v18=0.0000 acc=1.0000 lr=8.63e-06 lambda=0.000 v18_lambda=0.000 gpu=3.0/15.8GB
[23:24:13] [train] ep=90 step=030/40 ce=0.2774 sc=0.7169 mi=0.0508 dn=0.0000 v13=0.0004 v15=0.0000 v16=0.0000 v17=0.0000 v18=0.0000 acc=1.0000 lr=8.23e-06 lambda=0.000 v18_lambda=0.000 gpu=3.0/15.8GB
[23:24:15] [train] ep=90 step=040/40 ce=0.2806 sc=0.7317 mi=0.0505 dn=0.0000 v13=0.0004 v15=0.0000 v16=0.0000 v17=0.0000 v18=0.0000 acc=1.0000 lr=7.84e-06 lambda=0.000 v18_lambda=0.000 gpu=3.0/15.8GB
[23:24:18] [pool] check ep=090/100 source_val_acc_ema=0.9630 threshold=0.90
[23:24:20] [pool] ep=090 ADDED src_val=0.9630/0.9628 dev77=0.8571/0.8546 final77=0.8885/0.8855
[23:24:20] [pool] running best ep=080 dev77_f1=0.8611 final77_f1=0.9008 (pool_size=6)
[23:24:20] [ep_summary] ep=90/100 val_live=0.9691/0.9692 val_ema=0.9630/0.9628 test77_live=0.8597/0.8553 test77_diag_ema=0.8885/0.8855 v13=0.0004 v15=0.0000 v16=0.0000 v17=0.0000 v18=0.0000 das=stage3[12,95] p=1.00 ep_time=12.3s
[23:24:20] [strict77_monitor] ep=90 best_source_epoch=57 source_val_ema=0.9691/0.9694 test77_ema_diag=0.8381/0.8335 sourcequalified_count=90 best_sourcequalified77_epoch=75 source_val_ema=0.9630/0.9628 test77_ema=0.9101/0.9082
[23:24:20] [train] epoch 91/100 steps=40 use_dann=0 das=stage3 f=[12.0,95.0] p=1.00 gpu=3.0/15.8GB
[23:24:20] [train] ep=91 step=001/40 ce=0.2584 sc=1.1744 mi=0.0498 dn=0.0000 v13=0.0002 v15=0.0000 v16=0.0000 v17=0.0000 v18=0.0000 acc=1.0000 lr=7.80e-06 lambda=0.000 v18_lambda=0.000 gpu=3.0/15.8GB
[23:24:22] [train] ep=91 step=010/40 ce=0.3451 sc=0.8212 mi=0.0517 dn=0.0000 v13=0.0003 v15=0.0000 v16=0.0000 v17=0.0000 v18=0.0000 acc=0.9938 lr=7.45e-06 lambda=0.000 v18_lambda=0.000 gpu=3.0/15.8GB
[23:24:24] [train] ep=91 step=020/40 ce=0.3009 sc=0.7719 mi=0.0513 dn=0.0000 v13=0.0003 v15=0.0000 v16=0.0000 v17=0.0000 v18=0.0000 acc=0.9969 lr=7.08e-06 lambda=0.000 v18_lambda=0.000 gpu=3.0/15.8GB
[23:24:26] [train] ep=91 step=030/40 ce=0.2892 sc=0.7663 mi=0.0503 dn=0.0000 v13=0.0003 v15=0.0000 v16=0.0000 v17=0.0000 v18=0.0000 acc=0.9979 lr=6.72e-06 lambda=0.000 v18_lambda=0.000 gpu=3.0/15.8GB
[23:24:28] [train] ep=91 step=040/40 ce=0.2812 sc=0.7615 mi=0.0501 dn=0.0000 v13=0.0003 v15=0.0000 v16=0.0000 v17=0.0000 v18=0.0000 acc=0.9984 lr=6.36e-06 lambda=0.000 v18_lambda=0.000 gpu=3.0/15.8GB
[23:24:31] [ep_summary] ep=91/100 val_live=0.9691/0.9692 val_ema=0.9630/0.9628 test77_live=0.8705/0.8670 test77_diag_ema=0.8885/0.8855 v13=0.0003 v15=0.0000 v16=0.0000 v17=0.0000 v18=0.0000 das=stage3[12,95] p=1.00 ep_time=11.3s
[23:24:31] [train] epoch 92/100 steps=40 use_dann=0 das=stage3 f=[12.0,95.0] p=1.00 gpu=3.0/15.8GB
[23:24:31] [train] ep=92 step=001/40 ce=0.2582 sc=0.7873 mi=0.0533 dn=0.0000 v13=0.0005 v15=0.0000 v16=0.0000 v17=0.0000 v18=0.0000 acc=1.0000 lr=6.33e-06 lambda=0.000 v18_lambda=0.000 gpu=3.0/15.8GB
[23:24:33] [train] ep=92 step=010/40 ce=0.2568 sc=0.8379 mi=0.0502 dn=0.0000 v13=0.0004 v15=0.0000 v16=0.0000 v17=0.0000 v18=0.0000 acc=1.0000 lr=6.02e-06 lambda=0.000 v18_lambda=0.000 gpu=3.0/15.8GB
[23:24:35] [train] ep=92 step=020/40 ce=0.2924 sc=0.8222 mi=0.0507 dn=0.0000 v13=0.0004 v15=0.0000 v16=0.0000 v17=0.0000 v18=0.0000 acc=0.9969 lr=5.68e-06 lambda=0.000 v18_lambda=0.000 gpu=3.0/15.8GB
[23:24:38] [train] ep=92 step=030/40 ce=0.2810 sc=0.7931 mi=0.0508 dn=0.0000 v13=0.0004 v15=0.0000 v16=0.0000 v17=0.0000 v18=0.0000 acc=0.9979 lr=5.35e-06 lambda=0.000 v18_lambda=0.000 gpu=3.0/15.8GB
[23:24:40] [train] ep=92 step=040/40 ce=0.3119 sc=0.8211 mi=0.0508 dn=0.0000 v13=0.0004 v15=0.0000 v16=0.0000 v17=0.0000 v18=0.0000 acc=0.9953 lr=5.04e-06 lambda=0.000 v18_lambda=0.000 gpu=3.0/15.8GB
[23:24:42] [ep_summary] ep=92/100 val_live=0.9691/0.9692 val_ema=0.9630/0.9628 test77_live=0.8705/0.8670 test77_diag_ema=0.8885/0.8855 v13=0.0004 v15=0.0000 v16=0.0000 v17=0.0000 v18=0.0000 das=stage3[12,95] p=1.00 ep_time=11.6s
[23:24:42] [train] epoch 93/100 steps=40 use_dann=0 das=stage3 f=[12.0,95.0] p=1.00 gpu=3.0/15.8GB
[23:24:43] [train] ep=93 step=001/40 ce=0.2557 sc=0.9890 mi=0.0490 dn=0.0000 v13=0.0002 v15=0.0000 v16=0.0000 v17=0.0000 v18=0.0000 acc=1.0000 lr=5.01e-06 lambda=0.000 v18_lambda=0.000 gpu=3.0/15.8GB
[23:24:45] [train] ep=93 step=010/40 ce=0.2592 sc=0.6949 mi=0.0499 dn=0.0000 v13=0.0004 v15=0.0000 v16=0.0000 v17=0.0000 v18=0.0000 acc=1.0000 lr=4.73e-06 lambda=0.000 v18_lambda=0.000 gpu=3.0/15.8GB
[23:24:47] [train] ep=93 step=020/40 ce=0.2656 sc=0.7590 mi=0.0491 dn=0.0000 v13=0.0004 v15=0.0000 v16=0.0000 v17=0.0000 v18=0.0000 acc=1.0000 lr=4.43e-06 lambda=0.000 v18_lambda=0.000 gpu=3.0/15.8GB
[23:24:49] [train] ep=93 step=030/40 ce=0.2630 sc=0.7574 mi=0.0497 dn=0.0000 v13=0.0004 v15=0.0000 v16=0.0000 v17=0.0000 v18=0.0000 acc=1.0000 lr=4.14e-06 lambda=0.000 v18_lambda=0.000 gpu=3.0/15.8GB
[23:24:51] [train] ep=93 step=040/40 ce=0.2614 sc=0.7547 mi=0.0500 dn=0.0000 v13=0.0004 v15=0.0000 v16=0.0000 v17=0.0000 v18=0.0000 acc=1.0000 lr=3.87e-06 lambda=0.000 v18_lambda=0.000 gpu=3.0/15.8GB
[23:24:53] [ep_summary] ep=93/100 val_live=0.9691/0.9692 val_ema=0.9630/0.9628 test77_live=0.8705/0.8670 test77_diag_ema=0.8885/0.8855 v13=0.0004 v15=0.0000 v16=0.0000 v17=0.0000 v18=0.0000 das=stage3[12,95] p=1.00 ep_time=10.9s
[23:24:53] [train] epoch 94/100 steps=40 use_dann=0 das=stage3 f=[12.0,95.0] p=1.00 gpu=3.0/15.8GB
[23:24:54] [train] ep=94 step=001/40 ce=0.2577 sc=0.6503 mi=0.0480 dn=0.0000 v13=0.0003 v15=0.0000 v16=0.0000 v17=0.0000 v18=0.0000 acc=1.0000 lr=3.84e-06 lambda=0.000 v18_lambda=0.000 gpu=3.0/15.8GB
[23:24:56] [train] ep=94 step=010/40 ce=0.2727 sc=0.7480 mi=0.0515 dn=0.0000 v13=0.0003 v15=0.0000 v16=0.0000 v17=0.0000 v18=0.0000 acc=1.0000 lr=3.60e-06 lambda=0.000 v18_lambda=0.000 gpu=3.0/15.8GB
[23:24:58] [train] ep=94 step=020/40 ce=0.2648 sc=0.7440 mi=0.0498 dn=0.0000 v13=0.0004 v15=0.0000 v16=0.0000 v17=0.0000 v18=0.0000 acc=1.0000 lr=3.34e-06 lambda=0.000 v18_lambda=0.000 gpu=3.0/15.8GB
[23:25:00] [train] ep=94 step=030/40 ce=0.2672 sc=0.7084 mi=0.0501 dn=0.0000 v13=0.0004 v15=0.0000 v16=0.0000 v17=0.0000 v18=0.0000 acc=1.0000 lr=3.09e-06 lambda=0.000 v18_lambda=0.000 gpu=3.0/15.8GB
[23:25:02] [train] ep=94 step=040/40 ce=0.2647 sc=0.7117 mi=0.0503 dn=0.0000 v13=0.0004 v15=0.0000 v16=0.0000 v17=0.0000 v18=0.0000 acc=1.0000 lr=2.85e-06 lambda=0.000 v18_lambda=0.000 gpu=3.0/15.8GB
[23:25:05] [ep_summary] ep=94/100 val_live=0.9691/0.9692 val_ema=0.9630/0.9628 test77_live=0.8705/0.8670 test77_diag_ema=0.8885/0.8855 v13=0.0004 v15=0.0000 v16=0.0000 v17=0.0000 v18=0.0000 das=stage3[12,95] p=1.00 ep_time=11.6s
[23:25:05] [train] epoch 95/100 steps=40 use_dann=0 das=stage3 f=[12.0,95.0] p=1.00 gpu=3.0/15.8GB
[23:25:05] [train] ep=95 step=001/40 ce=0.2571 sc=0.6311 mi=0.0502 dn=0.0000 v13=0.0002 v15=0.0000 v16=0.0000 v17=0.0000 v18=0.0000 acc=1.0000 lr=2.82e-06 lambda=0.000 v18_lambda=0.000 gpu=3.0/15.8GB
[23:25:07] [train] ep=95 step=010/40 ce=0.2800 sc=0.7154 mi=0.0481 dn=0.0000 v13=0.0003 v15=0.0000 v16=0.0000 v17=0.0000 v18=0.0000 acc=1.0000 lr=2.62e-06 lambda=0.000 v18_lambda=0.000 gpu=3.0/15.8GB
[23:25:09] [train] ep=95 step=020/40 ce=0.2689 sc=0.7073 mi=0.0501 dn=0.0000 v13=0.0003 v15=0.0000 v16=0.0000 v17=0.0000 v18=0.0000 acc=1.0000 lr=2.40e-06 lambda=0.000 v18_lambda=0.000 gpu=3.0/15.8GB
[23:25:11] [train] ep=95 step=030/40 ce=0.2648 sc=0.7315 mi=0.0502 dn=0.0000 v13=0.0004 v15=0.0000 v16=0.0000 v17=0.0000 v18=0.0000 acc=1.0000 lr=2.18e-06 lambda=0.000 v18_lambda=0.000 gpu=3.0/15.8GB
[23:25:13] [train] ep=95 step=040/40 ce=0.2633 sc=0.7384 mi=0.0510 dn=0.0000 v13=0.0003 v15=0.0000 v16=0.0000 v17=0.0000 v18=0.0000 acc=1.0000 lr=1.98e-06 lambda=0.000 v18_lambda=0.000 gpu=3.0/15.8GB
[23:25:15] [ep_summary] ep=95/100 val_live=0.9691/0.9692 val_ema=0.9630/0.9628 test77_live=0.8705/0.8670 test77_diag_ema=0.8885/0.8856 v13=0.0003 v15=0.0000 v16=0.0000 v17=0.0000 v18=0.0000 das=stage3[12,95] p=1.00 ep_time=10.5s
[23:25:16] [train] epoch 96/100 steps=40 use_dann=0 das=stage3 f=[12.0,95.0] p=1.00 gpu=3.0/15.8GB
[23:25:16] [train] ep=96 step=001/40 ce=0.2590 sc=0.8234 mi=0.0502 dn=0.0000 v13=0.0002 v15=0.0000 v16=0.0000 v17=0.0000 v18=0.0000 acc=1.0000 lr=1.96e-06 lambda=0.000 v18_lambda=0.000 gpu=3.0/15.8GB
[23:25:18] [train] ep=96 step=010/40 ce=0.3495 sc=0.7247 mi=0.0480 dn=0.0000 v13=0.0003 v15=0.0000 v16=0.0000 v17=0.0000 v18=0.0000 acc=0.9938 lr=1.79e-06 lambda=0.000 v18_lambda=0.000 gpu=3.0/15.8GB
[23:25:20] [train] ep=96 step=020/40 ce=0.3487 sc=0.7165 mi=0.0493 dn=0.0000 v13=0.0003 v15=0.0000 v16=0.0000 v17=0.0000 v18=0.0000 acc=0.9938 lr=1.61e-06 lambda=0.000 v18_lambda=0.000 gpu=3.0/15.8GB
[23:25:22] [train] ep=96 step=030/40 ce=0.3490 sc=0.7599 mi=0.0510 dn=0.0000 v13=0.0003 v15=0.0000 v16=0.0000 v17=0.0000 v18=0.0000 acc=0.9938 lr=1.44e-06 lambda=0.000 v18_lambda=0.000 gpu=3.0/15.8GB
[23:25:24] [train] ep=96 step=040/40 ce=0.3268 sc=0.7639 mi=0.0509 dn=0.0000 v13=0.0003 v15=0.0000 v16=0.0000 v17=0.0000 v18=0.0000 acc=0.9953 lr=1.27e-06 lambda=0.000 v18_lambda=0.000 gpu=3.0/15.8GB
[23:25:26] [ep_summary] ep=96/100 val_live=0.9691/0.9692 val_ema=0.9630/0.9628 test77_live=0.8705/0.8670 test77_diag_ema=0.8885/0.8856 v13=0.0003 v15=0.0000 v16=0.0000 v17=0.0000 v18=0.0000 das=stage3[12,95] p=1.00 ep_time=10.9s
[23:25:26] [train] epoch 97/100 steps=40 use_dann=0 das=stage3 f=[12.0,95.0] p=1.00 gpu=3.0/15.8GB
[23:25:27] [train] ep=97 step=001/40 ce=0.2584 sc=0.6140 mi=0.0517 dn=0.0000 v13=0.0004 v15=0.0000 v16=0.0000 v17=0.0000 v18=0.0000 acc=1.0000 lr=1.26e-06 lambda=0.000 v18_lambda=0.000 gpu=3.0/15.8GB
[23:25:28] [train] ep=97 step=010/40 ce=0.2632 sc=0.8141 mi=0.0519 dn=0.0000 v13=0.0004 v15=0.0000 v16=0.0000 v17=0.0000 v18=0.0000 acc=1.0000 lr=1.12e-06 lambda=0.000 v18_lambda=0.000 gpu=3.0/15.8GB
[23:25:30] [train] ep=97 step=020/40 ce=0.3088 sc=0.7833 mi=0.0506 dn=0.0000 v13=0.0004 v15=0.0000 v16=0.0000 v17=0.0000 v18=0.0000 acc=0.9969 lr=9.76e-07 lambda=0.000 v18_lambda=0.000 gpu=3.0/15.8GB
[23:25:32] [train] ep=97 step=030/40 ce=0.3077 sc=0.7902 mi=0.0511 dn=0.0000 v13=0.0004 v15=0.0000 v16=0.0000 v17=0.0000 v18=0.0000 acc=0.9958 lr=8.43e-07 lambda=0.000 v18_lambda=0.000 gpu=3.0/15.8GB
[23:25:34] [train] ep=97 step=040/40 ce=0.2952 sc=0.7752 mi=0.0507 dn=0.0000 v13=0.0004 v15=0.0000 v16=0.0000 v17=0.0000 v18=0.0000 acc=0.9969 lr=7.19e-07 lambda=0.000 v18_lambda=0.000 gpu=3.0/15.8GB
[23:25:37] [ep_summary] ep=97/100 val_live=0.9691/0.9692 val_ema=0.9630/0.9628 test77_live=0.8705/0.8670 test77_diag_ema=0.8885/0.8856 v13=0.0004 v15=0.0000 v16=0.0000 v17=0.0000 v18=0.0000 das=stage3[12,95] p=1.00 ep_time=10.6s
[23:25:37] [train] epoch 98/100 steps=40 use_dann=0 das=stage3 f=[12.0,95.0] p=1.00 gpu=3.0/15.8GB
[23:25:37] [train] ep=98 step=001/40 ce=0.2568 sc=0.6459 mi=0.0537 dn=0.0000 v13=0.0005 v15=0.0000 v16=0.0000 v17=0.0000 v18=0.0000 acc=1.0000 lr=7.07e-07 lambda=0.000 v18_lambda=0.000 gpu=3.0/15.8GB
[23:25:39] [train] ep=98 step=010/40 ce=0.2574 sc=0.6565 mi=0.0507 dn=0.0000 v13=0.0003 v15=0.0000 v16=0.0000 v17=0.0000 v18=0.0000 acc=1.0000 lr=6.05e-07 lambda=0.000 v18_lambda=0.000 gpu=3.0/15.8GB
[23:25:41] [train] ep=98 step=020/40 ce=0.2571 sc=0.7484 mi=0.0497 dn=0.0000 v13=0.0003 v15=0.0000 v16=0.0000 v17=0.0000 v18=0.0000 acc=1.0000 lr=5.01e-07 lambda=0.000 v18_lambda=0.000 gpu=3.0/15.8GB
[23:25:43] [train] ep=98 step=030/40 ce=0.2570 sc=0.7703 mi=0.0500 dn=0.0000 v13=0.0004 v15=0.0000 v16=0.0000 v17=0.0000 v18=0.0000 acc=1.0000 lr=4.07e-07 lambda=0.000 v18_lambda=0.000 gpu=3.0/15.8GB
[23:25:45] [train] ep=98 step=040/40 ce=0.2570 sc=0.7782 mi=0.0504 dn=0.0000 v13=0.0004 v15=0.0000 v16=0.0000 v17=0.0000 v18=0.0000 acc=1.0000 lr=3.22e-07 lambda=0.000 v18_lambda=0.000 gpu=3.0/15.8GB
[23:25:48] [ep_summary] ep=98/100 val_live=0.9691/0.9692 val_ema=0.9630/0.9628 test77_live=0.8705/0.8670 test77_diag_ema=0.8885/0.8856 v13=0.0004 v15=0.0000 v16=0.0000 v17=0.0000 v18=0.0000 das=stage3[12,95] p=1.00 ep_time=10.9s
[23:25:48] [train] epoch 99/100 steps=40 use_dann=0 das=stage3 f=[12.0,95.0] p=1.00 gpu=3.0/15.8GB
[23:25:48] [train] ep=99 step=001/40 ce=0.2553 sc=0.8558 mi=0.0497 dn=0.0000 v13=0.0003 v15=0.0000 v16=0.0000 v17=0.0000 v18=0.0000 acc=1.0000 lr=3.15e-07 lambda=0.000 v18_lambda=0.000 gpu=3.0/15.8GB
[23:25:50] [train] ep=99 step=010/40 ce=0.2584 sc=0.8200 mi=0.0488 dn=0.0000 v13=0.0004 v15=0.0000 v16=0.0000 v17=0.0000 v18=0.0000 acc=1.0000 lr=2.48e-07 lambda=0.000 v18_lambda=0.000 gpu=3.0/15.8GB
[23:25:52] [train] ep=99 step=020/40 ce=0.2897 sc=0.7896 mi=0.0500 dn=0.0000 v13=0.0004 v15=0.0000 v16=0.0000 v17=0.0000 v18=0.0000 acc=0.9969 lr=1.83e-07 lambda=0.000 v18_lambda=0.000 gpu=3.0/15.8GB
[23:25:54] [train] ep=99 step=030/40 ce=0.2792 sc=0.7978 mi=0.0491 dn=0.0000 v13=0.0004 v15=0.0000 v16=0.0000 v17=0.0000 v18=0.0000 acc=0.9979 lr=1.28e-07 lambda=0.000 v18_lambda=0.000 gpu=3.0/15.8GB
[23:25:56] [train] ep=99 step=040/40 ce=0.2962 sc=0.8148 mi=0.0494 dn=0.0000 v13=0.0004 v15=0.0000 v16=0.0000 v17=0.0000 v18=0.0000 acc=0.9969 lr=8.26e-08 lambda=0.000 v18_lambda=0.000 gpu=3.0/15.8GB
[23:25:59] [ep_summary] ep=99/100 val_live=0.9691/0.9692 val_ema=0.9630/0.9628 test77_live=0.8705/0.8670 test77_diag_ema=0.8885/0.8857 v13=0.0004 v15=0.0000 v16=0.0000 v17=0.0000 v18=0.0000 das=stage3[12,95] p=1.00 ep_time=10.7s
[23:25:59] [train] epoch 100/100 steps=40 use_dann=0 das=stage3 f=[12.0,95.0] p=1.00 gpu=3.0/15.8GB
[23:25:59] [train] ep=100 step=001/40 ce=0.2557 sc=1.0464 mi=0.0509 dn=0.0000 v13=0.0005 v15=0.0000 v16=0.0000 v17=0.0000 v18=0.0000 acc=1.0000 lr=7.87e-08 lambda=0.000 v18_lambda=0.000 gpu=3.0/15.8GB
[23:26:00] [train] ep=100 step=010/40 ce=0.2568 sc=0.7319 mi=0.0511 dn=0.0000 v13=0.0004 v15=0.0000 v16=0.0000 v17=0.0000 v18=0.0000 acc=1.0000 lr=4.72e-08 lambda=0.000 v18_lambda=0.000 gpu=3.0/15.8GB
[23:26:02] [train] ep=100 step=020/40 ce=0.2800 sc=0.7516 mi=0.0510 dn=0.0000 v13=0.0003 v15=0.0000 v16=0.0000 v17=0.0000 v18=0.0000 acc=1.0000 lr=2.17e-08 lambda=0.000 v18_lambda=0.000 gpu=3.0/15.8GB
[23:26:04] [train] ep=100 step=030/40 ce=0.2747 sc=0.7711 mi=0.0501 dn=0.0000 v13=0.0003 v15=0.0000 v16=0.0000 v17=0.0000 v18=0.0000 acc=1.0000 lr=5.95e-09 lambda=0.000 v18_lambda=0.000 gpu=3.0/15.8GB
[23:26:06] [train] ep=100 step=040/40 ce=0.2713 sc=0.7676 mi=0.0497 dn=0.0000 v13=0.0003 v15=0.0000 v16=0.0000 v17=0.0000 v18=0.0000 acc=1.0000 lr=4.92e-11 lambda=0.000 v18_lambda=0.000 gpu=3.0/15.8GB
[23:26:09] [pool] check ep=100/100 source_val_acc_ema=0.9630 threshold=0.90
[23:26:10] [pool] ep=100 ADDED src_val=0.9630/0.9628 dev77=0.8500/0.8469 final77=0.8885/0.8857
[23:26:10] [pool] running best ep=080 dev77_f1=0.8611 final77_f1=0.9008 (pool_size=7)
[23:26:10] [ep_summary] ep=100/100 val_live=0.9691/0.9692 val_ema=0.9630/0.9628 test77_live=0.8705/0.8670 test77_diag_ema=0.8885/0.8857 v13=0.0003 v15=0.0000 v16=0.0000 v17=0.0000 v18=0.0000 das=stage3[12,95] p=1.00 ep_time=11.7s
[23:26:10] [strict77_monitor] ep=100 best_source_epoch=57 source_val_ema=0.9691/0.9694 test77_ema_diag=0.8381/0.8335 sourcequalified_count=100 best_sourcequalified77_epoch=75 source_val_ema=0.9630/0.9628 test77_ema=0.9101/0.9082
[23:26:10] [pool] FINAL pool_size=7 best ep=080 dev77_f1=0.8611 final77_f1=0.9008 -> G:\zhanghe\Letter journal\EXPERIMENTSRESULT\REVISION_5090\A_V13\seed31415\checkpoints\best_pool_ema.pt
[23:26:10] [train] done best_sourceval_acc_ema=0.9691
[23:26:15] [eval] loaded vit_large_patch16_dinov3_lvd1689m_best_sourceval_ema.pt (sourceval)
[23:26:15] [eval] strict source-val selected by ema acc; heldout77_unused=140 final_test77=278 imgs, seed=42 dev_per_class=20
[23:26:18] [eval] 77GHz final-test acc=0.8381 f1=0.8335
[23:26:18] [eval] 77GHz final-test per-class={'Away': 1.0, 'Bend': 0.9230769230769231, 'Kneel': 0.9047619047619048, 'Pick': 0.625, 'SStep': 1.0, 'Sit': 0.5675675675675675, 'Towards': 0.825}
[23:26:19] [eval] val_all acc=0.9691 f1=0.9694
[23:26:20] [freq_scan:val10] f_virt=15GHz acc=0.9744 f1=0.9760
[23:26:20] [freq_scan:val10] f_virt=30GHz acc=0.9487 f1=0.9524
[23:26:21] [freq_scan:val10] f_virt=50GHz acc=0.9744 f1=0.9722
[23:26:22] [freq_scan:val10] f_virt=77GHz acc=0.9487 f1=0.9482
[23:26:22] [freq_scan:val10] f_virt=99GHz acc=0.9615 f1=0.9642
[23:26:23] [freq_scan:val10] f_virt=120GHz acc=0.9359 f1=0.9414
[23:26:24] [freq_scan:val10] f_virt=140GHz acc=0.8974 f1=0.9001
[23:26:25] [freq_scan:val24] f_virt=15GHz acc=0.9881 f1=0.9885
[23:26:25] [freq_scan:val24] f_virt=30GHz acc=0.9643 f1=0.9637
[23:26:26] [freq_scan:val24] f_virt=50GHz acc=0.9762 f1=0.9760
[23:26:27] [freq_scan:val24] f_virt=77GHz acc=0.9643 f1=0.9646
[23:26:28] [freq_scan:val24] f_virt=99GHz acc=0.9524 f1=0.9540
[23:26:29] [freq_scan:val24] f_virt=120GHz acc=0.9524 f1=0.9522
[23:26:29] [freq_scan:val24] f_virt=140GHz acc=0.9048 f1=0.9042
[23:26:29] [eval] saved eval_sourceval.json
[23:26:34] [eval] loaded vit_large_patch16_dinov3_lvd1689m_best_sourcequalified77_ema.pt (sourcequalified)
[23:26:34] [eval] source-qualified diagnostic selected (source-val ema acc >= 0.00, then best 77GHz ema macro-F1); heldout77_unused=140 final_test77=278 imgs, seed=42 dev_per_class=20
[23:26:36] [eval] 77GHz final-test acc=0.9101 f1=0.9082
[23:26:36] [eval] 77GHz final-test per-class={'Away': 1.0, 'Bend': 0.8461538461538461, 'Kneel': 0.9761904761904762, 'Pick': 0.9, 'SStep': 1.0, 'Sit': 0.7567567567567568, 'Towards': 0.875}
[23:26:37] [eval] val_all acc=0.9630 f1=0.9628
[23:26:38] [freq_scan:val10] f_virt=15GHz acc=0.9744 f1=0.9760
[23:26:38] [freq_scan:val10] f_virt=30GHz acc=0.9744 f1=0.9760
[23:26:39] [freq_scan:val10] f_virt=50GHz acc=0.9744 f1=0.9760
[23:26:40] [freq_scan:val10] f_virt=77GHz acc=0.9615 f1=0.9601
[23:26:40] [freq_scan:val10] f_virt=99GHz acc=0.9487 f1=0.9523
[23:26:41] [freq_scan:val10] f_virt=120GHz acc=0.9359 f1=0.9401
[23:26:42] [freq_scan:val10] f_virt=140GHz acc=0.8974 f1=0.9041
[23:26:43] [freq_scan:val24] f_virt=15GHz acc=0.9881 f1=0.9885
[23:26:43] [freq_scan:val24] f_virt=30GHz acc=0.9762 f1=0.9751
[23:26:44] [freq_scan:val24] f_virt=50GHz acc=0.9762 f1=0.9760
[23:26:45] [freq_scan:val24] f_virt=77GHz acc=0.9762 f1=0.9760
[23:26:45] [freq_scan:val24] f_virt=99GHz acc=0.9643 f1=0.9646
[23:26:46] [freq_scan:val24] f_virt=120GHz acc=0.9643 f1=0.9646
[23:26:47] [freq_scan:val24] f_virt=140GHz acc=0.9286 f1=0.9284
[23:26:47] [eval] saved eval_sourcequalified.json
