[22:31:48] run_dir=G:\zhanghe\Letter journal\EXPERIMENTSRESULT\REVISION_5090\A_V13\seed42
[22:31:48] device=cuda
[22:31:48] backbone=vit_large_patch16_dinov3.lvd1689m
[22:31:48] env: manifest_dir=G:\zhanghe\Letter journal\tasks\known_people_unknown_freq\manifest dataset_root=G:\zhanghe\Letter journal use_dann=False selection=source_val_acc_ema adapter_mode=lora
[22:31:48] set_seed(42)
[22:31:49] [fast_gpu] source cache 644 imgs (0.39GB) on cuda
[22:31:49] train_source=644 train_src_rows=10:302 24:342 source_steps/epoch=40 val_all=162 heldout77_unused=140 test77_final=278
[22:31:49] [test77_split] seed=42 dev_per_class=20
[22:31:57] trainable params=2378753 (encoder_lora+neck+head + miro_proj+v15_falsification+v13_residual_split)
[22:31:57] logit_prior=[-1.9678890705108643, -1.913821816444397, -1.8427258729934692, -1.9678890705108643, -2.0133514404296875, -1.8929877281188965, -2.036881923675537]
[22:31:57] use_dann=False
[22:31:57] use_das=True
[22:31:57] das_mode=curriculum initial_stage={'name': 'stage1', 'p': 0.35, 'f_low': 10.0, 'f_high': 24.0}
[22:31:57] adapter_mode=lora
[22:31:57] schedule: epochs=100 steps/epoch=40 imgs/step=16 total_steps=4000 total_imgs=64000 warmup_steps=120
[22:31:57] source_qualified_policy: val_acc_ema>=0.00 candidates are recorded; best candidate by 77GHz F1 is saved as diagnostic
[22:31:57] [pool] init threshold=0.90 period=10 selection=dev77_f1
[22:31:57] [train] epoch 1/100 steps=40 use_dann=0 das=stage1 f=[10.0,24.0] p=0.35 gpu=3.0/3.0GB
[22:31:57] [train] ep=01 step=001/40 ce=7.8009 sc=2.9762 mi=1.0273 dn=0.0000 v13=0.0351 v15=0.0000 v16=0.0000 v17=0.0000 v18=0.0000 acc=0.1250 lr=2.50e-06 lambda=0.000 v18_lambda=0.000 gpu=3.0/11.8GB
[22:31:59] [train] ep=01 step=010/40 ce=8.0328 sc=2.7836 mi=1.0069 dn=0.0000 v13=0.0232 v15=0.0000 v16=0.0000 v17=0.0000 v18=0.0000 acc=0.1250 lr=2.50e-05 lambda=0.000 v18_lambda=0.000 gpu=3.0/11.8GB
[22:32:01] [train] ep=01 step=020/40 ce=7.9626 sc=2.8127 mi=0.9592 dn=0.0000 v13=0.0173 v15=0.0000 v16=0.0000 v17=0.0000 v18=0.0000 acc=0.1281 lr=5.00e-05 lambda=0.000 v18_lambda=0.000 gpu=3.0/11.8GB
[22:32:03] [train] ep=01 step=030/40 ce=7.8698 sc=2.8093 mi=0.8851 dn=0.0000 v13=0.0131 v15=0.0000 v16=0.0000 v17=0.0000 v18=0.0000 acc=0.1375 lr=7.50e-05 lambda=0.000 v18_lambda=0.000 gpu=3.0/11.8GB
[22:32:04] [train] ep=01 step=040/40 ce=7.7952 sc=2.8039 mi=0.7972 dn=0.0000 v13=0.0109 v15=0.0000 v16=0.0000 v17=0.0000 v18=0.0000 acc=0.1562 lr=1.00e-04 lambda=0.000 v18_lambda=0.000 gpu=3.0/11.8GB
[22:32:06] [ep_summary] ep=01/100 val_live=0.2407/0.1891 val_ema=0.0000/0.0000 test77_live=0.1403/0.0354 test77_diag_ema=0.0000/0.0000 v13=0.0109 v15=0.0000 v16=0.0000 v17=0.0000 v18=0.0000 das=stage1[10,24] p=0.35 ep_time=9.2s
[22:32:06] [train] epoch 2/100 steps=40 use_dann=0 das=stage1 f=[10.0,24.0] p=0.35 gpu=3.0/15.8GB
[22:32:06] [train] ep=02 step=001/40 ce=7.3965 sc=2.7533 mi=0.4370 dn=0.0000 v13=0.0037 v15=0.0000 v16=0.0000 v17=0.0000 v18=0.0000 acc=0.2500 lr=1.02e-04 lambda=0.000 v18_lambda=0.000 gpu=3.0/15.8GB
[22:32:08] [train] ep=02 step=010/40 ce=7.4706 sc=2.7684 mi=0.3630 dn=0.0000 v13=0.0025 v15=0.0000 v16=0.0000 v17=0.0000 v18=0.0000 acc=0.2437 lr=1.25e-04 lambda=0.000 v18_lambda=0.000 gpu=3.0/15.8GB
[22:32:10] [train] ep=02 step=020/40 ce=7.3559 sc=2.7496 mi=0.3140 dn=0.0000 v13=0.0021 v15=0.0000 v16=0.0000 v17=0.0000 v18=0.0000 acc=0.2969 lr=1.50e-04 lambda=0.000 v18_lambda=0.000 gpu=3.0/15.8GB
[22:32:12] [train] ep=02 step=030/40 ce=7.2442 sc=2.7430 mi=0.2776 dn=0.0000 v13=0.0020 v15=0.0000 v16=0.0000 v17=0.0000 v18=0.0000 acc=0.3354 lr=1.75e-04 lambda=0.000 v18_lambda=0.000 gpu=3.0/15.8GB
[22:32:13] [train] ep=02 step=040/40 ce=7.0042 sc=2.6774 mi=0.2541 dn=0.0000 v13=0.0019 v15=0.0000 v16=0.0000 v17=0.0000 v18=0.0000 acc=0.3766 lr=2.00e-04 lambda=0.000 v18_lambda=0.000 gpu=3.0/15.8GB
[22:32:15] [ep_summary] ep=02/100 val_live=0.5864/0.5491 val_ema=0.0000/0.0000 test77_live=0.1403/0.0352 test77_diag_ema=0.0000/0.0000 v13=0.0019 v15=0.0000 v16=0.0000 v17=0.0000 v18=0.0000 das=stage1[10,24] p=0.35 ep_time=9.0s
[22:32:15] [train] epoch 3/100 steps=40 use_dann=0 das=stage1 f=[10.0,24.0] p=0.35 gpu=3.0/15.8GB
[22:32:15] [train] ep=03 step=001/40 ce=6.0582 sc=2.6155 mi=0.1842 dn=0.0000 v13=0.0018 v15=0.0000 v16=0.0000 v17=0.0000 v18=0.0000 acc=0.6250 lr=2.02e-04 lambda=0.000 v18_lambda=0.000 gpu=3.0/15.8GB
[22:32:17] [train] ep=03 step=010/40 ce=5.6771 sc=2.4740 mi=0.1824 dn=0.0000 v13=0.0013 v15=0.0000 v16=0.0000 v17=0.0000 v18=0.0000 acc=0.5625 lr=2.25e-04 lambda=0.000 v18_lambda=0.000 gpu=3.0/15.8GB
[22:32:18] [train] ep=03 step=020/40 ce=5.2610 sc=2.2500 mi=0.1938 dn=0.0000 v13=0.0013 v15=0.0000 v16=0.0000 v17=0.0000 v18=0.0000 acc=0.6062 lr=2.50e-04 lambda=0.000 v18_lambda=0.000 gpu=3.0/15.8GB
[22:32:20] [train] ep=03 step=030/40 ce=4.7925 sc=2.0649 mi=0.1936 dn=0.0000 v13=0.0014 v15=0.0000 v16=0.0000 v17=0.0000 v18=0.0000 acc=0.6500 lr=2.75e-04 lambda=0.000 v18_lambda=0.000 gpu=3.0/15.8GB
[22:32:22] [train] ep=03 step=040/40 ce=4.6415 sc=2.0160 mi=0.1852 dn=0.0000 v13=0.0014 v15=0.0000 v16=0.0000 v17=0.0000 v18=0.0000 acc=0.6672 lr=3.00e-04 lambda=0.000 v18_lambda=0.000 gpu=3.0/15.8GB
[22:32:23] [ep_summary] ep=03/100 val_live=0.7716/0.7265 val_ema=0.0000/0.0000 test77_live=0.3597/0.2709 test77_diag_ema=0.0000/0.0000 v13=0.0014 v15=0.0000 v16=0.0000 v17=0.0000 v18=0.0000 das=stage1[10,24] p=0.35 ep_time=8.6s
[22:32:23] [train] epoch 4/100 steps=40 use_dann=0 das=stage1 f=[10.0,24.0] p=0.35 gpu=3.0/15.8GB
[22:32:24] [train] ep=04 step=001/40 ce=4.6445 sc=2.3298 mi=0.1625 dn=0.0000 v13=0.0016 v15=0.0000 v16=0.0000 v17=0.0000 v18=0.0000 acc=0.6250 lr=3.00e-04 lambda=0.000 v18_lambda=0.000 gpu=3.0/15.8GB
[22:32:25] [train] ep=04 step=010/40 ce=3.7059 sc=1.8182 mi=0.1395 dn=0.0000 v13=0.0014 v15=0.0000 v16=0.0000 v17=0.0000 v18=0.0000 acc=0.7562 lr=3.00e-04 lambda=0.000 v18_lambda=0.000 gpu=3.0/15.8GB
[22:32:27] [train] ep=04 step=020/40 ce=3.0976 sc=1.6914 mi=0.1354 dn=0.0000 v13=0.0012 v15=0.0000 v16=0.0000 v17=0.0000 v18=0.0000 acc=0.8063 lr=3.00e-04 lambda=0.000 v18_lambda=0.000 gpu=3.0/15.8GB
[22:32:29] [train] ep=04 step=030/40 ce=2.9460 sc=1.6623 mi=0.1330 dn=0.0000 v13=0.0011 v15=0.0000 v16=0.0000 v17=0.0000 v18=0.0000 acc=0.8208 lr=3.00e-04 lambda=0.000 v18_lambda=0.000 gpu=3.0/15.8GB
[22:32:31] [train] ep=04 step=040/40 ce=2.7505 sc=1.6173 mi=0.1313 dn=0.0000 v13=0.0011 v15=0.0000 v16=0.0000 v17=0.0000 v18=0.0000 acc=0.8438 lr=3.00e-04 lambda=0.000 v18_lambda=0.000 gpu=3.0/15.8GB
[22:32:32] [ep_summary] ep=04/100 val_live=0.8210/0.8064 val_ema=0.0000/0.0000 test77_live=0.3957/0.2668 test77_diag_ema=0.0000/0.0000 v13=0.0011 v15=0.0000 v16=0.0000 v17=0.0000 v18=0.0000 das=stage1[10,24] p=0.35 ep_time=8.5s
[22:32:32] [train] epoch 5/100 steps=40 use_dann=0 das=stage1 f=[10.0,24.0] p=0.35 gpu=3.0/15.8GB
[22:32:32] [train] ep=05 step=001/40 ce=1.7328 sc=1.1733 mi=0.1137 dn=0.0000 v13=0.0009 v15=0.0000 v16=0.0000 v17=0.0000 v18=0.0000 acc=0.9375 lr=3.00e-04 lambda=0.000 v18_lambda=0.000 gpu=3.0/15.8GB
[22:32:34] [train] ep=05 step=010/40 ce=3.1721 sc=1.5639 mi=0.1119 dn=0.0000 v13=0.0011 v15=0.0000 v16=0.0000 v17=0.0000 v18=0.0000 acc=0.7812 lr=3.00e-04 lambda=0.000 v18_lambda=0.000 gpu=3.0/15.8GB
[22:32:36] [train] ep=05 step=020/40 ce=2.9402 sc=1.4753 mi=0.1051 dn=0.0000 v13=0.0010 v15=0.0000 v16=0.0000 v17=0.0000 v18=0.0000 acc=0.8063 lr=3.00e-04 lambda=0.000 v18_lambda=0.000 gpu=3.0/15.8GB
[22:32:37] [train] ep=05 step=030/40 ce=2.9365 sc=1.4562 mi=0.1018 dn=0.0000 v13=0.0009 v15=0.0000 v16=0.0000 v17=0.0000 v18=0.0000 acc=0.7979 lr=3.00e-04 lambda=0.000 v18_lambda=0.000 gpu=3.0/15.8GB
[22:32:39] [train] ep=05 step=040/40 ce=2.8162 sc=1.5008 mi=0.0998 dn=0.0000 v13=0.0009 v15=0.0000 v16=0.0000 v17=0.0000 v18=0.0000 acc=0.8109 lr=3.00e-04 lambda=0.000 v18_lambda=0.000 gpu=3.0/15.8GB
[22:32:42] [ep_summary] ep=05/100 val_live=0.8395/0.8325 val_ema=0.1914/0.0951 test77_live=0.5252/0.3997 test77_diag_ema=0.1367/0.0376 v13=0.0009 v15=0.0000 v16=0.0000 v17=0.0000 v18=0.0000 das=stage1[10,24] p=0.35 ep_time=9.9s
[22:32:42] [save] best_sourceval_ema val_acc_ema=0.1914 source_val_live=0.8395/0.8325 source_val_ema=0.1914/0.0951 ep=5
[22:32:42] [save] best_sourcequalified77_ema ep=5 source_val_live=0.8395/0.8325 source_val_ema=0.1914/0.0951 test77_ema=0.1367/0.0376
[22:32:42] [train] epoch 6/100 steps=40 use_dann=0 das=stage1 f=[10.0,24.0] p=0.35 gpu=3.0/15.8GB
[22:32:42] [train] ep=06 step=001/40 ce=3.0778 sc=2.2110 mi=0.0841 dn=0.0000 v13=0.0008 v15=0.0000 v16=0.0000 v17=0.0000 v18=0.0000 acc=0.8750 lr=3.00e-04 lambda=0.000 v18_lambda=0.000 gpu=3.0/15.8GB
[22:32:44] [train] ep=06 step=010/40 ce=2.4269 sc=1.5584 mi=0.0938 dn=0.0000 v13=0.0006 v15=0.0000 v16=0.0000 v17=0.0000 v18=0.0000 acc=0.8625 lr=3.00e-04 lambda=0.000 v18_lambda=0.000 gpu=3.0/15.8GB
[22:32:46] [train] ep=06 step=020/40 ce=2.0983 sc=1.5716 mi=0.0957 dn=0.0000 v13=0.0007 v15=0.0000 v16=0.0000 v17=0.0000 v18=0.0000 acc=0.8906 lr=3.00e-04 lambda=0.000 v18_lambda=0.000 gpu=3.0/15.8GB
[22:32:47] [train] ep=06 step=030/40 ce=2.1678 sc=1.5350 mi=0.0961 dn=0.0000 v13=0.0008 v15=0.0000 v16=0.0000 v17=0.0000 v18=0.0000 acc=0.8833 lr=2.99e-04 lambda=0.000 v18_lambda=0.000 gpu=3.0/15.8GB
[22:32:49] [train] ep=06 step=040/40 ce=2.0632 sc=1.4522 mi=0.0928 dn=0.0000 v13=0.0007 v15=0.0000 v16=0.0000 v17=0.0000 v18=0.0000 acc=0.8922 lr=2.99e-04 lambda=0.000 v18_lambda=0.000 gpu=3.0/15.8GB
[22:32:52] [ep_summary] ep=06/100 val_live=0.8395/0.8303 val_ema=0.1975/0.1109 test77_live=0.5504/0.4240 test77_diag_ema=0.1367/0.0360 v13=0.0007 v15=0.0000 v16=0.0000 v17=0.0000 v18=0.0000 das=stage1[10,24] p=0.35 ep_time=9.9s
[22:32:52] [save] best_sourceval_ema val_acc_ema=0.1975 source_val_live=0.8395/0.8303 source_val_ema=0.1975/0.1109 ep=6
[22:32:52] [train] epoch 7/100 steps=40 use_dann=0 das=stage1 f=[10.0,24.0] p=0.35 gpu=3.0/15.8GB
[22:32:52] [train] ep=07 step=001/40 ce=3.2028 sc=1.1087 mi=0.0830 dn=0.0000 v13=0.0003 v15=0.0000 v16=0.0000 v17=0.0000 v18=0.0000 acc=0.7500 lr=2.99e-04 lambda=0.000 v18_lambda=0.000 gpu=3.0/15.8GB
[22:32:54] [train] ep=07 step=010/40 ce=1.9207 sc=1.3663 mi=0.0837 dn=0.0000 v13=0.0007 v15=0.0000 v16=0.0000 v17=0.0000 v18=0.0000 acc=0.8750 lr=2.99e-04 lambda=0.000 v18_lambda=0.000 gpu=3.0/15.8GB
[22:32:56] [train] ep=07 step=020/40 ce=1.7230 sc=1.2906 mi=0.0840 dn=0.0000 v13=0.0007 v15=0.0000 v16=0.0000 v17=0.0000 v18=0.0000 acc=0.8969 lr=2.99e-04 lambda=0.000 v18_lambda=0.000 gpu=3.0/15.8GB
[22:32:57] [train] ep=07 step=030/40 ce=1.5892 sc=1.3035 mi=0.0826 dn=0.0000 v13=0.0007 v15=0.0000 v16=0.0000 v17=0.0000 v18=0.0000 acc=0.9104 lr=2.99e-04 lambda=0.000 v18_lambda=0.000 gpu=3.0/15.8GB
[22:32:59] [train] ep=07 step=040/40 ce=1.6221 sc=1.2721 mi=0.0822 dn=0.0000 v13=0.0007 v15=0.0000 v16=0.0000 v17=0.0000 v18=0.0000 acc=0.9094 lr=2.99e-04 lambda=0.000 v18_lambda=0.000 gpu=3.0/15.8GB
[22:33:02] [ep_summary] ep=07/100 val_live=0.9444/0.9446 val_ema=0.2346/0.1591 test77_live=0.4604/0.3513 test77_diag_ema=0.1403/0.0357 v13=0.0007 v15=0.0000 v16=0.0000 v17=0.0000 v18=0.0000 das=stage1[10,24] p=0.35 ep_time=9.9s
[22:33:02] [save] best_sourceval_ema val_acc_ema=0.2346 source_val_live=0.9444/0.9446 source_val_ema=0.2346/0.1591 ep=7
[22:33:02] [train] epoch 8/100 steps=40 use_dann=0 das=stage1 f=[10.0,24.0] p=0.35 gpu=3.0/15.8GB
[22:33:02] [train] ep=08 step=001/40 ce=0.5196 sc=0.7691 mi=0.0693 dn=0.0000 v13=0.0006 v15=0.0000 v16=0.0000 v17=0.0000 v18=0.0000 acc=1.0000 lr=2.99e-04 lambda=0.000 v18_lambda=0.000 gpu=3.0/15.8GB
[22:33:04] [train] ep=08 step=010/40 ce=1.3992 sc=1.2484 mi=0.0784 dn=0.0000 v13=0.0006 v15=0.0000 v16=0.0000 v17=0.0000 v18=0.0000 acc=0.9313 lr=2.99e-04 lambda=0.000 v18_lambda=0.000 gpu=3.0/15.8GB
[22:33:06] [train] ep=08 step=020/40 ce=1.4074 sc=1.2496 mi=0.0791 dn=0.0000 v13=0.0006 v15=0.0000 v16=0.0000 v17=0.0000 v18=0.0000 acc=0.9375 lr=2.98e-04 lambda=0.000 v18_lambda=0.000 gpu=3.0/15.8GB
[22:33:07] [train] ep=08 step=030/40 ce=1.3615 sc=1.2349 mi=0.0795 dn=0.0000 v13=0.0006 v15=0.0000 v16=0.0000 v17=0.0000 v18=0.0000 acc=0.9417 lr=2.98e-04 lambda=0.000 v18_lambda=0.000 gpu=3.0/15.8GB
[22:33:09] [train] ep=08 step=040/40 ce=1.2824 sc=1.1723 mi=0.0785 dn=0.0000 v13=0.0006 v15=0.0000 v16=0.0000 v17=0.0000 v18=0.0000 acc=0.9453 lr=2.98e-04 lambda=0.000 v18_lambda=0.000 gpu=3.0/15.8GB
[22:33:12] [ep_summary] ep=08/100 val_live=0.9444/0.9451 val_ema=0.2469/0.1796 test77_live=0.5612/0.4528 test77_diag_ema=0.1403/0.0355 v13=0.0006 v15=0.0000 v16=0.0000 v17=0.0000 v18=0.0000 das=stage1[10,24] p=0.35 ep_time=9.9s
[22:33:12] [save] best_sourceval_ema val_acc_ema=0.2469 source_val_live=0.9444/0.9451 source_val_ema=0.2469/0.1796 ep=8
[22:33:12] [train] epoch 9/100 steps=40 use_dann=0 das=stage2 f=[10.0,50.0] p=0.70 gpu=3.0/15.8GB
[22:33:12] [train] ep=09 step=001/40 ce=1.3394 sc=1.1649 mi=0.0876 dn=0.0000 v13=0.0024 v15=0.0000 v16=0.0000 v17=0.0000 v18=0.0000 acc=0.9375 lr=2.98e-04 lambda=0.000 v18_lambda=0.000 gpu=3.0/15.8GB
[22:33:14] [train] ep=09 step=010/40 ce=1.6657 sc=1.2413 mi=0.0813 dn=0.0000 v13=0.0014 v15=0.0000 v16=0.0000 v17=0.0000 v18=0.0000 acc=0.8875 lr=2.98e-04 lambda=0.000 v18_lambda=0.000 gpu=3.0/15.8GB
[22:33:15] [train] ep=09 step=020/40 ce=1.6685 sc=1.2734 mi=0.0791 dn=0.0000 v13=0.0014 v15=0.0000 v16=0.0000 v17=0.0000 v18=0.0000 acc=0.8844 lr=2.98e-04 lambda=0.000 v18_lambda=0.000 gpu=3.0/15.8GB
[22:33:17] [train] ep=09 step=030/40 ce=1.4447 sc=1.2298 mi=0.0794 dn=0.0000 v13=0.0013 v15=0.0000 v16=0.0000 v17=0.0000 v18=0.0000 acc=0.9167 lr=2.97e-04 lambda=0.000 v18_lambda=0.000 gpu=3.0/15.8GB
[22:33:19] [train] ep=09 step=040/40 ce=1.3753 sc=1.1987 mi=0.0802 dn=0.0000 v13=0.0013 v15=0.0000 v16=0.0000 v17=0.0000 v18=0.0000 acc=0.9266 lr=2.97e-04 lambda=0.000 v18_lambda=0.000 gpu=3.0/15.8GB
[22:33:22] [ep_summary] ep=09/100 val_live=0.9630/0.9634 val_ema=0.2469/0.1893 test77_live=0.6942/0.6636 test77_diag_ema=0.1403/0.0355 v13=0.0013 v15=0.0000 v16=0.0000 v17=0.0000 v18=0.0000 das=stage2[10,50] p=0.70 ep_time=9.9s
[22:33:22] [train] epoch 10/100 steps=40 use_dann=0 das=stage2 f=[10.0,50.0] p=0.70 gpu=3.0/15.8GB
[22:33:22] [train] ep=10 step=001/40 ce=1.4470 sc=0.8332 mi=0.0776 dn=0.0000 v13=0.0009 v15=0.0000 v16=0.0000 v17=0.0000 v18=0.0000 acc=0.8750 lr=2.97e-04 lambda=0.000 v18_lambda=0.000 gpu=3.0/15.8GB
[22:33:24] [train] ep=10 step=010/40 ce=1.2492 sc=1.1311 mi=0.0785 dn=0.0000 v13=0.0009 v15=0.0000 v16=0.0000 v17=0.0000 v18=0.0000 acc=0.9375 lr=2.97e-04 lambda=0.000 v18_lambda=0.000 gpu=3.0/15.8GB
[22:33:25] [train] ep=10 step=020/40 ce=1.1348 sc=1.0880 mi=0.0786 dn=0.0000 v13=0.0010 v15=0.0000 v16=0.0000 v17=0.0000 v18=0.0000 acc=0.9375 lr=2.97e-04 lambda=0.000 v18_lambda=0.000 gpu=3.0/15.8GB
[22:33:27] [train] ep=10 step=030/40 ce=1.0337 sc=1.0036 mi=0.0787 dn=0.0000 v13=0.0010 v15=0.0000 v16=0.0000 v17=0.0000 v18=0.0000 acc=0.9500 lr=2.96e-04 lambda=0.000 v18_lambda=0.000 gpu=3.0/15.8GB
[22:33:29] [train] ep=10 step=040/40 ce=1.0786 sc=1.0519 mi=0.0784 dn=0.0000 v13=0.0010 v15=0.0000 v16=0.0000 v17=0.0000 v18=0.0000 acc=0.9500 lr=2.96e-04 lambda=0.000 v18_lambda=0.000 gpu=3.0/15.8GB
[22:33:32] [pool] check ep=010/100 source_val_acc_ema=0.2901 threshold=0.90
[22:33:32] [pool] ep=010 SKIP (source_val_acc_ema=0.2901 < 0.90)
[22:33:32] [ep_summary] ep=10/100 val_live=0.9321/0.9318 val_ema=0.2901/0.2404 test77_live=0.6906/0.6334 test77_diag_ema=0.1403/0.0354 v13=0.0010 v15=0.0000 v16=0.0000 v17=0.0000 v18=0.0000 das=stage2[10,50] p=0.70 ep_time=10.0s
[22:33:32] [save] best_sourceval_ema val_acc_ema=0.2901 source_val_live=0.9321/0.9318 source_val_ema=0.2901/0.2404 ep=10
[22:33:32] [strict77_monitor] ep=10 best_source_epoch=10 source_val_ema=0.2901/0.2404 test77_ema_diag=0.1403/0.0354 sourcequalified_count=10 best_sourcequalified77_epoch=5 source_val_ema=0.1914/0.0951 test77_ema=0.1367/0.0376
[22:33:32] [train] epoch 11/100 steps=40 use_dann=0 das=stage2 f=[10.0,50.0] p=0.70 gpu=3.0/15.8GB
[22:33:32] [train] ep=11 step=001/40 ce=1.6035 sc=0.9846 mi=0.0708 dn=0.0000 v13=0.0009 v15=0.0000 v16=0.0000 v17=0.0000 v18=0.0000 acc=0.8750 lr=2.96e-04 lambda=0.000 v18_lambda=0.000 gpu=3.0/15.8GB
[22:33:34] [train] ep=11 step=010/40 ce=1.0596 sc=1.0568 mi=0.0743 dn=0.0000 v13=0.0009 v15=0.0000 v16=0.0000 v17=0.0000 v18=0.0000 acc=0.9500 lr=2.96e-04 lambda=0.000 v18_lambda=0.000 gpu=3.0/15.8GB
[22:33:35] [train] ep=11 step=020/40 ce=0.9855 sc=1.0206 mi=0.0720 dn=0.0000 v13=0.0009 v15=0.0000 v16=0.0000 v17=0.0000 v18=0.0000 acc=0.9563 lr=2.96e-04 lambda=0.000 v18_lambda=0.000 gpu=3.0/15.8GB
[22:33:37] [train] ep=11 step=030/40 ce=0.9103 sc=1.0122 mi=0.0719 dn=0.0000 v13=0.0009 v15=0.0000 v16=0.0000 v17=0.0000 v18=0.0000 acc=0.9646 lr=2.95e-04 lambda=0.000 v18_lambda=0.000 gpu=3.0/15.8GB
[22:33:39] [train] ep=11 step=040/40 ce=0.9127 sc=1.0009 mi=0.0710 dn=0.0000 v13=0.0008 v15=0.0000 v16=0.0000 v17=0.0000 v18=0.0000 acc=0.9656 lr=2.95e-04 lambda=0.000 v18_lambda=0.000 gpu=3.0/15.8GB
[22:33:42] [ep_summary] ep=11/100 val_live=0.9259/0.9219 val_ema=0.3086/0.2597 test77_live=0.7770/0.7345 test77_diag_ema=0.1403/0.0353 v13=0.0008 v15=0.0000 v16=0.0000 v17=0.0000 v18=0.0000 das=stage2[10,50] p=0.70 ep_time=9.9s
[22:33:42] [save] best_sourceval_ema val_acc_ema=0.3086 source_val_live=0.9259/0.9219 source_val_ema=0.3086/0.2597 ep=11
[22:33:42] [train] epoch 12/100 steps=40 use_dann=0 das=stage2 f=[10.0,50.0] p=0.70 gpu=3.0/15.8GB
[22:33:42] [train] ep=12 step=001/40 ce=0.5187 sc=0.6727 mi=0.0655 dn=0.0000 v13=0.0006 v15=0.0000 v16=0.0000 v17=0.0000 v18=0.0000 acc=1.0000 lr=2.95e-04 lambda=0.000 v18_lambda=0.000 gpu=3.0/15.8GB
[22:33:43] [train] ep=12 step=010/40 ce=0.4379 sc=0.8249 mi=0.0751 dn=0.0000 v13=0.0008 v15=0.0000 v16=0.0000 v17=0.0000 v18=0.0000 acc=1.0000 lr=2.95e-04 lambda=0.000 v18_lambda=0.000 gpu=3.0/15.8GB
[22:33:45] [train] ep=12 step=020/40 ce=0.5506 sc=0.8005 mi=0.0736 dn=0.0000 v13=0.0008 v15=0.0000 v16=0.0000 v17=0.0000 v18=0.0000 acc=0.9906 lr=2.94e-04 lambda=0.000 v18_lambda=0.000 gpu=3.0/15.8GB
[22:33:47] [train] ep=12 step=030/40 ce=0.6621 sc=0.9046 mi=0.0726 dn=0.0000 v13=0.0009 v15=0.0000 v16=0.0000 v17=0.0000 v18=0.0000 acc=0.9812 lr=2.94e-04 lambda=0.000 v18_lambda=0.000 gpu=3.0/15.8GB
[22:33:49] [train] ep=12 step=040/40 ce=0.6725 sc=0.8753 mi=0.0715 dn=0.0000 v13=0.0008 v15=0.0000 v16=0.0000 v17=0.0000 v18=0.0000 acc=0.9781 lr=2.94e-04 lambda=0.000 v18_lambda=0.000 gpu=3.0/15.8GB
[22:33:52] [ep_summary] ep=12/100 val_live=0.9506/0.9512 val_ema=0.3642/0.3181 test77_live=0.7374/0.6826 test77_diag_ema=0.1403/0.0353 v13=0.0008 v15=0.0000 v16=0.0000 v17=0.0000 v18=0.0000 das=stage2[10,50] p=0.70 ep_time=9.9s
[22:33:52] [save] best_sourceval_ema val_acc_ema=0.3642 source_val_live=0.9506/0.9512 source_val_ema=0.3642/0.3181 ep=12
[22:33:52] [train] epoch 13/100 steps=40 use_dann=0 das=stage2 f=[10.0,50.0] p=0.70 gpu=3.0/15.8GB
[22:33:52] [train] ep=13 step=001/40 ce=0.3217 sc=0.8211 mi=0.0687 dn=0.0000 v13=0.0007 v15=0.0000 v16=0.0000 v17=0.0000 v18=0.0000 acc=1.0000 lr=2.94e-04 lambda=0.000 v18_lambda=0.000 gpu=3.0/15.8GB
[22:33:53] [train] ep=13 step=010/40 ce=0.6413 sc=0.7244 mi=0.0711 dn=0.0000 v13=0.0008 v15=0.0000 v16=0.0000 v17=0.0000 v18=0.0000 acc=0.9750 lr=2.93e-04 lambda=0.000 v18_lambda=0.000 gpu=3.0/15.8GB
[22:33:55] [train] ep=13 step=020/40 ce=0.8086 sc=0.9101 mi=0.0697 dn=0.0000 v13=0.0008 v15=0.0000 v16=0.0000 v17=0.0000 v18=0.0000 acc=0.9594 lr=2.93e-04 lambda=0.000 v18_lambda=0.000 gpu=3.0/15.8GB
[22:33:57] [train] ep=13 step=030/40 ce=0.8632 sc=0.9834 mi=0.0697 dn=0.0000 v13=0.0007 v15=0.0000 v16=0.0000 v17=0.0000 v18=0.0000 acc=0.9583 lr=2.93e-04 lambda=0.000 v18_lambda=0.000 gpu=3.0/15.8GB
[22:33:59] [train] ep=13 step=040/40 ce=0.8635 sc=0.9777 mi=0.0685 dn=0.0000 v13=0.0007 v15=0.0000 v16=0.0000 v17=0.0000 v18=0.0000 acc=0.9594 lr=2.92e-04 lambda=0.000 v18_lambda=0.000 gpu=3.0/15.8GB
[22:34:02] [ep_summary] ep=13/100 val_live=0.9383/0.9375 val_ema=0.3951/0.3419 test77_live=0.7410/0.6891 test77_diag_ema=0.1403/0.0353 v13=0.0007 v15=0.0000 v16=0.0000 v17=0.0000 v18=0.0000 das=stage2[10,50] p=0.70 ep_time=10.0s
[22:34:02] [save] best_sourceval_ema val_acc_ema=0.3951 source_val_live=0.9383/0.9375 source_val_ema=0.3951/0.3419 ep=13
[22:34:02] [train] epoch 14/100 steps=40 use_dann=0 das=stage2 f=[10.0,50.0] p=0.70 gpu=3.0/15.8GB
[22:34:02] [train] ep=14 step=001/40 ce=0.3769 sc=0.6403 mi=0.0652 dn=0.0000 v13=0.0004 v15=0.0000 v16=0.0000 v17=0.0000 v18=0.0000 acc=1.0000 lr=2.92e-04 lambda=0.000 v18_lambda=0.000 gpu=3.0/15.8GB
[22:34:03] [train] ep=14 step=010/40 ce=0.7552 sc=0.7595 mi=0.0678 dn=0.0000 v13=0.0006 v15=0.0000 v16=0.0000 v17=0.0000 v18=0.0000 acc=0.9750 lr=2.92e-04 lambda=0.000 v18_lambda=0.000 gpu=3.0/15.8GB
[22:34:05] [train] ep=14 step=020/40 ce=0.6465 sc=0.8110 mi=0.0694 dn=0.0000 v13=0.0007 v15=0.0000 v16=0.0000 v17=0.0000 v18=0.0000 acc=0.9781 lr=2.91e-04 lambda=0.000 v18_lambda=0.000 gpu=3.0/15.8GB
[22:34:07] [train] ep=14 step=030/40 ce=0.6775 sc=0.8488 mi=0.0687 dn=0.0000 v13=0.0008 v15=0.0000 v16=0.0000 v17=0.0000 v18=0.0000 acc=0.9771 lr=2.91e-04 lambda=0.000 v18_lambda=0.000 gpu=3.0/15.8GB
[22:34:09] [train] ep=14 step=040/40 ce=0.6690 sc=0.8495 mi=0.0680 dn=0.0000 v13=0.0009 v15=0.0000 v16=0.0000 v17=0.0000 v18=0.0000 acc=0.9766 lr=2.91e-04 lambda=0.000 v18_lambda=0.000 gpu=3.0/15.8GB
[22:34:12] [ep_summary] ep=14/100 val_live=0.9321/0.9326 val_ema=0.4198/0.3761 test77_live=0.7842/0.7653 test77_diag_ema=0.1439/0.0423 v13=0.0009 v15=0.0000 v16=0.0000 v17=0.0000 v18=0.0000 das=stage2[10,50] p=0.70 ep_time=9.9s
[22:34:12] [save] best_sourceval_ema val_acc_ema=0.4198 source_val_live=0.9321/0.9326 source_val_ema=0.4198/0.3761 ep=14
[22:34:12] [save] best_sourcequalified77_ema ep=14 source_val_live=0.9321/0.9326 source_val_ema=0.4198/0.3761 test77_ema=0.1439/0.0423
[22:34:12] [train] epoch 15/100 steps=40 use_dann=0 das=stage2 f=[10.0,50.0] p=0.70 gpu=3.0/15.8GB
[22:34:12] [train] ep=15 step=001/40 ce=0.4442 sc=1.0347 mi=0.0638 dn=0.0000 v13=0.0007 v15=0.0000 v16=0.0000 v17=0.0000 v18=0.0000 acc=1.0000 lr=2.91e-04 lambda=0.000 v18_lambda=0.000 gpu=3.0/15.8GB
[22:34:13] [train] ep=15 step=010/40 ce=0.7939 sc=0.8529 mi=0.0732 dn=0.0000 v13=0.0013 v15=0.0000 v16=0.0000 v17=0.0000 v18=0.0000 acc=0.9625 lr=2.90e-04 lambda=0.000 v18_lambda=0.000 gpu=3.0/15.8GB
[22:34:15] [train] ep=15 step=020/40 ce=0.7737 sc=0.8461 mi=0.0720 dn=0.0000 v13=0.0011 v15=0.0000 v16=0.0000 v17=0.0000 v18=0.0000 acc=0.9656 lr=2.90e-04 lambda=0.000 v18_lambda=0.000 gpu=3.0/15.8GB
[22:34:17] [train] ep=15 step=030/40 ce=0.6610 sc=0.8324 mi=0.0711 dn=0.0000 v13=0.0010 v15=0.0000 v16=0.0000 v17=0.0000 v18=0.0000 acc=0.9750 lr=2.89e-04 lambda=0.000 v18_lambda=0.000 gpu=3.0/15.8GB
[22:34:19] [train] ep=15 step=040/40 ce=0.6053 sc=0.8151 mi=0.0698 dn=0.0000 v13=0.0009 v15=0.0000 v16=0.0000 v17=0.0000 v18=0.0000 acc=0.9781 lr=2.89e-04 lambda=0.000 v18_lambda=0.000 gpu=3.0/15.8GB
[22:34:22] [ep_summary] ep=15/100 val_live=0.9568/0.9576 val_ema=0.4753/0.4481 test77_live=0.8381/0.8278 test77_diag_ema=0.1439/0.0425 v13=0.0009 v15=0.0000 v16=0.0000 v17=0.0000 v18=0.0000 das=stage2[10,50] p=0.70 ep_time=10.0s
[22:34:22] [save] best_sourceval_ema val_acc_ema=0.4753 source_val_live=0.9568/0.9576 source_val_ema=0.4753/0.4481 ep=15
[22:34:22] [save] best_sourcequalified77_ema ep=15 source_val_live=0.9568/0.9576 source_val_ema=0.4753/0.4481 test77_ema=0.1439/0.0425
[22:34:22] [train] epoch 16/100 steps=40 use_dann=0 das=stage2 f=[10.0,50.0] p=0.70 gpu=3.0/15.8GB
[22:34:22] [train] ep=16 step=001/40 ce=0.3641 sc=0.7768 mi=0.0806 dn=0.0000 v13=0.0008 v15=0.0000 v16=0.0000 v17=0.0000 v18=0.0000 acc=1.0000 lr=2.89e-04 lambda=0.000 v18_lambda=0.000 gpu=3.0/15.8GB
[22:34:24] [train] ep=16 step=010/40 ce=0.6219 sc=1.0290 mi=0.0674 dn=0.0000 v13=0.0006 v15=0.0000 v16=0.0000 v17=0.0000 v18=0.0000 acc=0.9812 lr=2.88e-04 lambda=0.000 v18_lambda=0.000 gpu=3.0/15.8GB
[22:34:25] [train] ep=16 step=020/40 ce=0.5946 sc=1.0132 mi=0.0681 dn=0.0000 v13=0.0006 v15=0.0000 v16=0.0000 v17=0.0000 v18=0.0000 acc=0.9844 lr=2.88e-04 lambda=0.000 v18_lambda=0.000 gpu=3.0/15.8GB
[22:34:27] [train] ep=16 step=030/40 ce=0.5908 sc=0.9764 mi=0.0682 dn=0.0000 v13=0.0007 v15=0.0000 v16=0.0000 v17=0.0000 v18=0.0000 acc=0.9875 lr=2.87e-04 lambda=0.000 v18_lambda=0.000 gpu=3.0/15.8GB
[22:34:29] [train] ep=16 step=040/40 ce=0.6755 sc=0.9972 mi=0.0686 dn=0.0000 v13=0.0007 v15=0.0000 v16=0.0000 v17=0.0000 v18=0.0000 acc=0.9812 lr=2.87e-04 lambda=0.000 v18_lambda=0.000 gpu=3.0/15.8GB
[22:34:32] [ep_summary] ep=16/100 val_live=0.9753/0.9760 val_ema=0.4938/0.4732 test77_live=0.8058/0.7610 test77_diag_ema=0.1439/0.0427 v13=0.0007 v15=0.0000 v16=0.0000 v17=0.0000 v18=0.0000 das=stage2[10,50] p=0.70 ep_time=10.0s
[22:34:32] [save] best_sourceval_ema val_acc_ema=0.4938 source_val_live=0.9753/0.9760 source_val_ema=0.4938/0.4732 ep=16
[22:34:32] [save] best_sourcequalified77_ema ep=16 source_val_live=0.9753/0.9760 source_val_ema=0.4938/0.4732 test77_ema=0.1439/0.0427
[22:34:32] [train] epoch 17/100 steps=40 use_dann=0 das=stage2 f=[10.0,50.0] p=0.70 gpu=3.0/15.8GB
[22:34:32] [train] ep=17 step=001/40 ce=0.3082 sc=0.6649 mi=0.0539 dn=0.0000 v13=0.0006 v15=0.0000 v16=0.0000 v17=0.0000 v18=0.0000 acc=1.0000 lr=2.87e-04 lambda=0.000 v18_lambda=0.000 gpu=3.0/15.8GB
[22:34:33] [train] ep=17 step=010/40 ce=0.5334 sc=0.7976 mi=0.0620 dn=0.0000 v13=0.0006 v15=0.0000 v16=0.0000 v17=0.0000 v18=0.0000 acc=0.9938 lr=2.86e-04 lambda=0.000 v18_lambda=0.000 gpu=3.0/15.8GB
[22:34:35] [train] ep=17 step=020/40 ce=0.5439 sc=0.8300 mi=0.0662 dn=0.0000 v13=0.0006 v15=0.0000 v16=0.0000 v17=0.0000 v18=0.0000 acc=0.9938 lr=2.86e-04 lambda=0.000 v18_lambda=0.000 gpu=3.0/15.8GB
[22:34:37] [train] ep=17 step=030/40 ce=0.5972 sc=0.8707 mi=0.0665 dn=0.0000 v13=0.0007 v15=0.0000 v16=0.0000 v17=0.0000 v18=0.0000 acc=0.9875 lr=2.85e-04 lambda=0.000 v18_lambda=0.000 gpu=3.0/15.8GB
[22:34:39] [train] ep=17 step=040/40 ce=0.6166 sc=0.8779 mi=0.0662 dn=0.0000 v13=0.0007 v15=0.0000 v16=0.0000 v17=0.0000 v18=0.0000 acc=0.9844 lr=2.85e-04 lambda=0.000 v18_lambda=0.000 gpu=3.0/15.8GB
[22:34:42] [ep_summary] ep=17/100 val_live=0.9136/0.9037 val_ema=0.5309/0.5255 test77_live=0.7158/0.6674 test77_diag_ema=0.1511/0.0556 v13=0.0007 v15=0.0000 v16=0.0000 v17=0.0000 v18=0.0000 das=stage2[10,50] p=0.70 ep_time=9.9s
[22:34:42] [save] best_sourceval_ema val_acc_ema=0.5309 source_val_live=0.9136/0.9037 source_val_ema=0.5309/0.5255 ep=17
[22:34:42] [save] best_sourcequalified77_ema ep=17 source_val_live=0.9136/0.9037 source_val_ema=0.5309/0.5255 test77_ema=0.1511/0.0556
[22:34:42] [train] epoch 18/100 steps=40 use_dann=0 das=stage2 f=[10.0,50.0] p=0.70 gpu=3.0/15.8GB
[22:34:42] [train] ep=18 step=001/40 ce=1.5926 sc=1.0927 mi=0.0756 dn=0.0000 v13=0.0006 v15=0.0000 v16=0.0000 v17=0.0000 v18=0.0000 acc=0.9375 lr=2.85e-04 lambda=0.000 v18_lambda=0.000 gpu=3.0/15.8GB
[22:34:43] [train] ep=18 step=010/40 ce=0.8641 sc=0.9732 mi=0.0690 dn=0.0000 v13=0.0008 v15=0.0000 v16=0.0000 v17=0.0000 v18=0.0000 acc=0.9625 lr=2.84e-04 lambda=0.000 v18_lambda=0.000 gpu=3.0/15.8GB
[22:34:45] [train] ep=18 step=020/40 ce=0.6730 sc=0.9282 mi=0.0682 dn=0.0000 v13=0.0009 v15=0.0000 v16=0.0000 v17=0.0000 v18=0.0000 acc=0.9781 lr=2.84e-04 lambda=0.000 v18_lambda=0.000 gpu=3.0/15.8GB
[22:34:47] [train] ep=18 step=030/40 ce=0.5833 sc=0.9158 mi=0.0669 dn=0.0000 v13=0.0009 v15=0.0000 v16=0.0000 v17=0.0000 v18=0.0000 acc=0.9833 lr=2.83e-04 lambda=0.000 v18_lambda=0.000 gpu=3.0/15.8GB
[22:34:49] [train] ep=18 step=040/40 ce=0.6894 sc=0.9247 mi=0.0671 dn=0.0000 v13=0.0009 v15=0.0000 v16=0.0000 v17=0.0000 v18=0.0000 acc=0.9766 lr=2.83e-04 lambda=0.000 v18_lambda=0.000 gpu=3.0/15.8GB
[22:34:52] [ep_summary] ep=18/100 val_live=0.9321/0.9322 val_ema=0.5926/0.5911 test77_live=0.7230/0.6910 test77_diag_ema=0.1583/0.0682 v13=0.0009 v15=0.0000 v16=0.0000 v17=0.0000 v18=0.0000 das=stage2[10,50] p=0.70 ep_time=9.9s
[22:34:52] [save] best_sourceval_ema val_acc_ema=0.5926 source_val_live=0.9321/0.9322 source_val_ema=0.5926/0.5911 ep=18
[22:34:52] [save] best_sourcequalified77_ema ep=18 source_val_live=0.9321/0.9322 source_val_ema=0.5926/0.5911 test77_ema=0.1583/0.0682
[22:34:52] [train] epoch 19/100 steps=40 use_dann=0 das=stage2 f=[10.0,50.0] p=0.70 gpu=3.0/15.8GB
[22:34:52] [train] ep=19 step=001/40 ce=0.3394 sc=0.6118 mi=0.0653 dn=0.0000 v13=0.0018 v15=0.0000 v16=0.0000 v17=0.0000 v18=0.0000 acc=1.0000 lr=2.83e-04 lambda=0.000 v18_lambda=0.000 gpu=3.0/15.8GB
[22:34:53] [train] ep=19 step=010/40 ce=1.0263 sc=1.0715 mi=0.0646 dn=0.0000 v13=0.0009 v15=0.0000 v16=0.0000 v17=0.0000 v18=0.0000 acc=0.9437 lr=2.82e-04 lambda=0.000 v18_lambda=0.000 gpu=3.0/15.8GB
[22:34:55] [train] ep=19 step=020/40 ce=0.8639 sc=0.9920 mi=0.0653 dn=0.0000 v13=0.0008 v15=0.0000 v16=0.0000 v17=0.0000 v18=0.0000 acc=0.9563 lr=2.82e-04 lambda=0.000 v18_lambda=0.000 gpu=3.0/15.8GB
[22:34:57] [train] ep=19 step=030/40 ce=0.7849 sc=0.9667 mi=0.0649 dn=0.0000 v13=0.0008 v15=0.0000 v16=0.0000 v17=0.0000 v18=0.0000 acc=0.9646 lr=2.81e-04 lambda=0.000 v18_lambda=0.000 gpu=3.0/15.8GB
[22:35:00] [train] ep=19 step=040/40 ce=0.7512 sc=0.9493 mi=0.0654 dn=0.0000 v13=0.0007 v15=0.0000 v16=0.0000 v17=0.0000 v18=0.0000 acc=0.9672 lr=2.80e-04 lambda=0.000 v18_lambda=0.000 gpu=3.0/15.8GB
[22:35:02] [ep_summary] ep=19/100 val_live=0.9444/0.9447 val_ema=0.6358/0.6269 test77_live=0.7086/0.6573 test77_diag_ema=0.1799/0.0982 v13=0.0007 v15=0.0000 v16=0.0000 v17=0.0000 v18=0.0000 das=stage2[10,50] p=0.70 ep_time=10.8s
[22:35:02] [save] best_sourceval_ema val_acc_ema=0.6358 source_val_live=0.9444/0.9447 source_val_ema=0.6358/0.6269 ep=19
[22:35:02] [save] best_sourcequalified77_ema ep=19 source_val_live=0.9444/0.9447 source_val_ema=0.6358/0.6269 test77_ema=0.1799/0.0982
[22:35:02] [train] epoch 20/100 steps=40 use_dann=0 das=stage2 f=[10.0,50.0] p=0.70 gpu=3.0/15.8GB
[22:35:03] [train] ep=20 step=001/40 ce=0.9239 sc=0.8833 mi=0.0695 dn=0.0000 v13=0.0005 v15=0.0000 v16=0.0000 v17=0.0000 v18=0.0000 acc=0.9375 lr=2.80e-04 lambda=0.000 v18_lambda=0.000 gpu=3.0/15.8GB
[22:35:05] [train] ep=20 step=010/40 ce=0.5977 sc=0.8950 mi=0.0701 dn=0.0000 v13=0.0006 v15=0.0000 v16=0.0000 v17=0.0000 v18=0.0000 acc=0.9812 lr=2.80e-04 lambda=0.000 v18_lambda=0.000 gpu=3.0/15.8GB
[22:35:07] [train] ep=20 step=020/40 ce=0.5016 sc=0.8672 mi=0.0661 dn=0.0000 v13=0.0006 v15=0.0000 v16=0.0000 v17=0.0000 v18=0.0000 acc=0.9875 lr=2.79e-04 lambda=0.000 v18_lambda=0.000 gpu=3.0/15.8GB
[22:35:09] [train] ep=20 step=030/40 ce=0.4947 sc=0.8785 mi=0.0652 dn=0.0000 v13=0.0007 v15=0.0000 v16=0.0000 v17=0.0000 v18=0.0000 acc=0.9875 lr=2.79e-04 lambda=0.000 v18_lambda=0.000 gpu=3.0/15.8GB
[22:35:11] [train] ep=20 step=040/40 ce=0.4656 sc=0.8602 mi=0.0650 dn=0.0000 v13=0.0007 v15=0.0000 v16=0.0000 v17=0.0000 v18=0.0000 acc=0.9906 lr=2.78e-04 lambda=0.000 v18_lambda=0.000 gpu=3.0/15.8GB
[22:35:14] [pool] check ep=020/100 source_val_acc_ema=0.6852 threshold=0.90
[22:35:14] [pool] ep=020 SKIP (source_val_acc_ema=0.6852 < 0.90)
[22:35:14] [ep_summary] ep=20/100 val_live=0.9815/0.9818 val_ema=0.6852/0.6676 test77_live=0.8022/0.7773 test77_diag_ema=0.1942/0.1165 v13=0.0007 v15=0.0000 v16=0.0000 v17=0.0000 v18=0.0000 das=stage2[10,50] p=0.70 ep_time=11.3s
[22:35:14] [save] best_sourceval_ema val_acc_ema=0.6852 source_val_live=0.9815/0.9818 source_val_ema=0.6852/0.6676 ep=20
[22:35:14] [save] best_sourcequalified77_ema ep=20 source_val_live=0.9815/0.9818 source_val_ema=0.6852/0.6676 test77_ema=0.1942/0.1165
[22:35:14] [strict77_monitor] ep=20 best_source_epoch=20 source_val_ema=0.6852/0.6676 test77_ema_diag=0.1942/0.1165 sourcequalified_count=20 best_sourcequalified77_epoch=20 source_val_ema=0.6852/0.6676 test77_ema=0.1942/0.1165
[22:35:14] [train] epoch 21/100 steps=40 use_dann=0 das=stage2 f=[10.0,50.0] p=0.70 gpu=3.0/15.8GB
[22:35:14] [train] ep=21 step=001/40 ce=0.6543 sc=0.7354 mi=0.0648 dn=0.0000 v13=0.0003 v15=0.0000 v16=0.0000 v17=0.0000 v18=0.0000 acc=0.9375 lr=2.78e-04 lambda=0.000 v18_lambda=0.000 gpu=3.0/15.8GB
[22:35:16] [train] ep=21 step=010/40 ce=0.8365 sc=1.0714 mi=0.0655 dn=0.0000 v13=0.0007 v15=0.0000 v16=0.0000 v17=0.0000 v18=0.0000 acc=0.9437 lr=2.77e-04 lambda=0.000 v18_lambda=0.000 gpu=3.0/15.8GB
[22:35:18] [train] ep=21 step=020/40 ce=0.6249 sc=0.9418 mi=0.0664 dn=0.0000 v13=0.0008 v15=0.0000 v16=0.0000 v17=0.0000 v18=0.0000 acc=0.9688 lr=2.77e-04 lambda=0.000 v18_lambda=0.000 gpu=3.0/15.8GB
[22:35:20] [train] ep=21 step=030/40 ce=0.6180 sc=0.8968 mi=0.0660 dn=0.0000 v13=0.0008 v15=0.0000 v16=0.0000 v17=0.0000 v18=0.0000 acc=0.9708 lr=2.76e-04 lambda=0.000 v18_lambda=0.000 gpu=3.0/15.8GB
[22:35:22] [train] ep=21 step=040/40 ce=0.5811 sc=0.8864 mi=0.0662 dn=0.0000 v13=0.0008 v15=0.0000 v16=0.0000 v17=0.0000 v18=0.0000 acc=0.9766 lr=2.75e-04 lambda=0.000 v18_lambda=0.000 gpu=3.0/15.8GB
[22:35:25] [ep_summary] ep=21/100 val_live=0.9444/0.9443 val_ema=0.7160/0.6849 test77_live=0.7014/0.6881 test77_diag_ema=0.2158/0.1402 v13=0.0008 v15=0.0000 v16=0.0000 v17=0.0000 v18=0.0000 das=stage2[10,50] p=0.70 ep_time=11.3s
[22:35:25] [save] best_sourceval_ema val_acc_ema=0.7160 source_val_live=0.9444/0.9443 source_val_ema=0.7160/0.6849 ep=21
[22:35:25] [save] best_sourcequalified77_ema ep=21 source_val_live=0.9444/0.9443 source_val_ema=0.7160/0.6849 test77_ema=0.2158/0.1402
[22:35:25] [train] epoch 22/100 steps=40 use_dann=0 das=stage2 f=[10.0,50.0] p=0.70 gpu=3.0/15.8GB
[22:35:25] [train] ep=22 step=001/40 ce=0.7058 sc=0.6720 mi=0.0758 dn=0.0000 v13=0.0003 v15=0.0000 v16=0.0000 v17=0.0000 v18=0.0000 acc=1.0000 lr=2.75e-04 lambda=0.000 v18_lambda=0.000 gpu=3.0/15.8GB
[22:35:27] [train] ep=22 step=010/40 ce=0.6036 sc=0.8473 mi=0.0680 dn=0.0000 v13=0.0009 v15=0.0000 v16=0.0000 v17=0.0000 v18=0.0000 acc=0.9875 lr=2.75e-04 lambda=0.000 v18_lambda=0.000 gpu=3.0/15.8GB
[22:35:29] [train] ep=22 step=020/40 ce=0.5468 sc=0.9044 mi=0.0660 dn=0.0000 v13=0.0011 v15=0.0000 v16=0.0000 v17=0.0000 v18=0.0000 acc=0.9875 lr=2.74e-04 lambda=0.000 v18_lambda=0.000 gpu=3.0/15.8GB
[22:35:31] [train] ep=22 step=030/40 ce=0.5358 sc=0.8772 mi=0.0654 dn=0.0000 v13=0.0010 v15=0.0000 v16=0.0000 v17=0.0000 v18=0.0000 acc=0.9875 lr=2.73e-04 lambda=0.000 v18_lambda=0.000 gpu=3.0/15.8GB
[22:35:34] [train] ep=22 step=040/40 ce=0.5479 sc=0.9102 mi=0.0647 dn=0.0000 v13=0.0009 v15=0.0000 v16=0.0000 v17=0.0000 v18=0.0000 acc=0.9844 lr=2.73e-04 lambda=0.000 v18_lambda=0.000 gpu=3.0/15.8GB
[22:35:36] [ep_summary] ep=22/100 val_live=0.9630/0.9631 val_ema=0.7346/0.6988 test77_live=0.7806/0.7376 test77_diag_ema=0.2266/0.1541 v13=0.0009 v15=0.0000 v16=0.0000 v17=0.0000 v18=0.0000 das=stage2[10,50] p=0.70 ep_time=11.1s
[22:35:36] [save] best_sourceval_ema val_acc_ema=0.7346 source_val_live=0.9630/0.9631 source_val_ema=0.7346/0.6988 ep=22
[22:35:36] [save] best_sourcequalified77_ema ep=22 source_val_live=0.9630/0.9631 source_val_ema=0.7346/0.6988 test77_ema=0.2266/0.1541
[22:35:36] [train] epoch 23/100 steps=40 use_dann=0 das=stage2 f=[10.0,50.0] p=0.70 gpu=3.0/15.8GB
[22:35:37] [train] ep=23 step=001/40 ce=0.2834 sc=1.1214 mi=0.0687 dn=0.0000 v13=0.0013 v15=0.0000 v16=0.0000 v17=0.0000 v18=0.0000 acc=1.0000 lr=2.72e-04 lambda=0.000 v18_lambda=0.000 gpu=3.0/15.8GB
[22:35:38] [train] ep=23 step=010/40 ce=0.4343 sc=0.8826 mi=0.0674 dn=0.0000 v13=0.0008 v15=0.0000 v16=0.0000 v17=0.0000 v18=0.0000 acc=0.9875 lr=2.72e-04 lambda=0.000 v18_lambda=0.000 gpu=3.0/15.8GB
[22:35:41] [train] ep=23 step=020/40 ce=0.4153 sc=0.7820 mi=0.0654 dn=0.0000 v13=0.0007 v15=0.0000 v16=0.0000 v17=0.0000 v18=0.0000 acc=0.9906 lr=2.71e-04 lambda=0.000 v18_lambda=0.000 gpu=3.0/15.8GB
[22:35:43] [train] ep=23 step=030/40 ce=0.4465 sc=0.8091 mi=0.0644 dn=0.0000 v13=0.0007 v15=0.0000 v16=0.0000 v17=0.0000 v18=0.0000 acc=0.9896 lr=2.70e-04 lambda=0.000 v18_lambda=0.000 gpu=3.0/15.8GB
[22:35:45] [train] ep=23 step=040/40 ce=0.4666 sc=0.8173 mi=0.0642 dn=0.0000 v13=0.0007 v15=0.0000 v16=0.0000 v17=0.0000 v18=0.0000 acc=0.9891 lr=2.70e-04 lambda=0.000 v18_lambda=0.000 gpu=3.0/15.8GB
[22:35:48] [ep_summary] ep=23/100 val_live=0.9753/0.9757 val_ema=0.7654/0.7277 test77_live=0.8237/0.8221 test77_diag_ema=0.2554/0.1824 v13=0.0007 v15=0.0000 v16=0.0000 v17=0.0000 v18=0.0000 das=stage2[10,50] p=0.70 ep_time=11.2s
[22:35:48] [save] best_sourceval_ema val_acc_ema=0.7654 source_val_live=0.9753/0.9757 source_val_ema=0.7654/0.7277 ep=23
[22:35:48] [save] best_sourcequalified77_ema ep=23 source_val_live=0.9753/0.9757 source_val_ema=0.7654/0.7277 test77_ema=0.2554/0.1824
[22:35:48] [train] epoch 24/100 steps=40 use_dann=0 das=stage2 f=[10.0,50.0] p=0.70 gpu=3.0/15.8GB
[22:35:48] [train] ep=24 step=001/40 ce=0.3165 sc=0.7534 mi=0.0568 dn=0.0000 v13=0.0005 v15=0.0000 v16=0.0000 v17=0.0000 v18=0.0000 acc=1.0000 lr=2.70e-04 lambda=0.000 v18_lambda=0.000 gpu=3.0/15.8GB
[22:35:50] [train] ep=24 step=010/40 ce=0.4349 sc=0.8210 mi=0.0618 dn=0.0000 v13=0.0006 v15=0.0000 v16=0.0000 v17=0.0000 v18=0.0000 acc=0.9875 lr=2.69e-04 lambda=0.000 v18_lambda=0.000 gpu=3.0/15.8GB
[22:35:52] [train] ep=24 step=020/40 ce=0.4282 sc=0.8042 mi=0.0631 dn=0.0000 v13=0.0007 v15=0.0000 v16=0.0000 v17=0.0000 v18=0.0000 acc=0.9906 lr=2.68e-04 lambda=0.000 v18_lambda=0.000 gpu=3.0/15.8GB
[22:35:54] [train] ep=24 step=030/40 ce=0.4816 sc=0.8477 mi=0.0635 dn=0.0000 v13=0.0006 v15=0.0000 v16=0.0000 v17=0.0000 v18=0.0000 acc=0.9875 lr=2.67e-04 lambda=0.000 v18_lambda=0.000 gpu=3.0/15.8GB
[22:35:56] [train] ep=24 step=040/40 ce=0.4715 sc=0.8600 mi=0.0633 dn=0.0000 v13=0.0006 v15=0.0000 v16=0.0000 v17=0.0000 v18=0.0000 acc=0.9891 lr=2.67e-04 lambda=0.000 v18_lambda=0.000 gpu=3.0/15.8GB
[22:35:58] [ep_summary] ep=24/100 val_live=0.9568/0.9568 val_ema=0.7778/0.7526 test77_live=0.7554/0.7325 test77_diag_ema=0.2806/0.2015 v13=0.0006 v15=0.0000 v16=0.0000 v17=0.0000 v18=0.0000 das=stage2[10,50] p=0.70 ep_time=10.7s
[22:35:58] [save] best_sourceval_ema val_acc_ema=0.7778 source_val_live=0.9568/0.9568 source_val_ema=0.7778/0.7526 ep=24
[22:35:58] [save] best_sourcequalified77_ema ep=24 source_val_live=0.9568/0.9568 source_val_ema=0.7778/0.7526 test77_ema=0.2806/0.2015
[22:35:58] [train] epoch 25/100 steps=40 use_dann=0 das=stage3 f=[12.0,95.0] p=1.00 gpu=3.0/15.8GB
[22:35:59] [train] ep=25 step=001/40 ce=0.2873 sc=0.8604 mi=0.0638 dn=0.0000 v13=0.0012 v15=0.0000 v16=0.0000 v17=0.0000 v18=0.0000 acc=1.0000 lr=2.67e-04 lambda=0.000 v18_lambda=0.000 gpu=3.0/15.8GB
[22:36:00] [train] ep=25 step=010/40 ce=0.3849 sc=0.8384 mi=0.0682 dn=0.0000 v13=0.0009 v15=0.0000 v16=0.0000 v17=0.0000 v18=0.0000 acc=0.9938 lr=2.66e-04 lambda=0.000 v18_lambda=0.000 gpu=3.0/15.8GB
[22:36:02] [train] ep=25 step=020/40 ce=0.4472 sc=0.8594 mi=0.0676 dn=0.0000 v13=0.0008 v15=0.0000 v16=0.0000 v17=0.0000 v18=0.0000 acc=0.9906 lr=2.65e-04 lambda=0.000 v18_lambda=0.000 gpu=3.0/15.8GB
[22:36:04] [train] ep=25 step=030/40 ce=0.4873 sc=0.8600 mi=0.0661 dn=0.0000 v13=0.0008 v15=0.0000 v16=0.0000 v17=0.0000 v18=0.0000 acc=0.9854 lr=2.64e-04 lambda=0.000 v18_lambda=0.000 gpu=3.0/15.8GB
[22:36:07] [train] ep=25 step=040/40 ce=0.5460 sc=0.8957 mi=0.0652 dn=0.0000 v13=0.0009 v15=0.0000 v16=0.0000 v17=0.0000 v18=0.0000 acc=0.9812 lr=2.64e-04 lambda=0.000 v18_lambda=0.000 gpu=3.0/15.8GB
[22:36:09] [ep_summary] ep=25/100 val_live=0.9691/0.9693 val_ema=0.7901/0.7693 test77_live=0.7806/0.7753 test77_diag_ema=0.2950/0.2126 v13=0.0009 v15=0.0000 v16=0.0000 v17=0.0000 v18=0.0000 das=stage3[12,95] p=1.00 ep_time=10.9s
[22:36:09] [save] best_sourceval_ema val_acc_ema=0.7901 source_val_live=0.9691/0.9693 source_val_ema=0.7901/0.7693 ep=25
[22:36:09] [save] best_sourcequalified77_ema ep=25 source_val_live=0.9691/0.9693 source_val_ema=0.7901/0.7693 test77_ema=0.2950/0.2126
[22:36:09] [train] epoch 26/100 steps=40 use_dann=0 das=stage3 f=[12.0,95.0] p=1.00 gpu=3.0/15.8GB
[22:36:10] [train] ep=26 step=001/40 ce=0.4069 sc=0.7695 mi=0.0562 dn=0.0000 v13=0.0009 v15=0.0000 v16=0.0000 v17=0.0000 v18=0.0000 acc=1.0000 lr=2.64e-04 lambda=0.000 v18_lambda=0.000 gpu=3.0/15.8GB
[22:36:11] [train] ep=26 step=010/40 ce=0.6203 sc=0.9162 mi=0.0666 dn=0.0000 v13=0.0009 v15=0.0000 v16=0.0000 v17=0.0000 v18=0.0000 acc=0.9812 lr=2.63e-04 lambda=0.000 v18_lambda=0.000 gpu=3.0/15.8GB
[22:36:14] [train] ep=26 step=020/40 ce=0.6374 sc=0.9400 mi=0.0650 dn=0.0000 v13=0.0009 v15=0.0000 v16=0.0000 v17=0.0000 v18=0.0000 acc=0.9750 lr=2.62e-04 lambda=0.000 v18_lambda=0.000 gpu=3.0/15.8GB
[22:36:16] [train] ep=26 step=030/40 ce=0.6225 sc=0.8750 mi=0.0655 dn=0.0000 v13=0.0009 v15=0.0000 v16=0.0000 v17=0.0000 v18=0.0000 acc=0.9750 lr=2.61e-04 lambda=0.000 v18_lambda=0.000 gpu=3.0/15.8GB
[22:36:18] [train] ep=26 step=040/40 ce=0.5487 sc=0.8471 mi=0.0661 dn=0.0000 v13=0.0008 v15=0.0000 v16=0.0000 v17=0.0000 v18=0.0000 acc=0.9812 lr=2.60e-04 lambda=0.000 v18_lambda=0.000 gpu=3.0/15.8GB
[22:36:21] [ep_summary] ep=26/100 val_live=0.9444/0.9429 val_ema=0.8086/0.7904 test77_live=0.7122/0.6750 test77_diag_ema=0.3094/0.2194 v13=0.0008 v15=0.0000 v16=0.0000 v17=0.0000 v18=0.0000 das=stage3[12,95] p=1.00 ep_time=11.3s
[22:36:21] [save] best_sourceval_ema val_acc_ema=0.8086 source_val_live=0.9444/0.9429 source_val_ema=0.8086/0.7904 ep=26
[22:36:21] [save] best_sourcequalified77_ema ep=26 source_val_live=0.9444/0.9429 source_val_ema=0.8086/0.7904 test77_ema=0.3094/0.2194
[22:36:21] [train] epoch 27/100 steps=40 use_dann=0 das=stage3 f=[12.0,95.0] p=1.00 gpu=3.0/15.8GB
[22:36:21] [train] ep=27 step=001/40 ce=0.3588 sc=0.6629 mi=0.0524 dn=0.0000 v13=0.0005 v15=0.0000 v16=0.0000 v17=0.0000 v18=0.0000 acc=1.0000 lr=2.60e-04 lambda=0.000 v18_lambda=0.000 gpu=3.0/15.8GB
[22:36:23] [train] ep=27 step=010/40 ce=0.3984 sc=0.8235 mi=0.0627 dn=0.0000 v13=0.0009 v15=0.0000 v16=0.0000 v17=0.0000 v18=0.0000 acc=1.0000 lr=2.60e-04 lambda=0.000 v18_lambda=0.000 gpu=3.0/15.8GB
[22:36:25] [train] ep=27 step=020/40 ce=0.4345 sc=0.8613 mi=0.0631 dn=0.0000 v13=0.0009 v15=0.0000 v16=0.0000 v17=0.0000 v18=0.0000 acc=0.9938 lr=2.59e-04 lambda=0.000 v18_lambda=0.000 gpu=3.0/15.8GB
[22:36:27] [train] ep=27 step=030/40 ce=0.4417 sc=0.8618 mi=0.0630 dn=0.0000 v13=0.0008 v15=0.0000 v16=0.0000 v17=0.0000 v18=0.0000 acc=0.9938 lr=2.58e-04 lambda=0.000 v18_lambda=0.000 gpu=3.0/15.8GB
[22:36:29] [train] ep=27 step=040/40 ce=0.4695 sc=0.8653 mi=0.0637 dn=0.0000 v13=0.0008 v15=0.0000 v16=0.0000 v17=0.0000 v18=0.0000 acc=0.9906 lr=2.57e-04 lambda=0.000 v18_lambda=0.000 gpu=3.0/15.8GB
[22:36:31] [ep_summary] ep=27/100 val_live=0.9506/0.9504 val_ema=0.8210/0.8009 test77_live=0.7662/0.7567 test77_diag_ema=0.3345/0.2331 v13=0.0008 v15=0.0000 v16=0.0000 v17=0.0000 v18=0.0000 das=stage3[12,95] p=1.00 ep_time=10.7s
[22:36:31] [save] best_sourceval_ema val_acc_ema=0.8210 source_val_live=0.9506/0.9504 source_val_ema=0.8210/0.8009 ep=27
[22:36:31] [save] best_sourcequalified77_ema ep=27 source_val_live=0.9506/0.9504 source_val_ema=0.8210/0.8009 test77_ema=0.3345/0.2331
[22:36:31] [train] epoch 28/100 steps=40 use_dann=0 das=stage3 f=[12.0,95.0] p=1.00 gpu=3.0/15.8GB
[22:36:32] [train] ep=28 step=001/40 ce=0.2783 sc=0.8579 mi=0.0562 dn=0.0000 v13=0.0013 v15=0.0000 v16=0.0000 v17=0.0000 v18=0.0000 acc=1.0000 lr=2.57e-04 lambda=0.000 v18_lambda=0.000 gpu=3.0/15.8GB
[22:36:33] [train] ep=28 step=010/40 ce=0.4707 sc=0.6977 mi=0.0620 dn=0.0000 v13=0.0009 v15=0.0000 v16=0.0000 v17=0.0000 v18=0.0000 acc=0.9875 lr=2.56e-04 lambda=0.000 v18_lambda=0.000 gpu=3.0/15.8GB
[22:36:35] [train] ep=28 step=020/40 ce=0.4777 sc=0.8006 mi=0.0619 dn=0.0000 v13=0.0008 v15=0.0000 v16=0.0000 v17=0.0000 v18=0.0000 acc=0.9844 lr=2.55e-04 lambda=0.000 v18_lambda=0.000 gpu=3.0/15.8GB
[22:36:37] [train] ep=28 step=030/40 ce=0.4738 sc=0.8068 mi=0.0624 dn=0.0000 v13=0.0009 v15=0.0000 v16=0.0000 v17=0.0000 v18=0.0000 acc=0.9854 lr=2.54e-04 lambda=0.000 v18_lambda=0.000 gpu=3.0/15.8GB
[22:36:39] [train] ep=28 step=040/40 ce=0.5278 sc=0.8139 mi=0.0640 dn=0.0000 v13=0.0009 v15=0.0000 v16=0.0000 v17=0.0000 v18=0.0000 acc=0.9812 lr=2.54e-04 lambda=0.000 v18_lambda=0.000 gpu=3.0/15.8GB
[22:36:41] [ep_summary] ep=28/100 val_live=0.9506/0.9504 val_ema=0.8272/0.8064 test77_live=0.7950/0.7896 test77_diag_ema=0.3417/0.2401 v13=0.0009 v15=0.0000 v16=0.0000 v17=0.0000 v18=0.0000 das=stage3[12,95] p=1.00 ep_time=10.0s
[22:36:41] [save] best_sourceval_ema val_acc_ema=0.8272 source_val_live=0.9506/0.9504 source_val_ema=0.8272/0.8064 ep=28
[22:36:41] [save] best_sourcequalified77_ema ep=28 source_val_live=0.9506/0.9504 source_val_ema=0.8272/0.8064 test77_ema=0.3417/0.2401
[22:36:41] [train] epoch 29/100 steps=40 use_dann=0 das=stage3 f=[12.0,95.0] p=1.00 gpu=3.0/15.8GB
[22:36:42] [train] ep=29 step=001/40 ce=0.2840 sc=1.0437 mi=0.0761 dn=0.0000 v13=0.0017 v15=0.0000 v16=0.0000 v17=0.0000 v18=0.0000 acc=1.0000 lr=2.53e-04 lambda=0.000 v18_lambda=0.000 gpu=3.0/15.8GB
[22:36:43] [train] ep=29 step=010/40 ce=0.7627 sc=1.0356 mi=0.0640 dn=0.0000 v13=0.0010 v15=0.0000 v16=0.0000 v17=0.0000 v18=0.0000 acc=0.9750 lr=2.53e-04 lambda=0.000 v18_lambda=0.000 gpu=3.0/15.8GB
[22:36:45] [train] ep=29 step=020/40 ce=0.5993 sc=0.9133 mi=0.0644 dn=0.0000 v13=0.0011 v15=0.0000 v16=0.0000 v17=0.0000 v18=0.0000 acc=0.9812 lr=2.52e-04 lambda=0.000 v18_lambda=0.000 gpu=3.0/15.8GB
[22:36:47] [train] ep=29 step=030/40 ce=0.5923 sc=0.9117 mi=0.0643 dn=0.0000 v13=0.0011 v15=0.0000 v16=0.0000 v17=0.0000 v18=0.0000 acc=0.9812 lr=2.51e-04 lambda=0.000 v18_lambda=0.000 gpu=3.0/15.8GB
[22:36:49] [train] ep=29 step=040/40 ce=0.5426 sc=0.8675 mi=0.0649 dn=0.0000 v13=0.0010 v15=0.0000 v16=0.0000 v17=0.0000 v18=0.0000 acc=0.9859 lr=2.50e-04 lambda=0.000 v18_lambda=0.000 gpu=3.0/15.8GB
[22:36:51] [ep_summary] ep=29/100 val_live=0.9568/0.9573 val_ema=0.8395/0.8233 test77_live=0.5935/0.5827 test77_diag_ema=0.3597/0.2504 v13=0.0010 v15=0.0000 v16=0.0000 v17=0.0000 v18=0.0000 das=stage3[12,95] p=1.00 ep_time=10.0s
[22:36:51] [save] best_sourceval_ema val_acc_ema=0.8395 source_val_live=0.9568/0.9573 source_val_ema=0.8395/0.8233 ep=29
[22:36:51] [save] best_sourcequalified77_ema ep=29 source_val_live=0.9568/0.9573 source_val_ema=0.8395/0.8233 test77_ema=0.3597/0.2504
[22:36:51] [train] epoch 30/100 steps=40 use_dann=0 das=stage3 f=[12.0,95.0] p=1.00 gpu=3.0/15.8GB
[22:36:52] [train] ep=30 step=001/40 ce=0.9706 sc=1.2000 mi=0.0583 dn=0.0000 v13=0.0009 v15=0.0000 v16=0.0000 v17=0.0000 v18=0.0000 acc=0.9375 lr=2.50e-04 lambda=0.000 v18_lambda=0.000 gpu=3.0/15.8GB
[22:36:53] [train] ep=30 step=010/40 ce=0.5329 sc=0.8737 mi=0.0610 dn=0.0000 v13=0.0008 v15=0.0000 v16=0.0000 v17=0.0000 v18=0.0000 acc=0.9812 lr=2.49e-04 lambda=0.000 v18_lambda=0.000 gpu=3.0/15.8GB
[22:36:55] [train] ep=30 step=020/40 ce=0.5385 sc=0.8492 mi=0.0612 dn=0.0000 v13=0.0009 v15=0.0000 v16=0.0000 v17=0.0000 v18=0.0000 acc=0.9812 lr=2.48e-04 lambda=0.000 v18_lambda=0.000 gpu=3.0/15.8GB
[22:36:57] [train] ep=30 step=030/40 ce=0.5638 sc=0.8648 mi=0.0623 dn=0.0000 v13=0.0008 v15=0.0000 v16=0.0000 v17=0.0000 v18=0.0000 acc=0.9792 lr=2.47e-04 lambda=0.000 v18_lambda=0.000 gpu=3.0/15.8GB
[22:36:59] [train] ep=30 step=040/40 ce=0.5109 sc=0.8040 mi=0.0628 dn=0.0000 v13=0.0008 v15=0.0000 v16=0.0000 v17=0.0000 v18=0.0000 acc=0.9828 lr=2.46e-04 lambda=0.000 v18_lambda=0.000 gpu=3.0/15.8GB
[22:37:02] [pool] check ep=030/100 source_val_acc_ema=0.8395 threshold=0.90
[22:37:02] [pool] ep=030 SKIP (source_val_acc_ema=0.8395 < 0.90)
[22:37:02] [ep_summary] ep=30/100 val_live=0.9691/0.9693 val_ema=0.8395/0.8233 test77_live=0.7338/0.7231 test77_diag_ema=0.3777/0.2688 v13=0.0008 v15=0.0000 v16=0.0000 v17=0.0000 v18=0.0000 das=stage3[12,95] p=1.00 ep_time=10.5s
[22:37:02] [save] best_sourcequalified77_ema ep=30 source_val_live=0.9691/0.9693 source_val_ema=0.8395/0.8233 test77_ema=0.3777/0.2688
[22:37:02] [strict77_monitor] ep=30 best_source_epoch=29 source_val_ema=0.8395/0.8233 test77_ema_diag=0.3597/0.2504 sourcequalified_count=30 best_sourcequalified77_epoch=30 source_val_ema=0.8395/0.8233 test77_ema=0.3777/0.2688
[22:37:02] [train] epoch 31/100 steps=40 use_dann=0 das=stage3 f=[12.0,95.0] p=1.00 gpu=3.0/15.8GB
[22:37:02] [train] ep=31 step=001/40 ce=0.7259 sc=1.0806 mi=0.0557 dn=0.0000 v13=0.0007 v15=0.0000 v16=0.0000 v17=0.0000 v18=0.0000 acc=1.0000 lr=2.46e-04 lambda=0.000 v18_lambda=0.000 gpu=3.0/15.8GB
[22:37:04] [train] ep=31 step=010/40 ce=0.3356 sc=0.7975 mi=0.0619 dn=0.0000 v13=0.0008 v15=0.0000 v16=0.0000 v17=0.0000 v18=0.0000 acc=1.0000 lr=2.45e-04 lambda=0.000 v18_lambda=0.000 gpu=3.0/15.8GB
[22:37:06] [train] ep=31 step=020/40 ce=0.3279 sc=0.7363 mi=0.0622 dn=0.0000 v13=0.0008 v15=0.0000 v16=0.0000 v17=0.0000 v18=0.0000 acc=0.9969 lr=2.44e-04 lambda=0.000 v18_lambda=0.000 gpu=3.0/15.8GB
[22:37:09] [train] ep=31 step=030/40 ce=0.3131 sc=0.7572 mi=0.0619 dn=0.0000 v13=0.0008 v15=0.0000 v16=0.0000 v17=0.0000 v18=0.0000 acc=0.9979 lr=2.43e-04 lambda=0.000 v18_lambda=0.000 gpu=3.0/15.8GB
[22:37:11] [train] ep=31 step=040/40 ce=0.3701 sc=0.7645 mi=0.0624 dn=0.0000 v13=0.0008 v15=0.0000 v16=0.0000 v17=0.0000 v18=0.0000 acc=0.9938 lr=2.43e-04 lambda=0.000 v18_lambda=0.000 gpu=3.0/15.8GB
[22:37:13] [ep_summary] ep=31/100 val_live=0.9753/0.9754 val_ema=0.8457/0.8327 test77_live=0.7302/0.7221 test77_diag_ema=0.3921/0.2862 v13=0.0008 v15=0.0000 v16=0.0000 v17=0.0000 v18=0.0000 das=stage3[12,95] p=1.00 ep_time=11.2s
[22:37:13] [save] best_sourceval_ema val_acc_ema=0.8457 source_val_live=0.9753/0.9754 source_val_ema=0.8457/0.8327 ep=31
[22:37:13] [save] best_sourcequalified77_ema ep=31 source_val_live=0.9753/0.9754 source_val_ema=0.8457/0.8327 test77_ema=0.3921/0.2862
[22:37:13] [train] epoch 32/100 steps=40 use_dann=0 das=stage3 f=[12.0,95.0] p=1.00 gpu=3.0/15.8GB
[22:37:14] [train] ep=32 step=001/40 ce=0.2648 sc=0.8451 mi=0.0634 dn=0.0000 v13=0.0005 v15=0.0000 v16=0.0000 v17=0.0000 v18=0.0000 acc=1.0000 lr=2.42e-04 lambda=0.000 v18_lambda=0.000 gpu=3.0/15.8GB
[22:37:15] [train] ep=32 step=010/40 ce=0.4486 sc=0.7208 mi=0.0588 dn=0.0000 v13=0.0007 v15=0.0000 v16=0.0000 v17=0.0000 v18=0.0000 acc=0.9875 lr=2.42e-04 lambda=0.000 v18_lambda=0.000 gpu=3.0/15.8GB
[22:37:17] [train] ep=32 step=020/40 ce=0.5150 sc=0.7859 mi=0.0611 dn=0.0000 v13=0.0007 v15=0.0000 v16=0.0000 v17=0.0000 v18=0.0000 acc=0.9812 lr=2.41e-04 lambda=0.000 v18_lambda=0.000 gpu=3.0/15.8GB
[22:37:20] [train] ep=32 step=030/40 ce=0.4539 sc=0.8017 mi=0.0616 dn=0.0000 v13=0.0007 v15=0.0000 v16=0.0000 v17=0.0000 v18=0.0000 acc=0.9875 lr=2.40e-04 lambda=0.000 v18_lambda=0.000 gpu=3.0/15.8GB
[22:37:22] [train] ep=32 step=040/40 ce=0.4429 sc=0.7968 mi=0.0617 dn=0.0000 v13=0.0007 v15=0.0000 v16=0.0000 v17=0.0000 v18=0.0000 acc=0.9875 lr=2.39e-04 lambda=0.000 v18_lambda=0.000 gpu=3.0/15.8GB
[22:37:24] [ep_summary] ep=32/100 val_live=0.9691/0.9695 val_ema=0.8519/0.8383 test77_live=0.7734/0.7735 test77_diag_ema=0.4173/0.3096 v13=0.0007 v15=0.0000 v16=0.0000 v17=0.0000 v18=0.0000 das=stage3[12,95] p=1.00 ep_time=11.2s
[22:37:24] [save] best_sourceval_ema val_acc_ema=0.8519 source_val_live=0.9691/0.9695 source_val_ema=0.8519/0.8383 ep=32
[22:37:24] [save] best_sourcequalified77_ema ep=32 source_val_live=0.9691/0.9695 source_val_ema=0.8519/0.8383 test77_ema=0.4173/0.3096
[22:37:25] [train] epoch 33/100 steps=40 use_dann=0 das=stage3 f=[12.0,95.0] p=1.00 gpu=3.0/15.8GB
[22:37:25] [train] ep=33 step=001/40 ce=0.2930 sc=1.1954 mi=0.0512 dn=0.0000 v13=0.0011 v15=0.0000 v16=0.0000 v17=0.0000 v18=0.0000 acc=1.0000 lr=2.39e-04 lambda=0.000 v18_lambda=0.000 gpu=3.0/15.8GB
[22:37:27] [train] ep=33 step=010/40 ce=0.4546 sc=0.8482 mi=0.0615 dn=0.0000 v13=0.0008 v15=0.0000 v16=0.0000 v17=0.0000 v18=0.0000 acc=0.9875 lr=2.38e-04 lambda=0.000 v18_lambda=0.000 gpu=3.0/15.8GB
[22:37:29] [train] ep=33 step=020/40 ce=0.3973 sc=0.8479 mi=0.0592 dn=0.0000 v13=0.0007 v15=0.0000 v16=0.0000 v17=0.0000 v18=0.0000 acc=0.9938 lr=2.37e-04 lambda=0.000 v18_lambda=0.000 gpu=3.0/15.8GB
[22:37:31] [train] ep=33 step=030/40 ce=0.3848 sc=0.8389 mi=0.0600 dn=0.0000 v13=0.0007 v15=0.0000 v16=0.0000 v17=0.0000 v18=0.0000 acc=0.9938 lr=2.36e-04 lambda=0.000 v18_lambda=0.000 gpu=3.0/15.8GB
[22:37:33] [train] ep=33 step=040/40 ce=0.3773 sc=0.8649 mi=0.0607 dn=0.0000 v13=0.0007 v15=0.0000 v16=0.0000 v17=0.0000 v18=0.0000 acc=0.9938 lr=2.35e-04 lambda=0.000 v18_lambda=0.000 gpu=3.0/15.8GB
[22:37:36] [ep_summary] ep=33/100 val_live=0.9691/0.9693 val_ema=0.8704/0.8624 test77_live=0.7194/0.6893 test77_diag_ema=0.4388/0.3370 v13=0.0007 v15=0.0000 v16=0.0000 v17=0.0000 v18=0.0000 das=stage3[12,95] p=1.00 ep_time=11.2s
[22:37:36] [save] best_sourceval_ema val_acc_ema=0.8704 source_val_live=0.9691/0.9693 source_val_ema=0.8704/0.8624 ep=33
[22:37:36] [save] best_sourcequalified77_ema ep=33 source_val_live=0.9691/0.9693 source_val_ema=0.8704/0.8624 test77_ema=0.4388/0.3370
[22:37:36] [train] epoch 34/100 steps=40 use_dann=0 das=stage3 f=[12.0,95.0] p=1.00 gpu=3.0/15.8GB
[22:37:36] [train] ep=34 step=001/40 ce=0.3382 sc=0.5650 mi=0.0521 dn=0.0000 v13=0.0007 v15=0.0000 v16=0.0000 v17=0.0000 v18=0.0000 acc=1.0000 lr=2.35e-04 lambda=0.000 v18_lambda=0.000 gpu=3.0/15.8GB
[22:37:38] [train] ep=34 step=010/40 ce=0.4046 sc=0.7388 mi=0.0646 dn=0.0000 v13=0.0007 v15=0.0000 v16=0.0000 v17=0.0000 v18=0.0000 acc=0.9875 lr=2.34e-04 lambda=0.000 v18_lambda=0.000 gpu=3.0/15.8GB
[22:37:39] [train] ep=34 step=020/40 ce=0.3830 sc=0.7530 mi=0.0636 dn=0.0000 v13=0.0008 v15=0.0000 v16=0.0000 v17=0.0000 v18=0.0000 acc=0.9906 lr=2.33e-04 lambda=0.000 v18_lambda=0.000 gpu=3.0/15.8GB
[22:37:41] [train] ep=34 step=030/40 ce=0.4614 sc=0.7616 mi=0.0628 dn=0.0000 v13=0.0008 v15=0.0000 v16=0.0000 v17=0.0000 v18=0.0000 acc=0.9875 lr=2.32e-04 lambda=0.000 v18_lambda=0.000 gpu=3.0/15.8GB
[22:37:43] [train] ep=34 step=040/40 ce=0.4395 sc=0.7918 mi=0.0624 dn=0.0000 v13=0.0008 v15=0.0000 v16=0.0000 v17=0.0000 v18=0.0000 acc=0.9906 lr=2.31e-04 lambda=0.000 v18_lambda=0.000 gpu=3.0/15.8GB
[22:37:46] [ep_summary] ep=34/100 val_live=0.9383/0.9351 val_ema=0.8827/0.8739 test77_live=0.7734/0.7697 test77_diag_ema=0.4676/0.3700 v13=0.0008 v15=0.0000 v16=0.0000 v17=0.0000 v18=0.0000 das=stage3[12,95] p=1.00 ep_time=10.3s
[22:37:46] [save] best_sourceval_ema val_acc_ema=0.8827 source_val_live=0.9383/0.9351 source_val_ema=0.8827/0.8739 ep=34
[22:37:46] [save] best_sourcequalified77_ema ep=34 source_val_live=0.9383/0.9351 source_val_ema=0.8827/0.8739 test77_ema=0.4676/0.3700
[22:37:46] [train] epoch 35/100 steps=40 use_dann=0 das=stage3 f=[12.0,95.0] p=1.00 gpu=3.0/15.8GB
[22:37:46] [train] ep=35 step=001/40 ce=0.3478 sc=0.6395 mi=0.0584 dn=0.0000 v13=0.0007 v15=0.0000 v16=0.0000 v17=0.0000 v18=0.0000 acc=1.0000 lr=2.31e-04 lambda=0.000 v18_lambda=0.000 gpu=3.0/15.8GB
[22:37:48] [train] ep=35 step=010/40 ce=0.3061 sc=0.6527 mi=0.0641 dn=0.0000 v13=0.0007 v15=0.0000 v16=0.0000 v17=0.0000 v18=0.0000 acc=1.0000 lr=2.30e-04 lambda=0.000 v18_lambda=0.000 gpu=3.0/15.8GB
[22:37:50] [train] ep=35 step=020/40 ce=0.4061 sc=0.7119 mi=0.0622 dn=0.0000 v13=0.0008 v15=0.0000 v16=0.0000 v17=0.0000 v18=0.0000 acc=0.9906 lr=2.29e-04 lambda=0.000 v18_lambda=0.000 gpu=3.0/15.8GB
[22:37:52] [train] ep=35 step=030/40 ce=0.4071 sc=0.7671 mi=0.0618 dn=0.0000 v13=0.0008 v15=0.0000 v16=0.0000 v17=0.0000 v18=0.0000 acc=0.9896 lr=2.28e-04 lambda=0.000 v18_lambda=0.000 gpu=3.0/15.8GB
[22:37:54] [train] ep=35 step=040/40 ce=0.4133 sc=0.8160 mi=0.0617 dn=0.0000 v13=0.0008 v15=0.0000 v16=0.0000 v17=0.0000 v18=0.0000 acc=0.9891 lr=2.27e-04 lambda=0.000 v18_lambda=0.000 gpu=3.0/15.8GB
[22:37:57] [ep_summary] ep=35/100 val_live=0.9753/0.9757 val_ema=0.8951/0.8876 test77_live=0.7194/0.7167 test77_diag_ema=0.4856/0.3909 v13=0.0008 v15=0.0000 v16=0.0000 v17=0.0000 v18=0.0000 das=stage3[12,95] p=1.00 ep_time=10.8s
[22:37:57] [save] best_sourceval_ema val_acc_ema=0.8951 source_val_live=0.9753/0.9757 source_val_ema=0.8951/0.8876 ep=35
[22:37:57] [save] best_sourcequalified77_ema ep=35 source_val_live=0.9753/0.9757 source_val_ema=0.8951/0.8876 test77_ema=0.4856/0.3909
[22:37:57] [train] epoch 36/100 steps=40 use_dann=0 das=stage3 f=[12.0,95.0] p=1.00 gpu=3.0/15.8GB
[22:37:57] [train] ep=36 step=001/40 ce=0.2710 sc=1.2352 mi=0.0589 dn=0.0000 v13=0.0005 v15=0.0000 v16=0.0000 v17=0.0000 v18=0.0000 acc=1.0000 lr=2.26e-04 lambda=0.000 v18_lambda=0.000 gpu=3.0/15.8GB
[22:37:59] [train] ep=36 step=010/40 ce=0.4475 sc=0.8846 mi=0.0590 dn=0.0000 v13=0.0007 v15=0.0000 v16=0.0000 v17=0.0000 v18=0.0000 acc=0.9875 lr=2.25e-04 lambda=0.000 v18_lambda=0.000 gpu=3.0/15.8GB
[22:38:01] [train] ep=36 step=020/40 ce=0.4118 sc=0.8244 mi=0.0605 dn=0.0000 v13=0.0006 v15=0.0000 v16=0.0000 v17=0.0000 v18=0.0000 acc=0.9906 lr=2.24e-04 lambda=0.000 v18_lambda=0.000 gpu=3.0/15.8GB
[22:38:03] [train] ep=36 step=030/40 ce=0.4078 sc=0.8199 mi=0.0603 dn=0.0000 v13=0.0006 v15=0.0000 v16=0.0000 v17=0.0000 v18=0.0000 acc=0.9896 lr=2.23e-04 lambda=0.000 v18_lambda=0.000 gpu=3.0/15.8GB
[22:38:05] [train] ep=36 step=040/40 ce=0.3837 sc=0.7956 mi=0.0601 dn=0.0000 v13=0.0006 v15=0.0000 v16=0.0000 v17=0.0000 v18=0.0000 acc=0.9922 lr=2.22e-04 lambda=0.000 v18_lambda=0.000 gpu=3.0/15.8GB
[22:38:08] [ep_summary] ep=36/100 val_live=0.9753/0.9755 val_ema=0.9012/0.8955 test77_live=0.6367/0.6260 test77_diag_ema=0.5072/0.4120 v13=0.0006 v15=0.0000 v16=0.0000 v17=0.0000 v18=0.0000 das=stage3[12,95] p=1.00 ep_time=10.5s
[22:38:08] [save] best_sourceval_ema val_acc_ema=0.9012 source_val_live=0.9753/0.9755 source_val_ema=0.9012/0.8955 ep=36
[22:38:08] [save] best_sourcequalified77_ema ep=36 source_val_live=0.9753/0.9755 source_val_ema=0.9012/0.8955 test77_ema=0.5072/0.4120
[22:38:08] [train] epoch 37/100 steps=40 use_dann=0 das=stage3 f=[12.0,95.0] p=1.00 gpu=3.0/15.8GB
[22:38:08] [train] ep=37 step=001/40 ce=0.3106 sc=0.7605 mi=0.0621 dn=0.0000 v13=0.0002 v15=0.0000 v16=0.0000 v17=0.0000 v18=0.0000 acc=1.0000 lr=2.22e-04 lambda=0.000 v18_lambda=0.000 gpu=3.0/15.8GB
[22:38:09] [train] ep=37 step=010/40 ce=0.3483 sc=0.7712 mi=0.0592 dn=0.0000 v13=0.0006 v15=0.0000 v16=0.0000 v17=0.0000 v18=0.0000 acc=0.9938 lr=2.21e-04 lambda=0.000 v18_lambda=0.000 gpu=3.0/15.8GB
[22:38:11] [train] ep=37 step=020/40 ce=0.3857 sc=0.8567 mi=0.0601 dn=0.0000 v13=0.0007 v15=0.0000 v16=0.0000 v17=0.0000 v18=0.0000 acc=0.9906 lr=2.20e-04 lambda=0.000 v18_lambda=0.000 gpu=3.0/15.8GB
[22:38:13] [train] ep=37 step=030/40 ce=0.3718 sc=0.8338 mi=0.0600 dn=0.0000 v13=0.0007 v15=0.0000 v16=0.0000 v17=0.0000 v18=0.0000 acc=0.9938 lr=2.19e-04 lambda=0.000 v18_lambda=0.000 gpu=3.0/15.8GB
[22:38:15] [train] ep=37 step=040/40 ce=0.3901 sc=0.8594 mi=0.0602 dn=0.0000 v13=0.0007 v15=0.0000 v16=0.0000 v17=0.0000 v18=0.0000 acc=0.9922 lr=2.18e-04 lambda=0.000 v18_lambda=0.000 gpu=3.0/15.8GB
[22:38:18] [ep_summary] ep=37/100 val_live=0.9753/0.9757 val_ema=0.9136/0.9103 test77_live=0.7302/0.7334 test77_diag_ema=0.5252/0.4305 v13=0.0007 v15=0.0000 v16=0.0000 v17=0.0000 v18=0.0000 das=stage3[12,95] p=1.00 ep_time=10.5s
[22:38:18] [save] best_sourceval_ema val_acc_ema=0.9136 source_val_live=0.9753/0.9757 source_val_ema=0.9136/0.9103 ep=37
[22:38:18] [save] best_sourcequalified77_ema ep=37 source_val_live=0.9753/0.9757 source_val_ema=0.9136/0.9103 test77_ema=0.5252/0.4305
[22:38:18] [train] epoch 38/100 steps=40 use_dann=0 das=stage3 f=[12.0,95.0] p=1.00 gpu=3.0/15.8GB
[22:38:18] [train] ep=38 step=001/40 ce=0.2671 sc=1.3322 mi=0.0586 dn=0.0000 v13=0.0006 v15=0.0000 v16=0.0000 v17=0.0000 v18=0.0000 acc=1.0000 lr=2.18e-04 lambda=0.000 v18_lambda=0.000 gpu=3.0/15.8GB
[22:38:20] [train] ep=38 step=010/40 ce=0.2681 sc=0.7904 mi=0.0591 dn=0.0000 v13=0.0007 v15=0.0000 v16=0.0000 v17=0.0000 v18=0.0000 acc=1.0000 lr=2.17e-04 lambda=0.000 v18_lambda=0.000 gpu=3.0/15.8GB
[22:38:22] [train] ep=38 step=020/40 ce=0.2937 sc=0.7220 mi=0.0595 dn=0.0000 v13=0.0006 v15=0.0000 v16=0.0000 v17=0.0000 v18=0.0000 acc=1.0000 lr=2.16e-04 lambda=0.000 v18_lambda=0.000 gpu=3.0/15.8GB
[22:38:24] [train] ep=38 step=030/40 ce=0.2923 sc=0.7582 mi=0.0594 dn=0.0000 v13=0.0006 v15=0.0000 v16=0.0000 v17=0.0000 v18=0.0000 acc=1.0000 lr=2.15e-04 lambda=0.000 v18_lambda=0.000 gpu=3.0/15.8GB
[22:38:26] [train] ep=38 step=040/40 ce=0.3087 sc=0.7920 mi=0.0592 dn=0.0000 v13=0.0006 v15=0.0000 v16=0.0000 v17=0.0000 v18=0.0000 acc=0.9984 lr=2.14e-04 lambda=0.000 v18_lambda=0.000 gpu=3.0/15.8GB
[22:38:28] [ep_summary] ep=38/100 val_live=0.9568/0.9559 val_ema=0.9259/0.9250 test77_live=0.6942/0.6943 test77_diag_ema=0.5504/0.4584 v13=0.0006 v15=0.0000 v16=0.0000 v17=0.0000 v18=0.0000 das=stage3[12,95] p=1.00 ep_time=10.4s
[22:38:28] [save] best_sourceval_ema val_acc_ema=0.9259 source_val_live=0.9568/0.9559 source_val_ema=0.9259/0.9250 ep=38
[22:38:28] [save] best_sourcequalified77_ema ep=38 source_val_live=0.9568/0.9559 source_val_ema=0.9259/0.9250 test77_ema=0.5504/0.4584
[22:38:28] [train] epoch 39/100 steps=40 use_dann=0 das=stage3 f=[12.0,95.0] p=1.00 gpu=3.0/15.8GB
[22:38:29] [train] ep=39 step=001/40 ce=0.5180 sc=1.3015 mi=0.0773 dn=0.0000 v13=0.0009 v15=0.0000 v16=0.0000 v17=0.0000 v18=0.0000 acc=1.0000 lr=2.14e-04 lambda=0.000 v18_lambda=0.000 gpu=3.0/15.8GB
[22:38:30] [train] ep=39 step=010/40 ce=0.2974 sc=0.7645 mi=0.0607 dn=0.0000 v13=0.0006 v15=0.0000 v16=0.0000 v17=0.0000 v18=0.0000 acc=1.0000 lr=2.13e-04 lambda=0.000 v18_lambda=0.000 gpu=3.0/15.8GB
[22:38:32] [train] ep=39 step=020/40 ce=0.3056 sc=0.7609 mi=0.0605 dn=0.0000 v13=0.0007 v15=0.0000 v16=0.0000 v17=0.0000 v18=0.0000 acc=0.9969 lr=2.11e-04 lambda=0.000 v18_lambda=0.000 gpu=3.0/15.8GB
[22:38:34] [train] ep=39 step=030/40 ce=0.2981 sc=0.8044 mi=0.0594 dn=0.0000 v13=0.0007 v15=0.0000 v16=0.0000 v17=0.0000 v18=0.0000 acc=0.9979 lr=2.10e-04 lambda=0.000 v18_lambda=0.000 gpu=3.0/15.8GB
[22:38:36] [train] ep=39 step=040/40 ce=0.3016 sc=0.8137 mi=0.0598 dn=0.0000 v13=0.0006 v15=0.0000 v16=0.0000 v17=0.0000 v18=0.0000 acc=0.9969 lr=2.09e-04 lambda=0.000 v18_lambda=0.000 gpu=3.0/15.8GB
[22:38:38] [ep_summary] ep=39/100 val_live=0.9568/0.9558 val_ema=0.9383/0.9386 test77_live=0.6978/0.6886 test77_diag_ema=0.5576/0.4661 v13=0.0006 v15=0.0000 v16=0.0000 v17=0.0000 v18=0.0000 das=stage3[12,95] p=1.00 ep_time=9.9s
[22:38:38] [save] best_sourceval_ema val_acc_ema=0.9383 source_val_live=0.9568/0.9558 source_val_ema=0.9383/0.9386 ep=39
[22:38:38] [save] best_sourcequalified77_ema ep=39 source_val_live=0.9568/0.9558 source_val_ema=0.9383/0.9386 test77_ema=0.5576/0.4661
[22:38:38] [train] epoch 40/100 steps=40 use_dann=0 das=stage3 f=[12.0,95.0] p=1.00 gpu=3.0/15.8GB
[22:38:39] [train] ep=40 step=001/40 ce=0.2629 sc=0.8335 mi=0.0580 dn=0.0000 v13=0.0002 v15=0.0000 v16=0.0000 v17=0.0000 v18=0.0000 acc=1.0000 lr=2.09e-04 lambda=0.000 v18_lambda=0.000 gpu=3.0/15.8GB
[22:38:40] [train] ep=40 step=010/40 ce=0.3028 sc=0.7311 mi=0.0579 dn=0.0000 v13=0.0006 v15=0.0000 v16=0.0000 v17=0.0000 v18=0.0000 acc=1.0000 lr=2.08e-04 lambda=0.000 v18_lambda=0.000 gpu=3.0/15.8GB
[22:38:42] [train] ep=40 step=020/40 ce=0.2870 sc=0.6791 mi=0.0581 dn=0.0000 v13=0.0006 v15=0.0000 v16=0.0000 v17=0.0000 v18=0.0000 acc=1.0000 lr=2.07e-04 lambda=0.000 v18_lambda=0.000 gpu=3.0/15.8GB
[22:38:44] [train] ep=40 step=030/40 ce=0.2850 sc=0.7154 mi=0.0575 dn=0.0000 v13=0.0006 v15=0.0000 v16=0.0000 v17=0.0000 v18=0.0000 acc=1.0000 lr=2.06e-04 lambda=0.000 v18_lambda=0.000 gpu=3.0/15.8GB
[22:38:46] [train] ep=40 step=040/40 ce=0.2817 sc=0.7381 mi=0.0582 dn=0.0000 v13=0.0006 v15=0.0000 v16=0.0000 v17=0.0000 v18=0.0000 acc=1.0000 lr=2.05e-04 lambda=0.000 v18_lambda=0.000 gpu=3.0/15.8GB
[22:38:48] [pool] check ep=040/100 source_val_acc_ema=0.9383 threshold=0.90
[22:38:50] [pool] ep=040 ADDED src_val=0.9383/0.9386 dev77=0.6071/0.5314 final77=0.5755/0.4899
[22:38:50] [pool] running best ep=040 dev77_f1=0.5314 final77_f1=0.4899 (pool_size=1)
[22:38:50] [ep_summary] ep=40/100 val_live=0.9444/0.9421 val_ema=0.9383/0.9386 test77_live=0.6547/0.6489 test77_diag_ema=0.5755/0.4899 v13=0.0006 v15=0.0000 v16=0.0000 v17=0.0000 v18=0.0000 das=stage3[12,95] p=1.00 ep_time=11.3s
[22:38:50] [save] best_sourcequalified77_ema ep=40 source_val_live=0.9444/0.9421 source_val_ema=0.9383/0.9386 test77_ema=0.5755/0.4899
[22:38:50] [strict77_monitor] ep=40 best_source_epoch=39 source_val_ema=0.9383/0.9386 test77_ema_diag=0.5576/0.4661 sourcequalified_count=40 best_sourcequalified77_epoch=40 source_val_ema=0.9383/0.9386 test77_ema=0.5755/0.4899
[22:38:50] [train] epoch 41/100 steps=40 use_dann=0 das=stage3 f=[12.0,95.0] p=1.00 gpu=3.0/15.8GB
[22:38:50] [train] ep=41 step=001/40 ce=0.2912 sc=0.9256 mi=0.0689 dn=0.0000 v13=0.0004 v15=0.0000 v16=0.0000 v17=0.0000 v18=0.0000 acc=1.0000 lr=2.05e-04 lambda=0.000 v18_lambda=0.000 gpu=3.0/15.8GB
[22:38:52] [train] ep=41 step=010/40 ce=0.3030 sc=0.9273 mi=0.0612 dn=0.0000 v13=0.0007 v15=0.0000 v16=0.0000 v17=0.0000 v18=0.0000 acc=1.0000 lr=2.04e-04 lambda=0.000 v18_lambda=0.000 gpu=3.0/15.8GB
[22:38:53] [train] ep=41 step=020/40 ce=0.3445 sc=0.8609 mi=0.0604 dn=0.0000 v13=0.0007 v15=0.0000 v16=0.0000 v17=0.0000 v18=0.0000 acc=0.9969 lr=2.02e-04 lambda=0.000 v18_lambda=0.000 gpu=3.0/15.8GB
[22:38:55] [train] ep=41 step=030/40 ce=0.3555 sc=0.9018 mi=0.0592 dn=0.0000 v13=0.0007 v15=0.0000 v16=0.0000 v17=0.0000 v18=0.0000 acc=0.9958 lr=2.01e-04 lambda=0.000 v18_lambda=0.000 gpu=3.0/15.8GB
[22:38:57] [train] ep=41 step=040/40 ce=0.3483 sc=0.8697 mi=0.0588 dn=0.0000 v13=0.0006 v15=0.0000 v16=0.0000 v17=0.0000 v18=0.0000 acc=0.9969 lr=2.00e-04 lambda=0.000 v18_lambda=0.000 gpu=3.0/15.8GB
[22:39:00] [ep_summary] ep=41/100 val_live=0.9568/0.9559 val_ema=0.9444/0.9449 test77_live=0.6691/0.6625 test77_diag_ema=0.6007/0.5211 v13=0.0006 v15=0.0000 v16=0.0000 v17=0.0000 v18=0.0000 das=stage3[12,95] p=1.00 ep_time=10.0s
[22:39:00] [save] best_sourceval_ema val_acc_ema=0.9444 source_val_live=0.9568/0.9559 source_val_ema=0.9444/0.9449 ep=41
[22:39:00] [save] best_sourcequalified77_ema ep=41 source_val_live=0.9568/0.9559 source_val_ema=0.9444/0.9449 test77_ema=0.6007/0.5211
[22:39:00] [train] epoch 42/100 steps=40 use_dann=0 das=stage3 f=[12.0,95.0] p=1.00 gpu=3.0/15.8GB
[22:39:00] [train] ep=42 step=001/40 ce=0.2607 sc=0.8003 mi=0.0594 dn=0.0000 v13=0.0007 v15=0.0000 v16=0.0000 v17=0.0000 v18=0.0000 acc=1.0000 lr=2.00e-04 lambda=0.000 v18_lambda=0.000 gpu=3.0/15.8GB
[22:39:02] [train] ep=42 step=010/40 ce=0.2826 sc=0.7898 mi=0.0612 dn=0.0000 v13=0.0007 v15=0.0000 v16=0.0000 v17=0.0000 v18=0.0000 acc=1.0000 lr=1.99e-04 lambda=0.000 v18_lambda=0.000 gpu=3.0/15.8GB
[22:39:03] [train] ep=42 step=020/40 ce=0.3023 sc=0.7963 mi=0.0597 dn=0.0000 v13=0.0006 v15=0.0000 v16=0.0000 v17=0.0000 v18=0.0000 acc=0.9969 lr=1.98e-04 lambda=0.000 v18_lambda=0.000 gpu=3.0/15.8GB
[22:39:05] [train] ep=42 step=030/40 ce=0.3475 sc=0.7940 mi=0.0589 dn=0.0000 v13=0.0006 v15=0.0000 v16=0.0000 v17=0.0000 v18=0.0000 acc=0.9938 lr=1.97e-04 lambda=0.000 v18_lambda=0.000 gpu=3.0/15.8GB
[22:39:07] [train] ep=42 step=040/40 ce=0.3731 sc=0.8116 mi=0.0596 dn=0.0000 v13=0.0006 v15=0.0000 v16=0.0000 v17=0.0000 v18=0.0000 acc=0.9906 lr=1.96e-04 lambda=0.000 v18_lambda=0.000 gpu=3.0/15.8GB
[22:39:10] [ep_summary] ep=42/100 val_live=0.9753/0.9757 val_ema=0.9444/0.9449 test77_live=0.6619/0.6607 test77_diag_ema=0.6439/0.5688 v13=0.0006 v15=0.0000 v16=0.0000 v17=0.0000 v18=0.0000 das=stage3[12,95] p=1.00 ep_time=9.9s
[22:39:10] [save] best_sourcequalified77_ema ep=42 source_val_live=0.9753/0.9757 source_val_ema=0.9444/0.9449 test77_ema=0.6439/0.5688
[22:39:10] [train] epoch 43/100 steps=40 use_dann=0 das=stage3 f=[12.0,95.0] p=1.00 gpu=3.0/15.8GB
[22:39:10] [train] ep=43 step=001/40 ce=0.4044 sc=1.0221 mi=0.0571 dn=0.0000 v13=0.0006 v15=0.0000 v16=0.0000 v17=0.0000 v18=0.0000 acc=1.0000 lr=1.95e-04 lambda=0.000 v18_lambda=0.000 gpu=3.0/15.8GB
[22:39:12] [train] ep=43 step=010/40 ce=0.3750 sc=0.9446 mi=0.0600 dn=0.0000 v13=0.0005 v15=0.0000 v16=0.0000 v17=0.0000 v18=0.0000 acc=0.9875 lr=1.94e-04 lambda=0.000 v18_lambda=0.000 gpu=3.0/15.8GB
[22:39:13] [train] ep=43 step=020/40 ce=0.3279 sc=0.8232 mi=0.0628 dn=0.0000 v13=0.0006 v15=0.0000 v16=0.0000 v17=0.0000 v18=0.0000 acc=0.9938 lr=1.93e-04 lambda=0.000 v18_lambda=0.000 gpu=3.0/15.8GB
[22:39:15] [train] ep=43 step=030/40 ce=0.3330 sc=0.8210 mi=0.0613 dn=0.0000 v13=0.0006 v15=0.0000 v16=0.0000 v17=0.0000 v18=0.0000 acc=0.9938 lr=1.92e-04 lambda=0.000 v18_lambda=0.000 gpu=3.0/15.8GB
[22:39:17] [train] ep=43 step=040/40 ce=0.4337 sc=0.8491 mi=0.0604 dn=0.0000 v13=0.0006 v15=0.0000 v16=0.0000 v17=0.0000 v18=0.0000 acc=0.9859 lr=1.91e-04 lambda=0.000 v18_lambda=0.000 gpu=3.0/15.8GB
[22:39:20] [ep_summary] ep=43/100 val_live=0.9506/0.9510 val_ema=0.9444/0.9449 test77_live=0.7050/0.7021 test77_diag_ema=0.6619/0.5951 v13=0.0006 v15=0.0000 v16=0.0000 v17=0.0000 v18=0.0000 das=stage3[12,95] p=1.00 ep_time=9.9s
[22:39:20] [save] best_sourcequalified77_ema ep=43 source_val_live=0.9506/0.9510 source_val_ema=0.9444/0.9449 test77_ema=0.6619/0.5951
[22:39:20] [train] epoch 44/100 steps=40 use_dann=0 das=stage3 f=[12.0,95.0] p=1.00 gpu=3.0/15.8GB
[22:39:20] [train] ep=44 step=001/40 ce=0.3954 sc=0.8715 mi=0.0548 dn=0.0000 v13=0.0003 v15=0.0000 v16=0.0000 v17=0.0000 v18=0.0000 acc=1.0000 lr=1.91e-04 lambda=0.000 v18_lambda=0.000 gpu=3.0/15.8GB
[22:39:21] [train] ep=44 step=010/40 ce=0.3455 sc=0.7887 mi=0.0626 dn=0.0000 v13=0.0006 v15=0.0000 v16=0.0000 v17=0.0000 v18=0.0000 acc=0.9938 lr=1.90e-04 lambda=0.000 v18_lambda=0.000 gpu=3.0/15.8GB
[22:39:23] [train] ep=44 step=020/40 ce=0.3954 sc=0.7881 mi=0.0604 dn=0.0000 v13=0.0006 v15=0.0000 v16=0.0000 v17=0.0000 v18=0.0000 acc=0.9906 lr=1.89e-04 lambda=0.000 v18_lambda=0.000 gpu=3.0/15.8GB
[22:39:25] [train] ep=44 step=030/40 ce=0.3756 sc=0.7756 mi=0.0597 dn=0.0000 v13=0.0006 v15=0.0000 v16=0.0000 v17=0.0000 v18=0.0000 acc=0.9938 lr=1.87e-04 lambda=0.000 v18_lambda=0.000 gpu=3.0/15.8GB
[22:39:27] [train] ep=44 step=040/40 ce=0.3694 sc=0.7911 mi=0.0596 dn=0.0000 v13=0.0006 v15=0.0000 v16=0.0000 v17=0.0000 v18=0.0000 acc=0.9938 lr=1.86e-04 lambda=0.000 v18_lambda=0.000 gpu=3.0/15.8GB
[22:39:30] [ep_summary] ep=44/100 val_live=0.9753/0.9757 val_ema=0.9630/0.9634 test77_live=0.7302/0.7266 test77_diag_ema=0.6835/0.6243 v13=0.0006 v15=0.0000 v16=0.0000 v17=0.0000 v18=0.0000 das=stage3[12,95] p=1.00 ep_time=9.9s
[22:39:30] [save] best_sourceval_ema val_acc_ema=0.9630 source_val_live=0.9753/0.9757 source_val_ema=0.9630/0.9634 ep=44
[22:39:30] [save] best_sourcequalified77_ema ep=44 source_val_live=0.9753/0.9757 source_val_ema=0.9630/0.9634 test77_ema=0.6835/0.6243
[22:39:30] [train] epoch 45/100 steps=40 use_dann=0 das=stage3 f=[12.0,95.0] p=1.00 gpu=3.0/15.8GB
[22:39:30] [train] ep=45 step=001/40 ce=0.2621 sc=0.9471 mi=0.0539 dn=0.0000 v13=0.0006 v15=0.0000 v16=0.0000 v17=0.0000 v18=0.0000 acc=1.0000 lr=1.86e-04 lambda=0.000 v18_lambda=0.000 gpu=3.0/15.8GB
[22:39:31] [train] ep=45 step=010/40 ce=0.3344 sc=0.8726 mi=0.0596 dn=0.0000 v13=0.0006 v15=0.0000 v16=0.0000 v17=0.0000 v18=0.0000 acc=0.9938 lr=1.85e-04 lambda=0.000 v18_lambda=0.000 gpu=3.0/15.8GB
[22:39:33] [train] ep=45 step=020/40 ce=0.3428 sc=0.8012 mi=0.0598 dn=0.0000 v13=0.0006 v15=0.0000 v16=0.0000 v17=0.0000 v18=0.0000 acc=0.9969 lr=1.84e-04 lambda=0.000 v18_lambda=0.000 gpu=3.0/15.8GB
[22:39:35] [train] ep=45 step=030/40 ce=0.3244 sc=0.8019 mi=0.0588 dn=0.0000 v13=0.0006 v15=0.0000 v16=0.0000 v17=0.0000 v18=0.0000 acc=0.9979 lr=1.83e-04 lambda=0.000 v18_lambda=0.000 gpu=3.0/15.8GB
[22:39:37] [train] ep=45 step=040/40 ce=0.3117 sc=0.8002 mi=0.0584 dn=0.0000 v13=0.0006 v15=0.0000 v16=0.0000 v17=0.0000 v18=0.0000 acc=0.9984 lr=1.81e-04 lambda=0.000 v18_lambda=0.000 gpu=3.0/15.8GB
[22:39:40] [ep_summary] ep=45/100 val_live=0.9815/0.9810 val_ema=0.9630/0.9634 test77_live=0.8345/0.8333 test77_diag_ema=0.7014/0.6391 v13=0.0006 v15=0.0000 v16=0.0000 v17=0.0000 v18=0.0000 das=stage3[12,95] p=1.00 ep_time=10.0s
[22:39:40] [save] best_sourcequalified77_ema ep=45 source_val_live=0.9815/0.9810 source_val_ema=0.9630/0.9634 test77_ema=0.7014/0.6391
[22:39:40] [train] epoch 46/100 steps=40 use_dann=0 das=stage3 f=[12.0,95.0] p=1.00 gpu=3.0/15.8GB
[22:39:40] [train] ep=46 step=001/40 ce=0.2628 sc=0.7142 mi=0.0524 dn=0.0000 v13=0.0005 v15=0.0000 v16=0.0000 v17=0.0000 v18=0.0000 acc=1.0000 lr=1.81e-04 lambda=0.000 v18_lambda=0.000 gpu=3.0/15.8GB
[22:39:41] [train] ep=46 step=010/40 ce=0.3386 sc=0.7036 mi=0.0577 dn=0.0000 v13=0.0006 v15=0.0000 v16=0.0000 v17=0.0000 v18=0.0000 acc=0.9938 lr=1.80e-04 lambda=0.000 v18_lambda=0.000 gpu=3.0/15.8GB
[22:39:43] [train] ep=46 step=020/40 ce=0.3715 sc=0.7740 mi=0.0583 dn=0.0000 v13=0.0006 v15=0.0000 v16=0.0000 v17=0.0000 v18=0.0000 acc=0.9906 lr=1.79e-04 lambda=0.000 v18_lambda=0.000 gpu=3.0/15.8GB
[22:39:45] [train] ep=46 step=030/40 ce=0.3468 sc=0.8202 mi=0.0593 dn=0.0000 v13=0.0006 v15=0.0000 v16=0.0000 v17=0.0000 v18=0.0000 acc=0.9938 lr=1.78e-04 lambda=0.000 v18_lambda=0.000 gpu=3.0/15.8GB
[22:39:47] [train] ep=46 step=040/40 ce=0.3409 sc=0.8078 mi=0.0594 dn=0.0000 v13=0.0006 v15=0.0000 v16=0.0000 v17=0.0000 v18=0.0000 acc=0.9953 lr=1.77e-04 lambda=0.000 v18_lambda=0.000 gpu=3.0/15.8GB
[22:39:50] [ep_summary] ep=46/100 val_live=0.9630/0.9634 val_ema=0.9630/0.9634 test77_live=0.6871/0.6835 test77_diag_ema=0.6942/0.6358 v13=0.0006 v15=0.0000 v16=0.0000 v17=0.0000 v18=0.0000 das=stage3[12,95] p=1.00 ep_time=9.9s
[22:39:50] [train] epoch 47/100 steps=40 use_dann=0 das=stage3 f=[12.0,95.0] p=1.00 gpu=3.0/15.8GB
[22:39:50] [train] ep=47 step=001/40 ce=0.2616 sc=0.7160 mi=0.0606 dn=0.0000 v13=0.0005 v15=0.0000 v16=0.0000 v17=0.0000 v18=0.0000 acc=1.0000 lr=1.77e-04 lambda=0.000 v18_lambda=0.000 gpu=3.0/15.8GB
[22:39:51] [train] ep=47 step=010/40 ce=0.2704 sc=0.7930 mi=0.0601 dn=0.0000 v13=0.0006 v15=0.0000 v16=0.0000 v17=0.0000 v18=0.0000 acc=1.0000 lr=1.76e-04 lambda=0.000 v18_lambda=0.000 gpu=3.0/15.8GB
[22:39:53] [train] ep=47 step=020/40 ce=0.3165 sc=0.8015 mi=0.0598 dn=0.0000 v13=0.0006 v15=0.0000 v16=0.0000 v17=0.0000 v18=0.0000 acc=0.9938 lr=1.74e-04 lambda=0.000 v18_lambda=0.000 gpu=3.0/15.8GB
[22:39:55] [train] ep=47 step=030/40 ce=0.3049 sc=0.7910 mi=0.0593 dn=0.0000 v13=0.0005 v15=0.0000 v16=0.0000 v17=0.0000 v18=0.0000 acc=0.9958 lr=1.73e-04 lambda=0.000 v18_lambda=0.000 gpu=3.0/15.8GB
[22:39:57] [train] ep=47 step=040/40 ce=0.2940 sc=0.7826 mi=0.0591 dn=0.0000 v13=0.0005 v15=0.0000 v16=0.0000 v17=0.0000 v18=0.0000 acc=0.9969 lr=1.72e-04 lambda=0.000 v18_lambda=0.000 gpu=3.0/15.8GB
[22:40:00] [ep_summary] ep=47/100 val_live=0.9815/0.9816 val_ema=0.9691/0.9695 test77_live=0.7302/0.7246 test77_diag_ema=0.7014/0.6484 v13=0.0005 v15=0.0000 v16=0.0000 v17=0.0000 v18=0.0000 das=stage3[12,95] p=1.00 ep_time=9.9s
[22:40:00] [save] best_sourceval_ema val_acc_ema=0.9691 source_val_live=0.9815/0.9816 source_val_ema=0.9691/0.9695 ep=47
[22:40:00] [save] best_sourcequalified77_ema ep=47 source_val_live=0.9815/0.9816 source_val_ema=0.9691/0.9695 test77_ema=0.7014/0.6484
[22:40:00] [train] epoch 48/100 steps=40 use_dann=0 das=stage3 f=[12.0,95.0] p=1.00 gpu=3.0/15.8GB
[22:40:00] [train] ep=48 step=001/40 ce=0.6016 sc=0.7058 mi=0.0655 dn=0.0000 v13=0.0008 v15=0.0000 v16=0.0000 v17=0.0000 v18=0.0000 acc=1.0000 lr=1.72e-04 lambda=0.000 v18_lambda=0.000 gpu=3.0/15.8GB
[22:40:01] [train] ep=48 step=010/40 ce=0.3136 sc=0.7959 mi=0.0610 dn=0.0000 v13=0.0007 v15=0.0000 v16=0.0000 v17=0.0000 v18=0.0000 acc=1.0000 lr=1.71e-04 lambda=0.000 v18_lambda=0.000 gpu=3.0/15.8GB
[22:40:03] [train] ep=48 step=020/40 ce=0.3225 sc=0.8472 mi=0.0593 dn=0.0000 v13=0.0006 v15=0.0000 v16=0.0000 v17=0.0000 v18=0.0000 acc=0.9969 lr=1.69e-04 lambda=0.000 v18_lambda=0.000 gpu=3.0/15.8GB
[22:40:05] [train] ep=48 step=030/40 ce=0.3073 sc=0.8159 mi=0.0590 dn=0.0000 v13=0.0006 v15=0.0000 v16=0.0000 v17=0.0000 v18=0.0000 acc=0.9979 lr=1.68e-04 lambda=0.000 v18_lambda=0.000 gpu=3.0/15.8GB
[22:40:07] [train] ep=48 step=040/40 ce=0.2981 sc=0.8045 mi=0.0590 dn=0.0000 v13=0.0006 v15=0.0000 v16=0.0000 v17=0.0000 v18=0.0000 acc=0.9984 lr=1.67e-04 lambda=0.000 v18_lambda=0.000 gpu=3.0/15.8GB
[22:40:09] [ep_summary] ep=48/100 val_live=0.9630/0.9626 val_ema=0.9691/0.9695 test77_live=0.7158/0.7100 test77_diag_ema=0.7158/0.6672 v13=0.0006 v15=0.0000 v16=0.0000 v17=0.0000 v18=0.0000 das=stage3[12,95] p=1.00 ep_time=9.9s
[22:40:09] [save] best_sourcequalified77_ema ep=48 source_val_live=0.9630/0.9626 source_val_ema=0.9691/0.9695 test77_ema=0.7158/0.6672
[22:40:10] [train] epoch 49/100 steps=40 use_dann=0 das=stage3 f=[12.0,95.0] p=1.00 gpu=3.0/15.8GB
[22:40:10] [train] ep=49 step=001/40 ce=1.1303 sc=1.2253 mi=0.0701 dn=0.0000 v13=0.0007 v15=0.0000 v16=0.0000 v17=0.0000 v18=0.0000 acc=0.9375 lr=1.67e-04 lambda=0.000 v18_lambda=0.000 gpu=3.0/15.8GB
[22:40:11] [train] ep=49 step=010/40 ce=0.4318 sc=0.8642 mi=0.0641 dn=0.0000 v13=0.0005 v15=0.0000 v16=0.0000 v17=0.0000 v18=0.0000 acc=0.9875 lr=1.66e-04 lambda=0.000 v18_lambda=0.000 gpu=3.0/15.8GB
[22:40:13] [train] ep=49 step=020/40 ce=0.4441 sc=0.8518 mi=0.0598 dn=0.0000 v13=0.0006 v15=0.0000 v16=0.0000 v17=0.0000 v18=0.0000 acc=0.9875 lr=1.65e-04 lambda=0.000 v18_lambda=0.000 gpu=3.0/15.8GB
[22:40:15] [train] ep=49 step=030/40 ce=0.4291 sc=0.8074 mi=0.0600 dn=0.0000 v13=0.0006 v15=0.0000 v16=0.0000 v17=0.0000 v18=0.0000 acc=0.9875 lr=1.63e-04 lambda=0.000 v18_lambda=0.000 gpu=3.0/15.8GB
[22:40:17] [train] ep=49 step=040/40 ce=0.3904 sc=0.7799 mi=0.0599 dn=0.0000 v13=0.0006 v15=0.0000 v16=0.0000 v17=0.0000 v18=0.0000 acc=0.9906 lr=1.62e-04 lambda=0.000 v18_lambda=0.000 gpu=3.0/15.8GB
[22:40:19] [ep_summary] ep=49/100 val_live=0.9444/0.9447 val_ema=0.9691/0.9695 test77_live=0.6547/0.6532 test77_diag_ema=0.7266/0.6840 v13=0.0006 v15=0.0000 v16=0.0000 v17=0.0000 v18=0.0000 das=stage3[12,95] p=1.00 ep_time=9.9s
[22:40:19] [save] best_sourcequalified77_ema ep=49 source_val_live=0.9444/0.9447 source_val_ema=0.9691/0.9695 test77_ema=0.7266/0.6840
[22:40:19] [train] epoch 50/100 steps=40 use_dann=0 das=stage3 f=[12.0,95.0] p=1.00 gpu=3.0/15.8GB
[22:40:20] [train] ep=50 step=001/40 ce=1.2511 sc=1.5185 mi=0.0655 dn=0.0000 v13=0.0013 v15=0.0000 v16=0.0000 v17=0.0000 v18=0.0000 acc=0.9375 lr=1.62e-04 lambda=0.000 v18_lambda=0.000 gpu=3.0/15.8GB
[22:40:21] [train] ep=50 step=010/40 ce=0.4648 sc=0.7988 mi=0.0595 dn=0.0000 v13=0.0008 v15=0.0000 v16=0.0000 v17=0.0000 v18=0.0000 acc=0.9875 lr=1.61e-04 lambda=0.000 v18_lambda=0.000 gpu=3.0/15.8GB
[22:40:23] [train] ep=50 step=020/40 ce=0.3765 sc=0.7830 mi=0.0594 dn=0.0000 v13=0.0008 v15=0.0000 v16=0.0000 v17=0.0000 v18=0.0000 acc=0.9938 lr=1.60e-04 lambda=0.000 v18_lambda=0.000 gpu=3.0/15.8GB
[22:40:25] [train] ep=50 step=030/40 ce=0.3909 sc=0.7989 mi=0.0594 dn=0.0000 v13=0.0008 v15=0.0000 v16=0.0000 v17=0.0000 v18=0.0000 acc=0.9917 lr=1.59e-04 lambda=0.000 v18_lambda=0.000 gpu=3.0/15.8GB
[22:40:27] [train] ep=50 step=040/40 ce=0.3812 sc=0.8020 mi=0.0585 dn=0.0000 v13=0.0007 v15=0.0000 v16=0.0000 v17=0.0000 v18=0.0000 acc=0.9922 lr=1.57e-04 lambda=0.000 v18_lambda=0.000 gpu=3.0/15.8GB
[22:40:29] [pool] check ep=050/100 source_val_acc_ema=0.9691 threshold=0.90
[22:40:31] [pool] ep=050 ADDED src_val=0.9691/0.9695 dev77=0.6857/0.6421 final77=0.7302/0.6889
[22:40:31] [pool] running best ep=050 dev77_f1=0.6421 final77_f1=0.6889 (pool_size=2)
[22:40:31] [ep_summary] ep=50/100 val_live=0.9383/0.9386 val_ema=0.9691/0.9695 test77_live=0.6547/0.6489 test77_diag_ema=0.7302/0.6889 v13=0.0007 v15=0.0000 v16=0.0000 v17=0.0000 v18=0.0000 das=stage3[12,95] p=1.00 ep_time=11.3s
[22:40:31] [save] best_sourcequalified77_ema ep=50 source_val_live=0.9383/0.9386 source_val_ema=0.9691/0.9695 test77_ema=0.7302/0.6889
[22:40:31] [strict77_monitor] ep=50 best_source_epoch=47 source_val_ema=0.9691/0.9695 test77_ema_diag=0.7014/0.6484 sourcequalified_count=50 best_sourcequalified77_epoch=50 source_val_ema=0.9691/0.9695 test77_ema=0.7302/0.6889
[22:40:31] [train] epoch 51/100 steps=40 use_dann=0 das=stage3 f=[12.0,95.0] p=1.00 gpu=3.0/15.8GB
[22:40:31] [train] ep=51 step=001/40 ce=0.2601 sc=0.9937 mi=0.0519 dn=0.0000 v13=0.0005 v15=0.0000 v16=0.0000 v17=0.0000 v18=0.0000 acc=1.0000 lr=1.57e-04 lambda=0.000 v18_lambda=0.000 gpu=3.0/15.8GB
[22:40:33] [train] ep=51 step=010/40 ce=0.3217 sc=0.7656 mi=0.0554 dn=0.0000 v13=0.0006 v15=0.0000 v16=0.0000 v17=0.0000 v18=0.0000 acc=1.0000 lr=1.56e-04 lambda=0.000 v18_lambda=0.000 gpu=3.0/15.8GB
[22:40:34] [train] ep=51 step=020/40 ce=0.2942 sc=0.7520 mi=0.0571 dn=0.0000 v13=0.0006 v15=0.0000 v16=0.0000 v17=0.0000 v18=0.0000 acc=1.0000 lr=1.55e-04 lambda=0.000 v18_lambda=0.000 gpu=3.0/15.8GB
[22:40:36] [train] ep=51 step=030/40 ce=0.3301 sc=0.7429 mi=0.0571 dn=0.0000 v13=0.0006 v15=0.0000 v16=0.0000 v17=0.0000 v18=0.0000 acc=0.9958 lr=1.54e-04 lambda=0.000 v18_lambda=0.000 gpu=3.0/15.8GB
[22:40:38] [train] ep=51 step=040/40 ce=0.3435 sc=0.7751 mi=0.0575 dn=0.0000 v13=0.0006 v15=0.0000 v16=0.0000 v17=0.0000 v18=0.0000 acc=0.9953 lr=1.53e-04 lambda=0.000 v18_lambda=0.000 gpu=3.0/15.8GB
[22:40:41] [ep_summary] ep=51/100 val_live=0.9691/0.9689 val_ema=0.9753/0.9757 test77_live=0.7050/0.7093 test77_diag_ema=0.7302/0.6920 v13=0.0006 v15=0.0000 v16=0.0000 v17=0.0000 v18=0.0000 das=stage3[12,95] p=1.00 ep_time=9.9s
[22:40:41] [save] best_sourceval_ema val_acc_ema=0.9753 source_val_live=0.9691/0.9689 source_val_ema=0.9753/0.9757 ep=51
[22:40:41] [save] best_sourcequalified77_ema ep=51 source_val_live=0.9691/0.9689 source_val_ema=0.9753/0.9757 test77_ema=0.7302/0.6920
[22:40:41] [train] epoch 52/100 steps=40 use_dann=0 das=stage3 f=[12.0,95.0] p=1.00 gpu=3.0/15.8GB
[22:40:41] [train] ep=52 step=001/40 ce=0.2612 sc=0.4361 mi=0.0494 dn=0.0000 v13=0.0006 v15=0.0000 v16=0.0000 v17=0.0000 v18=0.0000 acc=1.0000 lr=1.52e-04 lambda=0.000 v18_lambda=0.000 gpu=3.0/15.8GB
[22:40:43] [train] ep=52 step=010/40 ce=0.2777 sc=0.8286 mi=0.0555 dn=0.0000 v13=0.0007 v15=0.0000 v16=0.0000 v17=0.0000 v18=0.0000 acc=1.0000 lr=1.51e-04 lambda=0.000 v18_lambda=0.000 gpu=3.0/15.8GB
[22:40:44] [train] ep=52 step=020/40 ce=0.3375 sc=0.8586 mi=0.0555 dn=0.0000 v13=0.0006 v15=0.0000 v16=0.0000 v17=0.0000 v18=0.0000 acc=0.9969 lr=1.50e-04 lambda=0.000 v18_lambda=0.000 gpu=3.0/15.8GB
[22:40:46] [train] ep=52 step=030/40 ce=0.3266 sc=0.8206 mi=0.0554 dn=0.0000 v13=0.0006 v15=0.0000 v16=0.0000 v17=0.0000 v18=0.0000 acc=0.9958 lr=1.49e-04 lambda=0.000 v18_lambda=0.000 gpu=3.0/15.8GB
[22:40:48] [train] ep=52 step=040/40 ce=0.3679 sc=0.8398 mi=0.0563 dn=0.0000 v13=0.0006 v15=0.0000 v16=0.0000 v17=0.0000 v18=0.0000 acc=0.9922 lr=1.48e-04 lambda=0.000 v18_lambda=0.000 gpu=3.0/15.8GB
[22:40:51] [ep_summary] ep=52/100 val_live=0.9444/0.9442 val_ema=0.9815/0.9818 test77_live=0.7554/0.7573 test77_diag_ema=0.7374/0.7044 v13=0.0006 v15=0.0000 v16=0.0000 v17=0.0000 v18=0.0000 das=stage3[12,95] p=1.00 ep_time=10.0s
[22:40:51] [save] best_sourceval_ema val_acc_ema=0.9815 source_val_live=0.9444/0.9442 source_val_ema=0.9815/0.9818 ep=52
[22:40:51] [save] best_sourcequalified77_ema ep=52 source_val_live=0.9444/0.9442 source_val_ema=0.9815/0.9818 test77_ema=0.7374/0.7044
[22:40:51] [train] epoch 53/100 steps=40 use_dann=0 das=stage3 f=[12.0,95.0] p=1.00 gpu=3.0/15.8GB
[22:40:51] [train] ep=53 step=001/40 ce=0.2606 sc=0.4371 mi=0.0589 dn=0.0000 v13=0.0005 v15=0.0000 v16=0.0000 v17=0.0000 v18=0.0000 acc=1.0000 lr=1.48e-04 lambda=0.000 v18_lambda=0.000 gpu=3.0/15.8GB
[22:40:53] [train] ep=53 step=010/40 ce=0.2707 sc=0.7517 mi=0.0545 dn=0.0000 v13=0.0005 v15=0.0000 v16=0.0000 v17=0.0000 v18=0.0000 acc=1.0000 lr=1.46e-04 lambda=0.000 v18_lambda=0.000 gpu=3.0/15.8GB
[22:40:54] [train] ep=53 step=020/40 ce=0.3241 sc=0.8280 mi=0.0557 dn=0.0000 v13=0.0006 v15=0.0000 v16=0.0000 v17=0.0000 v18=0.0000 acc=0.9938 lr=1.45e-04 lambda=0.000 v18_lambda=0.000 gpu=3.0/15.8GB
[22:40:56] [train] ep=53 step=030/40 ce=0.3374 sc=0.7992 mi=0.0566 dn=0.0000 v13=0.0005 v15=0.0000 v16=0.0000 v17=0.0000 v18=0.0000 acc=0.9938 lr=1.44e-04 lambda=0.000 v18_lambda=0.000 gpu=3.0/15.8GB
[22:40:58] [train] ep=53 step=040/40 ce=0.3277 sc=0.8148 mi=0.0564 dn=0.0000 v13=0.0006 v15=0.0000 v16=0.0000 v17=0.0000 v18=0.0000 acc=0.9953 lr=1.43e-04 lambda=0.000 v18_lambda=0.000 gpu=3.0/15.8GB
[22:41:01] [ep_summary] ep=53/100 val_live=0.9691/0.9686 val_ema=0.9877/0.9878 test77_live=0.7626/0.7519 test77_diag_ema=0.7410/0.7109 v13=0.0006 v15=0.0000 v16=0.0000 v17=0.0000 v18=0.0000 das=stage3[12,95] p=1.00 ep_time=10.3s
[22:41:01] [save] best_sourceval_ema val_acc_ema=0.9877 source_val_live=0.9691/0.9686 source_val_ema=0.9877/0.9878 ep=53
[22:41:01] [save] best_sourcequalified77_ema ep=53 source_val_live=0.9691/0.9686 source_val_ema=0.9877/0.9878 test77_ema=0.7410/0.7109
[22:41:01] [train] epoch 54/100 steps=40 use_dann=0 das=stage3 f=[12.0,95.0] p=1.00 gpu=3.0/15.8GB
[22:41:01] [train] ep=54 step=001/40 ce=0.2748 sc=0.8641 mi=0.0607 dn=0.0000 v13=0.0003 v15=0.0000 v16=0.0000 v17=0.0000 v18=0.0000 acc=1.0000 lr=1.43e-04 lambda=0.000 v18_lambda=0.000 gpu=3.0/15.8GB
[22:41:03] [train] ep=54 step=010/40 ce=0.2832 sc=0.6753 mi=0.0596 dn=0.0000 v13=0.0005 v15=0.0000 v16=0.0000 v17=0.0000 v18=0.0000 acc=1.0000 lr=1.42e-04 lambda=0.000 v18_lambda=0.000 gpu=3.0/15.8GB
[22:41:06] [train] ep=54 step=020/40 ce=0.3156 sc=0.7382 mi=0.0574 dn=0.0000 v13=0.0006 v15=0.0000 v16=0.0000 v17=0.0000 v18=0.0000 acc=0.9969 lr=1.40e-04 lambda=0.000 v18_lambda=0.000 gpu=3.0/15.8GB
[22:41:08] [train] ep=54 step=030/40 ce=0.3564 sc=0.7618 mi=0.0573 dn=0.0000 v13=0.0006 v15=0.0000 v16=0.0000 v17=0.0000 v18=0.0000 acc=0.9938 lr=1.39e-04 lambda=0.000 v18_lambda=0.000 gpu=3.0/15.8GB
[22:41:10] [train] ep=54 step=040/40 ce=0.3330 sc=0.7616 mi=0.0570 dn=0.0000 v13=0.0005 v15=0.0000 v16=0.0000 v17=0.0000 v18=0.0000 acc=0.9953 lr=1.38e-04 lambda=0.000 v18_lambda=0.000 gpu=3.0/15.8GB
[22:41:13] [ep_summary] ep=54/100 val_live=0.9691/0.9686 val_ema=0.9815/0.9818 test77_live=0.7374/0.7331 test77_diag_ema=0.7518/0.7225 v13=0.0005 v15=0.0000 v16=0.0000 v17=0.0000 v18=0.0000 das=stage3[12,95] p=1.00 ep_time=11.5s
[22:41:13] [save] best_sourcequalified77_ema ep=54 source_val_live=0.9691/0.9686 source_val_ema=0.9815/0.9818 test77_ema=0.7518/0.7225
[22:41:13] [train] epoch 55/100 steps=40 use_dann=0 das=stage3 f=[12.0,95.0] p=1.00 gpu=3.0/15.8GB
[22:41:13] [train] ep=55 step=001/40 ce=0.2636 sc=0.9599 mi=0.0560 dn=0.0000 v13=0.0005 v15=0.0000 v16=0.0000 v17=0.0000 v18=0.0000 acc=1.0000 lr=1.38e-04 lambda=0.000 v18_lambda=0.000 gpu=3.0/15.8GB
[22:41:15] [train] ep=55 step=010/40 ce=0.2686 sc=0.6956 mi=0.0531 dn=0.0000 v13=0.0005 v15=0.0000 v16=0.0000 v17=0.0000 v18=0.0000 acc=1.0000 lr=1.37e-04 lambda=0.000 v18_lambda=0.000 gpu=3.0/15.8GB
[22:41:17] [train] ep=55 step=020/40 ce=0.3031 sc=0.7523 mi=0.0537 dn=0.0000 v13=0.0005 v15=0.0000 v16=0.0000 v17=0.0000 v18=0.0000 acc=1.0000 lr=1.36e-04 lambda=0.000 v18_lambda=0.000 gpu=3.0/15.8GB
[22:41:19] [train] ep=55 step=030/40 ce=0.2908 sc=0.7186 mi=0.0545 dn=0.0000 v13=0.0005 v15=0.0000 v16=0.0000 v17=0.0000 v18=0.0000 acc=1.0000 lr=1.34e-04 lambda=0.000 v18_lambda=0.000 gpu=3.0/15.8GB
[22:41:21] [train] ep=55 step=040/40 ce=0.3128 sc=0.7699 mi=0.0544 dn=0.0000 v13=0.0005 v15=0.0000 v16=0.0000 v17=0.0000 v18=0.0000 acc=0.9984 lr=1.33e-04 lambda=0.000 v18_lambda=0.000 gpu=3.0/15.8GB
[22:41:23] [ep_summary] ep=55/100 val_live=0.9321/0.9287 val_ema=0.9815/0.9818 test77_live=0.7122/0.7055 test77_diag_ema=0.7662/0.7372 v13=0.0005 v15=0.0000 v16=0.0000 v17=0.0000 v18=0.0000 das=stage3[12,95] p=1.00 ep_time=10.8s
[22:41:23] [save] best_sourcequalified77_ema ep=55 source_val_live=0.9321/0.9287 source_val_ema=0.9815/0.9818 test77_ema=0.7662/0.7372
[22:41:24] [train] epoch 56/100 steps=40 use_dann=0 das=stage3 f=[12.0,95.0] p=1.00 gpu=3.0/15.8GB
[22:41:24] [train] ep=56 step=001/40 ce=0.5010 sc=0.8667 mi=0.0574 dn=0.0000 v13=0.0003 v15=0.0000 v16=0.0000 v17=0.0000 v18=0.0000 acc=1.0000 lr=1.33e-04 lambda=0.000 v18_lambda=0.000 gpu=3.0/15.8GB
[22:41:26] [train] ep=56 step=010/40 ce=0.2972 sc=0.7746 mi=0.0590 dn=0.0000 v13=0.0005 v15=0.0000 v16=0.0000 v17=0.0000 v18=0.0000 acc=1.0000 lr=1.32e-04 lambda=0.000 v18_lambda=0.000 gpu=3.0/15.8GB
[22:41:28] [train] ep=56 step=020/40 ce=0.3564 sc=0.7953 mi=0.0576 dn=0.0000 v13=0.0005 v15=0.0000 v16=0.0000 v17=0.0000 v18=0.0000 acc=0.9969 lr=1.31e-04 lambda=0.000 v18_lambda=0.000 gpu=3.0/15.8GB
[22:41:30] [train] ep=56 step=030/40 ce=0.3453 sc=0.7837 mi=0.0582 dn=0.0000 v13=0.0005 v15=0.0000 v16=0.0000 v17=0.0000 v18=0.0000 acc=0.9958 lr=1.30e-04 lambda=0.000 v18_lambda=0.000 gpu=3.0/15.8GB
[22:41:32] [train] ep=56 step=040/40 ce=0.3335 sc=0.7594 mi=0.0581 dn=0.0000 v13=0.0005 v15=0.0000 v16=0.0000 v17=0.0000 v18=0.0000 acc=0.9953 lr=1.28e-04 lambda=0.000 v18_lambda=0.000 gpu=3.0/15.8GB
[22:41:35] [ep_summary] ep=56/100 val_live=0.9691/0.9687 val_ema=0.9815/0.9818 test77_live=0.7050/0.6914 test77_diag_ema=0.7518/0.7256 v13=0.0005 v15=0.0000 v16=0.0000 v17=0.0000 v18=0.0000 das=stage3[12,95] p=1.00 ep_time=11.1s
[22:41:35] [train] epoch 57/100 steps=40 use_dann=0 das=stage3 f=[12.0,95.0] p=1.00 gpu=3.0/15.8GB
[22:41:35] [train] ep=57 step=001/40 ce=0.2604 sc=0.6160 mi=0.0522 dn=0.0000 v13=0.0004 v15=0.0000 v16=0.0000 v17=0.0000 v18=0.0000 acc=1.0000 lr=1.28e-04 lambda=0.000 v18_lambda=0.000 gpu=3.0/15.8GB
[22:41:37] [train] ep=57 step=010/40 ce=0.2938 sc=0.7689 mi=0.0578 dn=0.0000 v13=0.0004 v15=0.0000 v16=0.0000 v17=0.0000 v18=0.0000 acc=1.0000 lr=1.27e-04 lambda=0.000 v18_lambda=0.000 gpu=3.0/15.8GB
[22:41:39] [train] ep=57 step=020/40 ce=0.2929 sc=0.7157 mi=0.0576 dn=0.0000 v13=0.0005 v15=0.0000 v16=0.0000 v17=0.0000 v18=0.0000 acc=1.0000 lr=1.26e-04 lambda=0.000 v18_lambda=0.000 gpu=3.0/15.8GB
[22:41:41] [train] ep=57 step=030/40 ce=0.2943 sc=0.7375 mi=0.0572 dn=0.0000 v13=0.0005 v15=0.0000 v16=0.0000 v17=0.0000 v18=0.0000 acc=1.0000 lr=1.25e-04 lambda=0.000 v18_lambda=0.000 gpu=3.0/15.8GB
[22:41:43] [train] ep=57 step=040/40 ce=0.2870 sc=0.7552 mi=0.0571 dn=0.0000 v13=0.0005 v15=0.0000 v16=0.0000 v17=0.0000 v18=0.0000 acc=1.0000 lr=1.24e-04 lambda=0.000 v18_lambda=0.000 gpu=3.0/15.8GB
[22:41:46] [ep_summary] ep=57/100 val_live=0.9630/0.9623 val_ema=0.9815/0.9818 test77_live=0.7194/0.7155 test77_diag_ema=0.7482/0.7241 v13=0.0005 v15=0.0000 v16=0.0000 v17=0.0000 v18=0.0000 das=stage3[12,95] p=1.00 ep_time=11.1s
[22:41:46] [train] epoch 58/100 steps=40 use_dann=0 das=stage3 f=[12.0,95.0] p=1.00 gpu=3.0/15.8GB
[22:41:46] [train] ep=58 step=001/40 ce=0.2604 sc=0.6382 mi=0.0530 dn=0.0000 v13=0.0005 v15=0.0000 v16=0.0000 v17=0.0000 v18=0.0000 acc=1.0000 lr=1.23e-04 lambda=0.000 v18_lambda=0.000 gpu=3.0/15.8GB
[22:41:48] [train] ep=58 step=010/40 ce=0.3865 sc=0.7921 mi=0.0552 dn=0.0000 v13=0.0004 v15=0.0000 v16=0.0000 v17=0.0000 v18=0.0000 acc=0.9938 lr=1.22e-04 lambda=0.000 v18_lambda=0.000 gpu=3.0/15.8GB
[22:41:50] [train] ep=58 step=020/40 ce=0.3227 sc=0.7038 mi=0.0560 dn=0.0000 v13=0.0004 v15=0.0000 v16=0.0000 v17=0.0000 v18=0.0000 acc=0.9969 lr=1.21e-04 lambda=0.000 v18_lambda=0.000 gpu=3.0/15.8GB
[22:41:52] [train] ep=58 step=030/40 ce=0.3056 sc=0.7326 mi=0.0561 dn=0.0000 v13=0.0004 v15=0.0000 v16=0.0000 v17=0.0000 v18=0.0000 acc=0.9979 lr=1.20e-04 lambda=0.000 v18_lambda=0.000 gpu=3.0/15.8GB
[22:41:54] [train] ep=58 step=040/40 ce=0.3204 sc=0.7878 mi=0.0564 dn=0.0000 v13=0.0004 v15=0.0000 v16=0.0000 v17=0.0000 v18=0.0000 acc=0.9969 lr=1.19e-04 lambda=0.000 v18_lambda=0.000 gpu=3.0/15.8GB
[22:41:57] [ep_summary] ep=58/100 val_live=0.9568/0.9559 val_ema=0.9753/0.9757 test77_live=0.6871/0.6803 test77_diag_ema=0.7518/0.7301 v13=0.0004 v15=0.0000 v16=0.0000 v17=0.0000 v18=0.0000 das=stage3[12,95] p=1.00 ep_time=11.3s
[22:41:57] [train] epoch 59/100 steps=40 use_dann=0 das=stage3 f=[12.0,95.0] p=1.00 gpu=3.0/15.8GB
[22:41:57] [train] ep=59 step=001/40 ce=0.2609 sc=0.6250 mi=0.0617 dn=0.0000 v13=0.0004 v15=0.0000 v16=0.0000 v17=0.0000 v18=0.0000 acc=1.0000 lr=1.19e-04 lambda=0.000 v18_lambda=0.000 gpu=3.0/15.8GB
[22:41:59] [train] ep=59 step=010/40 ce=0.3317 sc=0.7977 mi=0.0562 dn=0.0000 v13=0.0005 v15=0.0000 v16=0.0000 v17=0.0000 v18=0.0000 acc=0.9938 lr=1.18e-04 lambda=0.000 v18_lambda=0.000 gpu=3.0/15.8GB
[22:42:01] [train] ep=59 step=020/40 ce=0.3554 sc=0.7707 mi=0.0568 dn=0.0000 v13=0.0005 v15=0.0000 v16=0.0000 v17=0.0000 v18=0.0000 acc=0.9906 lr=1.16e-04 lambda=0.000 v18_lambda=0.000 gpu=3.0/15.8GB
[22:42:03] [train] ep=59 step=030/40 ce=0.3925 sc=0.8225 mi=0.0567 dn=0.0000 v13=0.0005 v15=0.0000 v16=0.0000 v17=0.0000 v18=0.0000 acc=0.9875 lr=1.15e-04 lambda=0.000 v18_lambda=0.000 gpu=3.0/15.8GB
[22:42:05] [train] ep=59 step=040/40 ce=0.3607 sc=0.8167 mi=0.0561 dn=0.0000 v13=0.0005 v15=0.0000 v16=0.0000 v17=0.0000 v18=0.0000 acc=0.9906 lr=1.14e-04 lambda=0.000 v18_lambda=0.000 gpu=3.0/15.8GB
[22:42:08] [ep_summary] ep=59/100 val_live=0.9815/0.9810 val_ema=0.9815/0.9818 test77_live=0.6583/0.6440 test77_diag_ema=0.7518/0.7316 v13=0.0005 v15=0.0000 v16=0.0000 v17=0.0000 v18=0.0000 das=stage3[12,95] p=1.00 ep_time=11.1s
[22:42:08] [train] epoch 60/100 steps=40 use_dann=0 das=stage3 f=[12.0,95.0] p=1.00 gpu=3.0/15.8GB
[22:42:08] [train] ep=60 step=001/40 ce=0.2585 sc=0.7633 mi=0.0546 dn=0.0000 v13=0.0006 v15=0.0000 v16=0.0000 v17=0.0000 v18=0.0000 acc=1.0000 lr=1.14e-04 lambda=0.000 v18_lambda=0.000 gpu=3.0/15.8GB
[22:42:10] [train] ep=60 step=010/40 ce=0.3163 sc=0.7340 mi=0.0593 dn=0.0000 v13=0.0005 v15=0.0000 v16=0.0000 v17=0.0000 v18=0.0000 acc=0.9938 lr=1.13e-04 lambda=0.000 v18_lambda=0.000 gpu=3.0/15.8GB
[22:42:12] [train] ep=60 step=020/40 ce=0.2915 sc=0.7180 mi=0.0562 dn=0.0000 v13=0.0005 v15=0.0000 v16=0.0000 v17=0.0000 v18=0.0000 acc=0.9969 lr=1.12e-04 lambda=0.000 v18_lambda=0.000 gpu=3.0/15.8GB
[22:42:15] [train] ep=60 step=030/40 ce=0.3135 sc=0.7730 mi=0.0570 dn=0.0000 v13=0.0005 v15=0.0000 v16=0.0000 v17=0.0000 v18=0.0000 acc=0.9958 lr=1.11e-04 lambda=0.000 v18_lambda=0.000 gpu=3.0/15.8GB
[22:42:17] [train] ep=60 step=040/40 ce=0.3020 sc=0.7536 mi=0.0567 dn=0.0000 v13=0.0005 v15=0.0000 v16=0.0000 v17=0.0000 v18=0.0000 acc=0.9969 lr=1.09e-04 lambda=0.000 v18_lambda=0.000 gpu=3.0/15.8GB
[22:42:19] [pool] check ep=060/100 source_val_acc_ema=0.9815 threshold=0.90
[22:42:21] [pool] ep=060 ADDED src_val=0.9815/0.9818 dev77=0.7000/0.6660 final77=0.7446/0.7259
[22:42:21] [pool] running best ep=060 dev77_f1=0.6660 final77_f1=0.7259 (pool_size=3)
[22:42:21] [ep_summary] ep=60/100 val_live=0.9753/0.9749 val_ema=0.9815/0.9818 test77_live=0.6978/0.6968 test77_diag_ema=0.7446/0.7259 v13=0.0005 v15=0.0000 v16=0.0000 v17=0.0000 v18=0.0000 das=stage3[12,95] p=1.00 ep_time=12.6s
[22:42:21] [strict77_monitor] ep=60 best_source_epoch=53 source_val_ema=0.9877/0.9878 test77_ema_diag=0.7410/0.7109 sourcequalified_count=60 best_sourcequalified77_epoch=55 source_val_ema=0.9815/0.9818 test77_ema=0.7662/0.7372
[22:42:21] [train] epoch 61/100 steps=40 use_dann=0 das=stage3 f=[12.0,95.0] p=1.00 gpu=3.0/15.8GB
[22:42:21] [train] ep=61 step=001/40 ce=0.2577 sc=0.7890 mi=0.0522 dn=0.0000 v13=0.0002 v15=0.0000 v16=0.0000 v17=0.0000 v18=0.0000 acc=1.0000 lr=1.09e-04 lambda=0.000 v18_lambda=0.000 gpu=3.0/15.8GB
[22:42:23] [train] ep=61 step=010/40 ce=0.3106 sc=0.7600 mi=0.0531 dn=0.0000 v13=0.0005 v15=0.0000 v16=0.0000 v17=0.0000 v18=0.0000 acc=0.9938 lr=1.08e-04 lambda=0.000 v18_lambda=0.000 gpu=3.0/15.8GB
[22:42:25] [train] ep=61 step=020/40 ce=0.3009 sc=0.7482 mi=0.0534 dn=0.0000 v13=0.0004 v15=0.0000 v16=0.0000 v17=0.0000 v18=0.0000 acc=0.9969 lr=1.07e-04 lambda=0.000 v18_lambda=0.000 gpu=3.0/15.8GB
[22:42:28] [train] ep=61 step=030/40 ce=0.2895 sc=0.7124 mi=0.0537 dn=0.0000 v13=0.0005 v15=0.0000 v16=0.0000 v17=0.0000 v18=0.0000 acc=0.9979 lr=1.06e-04 lambda=0.000 v18_lambda=0.000 gpu=3.0/15.8GB
[22:42:30] [train] ep=61 step=040/40 ce=0.2837 sc=0.7295 mi=0.0544 dn=0.0000 v13=0.0005 v15=0.0000 v16=0.0000 v17=0.0000 v18=0.0000 acc=0.9984 lr=1.05e-04 lambda=0.000 v18_lambda=0.000 gpu=3.0/15.8GB
[22:42:33] [ep_summary] ep=61/100 val_live=0.9753/0.9749 val_ema=0.9815/0.9818 test77_live=0.7158/0.7080 test77_diag_ema=0.7518/0.7365 v13=0.0005 v15=0.0000 v16=0.0000 v17=0.0000 v18=0.0000 das=stage3[12,95] p=1.00 ep_time=11.9s
[22:42:33] [train] epoch 62/100 steps=40 use_dann=0 das=stage3 f=[12.0,95.0] p=1.00 gpu=3.0/15.8GB
[22:42:33] [train] ep=62 step=001/40 ce=0.2602 sc=0.8386 mi=0.0570 dn=0.0000 v13=0.0002 v15=0.0000 v16=0.0000 v17=0.0000 v18=0.0000 acc=1.0000 lr=1.05e-04 lambda=0.000 v18_lambda=0.000 gpu=3.0/15.8GB
[22:42:35] [train] ep=62 step=010/40 ce=0.3147 sc=0.8317 mi=0.0562 dn=0.0000 v13=0.0006 v15=0.0000 v16=0.0000 v17=0.0000 v18=0.0000 acc=0.9938 lr=1.04e-04 lambda=0.000 v18_lambda=0.000 gpu=3.0/15.8GB
[22:42:37] [train] ep=62 step=020/40 ce=0.2884 sc=0.7802 mi=0.0556 dn=0.0000 v13=0.0005 v15=0.0000 v16=0.0000 v17=0.0000 v18=0.0000 acc=0.9969 lr=1.02e-04 lambda=0.000 v18_lambda=0.000 gpu=3.0/15.8GB
[22:42:39] [train] ep=62 step=030/40 ce=0.3057 sc=0.7782 mi=0.0543 dn=0.0000 v13=0.0005 v15=0.0000 v16=0.0000 v17=0.0000 v18=0.0000 acc=0.9958 lr=1.01e-04 lambda=0.000 v18_lambda=0.000 gpu=3.0/15.8GB
[22:42:41] [train] ep=62 step=040/40 ce=0.2941 sc=0.7864 mi=0.0544 dn=0.0000 v13=0.0005 v15=0.0000 v16=0.0000 v17=0.0000 v18=0.0000 acc=0.9969 lr=1.00e-04 lambda=0.000 v18_lambda=0.000 gpu=3.0/15.8GB
[22:42:44] [ep_summary] ep=62/100 val_live=0.9753/0.9749 val_ema=0.9815/0.9818 test77_live=0.6942/0.6900 test77_diag_ema=0.7518/0.7382 v13=0.0005 v15=0.0000 v16=0.0000 v17=0.0000 v18=0.0000 das=stage3[12,95] p=1.00 ep_time=11.1s
[22:42:44] [save] best_sourcequalified77_ema ep=62 source_val_live=0.9753/0.9749 source_val_ema=0.9815/0.9818 test77_ema=0.7518/0.7382
[22:42:44] [train] epoch 63/100 steps=40 use_dann=0 das=stage3 f=[12.0,95.0] p=1.00 gpu=3.0/15.8GB
[22:42:44] [train] ep=63 step=001/40 ce=0.2567 sc=0.7271 mi=0.0525 dn=0.0000 v13=0.0006 v15=0.0000 v16=0.0000 v17=0.0000 v18=0.0000 acc=1.0000 lr=1.00e-04 lambda=0.000 v18_lambda=0.000 gpu=3.0/15.8GB
[22:42:46] [train] ep=63 step=010/40 ce=0.3615 sc=0.7566 mi=0.0515 dn=0.0000 v13=0.0004 v15=0.0000 v16=0.0000 v17=0.0000 v18=0.0000 acc=0.9938 lr=9.89e-05 lambda=0.000 v18_lambda=0.000 gpu=3.0/15.8GB
[22:42:48] [train] ep=63 step=020/40 ce=0.3111 sc=0.7512 mi=0.0534 dn=0.0000 v13=0.0004 v15=0.0000 v16=0.0000 v17=0.0000 v18=0.0000 acc=0.9969 lr=9.78e-05 lambda=0.000 v18_lambda=0.000 gpu=3.0/15.8GB
[22:42:50] [train] ep=63 step=030/40 ce=0.3001 sc=0.7643 mi=0.0543 dn=0.0000 v13=0.0005 v15=0.0000 v16=0.0000 v17=0.0000 v18=0.0000 acc=0.9979 lr=9.67e-05 lambda=0.000 v18_lambda=0.000 gpu=3.0/15.8GB
[22:42:52] [train] ep=63 step=040/40 ce=0.2898 sc=0.7286 mi=0.0549 dn=0.0000 v13=0.0005 v15=0.0000 v16=0.0000 v17=0.0000 v18=0.0000 acc=0.9984 lr=9.55e-05 lambda=0.000 v18_lambda=0.000 gpu=3.0/15.8GB
[22:42:55] [ep_summary] ep=63/100 val_live=0.9753/0.9749 val_ema=0.9753/0.9757 test77_live=0.6727/0.6701 test77_diag_ema=0.7590/0.7486 v13=0.0005 v15=0.0000 v16=0.0000 v17=0.0000 v18=0.0000 das=stage3[12,95] p=1.00 ep_time=11.2s
[22:42:55] [save] best_sourcequalified77_ema ep=63 source_val_live=0.9753/0.9749 source_val_ema=0.9753/0.9757 test77_ema=0.7590/0.7486
[22:42:55] [train] epoch 64/100 steps=40 use_dann=0 das=stage3 f=[12.0,95.0] p=1.00 gpu=3.0/15.8GB
[22:42:55] [train] ep=64 step=001/40 ce=0.2592 sc=0.6152 mi=0.0451 dn=0.0000 v13=0.0005 v15=0.0000 v16=0.0000 v17=0.0000 v18=0.0000 acc=1.0000 lr=9.54e-05 lambda=0.000 v18_lambda=0.000 gpu=3.0/15.8GB
[22:42:57] [train] ep=64 step=010/40 ce=0.2687 sc=0.7740 mi=0.0544 dn=0.0000 v13=0.0004 v15=0.0000 v16=0.0000 v17=0.0000 v18=0.0000 acc=1.0000 lr=9.44e-05 lambda=0.000 v18_lambda=0.000 gpu=3.0/15.8GB
[22:42:59] [train] ep=64 step=020/40 ce=0.2660 sc=0.7779 mi=0.0554 dn=0.0000 v13=0.0004 v15=0.0000 v16=0.0000 v17=0.0000 v18=0.0000 acc=1.0000 lr=9.33e-05 lambda=0.000 v18_lambda=0.000 gpu=3.0/15.8GB
[22:43:01] [train] ep=64 step=030/40 ce=0.2645 sc=0.7479 mi=0.0555 dn=0.0000 v13=0.0005 v15=0.0000 v16=0.0000 v17=0.0000 v18=0.0000 acc=1.0000 lr=9.21e-05 lambda=0.000 v18_lambda=0.000 gpu=3.0/15.8GB
[22:43:03] [train] ep=64 step=040/40 ce=0.2904 sc=0.7915 mi=0.0560 dn=0.0000 v13=0.0005 v15=0.0000 v16=0.0000 v17=0.0000 v18=0.0000 acc=0.9984 lr=9.10e-05 lambda=0.000 v18_lambda=0.000 gpu=3.0/15.8GB
[22:43:06] [ep_summary] ep=64/100 val_live=0.9753/0.9749 val_ema=0.9753/0.9757 test77_live=0.6978/0.6881 test77_diag_ema=0.7590/0.7491 v13=0.0005 v15=0.0000 v16=0.0000 v17=0.0000 v18=0.0000 das=stage3[12,95] p=1.00 ep_time=11.0s
[22:43:06] [save] best_sourcequalified77_ema ep=64 source_val_live=0.9753/0.9749 source_val_ema=0.9753/0.9757 test77_ema=0.7590/0.7491
[22:43:06] [train] epoch 65/100 steps=40 use_dann=0 das=stage3 f=[12.0,95.0] p=1.00 gpu=3.0/15.8GB
[22:43:06] [train] ep=65 step=001/40 ce=0.3567 sc=0.5448 mi=0.0405 dn=0.0000 v13=0.0002 v15=0.0000 v16=0.0000 v17=0.0000 v18=0.0000 acc=1.0000 lr=9.09e-05 lambda=0.000 v18_lambda=0.000 gpu=3.0/15.8GB
[22:43:08] [train] ep=65 step=010/40 ce=0.3435 sc=0.7555 mi=0.0525 dn=0.0000 v13=0.0004 v15=0.0000 v16=0.0000 v17=0.0000 v18=0.0000 acc=0.9938 lr=8.99e-05 lambda=0.000 v18_lambda=0.000 gpu=3.0/15.8GB
[22:43:10] [train] ep=65 step=020/40 ce=0.3830 sc=0.7551 mi=0.0537 dn=0.0000 v13=0.0005 v15=0.0000 v16=0.0000 v17=0.0000 v18=0.0000 acc=0.9906 lr=8.88e-05 lambda=0.000 v18_lambda=0.000 gpu=3.0/15.8GB
[22:43:12] [train] ep=65 step=030/40 ce=0.4017 sc=0.8156 mi=0.0541 dn=0.0000 v13=0.0004 v15=0.0000 v16=0.0000 v17=0.0000 v18=0.0000 acc=0.9896 lr=8.77e-05 lambda=0.000 v18_lambda=0.000 gpu=3.0/15.8GB
[22:43:14] [train] ep=65 step=040/40 ce=0.3716 sc=0.7840 mi=0.0541 dn=0.0000 v13=0.0004 v15=0.0000 v16=0.0000 v17=0.0000 v18=0.0000 acc=0.9922 lr=8.66e-05 lambda=0.000 v18_lambda=0.000 gpu=3.0/15.8GB
[22:43:17] [ep_summary] ep=65/100 val_live=0.9753/0.9750 val_ema=0.9753/0.9757 test77_live=0.7194/0.6890 test77_diag_ema=0.7554/0.7455 v13=0.0004 v15=0.0000 v16=0.0000 v17=0.0000 v18=0.0000 das=stage3[12,95] p=1.00 ep_time=11.1s
[22:43:17] [train] epoch 66/100 steps=40 use_dann=0 das=stage3 f=[12.0,95.0] p=1.00 gpu=3.0/15.8GB
[22:43:17] [train] ep=66 step=001/40 ce=0.2618 sc=0.7423 mi=0.0532 dn=0.0000 v13=0.0003 v15=0.0000 v16=0.0000 v17=0.0000 v18=0.0000 acc=1.0000 lr=8.65e-05 lambda=0.000 v18_lambda=0.000 gpu=3.0/15.8GB
[22:43:19] [train] ep=66 step=010/40 ce=0.2865 sc=0.8103 mi=0.0554 dn=0.0000 v13=0.0004 v15=0.0000 v16=0.0000 v17=0.0000 v18=0.0000 acc=1.0000 lr=8.55e-05 lambda=0.000 v18_lambda=0.000 gpu=3.0/15.8GB
[22:43:21] [train] ep=66 step=020/40 ce=0.3928 sc=0.8289 mi=0.0549 dn=0.0000 v13=0.0004 v15=0.0000 v16=0.0000 v17=0.0000 v18=0.0000 acc=0.9906 lr=8.44e-05 lambda=0.000 v18_lambda=0.000 gpu=3.0/15.8GB
[22:43:24] [train] ep=66 step=030/40 ce=0.3573 sc=0.8208 mi=0.0555 dn=0.0000 v13=0.0004 v15=0.0000 v16=0.0000 v17=0.0000 v18=0.0000 acc=0.9938 lr=8.33e-05 lambda=0.000 v18_lambda=0.000 gpu=3.0/15.8GB
[22:43:26] [train] ep=66 step=040/40 ce=0.3418 sc=0.7739 mi=0.0557 dn=0.0000 v13=0.0005 v15=0.0000 v16=0.0000 v17=0.0000 v18=0.0000 acc=0.9953 lr=8.22e-05 lambda=0.000 v18_lambda=0.000 gpu=3.0/15.8GB
[22:43:28] [ep_summary] ep=66/100 val_live=0.9753/0.9749 val_ema=0.9753/0.9757 test77_live=0.7374/0.7264 test77_diag_ema=0.7554/0.7455 v13=0.0005 v15=0.0000 v16=0.0000 v17=0.0000 v18=0.0000 das=stage3[12,95] p=1.00 ep_time=11.2s
[22:43:28] [train] epoch 67/100 steps=40 use_dann=0 das=stage3 f=[12.0,95.0] p=1.00 gpu=3.0/15.8GB
[22:43:29] [train] ep=67 step=001/40 ce=0.2588 sc=0.7110 mi=0.0594 dn=0.0000 v13=0.0005 v15=0.0000 v16=0.0000 v17=0.0000 v18=0.0000 acc=1.0000 lr=8.21e-05 lambda=0.000 v18_lambda=0.000 gpu=3.0/15.8GB
[22:43:31] [train] ep=67 step=010/40 ce=0.3004 sc=0.8243 mi=0.0541 dn=0.0000 v13=0.0005 v15=0.0000 v16=0.0000 v17=0.0000 v18=0.0000 acc=1.0000 lr=8.11e-05 lambda=0.000 v18_lambda=0.000 gpu=3.0/15.8GB
[22:43:33] [train] ep=67 step=020/40 ce=0.3623 sc=0.8521 mi=0.0545 dn=0.0000 v13=0.0005 v15=0.0000 v16=0.0000 v17=0.0000 v18=0.0000 acc=0.9938 lr=8.01e-05 lambda=0.000 v18_lambda=0.000 gpu=3.0/15.8GB
[22:43:35] [train] ep=67 step=030/40 ce=0.3312 sc=0.8176 mi=0.0543 dn=0.0000 v13=0.0005 v15=0.0000 v16=0.0000 v17=0.0000 v18=0.0000 acc=0.9958 lr=7.90e-05 lambda=0.000 v18_lambda=0.000 gpu=3.0/15.8GB
[22:43:37] [train] ep=67 step=040/40 ce=0.3136 sc=0.8037 mi=0.0547 dn=0.0000 v13=0.0005 v15=0.0000 v16=0.0000 v17=0.0000 v18=0.0000 acc=0.9969 lr=7.79e-05 lambda=0.000 v18_lambda=0.000 gpu=3.0/15.8GB
[22:43:40] [ep_summary] ep=67/100 val_live=0.9630/0.9623 val_ema=0.9753/0.9757 test77_live=0.6978/0.6931 test77_diag_ema=0.7554/0.7455 v13=0.0005 v15=0.0000 v16=0.0000 v17=0.0000 v18=0.0000 das=stage3[12,95] p=1.00 ep_time=11.3s
[22:43:40] [train] epoch 68/100 steps=40 use_dann=0 das=stage3 f=[12.0,95.0] p=1.00 gpu=3.0/15.8GB
[22:43:40] [train] ep=68 step=001/40 ce=0.2617 sc=1.0515 mi=0.0562 dn=0.0000 v13=0.0005 v15=0.0000 v16=0.0000 v17=0.0000 v18=0.0000 acc=1.0000 lr=7.78e-05 lambda=0.000 v18_lambda=0.000 gpu=3.0/15.8GB
[22:43:42] [train] ep=68 step=010/40 ce=0.2656 sc=0.7049 mi=0.0538 dn=0.0000 v13=0.0004 v15=0.0000 v16=0.0000 v17=0.0000 v18=0.0000 acc=1.0000 lr=7.69e-05 lambda=0.000 v18_lambda=0.000 gpu=3.0/15.8GB
[22:43:43] [train] ep=68 step=020/40 ce=0.2893 sc=0.7770 mi=0.0551 dn=0.0000 v13=0.0005 v15=0.0000 v16=0.0000 v17=0.0000 v18=0.0000 acc=0.9969 lr=7.58e-05 lambda=0.000 v18_lambda=0.000 gpu=3.0/15.8GB
[22:43:45] [train] ep=68 step=030/40 ce=0.2970 sc=0.7610 mi=0.0556 dn=0.0000 v13=0.0005 v15=0.0000 v16=0.0000 v17=0.0000 v18=0.0000 acc=0.9958 lr=7.48e-05 lambda=0.000 v18_lambda=0.000 gpu=3.0/15.8GB
[22:43:47] [train] ep=68 step=040/40 ce=0.2937 sc=0.7492 mi=0.0554 dn=0.0000 v13=0.0004 v15=0.0000 v16=0.0000 v17=0.0000 v18=0.0000 acc=0.9969 lr=7.37e-05 lambda=0.000 v18_lambda=0.000 gpu=3.0/15.8GB
[22:43:50] [ep_summary] ep=68/100 val_live=0.9568/0.9555 val_ema=0.9753/0.9757 test77_live=0.6978/0.6897 test77_diag_ema=0.7554/0.7455 v13=0.0004 v15=0.0000 v16=0.0000 v17=0.0000 v18=0.0000 das=stage3[12,95] p=1.00 ep_time=10.2s
[22:43:50] [train] epoch 69/100 steps=40 use_dann=0 das=stage3 f=[12.0,95.0] p=1.00 gpu=3.0/15.8GB
[22:43:50] [train] ep=69 step=001/40 ce=0.2580 sc=0.9610 mi=0.0492 dn=0.0000 v13=0.0003 v15=0.0000 v16=0.0000 v17=0.0000 v18=0.0000 acc=1.0000 lr=7.36e-05 lambda=0.000 v18_lambda=0.000 gpu=3.0/15.8GB
[22:43:52] [train] ep=69 step=010/40 ce=0.3323 sc=0.8516 mi=0.0554 dn=0.0000 v13=0.0004 v15=0.0000 v16=0.0000 v17=0.0000 v18=0.0000 acc=0.9938 lr=7.27e-05 lambda=0.000 v18_lambda=0.000 gpu=3.0/15.8GB
[22:43:54] [train] ep=69 step=020/40 ce=0.3116 sc=0.7937 mi=0.0548 dn=0.0000 v13=0.0005 v15=0.0000 v16=0.0000 v17=0.0000 v18=0.0000 acc=0.9969 lr=7.16e-05 lambda=0.000 v18_lambda=0.000 gpu=3.0/15.8GB
[22:43:56] [train] ep=69 step=030/40 ce=0.2998 sc=0.7793 mi=0.0556 dn=0.0000 v13=0.0005 v15=0.0000 v16=0.0000 v17=0.0000 v18=0.0000 acc=0.9979 lr=7.06e-05 lambda=0.000 v18_lambda=0.000 gpu=3.0/15.8GB
[22:43:58] [train] ep=69 step=040/40 ce=0.2980 sc=0.7752 mi=0.0554 dn=0.0000 v13=0.0005 v15=0.0000 v16=0.0000 v17=0.0000 v18=0.0000 acc=0.9984 lr=6.96e-05 lambda=0.000 v18_lambda=0.000 gpu=3.0/15.8GB
[22:44:01] [ep_summary] ep=69/100 val_live=0.9630/0.9622 val_ema=0.9753/0.9757 test77_live=0.6978/0.6837 test77_diag_ema=0.7554/0.7461 v13=0.0005 v15=0.0000 v16=0.0000 v17=0.0000 v18=0.0000 das=stage3[12,95] p=1.00 ep_time=10.9s
[22:44:01] [train] epoch 70/100 steps=40 use_dann=0 das=stage3 f=[12.0,95.0] p=1.00 gpu=3.0/15.8GB
[22:44:01] [train] ep=70 step=001/40 ce=0.2585 sc=1.0485 mi=0.0467 dn=0.0000 v13=0.0005 v15=0.0000 v16=0.0000 v17=0.0000 v18=0.0000 acc=1.0000 lr=6.95e-05 lambda=0.000 v18_lambda=0.000 gpu=3.0/15.8GB
[22:44:03] [train] ep=70 step=010/40 ce=0.2807 sc=0.8646 mi=0.0534 dn=0.0000 v13=0.0004 v15=0.0000 v16=0.0000 v17=0.0000 v18=0.0000 acc=1.0000 lr=6.85e-05 lambda=0.000 v18_lambda=0.000 gpu=3.0/15.8GB
[22:44:04] [train] ep=70 step=020/40 ce=0.3526 sc=0.8836 mi=0.0535 dn=0.0000 v13=0.0004 v15=0.0000 v16=0.0000 v17=0.0000 v18=0.0000 acc=0.9938 lr=6.75e-05 lambda=0.000 v18_lambda=0.000 gpu=3.0/15.8GB
[22:44:06] [train] ep=70 step=030/40 ce=0.3348 sc=0.8463 mi=0.0546 dn=0.0000 v13=0.0004 v15=0.0000 v16=0.0000 v17=0.0000 v18=0.0000 acc=0.9958 lr=6.65e-05 lambda=0.000 v18_lambda=0.000 gpu=3.0/15.8GB
[22:44:08] [train] ep=70 step=040/40 ce=0.3193 sc=0.8221 mi=0.0544 dn=0.0000 v13=0.0004 v15=0.0000 v16=0.0000 v17=0.0000 v18=0.0000 acc=0.9969 lr=6.55e-05 lambda=0.000 v18_lambda=0.000 gpu=3.0/15.8GB
[22:44:11] [pool] check ep=070/100 source_val_acc_ema=0.9753 threshold=0.90
[22:44:12] [pool] ep=070 ADDED src_val=0.9753/0.9757 dev77=0.6857/0.6695 final77=0.7590/0.7497
[22:44:12] [pool] running best ep=070 dev77_f1=0.6695 final77_f1=0.7497 (pool_size=4)
[22:44:12] [ep_summary] ep=70/100 val_live=0.9753/0.9749 val_ema=0.9753/0.9757 test77_live=0.7338/0.7265 test77_diag_ema=0.7590/0.7497 v13=0.0004 v15=0.0000 v16=0.0000 v17=0.0000 v18=0.0000 das=stage3[12,95] p=1.00 ep_time=11.3s
[22:44:12] [save] best_sourcequalified77_ema ep=70 source_val_live=0.9753/0.9749 source_val_ema=0.9753/0.9757 test77_ema=0.7590/0.7497
[22:44:12] [strict77_monitor] ep=70 best_source_epoch=53 source_val_ema=0.9877/0.9878 test77_ema_diag=0.7410/0.7109 sourcequalified_count=70 best_sourcequalified77_epoch=70 source_val_ema=0.9753/0.9757 test77_ema=0.7590/0.7497
[22:44:12] [train] epoch 71/100 steps=40 use_dann=0 das=stage3 f=[12.0,95.0] p=1.00 gpu=3.0/15.8GB
[22:44:12] [train] ep=71 step=001/40 ce=0.2600 sc=0.7159 mi=0.0572 dn=0.0000 v13=0.0002 v15=0.0000 v16=0.0000 v17=0.0000 v18=0.0000 acc=1.0000 lr=6.54e-05 lambda=0.000 v18_lambda=0.000 gpu=3.0/15.8GB
[22:44:14] [train] ep=71 step=010/40 ce=0.2580 sc=0.8168 mi=0.0500 dn=0.0000 v13=0.0004 v15=0.0000 v16=0.0000 v17=0.0000 v18=0.0000 acc=1.0000 lr=6.45e-05 lambda=0.000 v18_lambda=0.000 gpu=3.0/15.8GB
[22:44:16] [train] ep=71 step=020/40 ce=0.3083 sc=0.7740 mi=0.0518 dn=0.0000 v13=0.0004 v15=0.0000 v16=0.0000 v17=0.0000 v18=0.0000 acc=0.9969 lr=6.35e-05 lambda=0.000 v18_lambda=0.000 gpu=3.0/15.8GB
[22:44:18] [train] ep=71 step=030/40 ce=0.2973 sc=0.7760 mi=0.0518 dn=0.0000 v13=0.0004 v15=0.0000 v16=0.0000 v17=0.0000 v18=0.0000 acc=0.9979 lr=6.25e-05 lambda=0.000 v18_lambda=0.000 gpu=3.0/15.8GB
[22:44:20] [train] ep=71 step=040/40 ce=0.2934 sc=0.7408 mi=0.0531 dn=0.0000 v13=0.0004 v15=0.0000 v16=0.0000 v17=0.0000 v18=0.0000 acc=0.9984 lr=6.15e-05 lambda=0.000 v18_lambda=0.000 gpu=3.0/15.8GB
[22:44:22] [ep_summary] ep=71/100 val_live=0.9753/0.9749 val_ema=0.9753/0.9757 test77_live=0.7518/0.7490 test77_diag_ema=0.7590/0.7497 v13=0.0004 v15=0.0000 v16=0.0000 v17=0.0000 v18=0.0000 das=stage3[12,95] p=1.00 ep_time=10.3s
[22:44:22] [train] epoch 72/100 steps=40 use_dann=0 das=stage3 f=[12.0,95.0] p=1.00 gpu=3.0/15.8GB
[22:44:23] [train] ep=72 step=001/40 ce=0.2579 sc=0.7135 mi=0.0579 dn=0.0000 v13=0.0004 v15=0.0000 v16=0.0000 v17=0.0000 v18=0.0000 acc=1.0000 lr=6.14e-05 lambda=0.000 v18_lambda=0.000 gpu=3.0/15.8GB
[22:44:24] [train] ep=72 step=010/40 ce=0.2579 sc=0.7651 mi=0.0525 dn=0.0000 v13=0.0004 v15=0.0000 v16=0.0000 v17=0.0000 v18=0.0000 acc=1.0000 lr=6.06e-05 lambda=0.000 v18_lambda=0.000 gpu=3.0/15.8GB
[22:44:26] [train] ep=72 step=020/40 ce=0.2636 sc=0.7404 mi=0.0535 dn=0.0000 v13=0.0004 v15=0.0000 v16=0.0000 v17=0.0000 v18=0.0000 acc=1.0000 lr=5.96e-05 lambda=0.000 v18_lambda=0.000 gpu=3.0/15.8GB
[22:44:28] [train] ep=72 step=030/40 ce=0.2646 sc=0.7432 mi=0.0535 dn=0.0000 v13=0.0004 v15=0.0000 v16=0.0000 v17=0.0000 v18=0.0000 acc=1.0000 lr=5.86e-05 lambda=0.000 v18_lambda=0.000 gpu=3.0/15.8GB
[22:44:30] [train] ep=72 step=040/40 ce=0.2768 sc=0.7268 mi=0.0534 dn=0.0000 v13=0.0004 v15=0.0000 v16=0.0000 v17=0.0000 v18=0.0000 acc=0.9984 lr=5.77e-05 lambda=0.000 v18_lambda=0.000 gpu=3.0/15.8GB
[22:44:32] [ep_summary] ep=72/100 val_live=0.9753/0.9749 val_ema=0.9753/0.9757 test77_live=0.7410/0.7397 test77_diag_ema=0.7554/0.7471 v13=0.0004 v15=0.0000 v16=0.0000 v17=0.0000 v18=0.0000 das=stage3[12,95] p=1.00 ep_time=10.1s
[22:44:32] [train] epoch 73/100 steps=40 use_dann=0 das=stage3 f=[12.0,95.0] p=1.00 gpu=3.0/15.8GB
[22:44:33] [train] ep=73 step=001/40 ce=0.2588 sc=1.1011 mi=0.0613 dn=0.0000 v13=0.0004 v15=0.0000 v16=0.0000 v17=0.0000 v18=0.0000 acc=1.0000 lr=5.76e-05 lambda=0.000 v18_lambda=0.000 gpu=3.0/15.8GB
[22:44:34] [train] ep=73 step=010/40 ce=0.4140 sc=0.8368 mi=0.0549 dn=0.0000 v13=0.0004 v15=0.0000 v16=0.0000 v17=0.0000 v18=0.0000 acc=0.9875 lr=5.67e-05 lambda=0.000 v18_lambda=0.000 gpu=3.0/15.8GB
[22:44:36] [train] ep=73 step=020/40 ce=0.3364 sc=0.7936 mi=0.0542 dn=0.0000 v13=0.0004 v15=0.0000 v16=0.0000 v17=0.0000 v18=0.0000 acc=0.9938 lr=5.58e-05 lambda=0.000 v18_lambda=0.000 gpu=3.0/15.8GB
[22:44:38] [train] ep=73 step=030/40 ce=0.3124 sc=0.7839 mi=0.0544 dn=0.0000 v13=0.0004 v15=0.0000 v16=0.0000 v17=0.0000 v18=0.0000 acc=0.9958 lr=5.48e-05 lambda=0.000 v18_lambda=0.000 gpu=3.0/15.8GB
[22:44:40] [train] ep=73 step=040/40 ce=0.3006 sc=0.7828 mi=0.0542 dn=0.0000 v13=0.0004 v15=0.0000 v16=0.0000 v17=0.0000 v18=0.0000 acc=0.9969 lr=5.39e-05 lambda=0.000 v18_lambda=0.000 gpu=3.0/15.8GB
[22:44:42] [ep_summary] ep=73/100 val_live=0.9753/0.9749 val_ema=0.9753/0.9757 test77_live=0.7518/0.7475 test77_diag_ema=0.7554/0.7488 v13=0.0004 v15=0.0000 v16=0.0000 v17=0.0000 v18=0.0000 das=stage3[12,95] p=1.00 ep_time=9.9s
[22:44:42] [train] epoch 74/100 steps=40 use_dann=0 das=stage3 f=[12.0,95.0] p=1.00 gpu=3.0/15.8GB
[22:44:43] [train] ep=74 step=001/40 ce=0.2582 sc=0.4366 mi=0.0567 dn=0.0000 v13=0.0005 v15=0.0000 v16=0.0000 v17=0.0000 v18=0.0000 acc=1.0000 lr=5.38e-05 lambda=0.000 v18_lambda=0.000 gpu=3.0/15.8GB
[22:44:44] [train] ep=74 step=010/40 ce=0.2636 sc=0.7799 mi=0.0547 dn=0.0000 v13=0.0005 v15=0.0000 v16=0.0000 v17=0.0000 v18=0.0000 acc=1.0000 lr=5.30e-05 lambda=0.000 v18_lambda=0.000 gpu=3.0/15.8GB
[22:44:46] [train] ep=74 step=020/40 ce=0.3018 sc=0.7655 mi=0.0553 dn=0.0000 v13=0.0004 v15=0.0000 v16=0.0000 v17=0.0000 v18=0.0000 acc=0.9969 lr=5.20e-05 lambda=0.000 v18_lambda=0.000 gpu=3.0/15.8GB
[22:44:48] [train] ep=74 step=030/40 ce=0.2889 sc=0.7889 mi=0.0550 dn=0.0000 v13=0.0005 v15=0.0000 v16=0.0000 v17=0.0000 v18=0.0000 acc=0.9979 lr=5.11e-05 lambda=0.000 v18_lambda=0.000 gpu=3.0/15.8GB
[22:44:50] [train] ep=74 step=040/40 ce=0.3314 sc=0.8174 mi=0.0545 dn=0.0000 v13=0.0005 v15=0.0000 v16=0.0000 v17=0.0000 v18=0.0000 acc=0.9953 lr=5.02e-05 lambda=0.000 v18_lambda=0.000 gpu=3.0/15.8GB
[22:44:52] [ep_summary] ep=74/100 val_live=0.9691/0.9685 val_ema=0.9753/0.9757 test77_live=0.7266/0.7184 test77_diag_ema=0.7554/0.7486 v13=0.0005 v15=0.0000 v16=0.0000 v17=0.0000 v18=0.0000 das=stage3[12,95] p=1.00 ep_time=9.9s
[22:44:52] [train] epoch 75/100 steps=40 use_dann=0 das=stage3 f=[12.0,95.0] p=1.00 gpu=3.0/15.8GB
[22:44:52] [train] ep=75 step=001/40 ce=0.2582 sc=0.7431 mi=0.0505 dn=0.0000 v13=0.0004 v15=0.0000 v16=0.0000 v17=0.0000 v18=0.0000 acc=1.0000 lr=5.01e-05 lambda=0.000 v18_lambda=0.000 gpu=3.0/15.8GB
[22:44:54] [train] ep=75 step=010/40 ce=0.2631 sc=0.7264 mi=0.0540 dn=0.0000 v13=0.0004 v15=0.0000 v16=0.0000 v17=0.0000 v18=0.0000 acc=1.0000 lr=4.93e-05 lambda=0.000 v18_lambda=0.000 gpu=3.0/15.8GB
[22:44:56] [train] ep=75 step=020/40 ce=0.2729 sc=0.7104 mi=0.0537 dn=0.0000 v13=0.0004 v15=0.0000 v16=0.0000 v17=0.0000 v18=0.0000 acc=1.0000 lr=4.84e-05 lambda=0.000 v18_lambda=0.000 gpu=3.0/15.8GB
[22:44:58] [train] ep=75 step=030/40 ce=0.2699 sc=0.7377 mi=0.0536 dn=0.0000 v13=0.0004 v15=0.0000 v16=0.0000 v17=0.0000 v18=0.0000 acc=1.0000 lr=4.75e-05 lambda=0.000 v18_lambda=0.000 gpu=3.0/15.8GB
[22:44:59] [train] ep=75 step=040/40 ce=0.2708 sc=0.7616 mi=0.0533 dn=0.0000 v13=0.0004 v15=0.0000 v16=0.0000 v17=0.0000 v18=0.0000 acc=1.0000 lr=4.66e-05 lambda=0.000 v18_lambda=0.000 gpu=3.0/15.8GB
[22:45:02] [ep_summary] ep=75/100 val_live=0.9691/0.9685 val_ema=0.9753/0.9757 test77_live=0.7122/0.7084 test77_diag_ema=0.7590/0.7533 v13=0.0004 v15=0.0000 v16=0.0000 v17=0.0000 v18=0.0000 das=stage3[12,95] p=1.00 ep_time=9.9s
[22:45:02] [save] best_sourcequalified77_ema ep=75 source_val_live=0.9691/0.9685 source_val_ema=0.9753/0.9757 test77_ema=0.7590/0.7533
[22:45:02] [train] epoch 76/100 steps=40 use_dann=0 das=stage3 f=[12.0,95.0] p=1.00 gpu=3.0/15.8GB
[22:45:02] [train] ep=76 step=001/40 ce=0.2569 sc=0.6532 mi=0.0464 dn=0.0000 v13=0.0004 v15=0.0000 v16=0.0000 v17=0.0000 v18=0.0000 acc=1.0000 lr=4.65e-05 lambda=0.000 v18_lambda=0.000 gpu=3.0/15.8GB
[22:45:04] [train] ep=76 step=010/40 ce=0.2604 sc=0.6231 mi=0.0549 dn=0.0000 v13=0.0004 v15=0.0000 v16=0.0000 v17=0.0000 v18=0.0000 acc=1.0000 lr=4.58e-05 lambda=0.000 v18_lambda=0.000 gpu=3.0/15.8GB
[22:45:06] [train] ep=76 step=020/40 ce=0.2705 sc=0.6606 mi=0.0549 dn=0.0000 v13=0.0005 v15=0.0000 v16=0.0000 v17=0.0000 v18=0.0000 acc=1.0000 lr=4.49e-05 lambda=0.000 v18_lambda=0.000 gpu=3.0/15.8GB
[22:45:08] [train] ep=76 step=030/40 ce=0.2855 sc=0.7164 mi=0.0543 dn=0.0000 v13=0.0004 v15=0.0000 v16=0.0000 v17=0.0000 v18=0.0000 acc=1.0000 lr=4.40e-05 lambda=0.000 v18_lambda=0.000 gpu=3.0/15.8GB
[22:45:09] [train] ep=76 step=040/40 ce=0.3195 sc=0.7286 mi=0.0543 dn=0.0000 v13=0.0004 v15=0.0000 v16=0.0000 v17=0.0000 v18=0.0000 acc=0.9969 lr=4.32e-05 lambda=0.000 v18_lambda=0.000 gpu=3.0/15.8GB
[22:45:12] [ep_summary] ep=76/100 val_live=0.9753/0.9749 val_ema=0.9753/0.9757 test77_live=0.7014/0.6939 test77_diag_ema=0.7590/0.7525 v13=0.0004 v15=0.0000 v16=0.0000 v17=0.0000 v18=0.0000 das=stage3[12,95] p=1.00 ep_time=9.9s
[22:45:12] [train] epoch 77/100 steps=40 use_dann=0 das=stage3 f=[12.0,95.0] p=1.00 gpu=3.0/15.8GB
[22:45:12] [train] ep=77 step=001/40 ce=0.2587 sc=0.5382 mi=0.0481 dn=0.0000 v13=0.0005 v15=0.0000 v16=0.0000 v17=0.0000 v18=0.0000 acc=1.0000 lr=4.31e-05 lambda=0.000 v18_lambda=0.000 gpu=3.0/15.8GB
[22:45:14] [train] ep=77 step=010/40 ce=0.3018 sc=0.6878 mi=0.0526 dn=0.0000 v13=0.0004 v15=0.0000 v16=0.0000 v17=0.0000 v18=0.0000 acc=0.9938 lr=4.23e-05 lambda=0.000 v18_lambda=0.000 gpu=3.0/15.8GB
[22:45:16] [train] ep=77 step=020/40 ce=0.3239 sc=0.7559 mi=0.0520 dn=0.0000 v13=0.0004 v15=0.0000 v16=0.0000 v17=0.0000 v18=0.0000 acc=0.9938 lr=4.15e-05 lambda=0.000 v18_lambda=0.000 gpu=3.0/15.8GB
[22:45:18] [train] ep=77 step=030/40 ce=0.3042 sc=0.7488 mi=0.0518 dn=0.0000 v13=0.0004 v15=0.0000 v16=0.0000 v17=0.0000 v18=0.0000 acc=0.9958 lr=4.06e-05 lambda=0.000 v18_lambda=0.000 gpu=3.0/15.8GB
[22:45:19] [train] ep=77 step=040/40 ce=0.2934 sc=0.7649 mi=0.0521 dn=0.0000 v13=0.0004 v15=0.0000 v16=0.0000 v17=0.0000 v18=0.0000 acc=0.9969 lr=3.98e-05 lambda=0.000 v18_lambda=0.000 gpu=3.0/15.8GB
[22:45:22] [ep_summary] ep=77/100 val_live=0.9753/0.9749 val_ema=0.9815/0.9817 test77_live=0.7014/0.6937 test77_diag_ema=0.7626/0.7554 v13=0.0004 v15=0.0000 v16=0.0000 v17=0.0000 v18=0.0000 das=stage3[12,95] p=1.00 ep_time=9.9s
[22:45:22] [save] best_sourcequalified77_ema ep=77 source_val_live=0.9753/0.9749 source_val_ema=0.9815/0.9817 test77_ema=0.7626/0.7554
[22:45:22] [train] epoch 78/100 steps=40 use_dann=0 das=stage3 f=[12.0,95.0] p=1.00 gpu=3.0/15.8GB
[22:45:22] [train] ep=78 step=001/40 ce=0.2582 sc=0.5970 mi=0.0491 dn=0.0000 v13=0.0004 v15=0.0000 v16=0.0000 v17=0.0000 v18=0.0000 acc=1.0000 lr=3.97e-05 lambda=0.000 v18_lambda=0.000 gpu=3.0/15.8GB
[22:45:24] [train] ep=78 step=010/40 ce=0.2582 sc=0.7186 mi=0.0552 dn=0.0000 v13=0.0004 v15=0.0000 v16=0.0000 v17=0.0000 v18=0.0000 acc=1.0000 lr=3.90e-05 lambda=0.000 v18_lambda=0.000 gpu=3.0/15.8GB
[22:45:26] [train] ep=78 step=020/40 ce=0.2929 sc=0.7007 mi=0.0544 dn=0.0000 v13=0.0005 v15=0.0000 v16=0.0000 v17=0.0000 v18=0.0000 acc=0.9969 lr=3.82e-05 lambda=0.000 v18_lambda=0.000 gpu=3.0/15.8GB
[22:45:28] [train] ep=78 step=030/40 ce=0.2813 sc=0.7380 mi=0.0551 dn=0.0000 v13=0.0005 v15=0.0000 v16=0.0000 v17=0.0000 v18=0.0000 acc=0.9979 lr=3.74e-05 lambda=0.000 v18_lambda=0.000 gpu=3.0/15.8GB
[22:45:29] [train] ep=78 step=040/40 ce=0.2754 sc=0.7417 mi=0.0548 dn=0.0000 v13=0.0005 v15=0.0000 v16=0.0000 v17=0.0000 v18=0.0000 acc=0.9984 lr=3.66e-05 lambda=0.000 v18_lambda=0.000 gpu=3.0/15.8GB
[22:45:32] [ep_summary] ep=78/100 val_live=0.9753/0.9749 val_ema=0.9815/0.9817 test77_live=0.7122/0.7043 test77_diag_ema=0.7662/0.7578 v13=0.0005 v15=0.0000 v16=0.0000 v17=0.0000 v18=0.0000 das=stage3[12,95] p=1.00 ep_time=9.9s
[22:45:32] [save] best_sourcequalified77_ema ep=78 source_val_live=0.9753/0.9749 source_val_ema=0.9815/0.9817 test77_ema=0.7662/0.7578
[22:45:32] [train] epoch 79/100 steps=40 use_dann=0 das=stage3 f=[12.0,95.0] p=1.00 gpu=3.0/15.8GB
[22:45:32] [train] ep=79 step=001/40 ce=0.2576 sc=0.8400 mi=0.0569 dn=0.0000 v13=0.0003 v15=0.0000 v16=0.0000 v17=0.0000 v18=0.0000 acc=1.0000 lr=3.65e-05 lambda=0.000 v18_lambda=0.000 gpu=3.0/15.8GB
[22:45:34] [train] ep=79 step=010/40 ce=0.2718 sc=0.8536 mi=0.0523 dn=0.0000 v13=0.0004 v15=0.0000 v16=0.0000 v17=0.0000 v18=0.0000 acc=1.0000 lr=3.58e-05 lambda=0.000 v18_lambda=0.000 gpu=3.0/15.8GB
[22:45:36] [train] ep=79 step=020/40 ce=0.2765 sc=0.8414 mi=0.0524 dn=0.0000 v13=0.0004 v15=0.0000 v16=0.0000 v17=0.0000 v18=0.0000 acc=1.0000 lr=3.50e-05 lambda=0.000 v18_lambda=0.000 gpu=3.0/15.8GB
[22:45:37] [train] ep=79 step=030/40 ce=0.2703 sc=0.8190 mi=0.0526 dn=0.0000 v13=0.0004 v15=0.0000 v16=0.0000 v17=0.0000 v18=0.0000 acc=1.0000 lr=3.42e-05 lambda=0.000 v18_lambda=0.000 gpu=3.0/15.8GB
[22:45:39] [train] ep=79 step=040/40 ce=0.2728 sc=0.8131 mi=0.0528 dn=0.0000 v13=0.0004 v15=0.0000 v16=0.0000 v17=0.0000 v18=0.0000 acc=1.0000 lr=3.35e-05 lambda=0.000 v18_lambda=0.000 gpu=3.0/15.8GB
[22:45:42] [ep_summary] ep=79/100 val_live=0.9753/0.9749 val_ema=0.9815/0.9817 test77_live=0.7122/0.7064 test77_diag_ema=0.7698/0.7626 v13=0.0004 v15=0.0000 v16=0.0000 v17=0.0000 v18=0.0000 das=stage3[12,95] p=1.00 ep_time=9.9s
[22:45:42] [save] best_sourcequalified77_ema ep=79 source_val_live=0.9753/0.9749 source_val_ema=0.9815/0.9817 test77_ema=0.7698/0.7626
[22:45:42] [train] epoch 80/100 steps=40 use_dann=0 das=stage3 f=[12.0,95.0] p=1.00 gpu=3.0/15.8GB
[22:45:42] [train] ep=80 step=001/40 ce=0.2585 sc=0.8383 mi=0.0505 dn=0.0000 v13=0.0003 v15=0.0000 v16=0.0000 v17=0.0000 v18=0.0000 acc=1.0000 lr=3.34e-05 lambda=0.000 v18_lambda=0.000 gpu=3.0/15.8GB
[22:45:44] [train] ep=80 step=010/40 ce=0.2653 sc=0.7293 mi=0.0515 dn=0.0000 v13=0.0004 v15=0.0000 v16=0.0000 v17=0.0000 v18=0.0000 acc=1.0000 lr=3.27e-05 lambda=0.000 v18_lambda=0.000 gpu=3.0/15.8GB
[22:45:46] [train] ep=80 step=020/40 ce=0.2614 sc=0.7305 mi=0.0523 dn=0.0000 v13=0.0005 v15=0.0000 v16=0.0000 v17=0.0000 v18=0.0000 acc=1.0000 lr=3.19e-05 lambda=0.000 v18_lambda=0.000 gpu=3.0/15.8GB
[22:45:47] [train] ep=80 step=030/40 ce=0.2687 sc=0.7336 mi=0.0532 dn=0.0000 v13=0.0004 v15=0.0000 v16=0.0000 v17=0.0000 v18=0.0000 acc=1.0000 lr=3.12e-05 lambda=0.000 v18_lambda=0.000 gpu=3.0/15.8GB
[22:45:49] [train] ep=80 step=040/40 ce=0.2725 sc=0.7479 mi=0.0524 dn=0.0000 v13=0.0005 v15=0.0000 v16=0.0000 v17=0.0000 v18=0.0000 acc=1.0000 lr=3.05e-05 lambda=0.000 v18_lambda=0.000 gpu=3.0/15.8GB
[22:45:52] [pool] check ep=080/100 source_val_acc_ema=0.9815 threshold=0.90
[22:45:53] [pool] ep=080 ADDED src_val=0.9815/0.9817 dev77=0.7000/0.6940 final77=0.7734/0.7672
[22:45:53] [pool] running best ep=080 dev77_f1=0.6940 final77_f1=0.7672 (pool_size=5)
[22:45:53] [ep_summary] ep=80/100 val_live=0.9753/0.9749 val_ema=0.9815/0.9817 test77_live=0.7014/0.6985 test77_diag_ema=0.7734/0.7672 v13=0.0005 v15=0.0000 v16=0.0000 v17=0.0000 v18=0.0000 das=stage3[12,95] p=1.00 ep_time=11.3s
[22:45:53] [save] best_sourcequalified77_ema ep=80 source_val_live=0.9753/0.9749 source_val_ema=0.9815/0.9817 test77_ema=0.7734/0.7672
[22:45:53] [strict77_monitor] ep=80 best_source_epoch=53 source_val_ema=0.9877/0.9878 test77_ema_diag=0.7410/0.7109 sourcequalified_count=80 best_sourcequalified77_epoch=80 source_val_ema=0.9815/0.9817 test77_ema=0.7734/0.7672
[22:45:53] [train] epoch 81/100 steps=40 use_dann=0 das=stage3 f=[12.0,95.0] p=1.00 gpu=3.0/15.8GB
[22:45:54] [train] ep=81 step=001/40 ce=0.2578 sc=0.7385 mi=0.0485 dn=0.0000 v13=0.0006 v15=0.0000 v16=0.0000 v17=0.0000 v18=0.0000 acc=1.0000 lr=3.04e-05 lambda=0.000 v18_lambda=0.000 gpu=3.0/15.8GB
[22:45:55] [train] ep=81 step=010/40 ce=0.2579 sc=0.8759 mi=0.0509 dn=0.0000 v13=0.0004 v15=0.0000 v16=0.0000 v17=0.0000 v18=0.0000 acc=1.0000 lr=2.97e-05 lambda=0.000 v18_lambda=0.000 gpu=3.0/15.8GB
[22:45:57] [train] ep=81 step=020/40 ce=0.2718 sc=0.7892 mi=0.0519 dn=0.0000 v13=0.0004 v15=0.0000 v16=0.0000 v17=0.0000 v18=0.0000 acc=1.0000 lr=2.90e-05 lambda=0.000 v18_lambda=0.000 gpu=3.0/15.8GB
[22:45:59] [train] ep=81 step=030/40 ce=0.3220 sc=0.8841 mi=0.0530 dn=0.0000 v13=0.0004 v15=0.0000 v16=0.0000 v17=0.0000 v18=0.0000 acc=0.9958 lr=2.83e-05 lambda=0.000 v18_lambda=0.000 gpu=3.0/15.8GB
[22:46:01] [train] ep=81 step=040/40 ce=0.3059 sc=0.8792 mi=0.0519 dn=0.0000 v13=0.0004 v15=0.0000 v16=0.0000 v17=0.0000 v18=0.0000 acc=0.9969 lr=2.76e-05 lambda=0.000 v18_lambda=0.000 gpu=3.0/15.8GB
[22:46:03] [ep_summary] ep=81/100 val_live=0.9753/0.9749 val_ema=0.9815/0.9817 test77_live=0.7050/0.6999 test77_diag_ema=0.7698/0.7644 v13=0.0004 v15=0.0000 v16=0.0000 v17=0.0000 v18=0.0000 das=stage3[12,95] p=1.00 ep_time=9.9s
[22:46:03] [train] epoch 82/100 steps=40 use_dann=0 das=stage3 f=[12.0,95.0] p=1.00 gpu=3.0/15.8GB
[22:46:03] [train] ep=82 step=001/40 ce=0.9386 sc=1.0351 mi=0.0575 dn=0.0000 v13=0.0005 v15=0.0000 v16=0.0000 v17=0.0000 v18=0.0000 acc=0.9375 lr=2.75e-05 lambda=0.000 v18_lambda=0.000 gpu=3.0/15.8GB
[22:46:05] [train] ep=82 step=010/40 ce=0.3529 sc=0.7888 mi=0.0549 dn=0.0000 v13=0.0005 v15=0.0000 v16=0.0000 v17=0.0000 v18=0.0000 acc=0.9938 lr=2.69e-05 lambda=0.000 v18_lambda=0.000 gpu=3.0/15.8GB
[22:46:07] [train] ep=82 step=020/40 ce=0.3057 sc=0.7225 mi=0.0528 dn=0.0000 v13=0.0004 v15=0.0000 v16=0.0000 v17=0.0000 v18=0.0000 acc=0.9969 lr=2.62e-05 lambda=0.000 v18_lambda=0.000 gpu=3.0/15.8GB
[22:46:09] [train] ep=82 step=030/40 ce=0.2939 sc=0.7650 mi=0.0531 dn=0.0000 v13=0.0004 v15=0.0000 v16=0.0000 v17=0.0000 v18=0.0000 acc=0.9979 lr=2.55e-05 lambda=0.000 v18_lambda=0.000 gpu=3.0/15.8GB
[22:46:10] [train] ep=82 step=040/40 ce=0.3006 sc=0.7704 mi=0.0524 dn=0.0000 v13=0.0004 v15=0.0000 v16=0.0000 v17=0.0000 v18=0.0000 acc=0.9969 lr=2.48e-05 lambda=0.000 v18_lambda=0.000 gpu=3.0/15.8GB
[22:46:13] [ep_summary] ep=82/100 val_live=0.9753/0.9749 val_ema=0.9815/0.9817 test77_live=0.7158/0.7112 test77_diag_ema=0.7734/0.7677 v13=0.0004 v15=0.0000 v16=0.0000 v17=0.0000 v18=0.0000 das=stage3[12,95] p=1.00 ep_time=10.0s
[22:46:13] [save] best_sourcequalified77_ema ep=82 source_val_live=0.9753/0.9749 source_val_ema=0.9815/0.9817 test77_ema=0.7734/0.7677
[22:46:13] [train] epoch 83/100 steps=40 use_dann=0 das=stage3 f=[12.0,95.0] p=1.00 gpu=3.0/15.8GB
[22:46:13] [train] ep=83 step=001/40 ce=0.2586 sc=0.7466 mi=0.0452 dn=0.0000 v13=0.0007 v15=0.0000 v16=0.0000 v17=0.0000 v18=0.0000 acc=1.0000 lr=2.48e-05 lambda=0.000 v18_lambda=0.000 gpu=3.0/15.8GB
[22:46:15] [train] ep=83 step=010/40 ce=0.2574 sc=0.6670 mi=0.0534 dn=0.0000 v13=0.0004 v15=0.0000 v16=0.0000 v17=0.0000 v18=0.0000 acc=1.0000 lr=2.42e-05 lambda=0.000 v18_lambda=0.000 gpu=3.0/15.8GB
[22:46:17] [train] ep=83 step=020/40 ce=0.2577 sc=0.7383 mi=0.0534 dn=0.0000 v13=0.0004 v15=0.0000 v16=0.0000 v17=0.0000 v18=0.0000 acc=1.0000 lr=2.35e-05 lambda=0.000 v18_lambda=0.000 gpu=3.0/15.8GB
[22:46:19] [train] ep=83 step=030/40 ce=0.2678 sc=0.7302 mi=0.0525 dn=0.0000 v13=0.0004 v15=0.0000 v16=0.0000 v17=0.0000 v18=0.0000 acc=1.0000 lr=2.29e-05 lambda=0.000 v18_lambda=0.000 gpu=3.0/15.8GB
[22:46:20] [train] ep=83 step=040/40 ce=0.2651 sc=0.7475 mi=0.0521 dn=0.0000 v13=0.0004 v15=0.0000 v16=0.0000 v17=0.0000 v18=0.0000 acc=1.0000 lr=2.22e-05 lambda=0.000 v18_lambda=0.000 gpu=3.0/15.8GB
[22:46:23] [ep_summary] ep=83/100 val_live=0.9753/0.9749 val_ema=0.9815/0.9817 test77_live=0.7158/0.7111 test77_diag_ema=0.7698/0.7648 v13=0.0004 v15=0.0000 v16=0.0000 v17=0.0000 v18=0.0000 das=stage3[12,95] p=1.00 ep_time=9.9s
[22:46:23] [train] epoch 84/100 steps=40 use_dann=0 das=stage3 f=[12.0,95.0] p=1.00 gpu=3.0/15.8GB
[22:46:23] [train] ep=84 step=001/40 ce=0.2589 sc=0.5662 mi=0.0514 dn=0.0000 v13=0.0004 v15=0.0000 v16=0.0000 v17=0.0000 v18=0.0000 acc=1.0000 lr=2.22e-05 lambda=0.000 v18_lambda=0.000 gpu=3.0/15.8GB
[22:46:25] [train] ep=84 step=010/40 ce=0.2591 sc=0.7564 mi=0.0543 dn=0.0000 v13=0.0004 v15=0.0000 v16=0.0000 v17=0.0000 v18=0.0000 acc=1.0000 lr=2.16e-05 lambda=0.000 v18_lambda=0.000 gpu=3.0/15.8GB
[22:46:27] [train] ep=84 step=020/40 ce=0.2723 sc=0.7878 mi=0.0535 dn=0.0000 v13=0.0004 v15=0.0000 v16=0.0000 v17=0.0000 v18=0.0000 acc=1.0000 lr=2.10e-05 lambda=0.000 v18_lambda=0.000 gpu=3.0/15.8GB
[22:46:29] [train] ep=84 step=030/40 ce=0.2910 sc=0.8143 mi=0.0538 dn=0.0000 v13=0.0004 v15=0.0000 v16=0.0000 v17=0.0000 v18=0.0000 acc=0.9979 lr=2.04e-05 lambda=0.000 v18_lambda=0.000 gpu=3.0/15.8GB
[22:46:30] [train] ep=84 step=040/40 ce=0.3071 sc=0.7883 mi=0.0534 dn=0.0000 v13=0.0004 v15=0.0000 v16=0.0000 v17=0.0000 v18=0.0000 acc=0.9969 lr=1.98e-05 lambda=0.000 v18_lambda=0.000 gpu=3.0/15.8GB
[22:46:33] [ep_summary] ep=84/100 val_live=0.9753/0.9749 val_ema=0.9815/0.9817 test77_live=0.7194/0.7148 test77_diag_ema=0.7698/0.7648 v13=0.0004 v15=0.0000 v16=0.0000 v17=0.0000 v18=0.0000 das=stage3[12,95] p=1.00 ep_time=10.0s
[22:46:33] [train] epoch 85/100 steps=40 use_dann=0 das=stage3 f=[12.0,95.0] p=1.00 gpu=3.0/15.8GB
[22:46:33] [train] ep=85 step=001/40 ce=0.2575 sc=0.7201 mi=0.0542 dn=0.0000 v13=0.0002 v15=0.0000 v16=0.0000 v17=0.0000 v18=0.0000 acc=1.0000 lr=1.97e-05 lambda=0.000 v18_lambda=0.000 gpu=3.0/15.8GB
[22:46:35] [train] ep=85 step=010/40 ce=0.2836 sc=0.6889 mi=0.0529 dn=0.0000 v13=0.0004 v15=0.0000 v16=0.0000 v17=0.0000 v18=0.0000 acc=1.0000 lr=1.92e-05 lambda=0.000 v18_lambda=0.000 gpu=3.0/15.8GB
[22:46:37] [train] ep=85 step=020/40 ce=0.2721 sc=0.7395 mi=0.0523 dn=0.0000 v13=0.0004 v15=0.0000 v16=0.0000 v17=0.0000 v18=0.0000 acc=1.0000 lr=1.86e-05 lambda=0.000 v18_lambda=0.000 gpu=3.0/15.8GB
[22:46:39] [train] ep=85 step=030/40 ce=0.2686 sc=0.7897 mi=0.0530 dn=0.0000 v13=0.0004 v15=0.0000 v16=0.0000 v17=0.0000 v18=0.0000 acc=1.0000 lr=1.80e-05 lambda=0.000 v18_lambda=0.000 gpu=3.0/15.8GB
[22:46:40] [train] ep=85 step=040/40 ce=0.2714 sc=0.7712 mi=0.0526 dn=0.0000 v13=0.0004 v15=0.0000 v16=0.0000 v17=0.0000 v18=0.0000 acc=1.0000 lr=1.74e-05 lambda=0.000 v18_lambda=0.000 gpu=3.0/15.8GB
[22:46:43] [ep_summary] ep=85/100 val_live=0.9815/0.9817 val_ema=0.9815/0.9817 test77_live=0.7230/0.7185 test77_diag_ema=0.7698/0.7648 v13=0.0004 v15=0.0000 v16=0.0000 v17=0.0000 v18=0.0000 das=stage3[12,95] p=1.00 ep_time=9.9s
[22:46:43] [train] epoch 86/100 steps=40 use_dann=0 das=stage3 f=[12.0,95.0] p=1.00 gpu=3.0/15.8GB
[22:46:43] [train] ep=86 step=001/40 ce=0.2575 sc=0.8564 mi=0.0566 dn=0.0000 v13=0.0002 v15=0.0000 v16=0.0000 v17=0.0000 v18=0.0000 acc=1.0000 lr=1.74e-05 lambda=0.000 v18_lambda=0.000 gpu=3.0/15.8GB
[22:46:45] [train] ep=86 step=010/40 ce=0.2577 sc=0.6891 mi=0.0525 dn=0.0000 v13=0.0003 v15=0.0000 v16=0.0000 v17=0.0000 v18=0.0000 acc=1.0000 lr=1.68e-05 lambda=0.000 v18_lambda=0.000 gpu=3.0/15.8GB
[22:46:47] [train] ep=86 step=020/40 ce=0.2947 sc=0.7039 mi=0.0536 dn=0.0000 v13=0.0004 v15=0.0000 v16=0.0000 v17=0.0000 v18=0.0000 acc=1.0000 lr=1.63e-05 lambda=0.000 v18_lambda=0.000 gpu=3.0/15.8GB
[22:46:48] [train] ep=86 step=030/40 ce=0.2832 sc=0.7159 mi=0.0536 dn=0.0000 v13=0.0004 v15=0.0000 v16=0.0000 v17=0.0000 v18=0.0000 acc=1.0000 lr=1.57e-05 lambda=0.000 v18_lambda=0.000 gpu=3.0/15.8GB
[22:46:50] [train] ep=86 step=040/40 ce=0.2950 sc=0.7582 mi=0.0534 dn=0.0000 v13=0.0004 v15=0.0000 v16=0.0000 v17=0.0000 v18=0.0000 acc=0.9984 lr=1.52e-05 lambda=0.000 v18_lambda=0.000 gpu=3.0/15.8GB
[22:46:53] [ep_summary] ep=86/100 val_live=0.9815/0.9817 val_ema=0.9815/0.9817 test77_live=0.7338/0.7362 test77_diag_ema=0.7734/0.7692 v13=0.0004 v15=0.0000 v16=0.0000 v17=0.0000 v18=0.0000 das=stage3[12,95] p=1.00 ep_time=9.9s
[22:46:53] [save] best_sourcequalified77_ema ep=86 source_val_live=0.9815/0.9817 source_val_ema=0.9815/0.9817 test77_ema=0.7734/0.7692
[22:46:53] [train] epoch 87/100 steps=40 use_dann=0 das=stage3 f=[12.0,95.0] p=1.00 gpu=3.0/15.8GB
[22:46:53] [train] ep=87 step=001/40 ce=0.6854 sc=0.9108 mi=0.0505 dn=0.0000 v13=0.0005 v15=0.0000 v16=0.0000 v17=0.0000 v18=0.0000 acc=0.9375 lr=1.52e-05 lambda=0.000 v18_lambda=0.000 gpu=3.0/15.8GB
[22:46:55] [train] ep=87 step=010/40 ce=0.2996 sc=0.6959 mi=0.0535 dn=0.0000 v13=0.0003 v15=0.0000 v16=0.0000 v17=0.0000 v18=0.0000 acc=0.9938 lr=1.47e-05 lambda=0.000 v18_lambda=0.000 gpu=3.0/15.8GB
[22:46:57] [train] ep=87 step=020/40 ce=0.2789 sc=0.7379 mi=0.0522 dn=0.0000 v13=0.0004 v15=0.0000 v16=0.0000 v17=0.0000 v18=0.0000 acc=0.9969 lr=1.42e-05 lambda=0.000 v18_lambda=0.000 gpu=3.0/15.8GB
[22:46:59] [train] ep=87 step=030/40 ce=0.2719 sc=0.7181 mi=0.0525 dn=0.0000 v13=0.0004 v15=0.0000 v16=0.0000 v17=0.0000 v18=0.0000 acc=0.9979 lr=1.37e-05 lambda=0.000 v18_lambda=0.000 gpu=3.0/15.8GB
[22:47:01] [train] ep=87 step=040/40 ce=0.2697 sc=0.7247 mi=0.0518 dn=0.0000 v13=0.0004 v15=0.0000 v16=0.0000 v17=0.0000 v18=0.0000 acc=0.9984 lr=1.31e-05 lambda=0.000 v18_lambda=0.000 gpu=3.0/15.8GB
[22:47:04] [ep_summary] ep=87/100 val_live=0.9815/0.9817 val_ema=0.9815/0.9817 test77_live=0.7338/0.7364 test77_diag_ema=0.7698/0.7657 v13=0.0004 v15=0.0000 v16=0.0000 v17=0.0000 v18=0.0000 das=stage3[12,95] p=1.00 ep_time=10.7s
[22:47:04] [train] epoch 88/100 steps=40 use_dann=0 das=stage3 f=[12.0,95.0] p=1.00 gpu=3.0/15.8GB
[22:47:04] [train] ep=88 step=001/40 ce=0.2565 sc=0.4644 mi=0.0598 dn=0.0000 v13=0.0009 v15=0.0000 v16=0.0000 v17=0.0000 v18=0.0000 acc=1.0000 lr=1.31e-05 lambda=0.000 v18_lambda=0.000 gpu=3.0/15.8GB
[22:47:06] [train] ep=88 step=010/40 ce=0.2592 sc=0.7414 mi=0.0551 dn=0.0000 v13=0.0005 v15=0.0000 v16=0.0000 v17=0.0000 v18=0.0000 acc=1.0000 lr=1.27e-05 lambda=0.000 v18_lambda=0.000 gpu=3.0/15.8GB
[22:47:08] [train] ep=88 step=020/40 ce=0.2582 sc=0.8076 mi=0.0532 dn=0.0000 v13=0.0004 v15=0.0000 v16=0.0000 v17=0.0000 v18=0.0000 acc=1.0000 lr=1.22e-05 lambda=0.000 v18_lambda=0.000 gpu=3.0/15.8GB
[22:47:10] [train] ep=88 step=030/40 ce=0.2806 sc=0.8125 mi=0.0542 dn=0.0000 v13=0.0004 v15=0.0000 v16=0.0000 v17=0.0000 v18=0.0000 acc=0.9979 lr=1.17e-05 lambda=0.000 v18_lambda=0.000 gpu=3.0/15.8GB
[22:47:12] [train] ep=88 step=040/40 ce=0.2837 sc=0.8026 mi=0.0537 dn=0.0000 v13=0.0004 v15=0.0000 v16=0.0000 v17=0.0000 v18=0.0000 acc=0.9984 lr=1.12e-05 lambda=0.000 v18_lambda=0.000 gpu=3.0/15.8GB
[22:47:15] [ep_summary] ep=88/100 val_live=0.9815/0.9817 val_ema=0.9815/0.9817 test77_live=0.7338/0.7364 test77_diag_ema=0.7698/0.7657 v13=0.0004 v15=0.0000 v16=0.0000 v17=0.0000 v18=0.0000 das=stage3[12,95] p=1.00 ep_time=11.5s
[22:47:15] [train] epoch 89/100 steps=40 use_dann=0 das=stage3 f=[12.0,95.0] p=1.00 gpu=3.0/15.8GB
[22:47:15] [train] ep=89 step=001/40 ce=0.2581 sc=0.6106 mi=0.0529 dn=0.0000 v13=0.0003 v15=0.0000 v16=0.0000 v17=0.0000 v18=0.0000 acc=1.0000 lr=1.12e-05 lambda=0.000 v18_lambda=0.000 gpu=3.0/15.8GB
[22:47:17] [train] ep=89 step=010/40 ce=0.2582 sc=0.7854 mi=0.0528 dn=0.0000 v13=0.0004 v15=0.0000 v16=0.0000 v17=0.0000 v18=0.0000 acc=1.0000 lr=1.08e-05 lambda=0.000 v18_lambda=0.000 gpu=3.0/15.8GB
[22:47:19] [train] ep=89 step=020/40 ce=0.2662 sc=0.7071 mi=0.0530 dn=0.0000 v13=0.0004 v15=0.0000 v16=0.0000 v17=0.0000 v18=0.0000 acc=1.0000 lr=1.03e-05 lambda=0.000 v18_lambda=0.000 gpu=3.0/15.8GB
[22:47:21] [train] ep=89 step=030/40 ce=0.2684 sc=0.7340 mi=0.0523 dn=0.0000 v13=0.0004 v15=0.0000 v16=0.0000 v17=0.0000 v18=0.0000 acc=1.0000 lr=9.89e-06 lambda=0.000 v18_lambda=0.000 gpu=3.0/15.8GB
[22:47:24] [train] ep=89 step=040/40 ce=0.2935 sc=0.7523 mi=0.0529 dn=0.0000 v13=0.0004 v15=0.0000 v16=0.0000 v17=0.0000 v18=0.0000 acc=0.9984 lr=9.46e-06 lambda=0.000 v18_lambda=0.000 gpu=3.0/15.8GB
[22:47:26] [ep_summary] ep=89/100 val_live=0.9815/0.9817 val_ema=0.9815/0.9817 test77_live=0.7338/0.7361 test77_diag_ema=0.7662/0.7630 v13=0.0004 v15=0.0000 v16=0.0000 v17=0.0000 v18=0.0000 das=stage3[12,95] p=1.00 ep_time=11.3s
[22:47:26] [train] epoch 90/100 steps=40 use_dann=0 das=stage3 f=[12.0,95.0] p=1.00 gpu=3.0/15.8GB
[22:47:27] [train] ep=90 step=001/40 ce=0.2567 sc=0.5969 mi=0.0527 dn=0.0000 v13=0.0005 v15=0.0000 v16=0.0000 v17=0.0000 v18=0.0000 acc=1.0000 lr=9.42e-06 lambda=0.000 v18_lambda=0.000 gpu=3.0/15.8GB
[22:47:28] [train] ep=90 step=010/40 ce=0.2620 sc=0.5919 mi=0.0541 dn=0.0000 v13=0.0003 v15=0.0000 v16=0.0000 v17=0.0000 v18=0.0000 acc=1.0000 lr=9.04e-06 lambda=0.000 v18_lambda=0.000 gpu=3.0/15.8GB
[22:47:31] [train] ep=90 step=020/40 ce=0.2596 sc=0.6792 mi=0.0538 dn=0.0000 v13=0.0003 v15=0.0000 v16=0.0000 v17=0.0000 v18=0.0000 acc=1.0000 lr=8.63e-06 lambda=0.000 v18_lambda=0.000 gpu=3.0/15.8GB
[22:47:33] [train] ep=90 step=030/40 ce=0.2777 sc=0.6983 mi=0.0536 dn=0.0000 v13=0.0003 v15=0.0000 v16=0.0000 v17=0.0000 v18=0.0000 acc=0.9979 lr=8.23e-06 lambda=0.000 v18_lambda=0.000 gpu=3.0/15.8GB
[22:47:35] [train] ep=90 step=040/40 ce=0.2729 sc=0.7074 mi=0.0535 dn=0.0000 v13=0.0003 v15=0.0000 v16=0.0000 v17=0.0000 v18=0.0000 acc=0.9984 lr=7.84e-06 lambda=0.000 v18_lambda=0.000 gpu=3.0/15.8GB
[22:47:38] [pool] check ep=090/100 source_val_acc_ema=0.9815 threshold=0.90
[22:47:39] [pool] ep=090 ADDED src_val=0.9815/0.9817 dev77=0.7000/0.6931 final77=0.7662/0.7630
[22:47:39] [pool] running best ep=080 dev77_f1=0.6940 final77_f1=0.7672 (pool_size=6)
[22:47:39] [ep_summary] ep=90/100 val_live=0.9815/0.9817 val_ema=0.9815/0.9817 test77_live=0.7338/0.7350 test77_diag_ema=0.7662/0.7630 v13=0.0003 v15=0.0000 v16=0.0000 v17=0.0000 v18=0.0000 das=stage3[12,95] p=1.00 ep_time=12.6s
[22:47:39] [strict77_monitor] ep=90 best_source_epoch=53 source_val_ema=0.9877/0.9878 test77_ema_diag=0.7410/0.7109 sourcequalified_count=90 best_sourcequalified77_epoch=86 source_val_ema=0.9815/0.9817 test77_ema=0.7734/0.7692
[22:47:39] [train] epoch 91/100 steps=40 use_dann=0 das=stage3 f=[12.0,95.0] p=1.00 gpu=3.0/15.8GB
[22:47:39] [train] ep=91 step=001/40 ce=0.2626 sc=0.8585 mi=0.0436 dn=0.0000 v13=0.0003 v15=0.0000 v16=0.0000 v17=0.0000 v18=0.0000 acc=1.0000 lr=7.80e-06 lambda=0.000 v18_lambda=0.000 gpu=3.0/15.8GB
[22:47:41] [train] ep=91 step=010/40 ce=0.2593 sc=0.8237 mi=0.0527 dn=0.0000 v13=0.0004 v15=0.0000 v16=0.0000 v17=0.0000 v18=0.0000 acc=1.0000 lr=7.45e-06 lambda=0.000 v18_lambda=0.000 gpu=3.0/15.8GB
[22:47:43] [train] ep=91 step=020/40 ce=0.3072 sc=0.8940 mi=0.0551 dn=0.0000 v13=0.0004 v15=0.0000 v16=0.0000 v17=0.0000 v18=0.0000 acc=0.9969 lr=7.08e-06 lambda=0.000 v18_lambda=0.000 gpu=3.0/15.8GB
[22:47:45] [train] ep=91 step=030/40 ce=0.2920 sc=0.8679 mi=0.0541 dn=0.0000 v13=0.0004 v15=0.0000 v16=0.0000 v17=0.0000 v18=0.0000 acc=0.9979 lr=6.72e-06 lambda=0.000 v18_lambda=0.000 gpu=3.0/15.8GB
[22:47:47] [train] ep=91 step=040/40 ce=0.2850 sc=0.8524 mi=0.0536 dn=0.0000 v13=0.0004 v15=0.0000 v16=0.0000 v17=0.0000 v18=0.0000 acc=0.9984 lr=6.36e-06 lambda=0.000 v18_lambda=0.000 gpu=3.0/15.8GB
[22:47:50] [ep_summary] ep=91/100 val_live=0.9815/0.9817 val_ema=0.9815/0.9817 test77_live=0.7302/0.7319 test77_diag_ema=0.7662/0.7630 v13=0.0004 v15=0.0000 v16=0.0000 v17=0.0000 v18=0.0000 das=stage3[12,95] p=1.00 ep_time=11.0s
[22:47:50] [train] epoch 92/100 steps=40 use_dann=0 das=stage3 f=[12.0,95.0] p=1.00 gpu=3.0/15.8GB
[22:47:50] [train] ep=92 step=001/40 ce=0.2557 sc=1.1605 mi=0.0517 dn=0.0000 v13=0.0006 v15=0.0000 v16=0.0000 v17=0.0000 v18=0.0000 acc=1.0000 lr=6.33e-06 lambda=0.000 v18_lambda=0.000 gpu=3.0/15.8GB
[22:47:52] [train] ep=92 step=010/40 ce=0.3599 sc=0.9522 mi=0.0532 dn=0.0000 v13=0.0004 v15=0.0000 v16=0.0000 v17=0.0000 v18=0.0000 acc=0.9875 lr=6.02e-06 lambda=0.000 v18_lambda=0.000 gpu=3.0/15.8GB
[22:47:55] [train] ep=92 step=020/40 ce=0.3312 sc=0.8308 mi=0.0527 dn=0.0000 v13=0.0004 v15=0.0000 v16=0.0000 v17=0.0000 v18=0.0000 acc=0.9938 lr=5.68e-06 lambda=0.000 v18_lambda=0.000 gpu=3.0/15.8GB
[22:47:57] [train] ep=92 step=030/40 ce=0.3244 sc=0.8317 mi=0.0528 dn=0.0000 v13=0.0004 v15=0.0000 v16=0.0000 v17=0.0000 v18=0.0000 acc=0.9938 lr=5.35e-06 lambda=0.000 v18_lambda=0.000 gpu=3.0/15.8GB
[22:47:59] [train] ep=92 step=040/40 ce=0.3193 sc=0.8317 mi=0.0527 dn=0.0000 v13=0.0004 v15=0.0000 v16=0.0000 v17=0.0000 v18=0.0000 acc=0.9938 lr=5.04e-06 lambda=0.000 v18_lambda=0.000 gpu=3.0/15.8GB
[22:48:01] [ep_summary] ep=92/100 val_live=0.9815/0.9817 val_ema=0.9815/0.9817 test77_live=0.7338/0.7349 test77_diag_ema=0.7662/0.7644 v13=0.0004 v15=0.0000 v16=0.0000 v17=0.0000 v18=0.0000 das=stage3[12,95] p=1.00 ep_time=11.4s
[22:48:01] [train] epoch 93/100 steps=40 use_dann=0 das=stage3 f=[12.0,95.0] p=1.00 gpu=3.0/15.8GB
[22:48:02] [train] ep=93 step=001/40 ce=0.2559 sc=0.7113 mi=0.0471 dn=0.0000 v13=0.0006 v15=0.0000 v16=0.0000 v17=0.0000 v18=0.0000 acc=1.0000 lr=5.01e-06 lambda=0.000 v18_lambda=0.000 gpu=3.0/15.8GB
[22:48:04] [train] ep=93 step=010/40 ce=0.2640 sc=0.7219 mi=0.0505 dn=0.0000 v13=0.0004 v15=0.0000 v16=0.0000 v17=0.0000 v18=0.0000 acc=1.0000 lr=4.73e-06 lambda=0.000 v18_lambda=0.000 gpu=3.0/15.8GB
[22:48:06] [train] ep=93 step=020/40 ce=0.2731 sc=0.7852 mi=0.0512 dn=0.0000 v13=0.0004 v15=0.0000 v16=0.0000 v17=0.0000 v18=0.0000 acc=1.0000 lr=4.43e-06 lambda=0.000 v18_lambda=0.000 gpu=3.0/15.8GB
[22:48:08] [train] ep=93 step=030/40 ce=0.2710 sc=0.7748 mi=0.0519 dn=0.0000 v13=0.0004 v15=0.0000 v16=0.0000 v17=0.0000 v18=0.0000 acc=1.0000 lr=4.14e-06 lambda=0.000 v18_lambda=0.000 gpu=3.0/15.8GB
[22:48:10] [train] ep=93 step=040/40 ce=0.3063 sc=0.8216 mi=0.0523 dn=0.0000 v13=0.0004 v15=0.0000 v16=0.0000 v17=0.0000 v18=0.0000 acc=0.9969 lr=3.87e-06 lambda=0.000 v18_lambda=0.000 gpu=3.0/15.8GB
[22:48:13] [ep_summary] ep=93/100 val_live=0.9815/0.9817 val_ema=0.9815/0.9817 test77_live=0.7266/0.7272 test77_diag_ema=0.7590/0.7574 v13=0.0004 v15=0.0000 v16=0.0000 v17=0.0000 v18=0.0000 das=stage3[12,95] p=1.00 ep_time=11.7s
[22:48:13] [train] epoch 94/100 steps=40 use_dann=0 das=stage3 f=[12.0,95.0] p=1.00 gpu=3.0/15.8GB
[22:48:13] [train] ep=94 step=001/40 ce=0.2570 sc=0.8227 mi=0.0418 dn=0.0000 v13=0.0003 v15=0.0000 v16=0.0000 v17=0.0000 v18=0.0000 acc=1.0000 lr=3.84e-06 lambda=0.000 v18_lambda=0.000 gpu=3.0/15.8GB
[22:48:15] [train] ep=94 step=010/40 ce=0.2606 sc=0.7784 mi=0.0487 dn=0.0000 v13=0.0004 v15=0.0000 v16=0.0000 v17=0.0000 v18=0.0000 acc=1.0000 lr=3.60e-06 lambda=0.000 v18_lambda=0.000 gpu=3.0/15.8GB
[22:48:17] [train] ep=94 step=020/40 ce=0.2816 sc=0.7918 mi=0.0516 dn=0.0000 v13=0.0004 v15=0.0000 v16=0.0000 v17=0.0000 v18=0.0000 acc=0.9969 lr=3.34e-06 lambda=0.000 v18_lambda=0.000 gpu=3.0/15.8GB
[22:48:20] [train] ep=94 step=030/40 ce=0.2900 sc=0.7677 mi=0.0523 dn=0.0000 v13=0.0005 v15=0.0000 v16=0.0000 v17=0.0000 v18=0.0000 acc=0.9979 lr=3.09e-06 lambda=0.000 v18_lambda=0.000 gpu=3.0/15.8GB
[22:48:22] [train] ep=94 step=040/40 ce=0.2819 sc=0.7647 mi=0.0524 dn=0.0000 v13=0.0004 v15=0.0000 v16=0.0000 v17=0.0000 v18=0.0000 acc=0.9984 lr=2.85e-06 lambda=0.000 v18_lambda=0.000 gpu=3.0/15.8GB
[22:48:25] [ep_summary] ep=94/100 val_live=0.9815/0.9817 val_ema=0.9815/0.9817 test77_live=0.7338/0.7343 test77_diag_ema=0.7482/0.7479 v13=0.0004 v15=0.0000 v16=0.0000 v17=0.0000 v18=0.0000 das=stage3[12,95] p=1.00 ep_time=11.6s
[22:48:25] [train] epoch 95/100 steps=40 use_dann=0 das=stage3 f=[12.0,95.0] p=1.00 gpu=3.0/15.8GB
[22:48:25] [train] ep=95 step=001/40 ce=0.2571 sc=0.9616 mi=0.0480 dn=0.0000 v13=0.0005 v15=0.0000 v16=0.0000 v17=0.0000 v18=0.0000 acc=1.0000 lr=2.82e-06 lambda=0.000 v18_lambda=0.000 gpu=3.0/15.8GB
[22:48:27] [train] ep=95 step=010/40 ce=0.3133 sc=0.7941 mi=0.0532 dn=0.0000 v13=0.0004 v15=0.0000 v16=0.0000 v17=0.0000 v18=0.0000 acc=0.9938 lr=2.62e-06 lambda=0.000 v18_lambda=0.000 gpu=3.0/15.8GB
[22:48:29] [train] ep=95 step=020/40 ce=0.2935 sc=0.7741 mi=0.0520 dn=0.0000 v13=0.0004 v15=0.0000 v16=0.0000 v17=0.0000 v18=0.0000 acc=0.9969 lr=2.40e-06 lambda=0.000 v18_lambda=0.000 gpu=3.0/15.8GB
[22:48:30] [train] ep=95 step=030/40 ce=0.2818 sc=0.7648 mi=0.0529 dn=0.0000 v13=0.0004 v15=0.0000 v16=0.0000 v17=0.0000 v18=0.0000 acc=0.9979 lr=2.18e-06 lambda=0.000 v18_lambda=0.000 gpu=3.0/15.8GB
[22:48:32] [train] ep=95 step=040/40 ce=0.2764 sc=0.7624 mi=0.0527 dn=0.0000 v13=0.0004 v15=0.0000 v16=0.0000 v17=0.0000 v18=0.0000 acc=0.9984 lr=1.98e-06 lambda=0.000 v18_lambda=0.000 gpu=3.0/15.8GB
[22:48:35] [ep_summary] ep=95/100 val_live=0.9815/0.9817 val_ema=0.9815/0.9817 test77_live=0.7302/0.7311 test77_diag_ema=0.7554/0.7544 v13=0.0004 v15=0.0000 v16=0.0000 v17=0.0000 v18=0.0000 das=stage3[12,95] p=1.00 ep_time=10.1s
[22:48:35] [train] epoch 96/100 steps=40 use_dann=0 das=stage3 f=[12.0,95.0] p=1.00 gpu=3.0/15.8GB
[22:48:35] [train] ep=96 step=001/40 ce=0.2562 sc=0.8702 mi=0.0462 dn=0.0000 v13=0.0007 v15=0.0000 v16=0.0000 v17=0.0000 v18=0.0000 acc=1.0000 lr=1.96e-06 lambda=0.000 v18_lambda=0.000 gpu=3.0/15.8GB
[22:48:37] [train] ep=96 step=010/40 ce=0.2707 sc=0.8246 mi=0.0514 dn=0.0000 v13=0.0005 v15=0.0000 v16=0.0000 v17=0.0000 v18=0.0000 acc=1.0000 lr=1.79e-06 lambda=0.000 v18_lambda=0.000 gpu=3.0/15.8GB
[22:48:38] [train] ep=96 step=020/40 ce=0.2643 sc=0.8106 mi=0.0518 dn=0.0000 v13=0.0004 v15=0.0000 v16=0.0000 v17=0.0000 v18=0.0000 acc=1.0000 lr=1.61e-06 lambda=0.000 v18_lambda=0.000 gpu=3.0/15.8GB
[22:48:40] [train] ep=96 step=030/40 ce=0.2806 sc=0.7916 mi=0.0514 dn=0.0000 v13=0.0004 v15=0.0000 v16=0.0000 v17=0.0000 v18=0.0000 acc=0.9979 lr=1.44e-06 lambda=0.000 v18_lambda=0.000 gpu=3.0/15.8GB
[22:48:42] [train] ep=96 step=040/40 ce=0.2918 sc=0.7905 mi=0.0519 dn=0.0000 v13=0.0004 v15=0.0000 v16=0.0000 v17=0.0000 v18=0.0000 acc=0.9969 lr=1.27e-06 lambda=0.000 v18_lambda=0.000 gpu=3.0/15.8GB
[22:48:45] [ep_summary] ep=96/100 val_live=0.9815/0.9817 val_ema=0.9815/0.9817 test77_live=0.7266/0.7272 test77_diag_ema=0.7446/0.7443 v13=0.0004 v15=0.0000 v16=0.0000 v17=0.0000 v18=0.0000 das=stage3[12,95] p=1.00 ep_time=9.9s
[22:48:45] [train] epoch 97/100 steps=40 use_dann=0 das=stage3 f=[12.0,95.0] p=1.00 gpu=3.0/15.8GB
[22:48:45] [train] ep=97 step=001/40 ce=0.2568 sc=0.9911 mi=0.0551 dn=0.0000 v13=0.0005 v15=0.0000 v16=0.0000 v17=0.0000 v18=0.0000 acc=1.0000 lr=1.26e-06 lambda=0.000 v18_lambda=0.000 gpu=3.0/15.8GB
[22:48:47] [train] ep=97 step=010/40 ce=0.2581 sc=0.7946 mi=0.0522 dn=0.0000 v13=0.0004 v15=0.0000 v16=0.0000 v17=0.0000 v18=0.0000 acc=1.0000 lr=1.12e-06 lambda=0.000 v18_lambda=0.000 gpu=3.0/15.8GB
[22:48:48] [train] ep=97 step=020/40 ce=0.2777 sc=0.8062 mi=0.0514 dn=0.0000 v13=0.0004 v15=0.0000 v16=0.0000 v17=0.0000 v18=0.0000 acc=0.9969 lr=9.76e-07 lambda=0.000 v18_lambda=0.000 gpu=3.0/15.8GB
[22:48:50] [train] ep=97 step=030/40 ce=0.2865 sc=0.7612 mi=0.0513 dn=0.0000 v13=0.0005 v15=0.0000 v16=0.0000 v17=0.0000 v18=0.0000 acc=0.9958 lr=8.43e-07 lambda=0.000 v18_lambda=0.000 gpu=3.0/15.8GB
[22:48:52] [train] ep=97 step=040/40 ce=0.2793 sc=0.7546 mi=0.0520 dn=0.0000 v13=0.0005 v15=0.0000 v16=0.0000 v17=0.0000 v18=0.0000 acc=0.9969 lr=7.19e-07 lambda=0.000 v18_lambda=0.000 gpu=3.0/15.8GB
[22:48:55] [ep_summary] ep=97/100 val_live=0.9815/0.9817 val_ema=0.9815/0.9817 test77_live=0.7230/0.7226 test77_diag_ema=0.7446/0.7443 v13=0.0005 v15=0.0000 v16=0.0000 v17=0.0000 v18=0.0000 das=stage3[12,95] p=1.00 ep_time=9.9s
[22:48:55] [train] epoch 98/100 steps=40 use_dann=0 das=stage3 f=[12.0,95.0] p=1.00 gpu=3.0/15.8GB
[22:48:55] [train] ep=98 step=001/40 ce=0.2569 sc=0.8200 mi=0.0557 dn=0.0000 v13=0.0003 v15=0.0000 v16=0.0000 v17=0.0000 v18=0.0000 acc=1.0000 lr=7.07e-07 lambda=0.000 v18_lambda=0.000 gpu=3.0/15.8GB
[22:48:57] [train] ep=98 step=010/40 ce=0.3431 sc=0.8138 mi=0.0515 dn=0.0000 v13=0.0003 v15=0.0000 v16=0.0000 v17=0.0000 v18=0.0000 acc=0.9938 lr=6.05e-07 lambda=0.000 v18_lambda=0.000 gpu=3.0/15.8GB
[22:48:59] [train] ep=98 step=020/40 ce=0.3007 sc=0.7789 mi=0.0520 dn=0.0000 v13=0.0003 v15=0.0000 v16=0.0000 v17=0.0000 v18=0.0000 acc=0.9969 lr=5.01e-07 lambda=0.000 v18_lambda=0.000 gpu=3.0/15.8GB
[22:49:01] [train] ep=98 step=030/40 ce=0.2877 sc=0.7705 mi=0.0523 dn=0.0000 v13=0.0003 v15=0.0000 v16=0.0000 v17=0.0000 v18=0.0000 acc=0.9979 lr=4.07e-07 lambda=0.000 v18_lambda=0.000 gpu=3.0/15.8GB
[22:49:03] [train] ep=98 step=040/40 ce=0.2805 sc=0.7515 mi=0.0520 dn=0.0000 v13=0.0003 v15=0.0000 v16=0.0000 v17=0.0000 v18=0.0000 acc=0.9984 lr=3.22e-07 lambda=0.000 v18_lambda=0.000 gpu=3.0/15.8GB
[22:49:06] [ep_summary] ep=98/100 val_live=0.9815/0.9817 val_ema=0.9815/0.9817 test77_live=0.7374/0.7375 test77_diag_ema=0.7518/0.7511 v13=0.0003 v15=0.0000 v16=0.0000 v17=0.0000 v18=0.0000 das=stage3[12,95] p=1.00 ep_time=11.2s
[22:49:06] [train] epoch 99/100 steps=40 use_dann=0 das=stage3 f=[12.0,95.0] p=1.00 gpu=3.0/15.8GB
[22:49:06] [train] ep=99 step=001/40 ce=0.8907 sc=0.7058 mi=0.0477 dn=0.0000 v13=0.0005 v15=0.0000 v16=0.0000 v17=0.0000 v18=0.0000 acc=0.9375 lr=3.15e-07 lambda=0.000 v18_lambda=0.000 gpu=3.0/15.8GB
[22:49:08] [train] ep=99 step=010/40 ce=0.3806 sc=0.6969 mi=0.0528 dn=0.0000 v13=0.0004 v15=0.0000 v16=0.0000 v17=0.0000 v18=0.0000 acc=0.9875 lr=2.48e-07 lambda=0.000 v18_lambda=0.000 gpu=3.0/15.8GB
[22:49:10] [train] ep=99 step=020/40 ce=0.3191 sc=0.7243 mi=0.0527 dn=0.0000 v13=0.0004 v15=0.0000 v16=0.0000 v17=0.0000 v18=0.0000 acc=0.9938 lr=1.83e-07 lambda=0.000 v18_lambda=0.000 gpu=3.0/15.8GB
[22:49:12] [train] ep=99 step=030/40 ce=0.2988 sc=0.7570 mi=0.0531 dn=0.0000 v13=0.0004 v15=0.0000 v16=0.0000 v17=0.0000 v18=0.0000 acc=0.9958 lr=1.28e-07 lambda=0.000 v18_lambda=0.000 gpu=3.0/15.8GB
[22:49:14] [train] ep=99 step=040/40 ce=0.2993 sc=0.7253 mi=0.0530 dn=0.0000 v13=0.0004 v15=0.0000 v16=0.0000 v17=0.0000 v18=0.0000 acc=0.9953 lr=8.26e-08 lambda=0.000 v18_lambda=0.000 gpu=3.0/15.8GB
[22:49:16] [ep_summary] ep=99/100 val_live=0.9815/0.9817 val_ema=0.9815/0.9817 test77_live=0.7266/0.7261 test77_diag_ema=0.7518/0.7506 v13=0.0004 v15=0.0000 v16=0.0000 v17=0.0000 v18=0.0000 das=stage3[12,95] p=1.00 ep_time=10.6s
[22:49:17] [train] epoch 100/100 steps=40 use_dann=0 das=stage3 f=[12.0,95.0] p=1.00 gpu=3.0/15.8GB
[22:49:17] [train] ep=100 step=001/40 ce=1.0811 sc=1.1810 mi=0.0548 dn=0.0000 v13=0.0003 v15=0.0000 v16=0.0000 v17=0.0000 v18=0.0000 acc=0.9375 lr=7.87e-08 lambda=0.000 v18_lambda=0.000 gpu=3.0/15.8GB
[22:49:19] [train] ep=100 step=010/40 ce=0.3395 sc=0.7469 mi=0.0532 dn=0.0000 v13=0.0004 v15=0.0000 v16=0.0000 v17=0.0000 v18=0.0000 acc=0.9938 lr=4.72e-08 lambda=0.000 v18_lambda=0.000 gpu=3.0/15.8GB
[22:49:21] [train] ep=100 step=020/40 ce=0.2984 sc=0.7618 mi=0.0537 dn=0.0000 v13=0.0004 v15=0.0000 v16=0.0000 v17=0.0000 v18=0.0000 acc=0.9969 lr=2.17e-08 lambda=0.000 v18_lambda=0.000 gpu=3.0/15.8GB
[22:49:22] [train] ep=100 step=030/40 ce=0.2856 sc=0.7666 mi=0.0540 dn=0.0000 v13=0.0004 v15=0.0000 v16=0.0000 v17=0.0000 v18=0.0000 acc=0.9979 lr=5.95e-09 lambda=0.000 v18_lambda=0.000 gpu=3.0/15.8GB
[22:49:24] [train] ep=100 step=040/40 ce=0.2987 sc=0.7873 mi=0.0541 dn=0.0000 v13=0.0004 v15=0.0000 v16=0.0000 v17=0.0000 v18=0.0000 acc=0.9969 lr=4.92e-11 lambda=0.000 v18_lambda=0.000 gpu=3.0/15.8GB
[22:49:27] [pool] check ep=100/100 source_val_acc_ema=0.9815 threshold=0.90
[22:49:28] [pool] ep=100 ADDED src_val=0.9815/0.9817 dev77=0.7000/0.6928 final77=0.7482/0.7475
[22:49:28] [pool] running best ep=080 dev77_f1=0.6940 final77_f1=0.7672 (pool_size=7)
[22:49:28] [ep_summary] ep=100/100 val_live=0.9815/0.9817 val_ema=0.9815/0.9817 test77_live=0.7230/0.7226 test77_diag_ema=0.7482/0.7475 v13=0.0004 v15=0.0000 v16=0.0000 v17=0.0000 v18=0.0000 das=stage3[12,95] p=1.00 ep_time=11.8s
[22:49:28] [strict77_monitor] ep=100 best_source_epoch=53 source_val_ema=0.9877/0.9878 test77_ema_diag=0.7410/0.7109 sourcequalified_count=100 best_sourcequalified77_epoch=86 source_val_ema=0.9815/0.9817 test77_ema=0.7734/0.7692
[22:49:28] [pool] FINAL pool_size=7 best ep=080 dev77_f1=0.6940 final77_f1=0.7672 -> G:\zhanghe\Letter journal\EXPERIMENTSRESULT\REVISION_5090\A_V13\seed42\checkpoints\best_pool_ema.pt
[22:49:28] [train] done best_sourceval_acc_ema=0.9877
[22:49:33] [eval] loaded vit_large_patch16_dinov3_lvd1689m_best_sourceval_ema.pt (sourceval)
[22:49:33] [eval] strict source-val selected by ema acc; heldout77_unused=140 final_test77=278 imgs, seed=42 dev_per_class=20
[22:49:35] [eval] 77GHz final-test acc=0.7446 f1=0.7145
[22:49:35] [eval] 77GHz final-test per-class={'Away': 0.95, 'Bend': 0.9230769230769231, 'Kneel': 0.8571428571428571, 'Pick': 0.6, 'SStep': 0.95, 'Sit': 0.02702702702702703, 'Towards': 0.85}
[22:49:36] [eval] val_all acc=0.9815 f1=0.9818
[22:49:37] [freq_scan:val10] f_virt=15GHz acc=0.9744 f1=0.9760
[22:49:38] [freq_scan:val10] f_virt=30GHz acc=0.9744 f1=0.9762
[22:49:38] [freq_scan:val10] f_virt=50GHz acc=0.9744 f1=0.9762
[22:49:39] [freq_scan:val10] f_virt=77GHz acc=0.9487 f1=0.9517
[22:49:39] [freq_scan:val10] f_virt=99GHz acc=0.9231 f1=0.9234
[22:49:40] [freq_scan:val10] f_virt=120GHz acc=0.8974 f1=0.9001
[22:49:41] [freq_scan:val10] f_virt=140GHz acc=0.8846 f1=0.8869
[22:49:42] [freq_scan:val24] f_virt=15GHz acc=0.9762 f1=0.9751
[22:49:42] [freq_scan:val24] f_virt=30GHz acc=0.9881 f1=0.9875
[22:49:43] [freq_scan:val24] f_virt=50GHz acc=0.9881 f1=0.9875
[22:49:44] [freq_scan:val24] f_virt=77GHz acc=0.9881 f1=0.9875
[22:49:45] [freq_scan:val24] f_virt=99GHz acc=0.9881 f1=0.9875
[22:49:45] [freq_scan:val24] f_virt=120GHz acc=0.9524 f1=0.9522
[22:49:46] [freq_scan:val24] f_virt=140GHz acc=0.8929 f1=0.8902
[22:49:46] [eval] saved eval_sourceval.json
[22:49:51] [eval] loaded vit_large_patch16_dinov3_lvd1689m_best_sourcequalified77_ema.pt (sourcequalified)
[22:49:51] [eval] source-qualified diagnostic selected (source-val ema acc >= 0.00, then best 77GHz ema macro-F1); heldout77_unused=140 final_test77=278 imgs, seed=42 dev_per_class=20
[22:49:53] [eval] 77GHz final-test acc=0.7698 f1=0.7648
[22:49:53] [eval] 77GHz final-test per-class={'Away': 0.925, 'Bend': 0.7435897435897436, 'Kneel': 0.8571428571428571, 'Pick': 0.85, 'SStep': 0.825, 'Sit': 0.32432432432432434, 'Towards': 0.825}
[22:49:54] [eval] val_all acc=0.9815 f1=0.9817
[22:49:54] [freq_scan:val10] f_virt=15GHz acc=0.9615 f1=0.9597
[22:49:55] [freq_scan:val10] f_virt=30GHz acc=0.9744 f1=0.9760
[22:49:56] [freq_scan:val10] f_virt=50GHz acc=0.9872 f1=0.9881
[22:49:56] [freq_scan:val10] f_virt=77GHz acc=0.9615 f1=0.9629
[22:49:57] [freq_scan:val10] f_virt=99GHz acc=0.9487 f1=0.9515
[22:49:58] [freq_scan:val10] f_virt=120GHz acc=0.9103 f1=0.9107
[22:49:58] [freq_scan:val10] f_virt=140GHz acc=0.8974 f1=0.8987
[22:49:59] [freq_scan:val24] f_virt=15GHz acc=0.9881 f1=0.9876
[22:50:00] [freq_scan:val24] f_virt=30GHz acc=0.9881 f1=0.9875
[22:50:00] [freq_scan:val24] f_virt=50GHz acc=0.9762 f1=0.9751
[22:50:01] [freq_scan:val24] f_virt=77GHz acc=0.9881 f1=0.9875
[22:50:02] [freq_scan:val24] f_virt=99GHz acc=0.9762 f1=0.9760
[22:50:03] [freq_scan:val24] f_virt=120GHz acc=0.9881 f1=0.9875
[22:50:03] [freq_scan:val24] f_virt=140GHz acc=0.9643 f1=0.9636
[22:50:03] [eval] saved eval_sourcequalified.json
