[04:42:25] run_dir=G:\zhanghe\Letter journal\EXPERIMENTSRESULT\REVISION_5090\E1_noDAS\seed31415
[04:42:25] device=cuda
[04:42:25] backbone=vit_large_patch16_dinov3.lvd1689m
[04:42:25] env: manifest_dir=G:\zhanghe\Letter journal\tasks\known_people_unknown_freq\manifest dataset_root=G:\zhanghe\Letter journal use_dann=False selection=source_val_acc_ema adapter_mode=lora
[04:42:25] set_seed(31415)
[04:42:29] [fast_gpu] source cache 644 imgs (0.39GB) on cuda
[04:42:29] train_source=644 train_src_rows=10:302 24:342 source_steps/epoch=40 val_all=162 heldout77_unused=140 test77_final=278
[04:42:29] [test77_split] seed=42 dev_per_class=20
[04:42:39] trainable params=2378753 (encoder_lora+neck+head + miro_proj+v15_falsification)
[04:42:39] logit_prior=[-1.9678890705108643, -1.913821816444397, -1.8427258729934692, -1.9678890705108643, -2.0133514404296875, -1.8929877281188965, -2.036881923675537]
[04:42:39] use_dann=False
[04:42:39] use_das=False
[04:42:39] adapter_mode=lora
[04:42:39] schedule: epochs=100 steps/epoch=40 imgs/step=16 total_steps=4000 total_imgs=64000 warmup_steps=120
[04:42:39] source_qualified_policy: val_acc_ema>=0.00 candidates are recorded; best candidate by 77GHz F1 is saved as diagnostic
[04:42:39] [pool] init threshold=0.90 period=10 selection=dev77_f1
[04:42:39] [train] epoch 1/100 steps=40 use_dann=0 das=off f=[0.0,0.0] p=0.00 gpu=3.0/3.0GB
[04:42:40] [train] ep=01 step=001/40 ce=7.9134 sc=3.0863 mi=1.0281 dn=0.0000 v13=0.0000 v15=0.0000 v16=0.0000 v17=0.0000 v18=0.0000 acc=0.1875 lr=2.50e-06 lambda=0.000 v18_lambda=0.000 gpu=3.0/11.8GB
[04:42:41] [train] ep=01 step=010/40 ce=8.0831 sc=2.8502 mi=1.0109 dn=0.0000 v13=0.0000 v15=0.0000 v16=0.0000 v17=0.0000 v18=0.0000 acc=0.1250 lr=2.50e-05 lambda=0.000 v18_lambda=0.000 gpu=3.0/11.8GB
[04:42:43] [train] ep=01 step=020/40 ce=7.9684 sc=2.7894 mi=0.9623 dn=0.0000 v13=0.0000 v15=0.0000 v16=0.0000 v17=0.0000 v18=0.0000 acc=0.1219 lr=5.00e-05 lambda=0.000 v18_lambda=0.000 gpu=3.0/11.8GB
[04:42:45] [train] ep=01 step=030/40 ce=7.8285 sc=2.7948 mi=0.8888 dn=0.0000 v13=0.0000 v15=0.0000 v16=0.0000 v17=0.0000 v18=0.0000 acc=0.1625 lr=7.50e-05 lambda=0.000 v18_lambda=0.000 gpu=3.0/11.8GB
[04:42:47] [train] ep=01 step=040/40 ce=7.7906 sc=2.7822 mi=0.8037 dn=0.0000 v13=0.0000 v15=0.0000 v16=0.0000 v17=0.0000 v18=0.0000 acc=0.1719 lr=1.00e-04 lambda=0.000 v18_lambda=0.000 gpu=3.0/11.8GB
[04:42:48] [ep_summary] ep=01/100 val_live=0.2531/0.2283 val_ema=0.0000/0.0000 test77_live=0.1403/0.0387 test77_diag_ema=0.0000/0.0000 v13=0.0000 v15=0.0000 v16=0.0000 v17=0.0000 v18=0.0000 das=off[0,0] p=0.00 ep_time=9.0s
[04:42:48] [train] epoch 2/100 steps=40 use_dann=0 das=off f=[0.0,0.0] p=0.00 gpu=3.0/15.8GB
[04:42:48] [train] ep=02 step=001/40 ce=7.8608 sc=2.7727 mi=0.4491 dn=0.0000 v13=0.0000 v15=0.0000 v16=0.0000 v17=0.0000 v18=0.0000 acc=0.0625 lr=1.02e-04 lambda=0.000 v18_lambda=0.000 gpu=3.0/15.8GB
[04:42:50] [train] ep=02 step=010/40 ce=7.5259 sc=2.7808 mi=0.3744 dn=0.0000 v13=0.0000 v15=0.0000 v16=0.0000 v17=0.0000 v18=0.0000 acc=0.2375 lr=1.25e-04 lambda=0.000 v18_lambda=0.000 gpu=3.0/15.8GB
[04:42:52] [train] ep=02 step=020/40 ce=7.3247 sc=2.7565 mi=0.3198 dn=0.0000 v13=0.0000 v15=0.0000 v16=0.0000 v17=0.0000 v18=0.0000 acc=0.3031 lr=1.50e-04 lambda=0.000 v18_lambda=0.000 gpu=3.0/15.8GB
[04:42:54] [train] ep=02 step=030/40 ce=7.1367 sc=2.7604 mi=0.2829 dn=0.0000 v13=0.0000 v15=0.0000 v16=0.0000 v17=0.0000 v18=0.0000 acc=0.3438 lr=1.75e-04 lambda=0.000 v18_lambda=0.000 gpu=3.0/15.8GB
[04:42:56] [train] ep=02 step=040/40 ce=6.8969 sc=2.6963 mi=0.2587 dn=0.0000 v13=0.0000 v15=0.0000 v16=0.0000 v17=0.0000 v18=0.0000 acc=0.3875 lr=2.00e-04 lambda=0.000 v18_lambda=0.000 gpu=3.0/15.8GB
[04:42:57] [ep_summary] ep=02/100 val_live=0.5926/0.5889 val_ema=0.0000/0.0000 test77_live=0.1727/0.1282 test77_diag_ema=0.0000/0.0000 v13=0.0000 v15=0.0000 v16=0.0000 v17=0.0000 v18=0.0000 das=off[0,0] p=0.00 ep_time=9.1s
[04:42:57] [train] epoch 3/100 steps=40 use_dann=0 das=off f=[0.0,0.0] p=0.00 gpu=3.0/15.8GB
[04:42:57] [train] ep=03 step=001/40 ce=4.7315 sc=2.1569 mi=0.1866 dn=0.0000 v13=0.0000 v15=0.0000 v16=0.0000 v17=0.0000 v18=0.0000 acc=0.7500 lr=2.02e-04 lambda=0.000 v18_lambda=0.000 gpu=3.0/15.8GB
[04:42:59] [train] ep=03 step=010/40 ce=5.1796 sc=2.2531 mi=0.1955 dn=0.0000 v13=0.0000 v15=0.0000 v16=0.0000 v17=0.0000 v18=0.0000 acc=0.6312 lr=2.25e-04 lambda=0.000 v18_lambda=0.000 gpu=3.0/15.8GB
[04:43:01] [train] ep=03 step=020/40 ce=4.8151 sc=2.0859 mi=0.2216 dn=0.0000 v13=0.0000 v15=0.0000 v16=0.0000 v17=0.0000 v18=0.0000 acc=0.6625 lr=2.50e-04 lambda=0.000 v18_lambda=0.000 gpu=3.0/15.8GB
[04:43:03] [train] ep=03 step=030/40 ce=4.3574 sc=2.0003 mi=0.2185 dn=0.0000 v13=0.0000 v15=0.0000 v16=0.0000 v17=0.0000 v18=0.0000 acc=0.7021 lr=2.75e-04 lambda=0.000 v18_lambda=0.000 gpu=3.0/15.8GB
[04:43:05] [train] ep=03 step=040/40 ce=4.1684 sc=1.9153 mi=0.2070 dn=0.0000 v13=0.0000 v15=0.0000 v16=0.0000 v17=0.0000 v18=0.0000 acc=0.7141 lr=3.00e-04 lambda=0.000 v18_lambda=0.000 gpu=3.0/15.8GB
[04:43:06] [ep_summary] ep=03/100 val_live=0.7407/0.7310 val_ema=0.0000/0.0000 test77_live=0.1439/0.0359 test77_diag_ema=0.0000/0.0000 v13=0.0000 v15=0.0000 v16=0.0000 v17=0.0000 v18=0.0000 das=off[0,0] p=0.00 ep_time=9.2s
[04:43:06] [train] epoch 4/100 steps=40 use_dann=0 das=off f=[0.0,0.0] p=0.00 gpu=3.0/15.8GB
[04:43:07] [train] ep=04 step=001/40 ce=5.0501 sc=2.5818 mi=0.1529 dn=0.0000 v13=0.0000 v15=0.0000 v16=0.0000 v17=0.0000 v18=0.0000 acc=0.6875 lr=3.00e-04 lambda=0.000 v18_lambda=0.000 gpu=3.0/15.8GB
[04:43:08] [train] ep=04 step=010/40 ce=3.6844 sc=1.7740 mi=0.1389 dn=0.0000 v13=0.0000 v15=0.0000 v16=0.0000 v17=0.0000 v18=0.0000 acc=0.7750 lr=3.00e-04 lambda=0.000 v18_lambda=0.000 gpu=3.0/15.8GB
[04:43:10] [train] ep=04 step=020/40 ce=3.1368 sc=1.7333 mi=0.1346 dn=0.0000 v13=0.0000 v15=0.0000 v16=0.0000 v17=0.0000 v18=0.0000 acc=0.8125 lr=3.00e-04 lambda=0.000 v18_lambda=0.000 gpu=3.0/15.8GB
[04:43:12] [train] ep=04 step=030/40 ce=2.9232 sc=1.6954 mi=0.1281 dn=0.0000 v13=0.0000 v15=0.0000 v16=0.0000 v17=0.0000 v18=0.0000 acc=0.8229 lr=3.00e-04 lambda=0.000 v18_lambda=0.000 gpu=3.0/15.8GB
[04:43:14] [train] ep=04 step=040/40 ce=2.7755 sc=1.6334 mi=0.1233 dn=0.0000 v13=0.0000 v15=0.0000 v16=0.0000 v17=0.0000 v18=0.0000 acc=0.8328 lr=3.00e-04 lambda=0.000 v18_lambda=0.000 gpu=3.0/15.8GB
[04:43:16] [ep_summary] ep=04/100 val_live=0.8827/0.8822 val_ema=0.0000/0.0000 test77_live=0.1906/0.0989 test77_diag_ema=0.0000/0.0000 v13=0.0000 v15=0.0000 v16=0.0000 v17=0.0000 v18=0.0000 das=off[0,0] p=0.00 ep_time=9.4s
[04:43:16] [train] epoch 5/100 steps=40 use_dann=0 das=off f=[0.0,0.0] p=0.00 gpu=3.0/15.8GB
[04:43:16] [train] ep=05 step=001/40 ce=1.6256 sc=1.1553 mi=0.1065 dn=0.0000 v13=0.0000 v15=0.0000 v16=0.0000 v17=0.0000 v18=0.0000 acc=0.9375 lr=3.00e-04 lambda=0.000 v18_lambda=0.000 gpu=3.0/15.8GB
[04:43:18] [train] ep=05 step=010/40 ce=2.2081 sc=1.4822 mi=0.1059 dn=0.0000 v13=0.0000 v15=0.0000 v16=0.0000 v17=0.0000 v18=0.0000 acc=0.8625 lr=3.00e-04 lambda=0.000 v18_lambda=0.000 gpu=3.0/15.8GB
[04:43:20] [train] ep=05 step=020/40 ce=1.9646 sc=1.3441 mi=0.1028 dn=0.0000 v13=0.0000 v15=0.0000 v16=0.0000 v17=0.0000 v18=0.0000 acc=0.8812 lr=3.00e-04 lambda=0.000 v18_lambda=0.000 gpu=3.0/15.8GB
[04:43:22] [train] ep=05 step=030/40 ce=1.9889 sc=1.3038 mi=0.1002 dn=0.0000 v13=0.0000 v15=0.0000 v16=0.0000 v17=0.0000 v18=0.0000 acc=0.8792 lr=3.00e-04 lambda=0.000 v18_lambda=0.000 gpu=3.0/15.8GB
[04:43:24] [train] ep=05 step=040/40 ce=1.8877 sc=1.2811 mi=0.0973 dn=0.0000 v13=0.0000 v15=0.0000 v16=0.0000 v17=0.0000 v18=0.0000 acc=0.8844 lr=3.00e-04 lambda=0.000 v18_lambda=0.000 gpu=3.0/15.8GB
[04:43:27] [ep_summary] ep=05/100 val_live=0.8889/0.8880 val_ema=0.1358/0.0383 test77_live=0.1978/0.0988 test77_diag_ema=0.1583/0.0889 v13=0.0000 v15=0.0000 v16=0.0000 v17=0.0000 v18=0.0000 das=off[0,0] p=0.00 ep_time=11.0s
[04:43:27] [save] best_sourceval_ema val_acc_ema=0.1358 source_val_live=0.8889/0.8880 source_val_ema=0.1358/0.0383 ep=5
[04:43:27] [save] best_sourcequalified77_ema ep=5 source_val_live=0.8889/0.8880 source_val_ema=0.1358/0.0383 test77_ema=0.1583/0.0889
[04:43:27] [train] epoch 6/100 steps=40 use_dann=0 das=off f=[0.0,0.0] p=0.00 gpu=3.0/15.8GB
[04:43:27] [train] ep=06 step=001/40 ce=1.2093 sc=1.1432 mi=0.0834 dn=0.0000 v13=0.0000 v15=0.0000 v16=0.0000 v17=0.0000 v18=0.0000 acc=1.0000 lr=3.00e-04 lambda=0.000 v18_lambda=0.000 gpu=3.0/15.8GB
[04:43:29] [train] ep=06 step=010/40 ce=1.3400 sc=1.1926 mi=0.0844 dn=0.0000 v13=0.0000 v15=0.0000 v16=0.0000 v17=0.0000 v18=0.0000 acc=0.9437 lr=3.00e-04 lambda=0.000 v18_lambda=0.000 gpu=3.0/15.8GB
[04:43:31] [train] ep=06 step=020/40 ce=1.7041 sc=1.2811 mi=0.0844 dn=0.0000 v13=0.0000 v15=0.0000 v16=0.0000 v17=0.0000 v18=0.0000 acc=0.9062 lr=3.00e-04 lambda=0.000 v18_lambda=0.000 gpu=3.0/15.8GB
[04:43:33] [train] ep=06 step=030/40 ce=1.6791 sc=1.2750 mi=0.0842 dn=0.0000 v13=0.0000 v15=0.0000 v16=0.0000 v17=0.0000 v18=0.0000 acc=0.9083 lr=2.99e-04 lambda=0.000 v18_lambda=0.000 gpu=3.0/15.8GB
[04:43:35] [train] ep=06 step=040/40 ce=1.6707 sc=1.2287 mi=0.0827 dn=0.0000 v13=0.0000 v15=0.0000 v16=0.0000 v17=0.0000 v18=0.0000 acc=0.9109 lr=2.99e-04 lambda=0.000 v18_lambda=0.000 gpu=3.0/15.8GB
[04:43:38] [ep_summary] ep=06/100 val_live=0.8889/0.8846 val_ema=0.1605/0.0647 test77_live=0.2158/0.1165 test77_diag_ema=0.1978/0.1183 v13=0.0000 v15=0.0000 v16=0.0000 v17=0.0000 v18=0.0000 das=off[0,0] p=0.00 ep_time=11.3s
[04:43:38] [save] best_sourceval_ema val_acc_ema=0.1605 source_val_live=0.8889/0.8846 source_val_ema=0.1605/0.0647 ep=6
[04:43:38] [save] best_sourcequalified77_ema ep=6 source_val_live=0.8889/0.8846 source_val_ema=0.1605/0.0647 test77_ema=0.1978/0.1183
[04:43:38] [train] epoch 7/100 steps=40 use_dann=0 das=off f=[0.0,0.0] p=0.00 gpu=3.0/15.8GB
[04:43:38] [train] ep=07 step=001/40 ce=1.4936 sc=1.3407 mi=0.0832 dn=0.0000 v13=0.0000 v15=0.0000 v16=0.0000 v17=0.0000 v18=0.0000 acc=0.9375 lr=2.99e-04 lambda=0.000 v18_lambda=0.000 gpu=3.0/15.8GB
[04:43:40] [train] ep=07 step=010/40 ce=1.2106 sc=1.0629 mi=0.0755 dn=0.0000 v13=0.0000 v15=0.0000 v16=0.0000 v17=0.0000 v18=0.0000 acc=0.9437 lr=2.99e-04 lambda=0.000 v18_lambda=0.000 gpu=3.0/15.8GB
[04:43:42] [train] ep=07 step=020/40 ce=1.4356 sc=1.2025 mi=0.0760 dn=0.0000 v13=0.0000 v15=0.0000 v16=0.0000 v17=0.0000 v18=0.0000 acc=0.9219 lr=2.99e-04 lambda=0.000 v18_lambda=0.000 gpu=3.0/15.8GB
[04:43:44] [train] ep=07 step=030/40 ce=1.2827 sc=1.1815 mi=0.0750 dn=0.0000 v13=0.0000 v15=0.0000 v16=0.0000 v17=0.0000 v18=0.0000 acc=0.9333 lr=2.99e-04 lambda=0.000 v18_lambda=0.000 gpu=3.0/15.8GB
[04:43:46] [train] ep=07 step=040/40 ce=1.2557 sc=1.1629 mi=0.0748 dn=0.0000 v13=0.0000 v15=0.0000 v16=0.0000 v17=0.0000 v18=0.0000 acc=0.9359 lr=2.99e-04 lambda=0.000 v18_lambda=0.000 gpu=3.0/15.8GB
[04:43:49] [ep_summary] ep=07/100 val_live=0.9383/0.9386 val_ema=0.1605/0.0640 test77_live=0.3309/0.2778 test77_diag_ema=0.2086/0.1261 v13=0.0000 v15=0.0000 v16=0.0000 v17=0.0000 v18=0.0000 das=off[0,0] p=0.00 ep_time=10.7s
[04:43:49] [save] best_sourcequalified77_ema ep=7 source_val_live=0.9383/0.9386 source_val_ema=0.1605/0.0640 test77_ema=0.2086/0.1261
[04:43:49] [train] epoch 8/100 steps=40 use_dann=0 das=off f=[0.0,0.0] p=0.00 gpu=3.0/15.8GB
[04:43:49] [train] ep=08 step=001/40 ce=0.8186 sc=1.0364 mi=0.0640 dn=0.0000 v13=0.0000 v15=0.0000 v16=0.0000 v17=0.0000 v18=0.0000 acc=1.0000 lr=2.99e-04 lambda=0.000 v18_lambda=0.000 gpu=3.0/15.8GB
[04:43:51] [train] ep=08 step=010/40 ce=1.2737 sc=0.9995 mi=0.0714 dn=0.0000 v13=0.0000 v15=0.0000 v16=0.0000 v17=0.0000 v18=0.0000 acc=0.9375 lr=2.99e-04 lambda=0.000 v18_lambda=0.000 gpu=3.0/15.8GB
[04:43:53] [train] ep=08 step=020/40 ce=1.0834 sc=1.0219 mi=0.0707 dn=0.0000 v13=0.0000 v15=0.0000 v16=0.0000 v17=0.0000 v18=0.0000 acc=0.9563 lr=2.98e-04 lambda=0.000 v18_lambda=0.000 gpu=3.0/15.8GB
[04:43:55] [train] ep=08 step=030/40 ce=1.0473 sc=1.0592 mi=0.0711 dn=0.0000 v13=0.0000 v15=0.0000 v16=0.0000 v17=0.0000 v18=0.0000 acc=0.9542 lr=2.98e-04 lambda=0.000 v18_lambda=0.000 gpu=3.0/15.8GB
[04:43:57] [train] ep=08 step=040/40 ce=1.0278 sc=1.0715 mi=0.0698 dn=0.0000 v13=0.0000 v15=0.0000 v16=0.0000 v17=0.0000 v18=0.0000 acc=0.9578 lr=2.98e-04 lambda=0.000 v18_lambda=0.000 gpu=3.0/15.8GB
[04:44:00] [ep_summary] ep=08/100 val_live=0.9074/0.9071 val_ema=0.1914/0.1174 test77_live=0.3345/0.2681 test77_diag_ema=0.2266/0.1350 v13=0.0000 v15=0.0000 v16=0.0000 v17=0.0000 v18=0.0000 das=off[0,0] p=0.00 ep_time=10.7s
[04:44:00] [save] best_sourceval_ema val_acc_ema=0.1914 source_val_live=0.9074/0.9071 source_val_ema=0.1914/0.1174 ep=8
[04:44:00] [save] best_sourcequalified77_ema ep=8 source_val_live=0.9074/0.9071 source_val_ema=0.1914/0.1174 test77_ema=0.2266/0.1350
[04:44:00] [train] epoch 9/100 steps=40 use_dann=0 das=off f=[0.0,0.0] p=0.00 gpu=3.0/15.8GB
[04:44:00] [train] ep=09 step=001/40 ce=0.7436 sc=0.9090 mi=0.0730 dn=0.0000 v13=0.0000 v15=0.0000 v16=0.0000 v17=0.0000 v18=0.0000 acc=0.9375 lr=2.98e-04 lambda=0.000 v18_lambda=0.000 gpu=3.0/15.8GB
[04:44:02] [train] ep=09 step=010/40 ce=0.8086 sc=1.0038 mi=0.0709 dn=0.0000 v13=0.0000 v15=0.0000 v16=0.0000 v17=0.0000 v18=0.0000 acc=0.9625 lr=2.98e-04 lambda=0.000 v18_lambda=0.000 gpu=3.0/15.8GB
[04:44:04] [train] ep=09 step=020/40 ce=0.8282 sc=0.9934 mi=0.0702 dn=0.0000 v13=0.0000 v15=0.0000 v16=0.0000 v17=0.0000 v18=0.0000 acc=0.9656 lr=2.98e-04 lambda=0.000 v18_lambda=0.000 gpu=3.0/15.8GB
[04:44:06] [train] ep=09 step=030/40 ce=0.8453 sc=0.9750 mi=0.0707 dn=0.0000 v13=0.0000 v15=0.0000 v16=0.0000 v17=0.0000 v18=0.0000 acc=0.9604 lr=2.97e-04 lambda=0.000 v18_lambda=0.000 gpu=3.0/15.8GB
[04:44:08] [train] ep=09 step=040/40 ce=0.8315 sc=0.9582 mi=0.0700 dn=0.0000 v13=0.0000 v15=0.0000 v16=0.0000 v17=0.0000 v18=0.0000 acc=0.9625 lr=2.97e-04 lambda=0.000 v18_lambda=0.000 gpu=3.0/15.8GB
[04:44:11] [ep_summary] ep=09/100 val_live=0.9136/0.9130 val_ema=0.2284/0.1604 test77_live=0.2950/0.1957 test77_diag_ema=0.2410/0.1396 v13=0.0000 v15=0.0000 v16=0.0000 v17=0.0000 v18=0.0000 das=off[0,0] p=0.00 ep_time=11.1s
[04:44:11] [save] best_sourceval_ema val_acc_ema=0.2284 source_val_live=0.9136/0.9130 source_val_ema=0.2284/0.1604 ep=9
[04:44:11] [save] best_sourcequalified77_ema ep=9 source_val_live=0.9136/0.9130 source_val_ema=0.2284/0.1604 test77_ema=0.2410/0.1396
[04:44:11] [train] epoch 10/100 steps=40 use_dann=0 das=off f=[0.0,0.0] p=0.00 gpu=3.0/15.8GB
[04:44:11] [train] ep=10 step=001/40 ce=0.4927 sc=0.6439 mi=0.0632 dn=0.0000 v13=0.0000 v15=0.0000 v16=0.0000 v17=0.0000 v18=0.0000 acc=1.0000 lr=2.97e-04 lambda=0.000 v18_lambda=0.000 gpu=3.0/15.8GB
[04:44:13] [train] ep=10 step=010/40 ce=0.5820 sc=0.8722 mi=0.0656 dn=0.0000 v13=0.0000 v15=0.0000 v16=0.0000 v17=0.0000 v18=0.0000 acc=0.9875 lr=2.97e-04 lambda=0.000 v18_lambda=0.000 gpu=3.0/15.8GB
[04:44:15] [train] ep=10 step=020/40 ce=0.6048 sc=0.9178 mi=0.0652 dn=0.0000 v13=0.0000 v15=0.0000 v16=0.0000 v17=0.0000 v18=0.0000 acc=0.9844 lr=2.97e-04 lambda=0.000 v18_lambda=0.000 gpu=3.0/15.8GB
[04:44:17] [train] ep=10 step=030/40 ce=0.6646 sc=0.9342 mi=0.0660 dn=0.0000 v13=0.0000 v15=0.0000 v16=0.0000 v17=0.0000 v18=0.0000 acc=0.9833 lr=2.96e-04 lambda=0.000 v18_lambda=0.000 gpu=3.0/15.8GB
[04:44:19] [train] ep=10 step=040/40 ce=0.6552 sc=0.9123 mi=0.0657 dn=0.0000 v13=0.0000 v15=0.0000 v16=0.0000 v17=0.0000 v18=0.0000 acc=0.9812 lr=2.96e-04 lambda=0.000 v18_lambda=0.000 gpu=3.0/15.8GB
[04:44:22] [pool] check ep=010/100 source_val_acc_ema=0.2716 threshold=0.90
[04:44:22] [pool] ep=010 SKIP (source_val_acc_ema=0.2716 < 0.90)
[04:44:22] [ep_summary] ep=10/100 val_live=0.9383/0.9363 val_ema=0.2716/0.2034 test77_live=0.2914/0.1973 test77_diag_ema=0.2302/0.1272 v13=0.0000 v15=0.0000 v16=0.0000 v17=0.0000 v18=0.0000 das=off[0,0] p=0.00 ep_time=11.1s
[04:44:22] [save] best_sourceval_ema val_acc_ema=0.2716 source_val_live=0.9383/0.9363 source_val_ema=0.2716/0.2034 ep=10
[04:44:22] [strict77_monitor] ep=10 best_source_epoch=10 source_val_ema=0.2716/0.2034 test77_ema_diag=0.2302/0.1272 sourcequalified_count=10 best_sourcequalified77_epoch=9 source_val_ema=0.2284/0.1604 test77_ema=0.2410/0.1396
[04:44:22] [train] epoch 11/100 steps=40 use_dann=0 das=off f=[0.0,0.0] p=0.00 gpu=3.0/15.8GB
[04:44:22] [train] ep=11 step=001/40 ce=0.4047 sc=1.1834 mi=0.0595 dn=0.0000 v13=0.0000 v15=0.0000 v16=0.0000 v17=0.0000 v18=0.0000 acc=1.0000 lr=2.96e-04 lambda=0.000 v18_lambda=0.000 gpu=3.0/15.8GB
[04:44:24] [train] ep=11 step=010/40 ce=0.5769 sc=0.9923 mi=0.0663 dn=0.0000 v13=0.0000 v15=0.0000 v16=0.0000 v17=0.0000 v18=0.0000 acc=0.9875 lr=2.96e-04 lambda=0.000 v18_lambda=0.000 gpu=3.0/15.8GB
[04:44:26] [train] ep=11 step=020/40 ce=0.7856 sc=0.9366 mi=0.0654 dn=0.0000 v13=0.0000 v15=0.0000 v16=0.0000 v17=0.0000 v18=0.0000 acc=0.9656 lr=2.96e-04 lambda=0.000 v18_lambda=0.000 gpu=3.0/15.8GB
[04:44:28] [train] ep=11 step=030/40 ce=0.7726 sc=0.9067 mi=0.0638 dn=0.0000 v13=0.0000 v15=0.0000 v16=0.0000 v17=0.0000 v18=0.0000 acc=0.9688 lr=2.95e-04 lambda=0.000 v18_lambda=0.000 gpu=3.0/15.8GB
[04:44:30] [train] ep=11 step=040/40 ce=0.7659 sc=0.9268 mi=0.0632 dn=0.0000 v13=0.0000 v15=0.0000 v16=0.0000 v17=0.0000 v18=0.0000 acc=0.9703 lr=2.95e-04 lambda=0.000 v18_lambda=0.000 gpu=3.0/15.8GB
[04:44:33] [ep_summary] ep=11/100 val_live=0.9568/0.9571 val_ema=0.3210/0.2644 test77_live=0.2554/0.1523 test77_diag_ema=0.2338/0.1258 v13=0.0000 v15=0.0000 v16=0.0000 v17=0.0000 v18=0.0000 das=off[0,0] p=0.00 ep_time=11.1s
[04:44:33] [save] best_sourceval_ema val_acc_ema=0.3210 source_val_live=0.9568/0.9571 source_val_ema=0.3210/0.2644 ep=11
[04:44:33] [train] epoch 12/100 steps=40 use_dann=0 das=off f=[0.0,0.0] p=0.00 gpu=3.0/15.8GB
[04:44:33] [train] ep=12 step=001/40 ce=0.7615 sc=0.7377 mi=0.0602 dn=0.0000 v13=0.0000 v15=0.0000 v16=0.0000 v17=0.0000 v18=0.0000 acc=0.9375 lr=2.95e-04 lambda=0.000 v18_lambda=0.000 gpu=3.0/15.8GB
[04:44:35] [train] ep=12 step=010/40 ce=0.7602 sc=0.9309 mi=0.0603 dn=0.0000 v13=0.0000 v15=0.0000 v16=0.0000 v17=0.0000 v18=0.0000 acc=0.9688 lr=2.95e-04 lambda=0.000 v18_lambda=0.000 gpu=3.0/15.8GB
[04:44:37] [train] ep=12 step=020/40 ce=0.8247 sc=0.9973 mi=0.0606 dn=0.0000 v13=0.0000 v15=0.0000 v16=0.0000 v17=0.0000 v18=0.0000 acc=0.9656 lr=2.94e-04 lambda=0.000 v18_lambda=0.000 gpu=3.0/15.8GB
[04:44:39] [train] ep=12 step=030/40 ce=0.7800 sc=0.9797 mi=0.0616 dn=0.0000 v13=0.0000 v15=0.0000 v16=0.0000 v17=0.0000 v18=0.0000 acc=0.9688 lr=2.94e-04 lambda=0.000 v18_lambda=0.000 gpu=3.0/15.8GB
[04:44:41] [train] ep=12 step=040/40 ce=0.7554 sc=0.9542 mi=0.0608 dn=0.0000 v13=0.0000 v15=0.0000 v16=0.0000 v17=0.0000 v18=0.0000 acc=0.9719 lr=2.94e-04 lambda=0.000 v18_lambda=0.000 gpu=3.0/15.8GB
[04:44:44] [ep_summary] ep=12/100 val_live=0.9136/0.9075 val_ema=0.3951/0.3402 test77_live=0.4029/0.3066 test77_diag_ema=0.2374/0.1178 v13=0.0000 v15=0.0000 v16=0.0000 v17=0.0000 v18=0.0000 das=off[0,0] p=0.00 ep_time=11.1s
[04:44:44] [save] best_sourceval_ema val_acc_ema=0.3951 source_val_live=0.9136/0.9075 source_val_ema=0.3951/0.3402 ep=12
[04:44:44] [train] epoch 13/100 steps=40 use_dann=0 das=off f=[0.0,0.0] p=0.00 gpu=3.0/15.8GB
[04:44:44] [train] ep=13 step=001/40 ce=0.3308 sc=0.6889 mi=0.0679 dn=0.0000 v13=0.0000 v15=0.0000 v16=0.0000 v17=0.0000 v18=0.0000 acc=1.0000 lr=2.94e-04 lambda=0.000 v18_lambda=0.000 gpu=3.0/15.8GB
[04:44:46] [train] ep=13 step=010/40 ce=0.6304 sc=0.9222 mi=0.0623 dn=0.0000 v13=0.0000 v15=0.0000 v16=0.0000 v17=0.0000 v18=0.0000 acc=0.9750 lr=2.93e-04 lambda=0.000 v18_lambda=0.000 gpu=3.0/15.8GB
[04:44:48] [train] ep=13 step=020/40 ce=0.6647 sc=0.8528 mi=0.0622 dn=0.0000 v13=0.0000 v15=0.0000 v16=0.0000 v17=0.0000 v18=0.0000 acc=0.9719 lr=2.93e-04 lambda=0.000 v18_lambda=0.000 gpu=3.0/15.8GB
[04:44:50] [train] ep=13 step=030/40 ce=0.6930 sc=0.9132 mi=0.0623 dn=0.0000 v13=0.0000 v15=0.0000 v16=0.0000 v17=0.0000 v18=0.0000 acc=0.9729 lr=2.93e-04 lambda=0.000 v18_lambda=0.000 gpu=3.0/15.8GB
[04:44:52] [train] ep=13 step=040/40 ce=0.6543 sc=0.9032 mi=0.0621 dn=0.0000 v13=0.0000 v15=0.0000 v16=0.0000 v17=0.0000 v18=0.0000 acc=0.9781 lr=2.92e-04 lambda=0.000 v18_lambda=0.000 gpu=3.0/15.8GB
[04:44:55] [ep_summary] ep=13/100 val_live=0.9506/0.9507 val_ema=0.4383/0.3905 test77_live=0.4245/0.3374 test77_diag_ema=0.2338/0.1092 v13=0.0000 v15=0.0000 v16=0.0000 v17=0.0000 v18=0.0000 das=off[0,0] p=0.00 ep_time=10.8s
[04:44:55] [save] best_sourceval_ema val_acc_ema=0.4383 source_val_live=0.9506/0.9507 source_val_ema=0.4383/0.3905 ep=13
[04:44:55] [train] epoch 14/100 steps=40 use_dann=0 das=off f=[0.0,0.0] p=0.00 gpu=3.0/15.8GB
[04:44:55] [train] ep=14 step=001/40 ce=0.4198 sc=0.6746 mi=0.0624 dn=0.0000 v13=0.0000 v15=0.0000 v16=0.0000 v17=0.0000 v18=0.0000 acc=1.0000 lr=2.92e-04 lambda=0.000 v18_lambda=0.000 gpu=3.0/15.8GB
[04:44:57] [train] ep=14 step=010/40 ce=0.5004 sc=0.7815 mi=0.0631 dn=0.0000 v13=0.0000 v15=0.0000 v16=0.0000 v17=0.0000 v18=0.0000 acc=0.9875 lr=2.92e-04 lambda=0.000 v18_lambda=0.000 gpu=3.0/15.8GB
[04:44:59] [train] ep=14 step=020/40 ce=0.5025 sc=0.7842 mi=0.0635 dn=0.0000 v13=0.0000 v15=0.0000 v16=0.0000 v17=0.0000 v18=0.0000 acc=0.9875 lr=2.91e-04 lambda=0.000 v18_lambda=0.000 gpu=3.0/15.8GB
[04:45:01] [train] ep=14 step=030/40 ce=0.5527 sc=0.8636 mi=0.0633 dn=0.0000 v13=0.0000 v15=0.0000 v16=0.0000 v17=0.0000 v18=0.0000 acc=0.9833 lr=2.91e-04 lambda=0.000 v18_lambda=0.000 gpu=3.0/15.8GB
[04:45:03] [train] ep=14 step=040/40 ce=0.5429 sc=0.8861 mi=0.0621 dn=0.0000 v13=0.0000 v15=0.0000 v16=0.0000 v17=0.0000 v18=0.0000 acc=0.9844 lr=2.91e-04 lambda=0.000 v18_lambda=0.000 gpu=3.0/15.8GB
[04:45:06] [ep_summary] ep=14/100 val_live=0.9506/0.9523 val_ema=0.4630/0.4169 test77_live=0.3058/0.2530 test77_diag_ema=0.2446/0.1129 v13=0.0000 v15=0.0000 v16=0.0000 v17=0.0000 v18=0.0000 das=off[0,0] p=0.00 ep_time=10.6s
[04:45:06] [save] best_sourceval_ema val_acc_ema=0.4630 source_val_live=0.9506/0.9523 source_val_ema=0.4630/0.4169 ep=14
[04:45:06] [train] epoch 15/100 steps=40 use_dann=0 das=off f=[0.0,0.0] p=0.00 gpu=3.0/15.8GB
[04:45:06] [train] ep=15 step=001/40 ce=0.2991 sc=0.7640 mi=0.0518 dn=0.0000 v13=0.0000 v15=0.0000 v16=0.0000 v17=0.0000 v18=0.0000 acc=1.0000 lr=2.91e-04 lambda=0.000 v18_lambda=0.000 gpu=3.0/15.8GB
[04:45:08] [train] ep=15 step=010/40 ce=0.6969 sc=1.0032 mi=0.0560 dn=0.0000 v13=0.0000 v15=0.0000 v16=0.0000 v17=0.0000 v18=0.0000 acc=0.9688 lr=2.90e-04 lambda=0.000 v18_lambda=0.000 gpu=3.0/15.8GB
[04:45:10] [train] ep=15 step=020/40 ce=0.6302 sc=0.9095 mi=0.0601 dn=0.0000 v13=0.0000 v15=0.0000 v16=0.0000 v17=0.0000 v18=0.0000 acc=0.9781 lr=2.90e-04 lambda=0.000 v18_lambda=0.000 gpu=3.0/15.8GB
[04:45:12] [train] ep=15 step=030/40 ce=0.6241 sc=0.9240 mi=0.0603 dn=0.0000 v13=0.0000 v15=0.0000 v16=0.0000 v17=0.0000 v18=0.0000 acc=0.9792 lr=2.89e-04 lambda=0.000 v18_lambda=0.000 gpu=3.0/15.8GB
[04:45:14] [train] ep=15 step=040/40 ce=0.5997 sc=0.9250 mi=0.0601 dn=0.0000 v13=0.0000 v15=0.0000 v16=0.0000 v17=0.0000 v18=0.0000 acc=0.9812 lr=2.89e-04 lambda=0.000 v18_lambda=0.000 gpu=3.0/15.8GB
[04:45:17] [ep_summary] ep=15/100 val_live=0.9691/0.9698 val_ema=0.5123/0.4710 test77_live=0.3669/0.3150 test77_diag_ema=0.2518/0.1148 v13=0.0000 v15=0.0000 v16=0.0000 v17=0.0000 v18=0.0000 das=off[0,0] p=0.00 ep_time=11.0s
[04:45:17] [save] best_sourceval_ema val_acc_ema=0.5123 source_val_live=0.9691/0.9698 source_val_ema=0.5123/0.4710 ep=15
[04:45:17] [train] epoch 16/100 steps=40 use_dann=0 das=off f=[0.0,0.0] p=0.00 gpu=3.0/15.8GB
[04:45:17] [train] ep=16 step=001/40 ce=0.4750 sc=0.7164 mi=0.0609 dn=0.0000 v13=0.0000 v15=0.0000 v16=0.0000 v17=0.0000 v18=0.0000 acc=1.0000 lr=2.89e-04 lambda=0.000 v18_lambda=0.000 gpu=3.0/15.8GB
[04:45:19] [train] ep=16 step=010/40 ce=0.5095 sc=0.8976 mi=0.0609 dn=0.0000 v13=0.0000 v15=0.0000 v16=0.0000 v17=0.0000 v18=0.0000 acc=0.9875 lr=2.88e-04 lambda=0.000 v18_lambda=0.000 gpu=3.0/15.8GB
[04:45:21] [train] ep=16 step=020/40 ce=0.4878 sc=0.8035 mi=0.0596 dn=0.0000 v13=0.0000 v15=0.0000 v16=0.0000 v17=0.0000 v18=0.0000 acc=0.9875 lr=2.88e-04 lambda=0.000 v18_lambda=0.000 gpu=3.0/15.8GB
[04:45:22] [train] ep=16 step=030/40 ce=0.5559 sc=0.8674 mi=0.0605 dn=0.0000 v13=0.0000 v15=0.0000 v16=0.0000 v17=0.0000 v18=0.0000 acc=0.9812 lr=2.87e-04 lambda=0.000 v18_lambda=0.000 gpu=3.0/15.8GB
[04:45:24] [train] ep=16 step=040/40 ce=0.5682 sc=0.8869 mi=0.0605 dn=0.0000 v13=0.0000 v15=0.0000 v16=0.0000 v17=0.0000 v18=0.0000 acc=0.9797 lr=2.87e-04 lambda=0.000 v18_lambda=0.000 gpu=3.0/15.8GB
[04:45:27] [ep_summary] ep=16/100 val_live=0.9568/0.9568 val_ema=0.5556/0.5218 test77_live=0.4245/0.3519 test77_diag_ema=0.2590/0.1172 v13=0.0000 v15=0.0000 v16=0.0000 v17=0.0000 v18=0.0000 das=off[0,0] p=0.00 ep_time=10.4s
[04:45:27] [save] best_sourceval_ema val_acc_ema=0.5556 source_val_live=0.9568/0.9568 source_val_ema=0.5556/0.5218 ep=16
[04:45:27] [train] epoch 17/100 steps=40 use_dann=0 das=off f=[0.0,0.0] p=0.00 gpu=3.0/15.8GB
[04:45:27] [train] ep=17 step=001/40 ce=0.5245 sc=0.9120 mi=0.0667 dn=0.0000 v13=0.0000 v15=0.0000 v16=0.0000 v17=0.0000 v18=0.0000 acc=1.0000 lr=2.87e-04 lambda=0.000 v18_lambda=0.000 gpu=3.0/15.8GB
[04:45:29] [train] ep=17 step=010/40 ce=0.4586 sc=0.9202 mi=0.0603 dn=0.0000 v13=0.0000 v15=0.0000 v16=0.0000 v17=0.0000 v18=0.0000 acc=0.9938 lr=2.86e-04 lambda=0.000 v18_lambda=0.000 gpu=3.0/15.8GB
[04:45:31] [train] ep=17 step=020/40 ce=0.4344 sc=0.8610 mi=0.0608 dn=0.0000 v13=0.0000 v15=0.0000 v16=0.0000 v17=0.0000 v18=0.0000 acc=0.9938 lr=2.86e-04 lambda=0.000 v18_lambda=0.000 gpu=3.0/15.8GB
[04:45:32] [train] ep=17 step=030/40 ce=0.4632 sc=0.8375 mi=0.0592 dn=0.0000 v13=0.0000 v15=0.0000 v16=0.0000 v17=0.0000 v18=0.0000 acc=0.9875 lr=2.85e-04 lambda=0.000 v18_lambda=0.000 gpu=3.0/15.8GB
[04:45:34] [train] ep=17 step=040/40 ce=0.4541 sc=0.8111 mi=0.0593 dn=0.0000 v13=0.0000 v15=0.0000 v16=0.0000 v17=0.0000 v18=0.0000 acc=0.9891 lr=2.85e-04 lambda=0.000 v18_lambda=0.000 gpu=3.0/15.8GB
[04:45:37] [ep_summary] ep=17/100 val_live=0.9259/0.9254 val_ema=0.5988/0.5831 test77_live=0.4784/0.3971 test77_diag_ema=0.2698/0.1218 v13=0.0000 v15=0.0000 v16=0.0000 v17=0.0000 v18=0.0000 das=off[0,0] p=0.00 ep_time=10.0s
[04:45:37] [save] best_sourceval_ema val_acc_ema=0.5988 source_val_live=0.9259/0.9254 source_val_ema=0.5988/0.5831 ep=17
[04:45:37] [train] epoch 18/100 steps=40 use_dann=0 das=off f=[0.0,0.0] p=0.00 gpu=3.0/15.8GB
[04:45:37] [train] ep=18 step=001/40 ce=0.6113 sc=0.5522 mi=0.0736 dn=0.0000 v13=0.0000 v15=0.0000 v16=0.0000 v17=0.0000 v18=0.0000 acc=1.0000 lr=2.85e-04 lambda=0.000 v18_lambda=0.000 gpu=3.0/15.8GB
[04:45:39] [train] ep=18 step=010/40 ce=0.4008 sc=0.8208 mi=0.0600 dn=0.0000 v13=0.0000 v15=0.0000 v16=0.0000 v17=0.0000 v18=0.0000 acc=1.0000 lr=2.84e-04 lambda=0.000 v18_lambda=0.000 gpu=3.0/15.8GB
[04:45:41] [train] ep=18 step=020/40 ce=0.4100 sc=0.7586 mi=0.0596 dn=0.0000 v13=0.0000 v15=0.0000 v16=0.0000 v17=0.0000 v18=0.0000 acc=0.9969 lr=2.84e-04 lambda=0.000 v18_lambda=0.000 gpu=3.0/15.8GB
[04:45:42] [train] ep=18 step=030/40 ce=0.4632 sc=0.8264 mi=0.0598 dn=0.0000 v13=0.0000 v15=0.0000 v16=0.0000 v17=0.0000 v18=0.0000 acc=0.9938 lr=2.83e-04 lambda=0.000 v18_lambda=0.000 gpu=3.0/15.8GB
[04:45:44] [train] ep=18 step=040/40 ce=0.5313 sc=0.8542 mi=0.0592 dn=0.0000 v13=0.0000 v15=0.0000 v16=0.0000 v17=0.0000 v18=0.0000 acc=0.9891 lr=2.83e-04 lambda=0.000 v18_lambda=0.000 gpu=3.0/15.8GB
[04:45:47] [ep_summary] ep=18/100 val_live=0.9074/0.9103 val_ema=0.6420/0.6351 test77_live=0.4748/0.3651 test77_diag_ema=0.2770/0.1239 v13=0.0000 v15=0.0000 v16=0.0000 v17=0.0000 v18=0.0000 das=off[0,0] p=0.00 ep_time=10.0s
[04:45:47] [save] best_sourceval_ema val_acc_ema=0.6420 source_val_live=0.9074/0.9103 source_val_ema=0.6420/0.6351 ep=18
[04:45:47] [train] epoch 19/100 steps=40 use_dann=0 das=off f=[0.0,0.0] p=0.00 gpu=3.0/15.8GB
[04:45:47] [train] ep=19 step=001/40 ce=0.3221 sc=0.8179 mi=0.0581 dn=0.0000 v13=0.0000 v15=0.0000 v16=0.0000 v17=0.0000 v18=0.0000 acc=1.0000 lr=2.83e-04 lambda=0.000 v18_lambda=0.000 gpu=3.0/15.8GB
[04:45:49] [train] ep=19 step=010/40 ce=0.8182 sc=0.9312 mi=0.0624 dn=0.0000 v13=0.0000 v15=0.0000 v16=0.0000 v17=0.0000 v18=0.0000 acc=0.9563 lr=2.82e-04 lambda=0.000 v18_lambda=0.000 gpu=3.0/15.8GB
[04:45:51] [train] ep=19 step=020/40 ce=0.7515 sc=0.9017 mi=0.0605 dn=0.0000 v13=0.0000 v15=0.0000 v16=0.0000 v17=0.0000 v18=0.0000 acc=0.9625 lr=2.82e-04 lambda=0.000 v18_lambda=0.000 gpu=3.0/15.8GB
[04:45:52] [train] ep=19 step=030/40 ce=0.9476 sc=0.9775 mi=0.0596 dn=0.0000 v13=0.0000 v15=0.0000 v16=0.0000 v17=0.0000 v18=0.0000 acc=0.9521 lr=2.81e-04 lambda=0.000 v18_lambda=0.000 gpu=3.0/15.8GB
[04:45:54] [train] ep=19 step=040/40 ce=0.8740 sc=0.9329 mi=0.0591 dn=0.0000 v13=0.0000 v15=0.0000 v16=0.0000 v17=0.0000 v18=0.0000 acc=0.9594 lr=2.80e-04 lambda=0.000 v18_lambda=0.000 gpu=3.0/15.8GB
[04:45:57] [ep_summary] ep=19/100 val_live=0.8951/0.8773 val_ema=0.6852/0.6840 test77_live=0.4892/0.4323 test77_diag_ema=0.2770/0.1240 v13=0.0000 v15=0.0000 v16=0.0000 v17=0.0000 v18=0.0000 das=off[0,0] p=0.00 ep_time=10.1s
[04:45:57] [save] best_sourceval_ema val_acc_ema=0.6852 source_val_live=0.8951/0.8773 source_val_ema=0.6852/0.6840 ep=19
[04:45:57] [train] epoch 20/100 steps=40 use_dann=0 das=off f=[0.0,0.0] p=0.00 gpu=3.0/15.8GB
[04:45:57] [train] ep=20 step=001/40 ce=0.5649 sc=0.7675 mi=0.0497 dn=0.0000 v13=0.0000 v15=0.0000 v16=0.0000 v17=0.0000 v18=0.0000 acc=1.0000 lr=2.80e-04 lambda=0.000 v18_lambda=0.000 gpu=3.0/15.8GB
[04:45:59] [train] ep=20 step=010/40 ce=0.5690 sc=0.7999 mi=0.0584 dn=0.0000 v13=0.0000 v15=0.0000 v16=0.0000 v17=0.0000 v18=0.0000 acc=0.9875 lr=2.80e-04 lambda=0.000 v18_lambda=0.000 gpu=3.0/15.8GB
[04:46:01] [train] ep=20 step=020/40 ce=0.4960 sc=0.7619 mi=0.0574 dn=0.0000 v13=0.0000 v15=0.0000 v16=0.0000 v17=0.0000 v18=0.0000 acc=0.9875 lr=2.79e-04 lambda=0.000 v18_lambda=0.000 gpu=3.0/15.8GB
[04:46:03] [train] ep=20 step=030/40 ce=0.4908 sc=0.7981 mi=0.0577 dn=0.0000 v13=0.0000 v15=0.0000 v16=0.0000 v17=0.0000 v18=0.0000 acc=0.9875 lr=2.79e-04 lambda=0.000 v18_lambda=0.000 gpu=3.0/15.8GB
[04:46:04] [train] ep=20 step=040/40 ce=0.5158 sc=0.8145 mi=0.0571 dn=0.0000 v13=0.0000 v15=0.0000 v16=0.0000 v17=0.0000 v18=0.0000 acc=0.9828 lr=2.78e-04 lambda=0.000 v18_lambda=0.000 gpu=3.0/15.8GB
[04:46:07] [pool] check ep=020/100 source_val_acc_ema=0.7222 threshold=0.90
[04:46:07] [pool] ep=020 SKIP (source_val_acc_ema=0.7222 < 0.90)
[04:46:07] [ep_summary] ep=20/100 val_live=0.9753/0.9760 val_ema=0.7222/0.7263 test77_live=0.5000/0.4255 test77_diag_ema=0.2770/0.1255 v13=0.0000 v15=0.0000 v16=0.0000 v17=0.0000 v18=0.0000 das=off[0,0] p=0.00 ep_time=10.1s
[04:46:07] [save] best_sourceval_ema val_acc_ema=0.7222 source_val_live=0.9753/0.9760 source_val_ema=0.7222/0.7263 ep=20
[04:46:07] [strict77_monitor] ep=20 best_source_epoch=20 source_val_ema=0.7222/0.7263 test77_ema_diag=0.2770/0.1255 sourcequalified_count=20 best_sourcequalified77_epoch=9 source_val_ema=0.2284/0.1604 test77_ema=0.2410/0.1396
[04:46:07] [train] epoch 21/100 steps=40 use_dann=0 das=off f=[0.0,0.0] p=0.00 gpu=3.0/15.8GB
[04:46:07] [train] ep=21 step=001/40 ce=0.2763 sc=1.1324 mi=0.0579 dn=0.0000 v13=0.0000 v15=0.0000 v16=0.0000 v17=0.0000 v18=0.0000 acc=1.0000 lr=2.78e-04 lambda=0.000 v18_lambda=0.000 gpu=3.0/15.8GB
[04:46:09] [train] ep=21 step=010/40 ce=0.3482 sc=0.7817 mi=0.0566 dn=0.0000 v13=0.0000 v15=0.0000 v16=0.0000 v17=0.0000 v18=0.0000 acc=1.0000 lr=2.77e-04 lambda=0.000 v18_lambda=0.000 gpu=3.0/15.8GB
[04:46:11] [train] ep=21 step=020/40 ce=0.4462 sc=0.8078 mi=0.0563 dn=0.0000 v13=0.0000 v15=0.0000 v16=0.0000 v17=0.0000 v18=0.0000 acc=0.9906 lr=2.77e-04 lambda=0.000 v18_lambda=0.000 gpu=3.0/15.8GB
[04:46:13] [train] ep=21 step=030/40 ce=0.4805 sc=0.7718 mi=0.0563 dn=0.0000 v13=0.0000 v15=0.0000 v16=0.0000 v17=0.0000 v18=0.0000 acc=0.9875 lr=2.76e-04 lambda=0.000 v18_lambda=0.000 gpu=3.0/15.8GB
[04:46:15] [train] ep=21 step=040/40 ce=0.5011 sc=0.8225 mi=0.0564 dn=0.0000 v13=0.0000 v15=0.0000 v16=0.0000 v17=0.0000 v18=0.0000 acc=0.9844 lr=2.75e-04 lambda=0.000 v18_lambda=0.000 gpu=3.0/15.8GB
[04:46:17] [ep_summary] ep=21/100 val_live=0.9630/0.9629 val_ema=0.7531/0.7615 test77_live=0.4532/0.3754 test77_diag_ema=0.2770/0.1287 v13=0.0000 v15=0.0000 v16=0.0000 v17=0.0000 v18=0.0000 das=off[0,0] p=0.00 ep_time=10.2s
[04:46:17] [save] best_sourceval_ema val_acc_ema=0.7531 source_val_live=0.9630/0.9629 source_val_ema=0.7531/0.7615 ep=21
[04:46:17] [train] epoch 22/100 steps=40 use_dann=0 das=off f=[0.0,0.0] p=0.00 gpu=3.0/15.8GB
[04:46:18] [train] ep=22 step=001/40 ce=0.2875 sc=0.6265 mi=0.0540 dn=0.0000 v13=0.0000 v15=0.0000 v16=0.0000 v17=0.0000 v18=0.0000 acc=1.0000 lr=2.75e-04 lambda=0.000 v18_lambda=0.000 gpu=3.0/15.8GB
[04:46:19] [train] ep=22 step=010/40 ce=0.3732 sc=0.7005 mi=0.0550 dn=0.0000 v13=0.0000 v15=0.0000 v16=0.0000 v17=0.0000 v18=0.0000 acc=1.0000 lr=2.75e-04 lambda=0.000 v18_lambda=0.000 gpu=3.0/15.8GB
[04:46:21] [train] ep=22 step=020/40 ce=0.4143 sc=0.7738 mi=0.0559 dn=0.0000 v13=0.0000 v15=0.0000 v16=0.0000 v17=0.0000 v18=0.0000 acc=0.9938 lr=2.74e-04 lambda=0.000 v18_lambda=0.000 gpu=3.0/15.8GB
[04:46:23] [train] ep=22 step=030/40 ce=0.4230 sc=0.8494 mi=0.0558 dn=0.0000 v13=0.0000 v15=0.0000 v16=0.0000 v17=0.0000 v18=0.0000 acc=0.9917 lr=2.73e-04 lambda=0.000 v18_lambda=0.000 gpu=3.0/15.8GB
[04:46:24] [train] ep=22 step=040/40 ce=0.4219 sc=0.8376 mi=0.0552 dn=0.0000 v13=0.0000 v15=0.0000 v16=0.0000 v17=0.0000 v18=0.0000 acc=0.9906 lr=2.73e-04 lambda=0.000 v18_lambda=0.000 gpu=3.0/15.8GB
[04:46:27] [ep_summary] ep=22/100 val_live=0.9753/0.9760 val_ema=0.7778/0.7844 test77_live=0.4928/0.3968 test77_diag_ema=0.2770/0.1296 v13=0.0000 v15=0.0000 v16=0.0000 v17=0.0000 v18=0.0000 das=off[0,0] p=0.00 ep_time=9.9s
[04:46:27] [save] best_sourceval_ema val_acc_ema=0.7778 source_val_live=0.9753/0.9760 source_val_ema=0.7778/0.7844 ep=22
[04:46:27] [train] epoch 23/100 steps=40 use_dann=0 das=off f=[0.0,0.0] p=0.00 gpu=3.0/15.8GB
[04:46:27] [train] ep=23 step=001/40 ce=0.2753 sc=1.1359 mi=0.0561 dn=0.0000 v13=0.0000 v15=0.0000 v16=0.0000 v17=0.0000 v18=0.0000 acc=1.0000 lr=2.72e-04 lambda=0.000 v18_lambda=0.000 gpu=3.0/15.8GB
[04:46:29] [train] ep=23 step=010/40 ce=0.5207 sc=0.9196 mi=0.0541 dn=0.0000 v13=0.0000 v15=0.0000 v16=0.0000 v17=0.0000 v18=0.0000 acc=0.9875 lr=2.72e-04 lambda=0.000 v18_lambda=0.000 gpu=3.0/15.8GB
[04:46:31] [train] ep=23 step=020/40 ce=0.4713 sc=0.8562 mi=0.0568 dn=0.0000 v13=0.0000 v15=0.0000 v16=0.0000 v17=0.0000 v18=0.0000 acc=0.9906 lr=2.71e-04 lambda=0.000 v18_lambda=0.000 gpu=3.0/15.8GB
[04:46:33] [train] ep=23 step=030/40 ce=0.4175 sc=0.8276 mi=0.0563 dn=0.0000 v13=0.0000 v15=0.0000 v16=0.0000 v17=0.0000 v18=0.0000 acc=0.9938 lr=2.70e-04 lambda=0.000 v18_lambda=0.000 gpu=3.0/15.8GB
[04:46:34] [train] ep=23 step=040/40 ce=0.3894 sc=0.8023 mi=0.0565 dn=0.0000 v13=0.0000 v15=0.0000 v16=0.0000 v17=0.0000 v18=0.0000 acc=0.9953 lr=2.70e-04 lambda=0.000 v18_lambda=0.000 gpu=3.0/15.8GB
[04:46:37] [ep_summary] ep=23/100 val_live=0.9383/0.9356 val_ema=0.8272/0.8326 test77_live=0.4065/0.3747 test77_diag_ema=0.2806/0.1313 v13=0.0000 v15=0.0000 v16=0.0000 v17=0.0000 v18=0.0000 das=off[0,0] p=0.00 ep_time=9.9s
[04:46:37] [save] best_sourceval_ema val_acc_ema=0.8272 source_val_live=0.9383/0.9356 source_val_ema=0.8272/0.8326 ep=23
[04:46:37] [train] epoch 24/100 steps=40 use_dann=0 das=off f=[0.0,0.0] p=0.00 gpu=3.0/15.8GB
[04:46:37] [train] ep=24 step=001/40 ce=0.3766 sc=0.9066 mi=0.0672 dn=0.0000 v13=0.0000 v15=0.0000 v16=0.0000 v17=0.0000 v18=0.0000 acc=1.0000 lr=2.70e-04 lambda=0.000 v18_lambda=0.000 gpu=3.0/15.8GB
[04:46:39] [train] ep=24 step=010/40 ce=0.3087 sc=0.6695 mi=0.0554 dn=0.0000 v13=0.0000 v15=0.0000 v16=0.0000 v17=0.0000 v18=0.0000 acc=1.0000 lr=2.69e-04 lambda=0.000 v18_lambda=0.000 gpu=3.0/15.8GB
[04:46:41] [train] ep=24 step=020/40 ce=0.3639 sc=0.7280 mi=0.0554 dn=0.0000 v13=0.0000 v15=0.0000 v16=0.0000 v17=0.0000 v18=0.0000 acc=0.9938 lr=2.68e-04 lambda=0.000 v18_lambda=0.000 gpu=3.0/15.8GB
[04:46:43] [train] ep=24 step=030/40 ce=0.3786 sc=0.8048 mi=0.0571 dn=0.0000 v13=0.0000 v15=0.0000 v16=0.0000 v17=0.0000 v18=0.0000 acc=0.9917 lr=2.67e-04 lambda=0.000 v18_lambda=0.000 gpu=3.0/15.8GB
[04:46:44] [train] ep=24 step=040/40 ce=0.3567 sc=0.8145 mi=0.0564 dn=0.0000 v13=0.0000 v15=0.0000 v16=0.0000 v17=0.0000 v18=0.0000 acc=0.9938 lr=2.67e-04 lambda=0.000 v18_lambda=0.000 gpu=3.0/15.8GB
[04:46:47] [ep_summary] ep=24/100 val_live=0.9383/0.9359 val_ema=0.8395/0.8441 test77_live=0.3273/0.3010 test77_diag_ema=0.2806/0.1316 v13=0.0000 v15=0.0000 v16=0.0000 v17=0.0000 v18=0.0000 das=off[0,0] p=0.00 ep_time=10.0s
[04:46:47] [save] best_sourceval_ema val_acc_ema=0.8395 source_val_live=0.9383/0.9359 source_val_ema=0.8395/0.8441 ep=24
[04:46:47] [train] epoch 25/100 steps=40 use_dann=0 das=off f=[0.0,0.0] p=0.00 gpu=3.0/15.8GB
[04:46:47] [train] ep=25 step=001/40 ce=0.2884 sc=0.7967 mi=0.0600 dn=0.0000 v13=0.0000 v15=0.0000 v16=0.0000 v17=0.0000 v18=0.0000 acc=1.0000 lr=2.67e-04 lambda=0.000 v18_lambda=0.000 gpu=3.0/15.8GB
[04:46:49] [train] ep=25 step=010/40 ce=0.4026 sc=0.8344 mi=0.0590 dn=0.0000 v13=0.0000 v15=0.0000 v16=0.0000 v17=0.0000 v18=0.0000 acc=0.9938 lr=2.66e-04 lambda=0.000 v18_lambda=0.000 gpu=3.0/15.8GB
[04:46:51] [train] ep=25 step=020/40 ce=0.3695 sc=0.8161 mi=0.0573 dn=0.0000 v13=0.0000 v15=0.0000 v16=0.0000 v17=0.0000 v18=0.0000 acc=0.9969 lr=2.65e-04 lambda=0.000 v18_lambda=0.000 gpu=3.0/15.8GB
[04:46:53] [train] ep=25 step=030/40 ce=0.3799 sc=0.8114 mi=0.0556 dn=0.0000 v13=0.0000 v15=0.0000 v16=0.0000 v17=0.0000 v18=0.0000 acc=0.9958 lr=2.64e-04 lambda=0.000 v18_lambda=0.000 gpu=3.0/15.8GB
[04:46:54] [train] ep=25 step=040/40 ce=0.3847 sc=0.8211 mi=0.0555 dn=0.0000 v13=0.0000 v15=0.0000 v16=0.0000 v17=0.0000 v18=0.0000 acc=0.9953 lr=2.64e-04 lambda=0.000 v18_lambda=0.000 gpu=3.0/15.8GB
[04:46:57] [ep_summary] ep=25/100 val_live=0.9691/0.9698 val_ema=0.8580/0.8606 test77_live=0.4353/0.3965 test77_diag_ema=0.2806/0.1306 v13=0.0000 v15=0.0000 v16=0.0000 v17=0.0000 v18=0.0000 das=off[0,0] p=0.00 ep_time=10.0s
[04:46:57] [save] best_sourceval_ema val_acc_ema=0.8580 source_val_live=0.9691/0.9698 source_val_ema=0.8580/0.8606 ep=25
[04:46:57] [train] epoch 26/100 steps=40 use_dann=0 das=off f=[0.0,0.0] p=0.00 gpu=3.0/15.8GB
[04:46:57] [train] ep=26 step=001/40 ce=0.2695 sc=0.9665 mi=0.0566 dn=0.0000 v13=0.0000 v15=0.0000 v16=0.0000 v17=0.0000 v18=0.0000 acc=1.0000 lr=2.64e-04 lambda=0.000 v18_lambda=0.000 gpu=3.0/15.8GB
[04:46:59] [train] ep=26 step=010/40 ce=0.3262 sc=0.7715 mi=0.0575 dn=0.0000 v13=0.0000 v15=0.0000 v16=0.0000 v17=0.0000 v18=0.0000 acc=0.9938 lr=2.63e-04 lambda=0.000 v18_lambda=0.000 gpu=3.0/15.8GB
[04:47:01] [train] ep=26 step=020/40 ce=0.3395 sc=0.7997 mi=0.0562 dn=0.0000 v13=0.0000 v15=0.0000 v16=0.0000 v17=0.0000 v18=0.0000 acc=0.9969 lr=2.62e-04 lambda=0.000 v18_lambda=0.000 gpu=3.0/15.8GB
[04:47:02] [train] ep=26 step=030/40 ce=0.3545 sc=0.7898 mi=0.0561 dn=0.0000 v13=0.0000 v15=0.0000 v16=0.0000 v17=0.0000 v18=0.0000 acc=0.9958 lr=2.61e-04 lambda=0.000 v18_lambda=0.000 gpu=3.0/15.8GB
[04:47:04] [train] ep=26 step=040/40 ce=0.3511 sc=0.7974 mi=0.0558 dn=0.0000 v13=0.0000 v15=0.0000 v16=0.0000 v17=0.0000 v18=0.0000 acc=0.9953 lr=2.60e-04 lambda=0.000 v18_lambda=0.000 gpu=3.0/15.8GB
[04:47:07] [ep_summary] ep=26/100 val_live=0.9506/0.9507 val_ema=0.8951/0.8969 test77_live=0.5360/0.4755 test77_diag_ema=0.2842/0.1314 v13=0.0000 v15=0.0000 v16=0.0000 v17=0.0000 v18=0.0000 das=off[0,0] p=0.00 ep_time=9.9s
[04:47:07] [save] best_sourceval_ema val_acc_ema=0.8951 source_val_live=0.9506/0.9507 source_val_ema=0.8951/0.8969 ep=26
[04:47:07] [train] epoch 27/100 steps=40 use_dann=0 das=off f=[0.0,0.0] p=0.00 gpu=3.0/15.8GB
[04:47:07] [train] ep=27 step=001/40 ce=0.2653 sc=0.4418 mi=0.0632 dn=0.0000 v13=0.0000 v15=0.0000 v16=0.0000 v17=0.0000 v18=0.0000 acc=1.0000 lr=2.60e-04 lambda=0.000 v18_lambda=0.000 gpu=3.0/15.8GB
[04:47:09] [train] ep=27 step=010/40 ce=0.3380 sc=0.6281 mi=0.0561 dn=0.0000 v13=0.0000 v15=0.0000 v16=0.0000 v17=0.0000 v18=0.0000 acc=0.9938 lr=2.60e-04 lambda=0.000 v18_lambda=0.000 gpu=3.0/15.8GB
[04:47:11] [train] ep=27 step=020/40 ce=0.3350 sc=0.6666 mi=0.0545 dn=0.0000 v13=0.0000 v15=0.0000 v16=0.0000 v17=0.0000 v18=0.0000 acc=0.9969 lr=2.59e-04 lambda=0.000 v18_lambda=0.000 gpu=3.0/15.8GB
[04:47:12] [train] ep=27 step=030/40 ce=0.3359 sc=0.7204 mi=0.0544 dn=0.0000 v13=0.0000 v15=0.0000 v16=0.0000 v17=0.0000 v18=0.0000 acc=0.9958 lr=2.58e-04 lambda=0.000 v18_lambda=0.000 gpu=3.0/15.8GB
[04:47:14] [train] ep=27 step=040/40 ce=0.3592 sc=0.7590 mi=0.0545 dn=0.0000 v13=0.0000 v15=0.0000 v16=0.0000 v17=0.0000 v18=0.0000 acc=0.9953 lr=2.57e-04 lambda=0.000 v18_lambda=0.000 gpu=3.0/15.8GB
[04:47:17] [ep_summary] ep=27/100 val_live=0.9568/0.9574 val_ema=0.9074/0.9083 test77_live=0.4460/0.3898 test77_diag_ema=0.2842/0.1300 v13=0.0000 v15=0.0000 v16=0.0000 v17=0.0000 v18=0.0000 das=off[0,0] p=0.00 ep_time=9.9s
[04:47:17] [save] best_sourceval_ema val_acc_ema=0.9074 source_val_live=0.9568/0.9574 source_val_ema=0.9074/0.9083 ep=27
[04:47:17] [train] epoch 28/100 steps=40 use_dann=0 das=off f=[0.0,0.0] p=0.00 gpu=3.0/15.8GB
[04:47:17] [train] ep=28 step=001/40 ce=0.2699 sc=0.4251 mi=0.0468 dn=0.0000 v13=0.0000 v15=0.0000 v16=0.0000 v17=0.0000 v18=0.0000 acc=1.0000 lr=2.57e-04 lambda=0.000 v18_lambda=0.000 gpu=3.0/15.8GB
[04:47:19] [train] ep=28 step=010/40 ce=0.4968 sc=0.8554 mi=0.0541 dn=0.0000 v13=0.0000 v15=0.0000 v16=0.0000 v17=0.0000 v18=0.0000 acc=0.9875 lr=2.56e-04 lambda=0.000 v18_lambda=0.000 gpu=3.0/15.8GB
[04:47:21] [train] ep=28 step=020/40 ce=0.3870 sc=0.7878 mi=0.0542 dn=0.0000 v13=0.0000 v15=0.0000 v16=0.0000 v17=0.0000 v18=0.0000 acc=0.9938 lr=2.55e-04 lambda=0.000 v18_lambda=0.000 gpu=3.0/15.8GB
[04:47:22] [train] ep=28 step=030/40 ce=0.3704 sc=0.7883 mi=0.0553 dn=0.0000 v13=0.0000 v15=0.0000 v16=0.0000 v17=0.0000 v18=0.0000 acc=0.9938 lr=2.54e-04 lambda=0.000 v18_lambda=0.000 gpu=3.0/15.8GB
[04:47:24] [train] ep=28 step=040/40 ce=0.3662 sc=0.7988 mi=0.0561 dn=0.0000 v13=0.0000 v15=0.0000 v16=0.0000 v17=0.0000 v18=0.0000 acc=0.9938 lr=2.54e-04 lambda=0.000 v18_lambda=0.000 gpu=3.0/15.8GB
[04:47:27] [ep_summary] ep=28/100 val_live=0.9568/0.9568 val_ema=0.9074/0.9083 test77_live=0.4928/0.4473 test77_diag_ema=0.2842/0.1295 v13=0.0000 v15=0.0000 v16=0.0000 v17=0.0000 v18=0.0000 das=off[0,0] p=0.00 ep_time=9.9s
[04:47:27] [train] epoch 29/100 steps=40 use_dann=0 das=off f=[0.0,0.0] p=0.00 gpu=3.0/15.8GB
[04:47:27] [train] ep=29 step=001/40 ce=0.5129 sc=0.9755 mi=0.0592 dn=0.0000 v13=0.0000 v15=0.0000 v16=0.0000 v17=0.0000 v18=0.0000 acc=1.0000 lr=2.53e-04 lambda=0.000 v18_lambda=0.000 gpu=3.0/15.8GB
[04:47:29] [train] ep=29 step=010/40 ce=0.3643 sc=0.8631 mi=0.0538 dn=0.0000 v13=0.0000 v15=0.0000 v16=0.0000 v17=0.0000 v18=0.0000 acc=0.9938 lr=2.53e-04 lambda=0.000 v18_lambda=0.000 gpu=3.0/15.8GB
[04:47:30] [train] ep=29 step=020/40 ce=0.4360 sc=0.9043 mi=0.0554 dn=0.0000 v13=0.0000 v15=0.0000 v16=0.0000 v17=0.0000 v18=0.0000 acc=0.9875 lr=2.52e-04 lambda=0.000 v18_lambda=0.000 gpu=3.0/15.8GB
[04:47:32] [train] ep=29 step=030/40 ce=0.4057 sc=0.8447 mi=0.0556 dn=0.0000 v13=0.0000 v15=0.0000 v16=0.0000 v17=0.0000 v18=0.0000 acc=0.9917 lr=2.51e-04 lambda=0.000 v18_lambda=0.000 gpu=3.0/15.8GB
[04:47:34] [train] ep=29 step=040/40 ce=0.3739 sc=0.8012 mi=0.0559 dn=0.0000 v13=0.0000 v15=0.0000 v16=0.0000 v17=0.0000 v18=0.0000 acc=0.9938 lr=2.50e-04 lambda=0.000 v18_lambda=0.000 gpu=3.0/15.8GB
[04:47:37] [ep_summary] ep=29/100 val_live=0.9691/0.9693 val_ema=0.9198/0.9202 test77_live=0.4245/0.3827 test77_diag_ema=0.2806/0.1271 v13=0.0000 v15=0.0000 v16=0.0000 v17=0.0000 v18=0.0000 das=off[0,0] p=0.00 ep_time=9.9s
[04:47:37] [save] best_sourceval_ema val_acc_ema=0.9198 source_val_live=0.9691/0.9693 source_val_ema=0.9198/0.9202 ep=29
[04:47:37] [train] epoch 30/100 steps=40 use_dann=0 das=off f=[0.0,0.0] p=0.00 gpu=3.0/15.8GB
[04:47:37] [train] ep=30 step=001/40 ce=0.8576 sc=0.9011 mi=0.0630 dn=0.0000 v13=0.0000 v15=0.0000 v16=0.0000 v17=0.0000 v18=0.0000 acc=0.9375 lr=2.50e-04 lambda=0.000 v18_lambda=0.000 gpu=3.0/15.8GB
[04:47:39] [train] ep=30 step=010/40 ce=0.4192 sc=0.7103 mi=0.0554 dn=0.0000 v13=0.0000 v15=0.0000 v16=0.0000 v17=0.0000 v18=0.0000 acc=0.9875 lr=2.49e-04 lambda=0.000 v18_lambda=0.000 gpu=3.0/15.8GB
[04:47:40] [train] ep=30 step=020/40 ce=0.3945 sc=0.7752 mi=0.0537 dn=0.0000 v13=0.0000 v15=0.0000 v16=0.0000 v17=0.0000 v18=0.0000 acc=0.9906 lr=2.48e-04 lambda=0.000 v18_lambda=0.000 gpu=3.0/15.8GB
[04:47:42] [train] ep=30 step=030/40 ce=0.3545 sc=0.7623 mi=0.0540 dn=0.0000 v13=0.0000 v15=0.0000 v16=0.0000 v17=0.0000 v18=0.0000 acc=0.9938 lr=2.47e-04 lambda=0.000 v18_lambda=0.000 gpu=3.0/15.8GB
[04:47:44] [train] ep=30 step=040/40 ce=0.3887 sc=0.7975 mi=0.0550 dn=0.0000 v13=0.0000 v15=0.0000 v16=0.0000 v17=0.0000 v18=0.0000 acc=0.9922 lr=2.46e-04 lambda=0.000 v18_lambda=0.000 gpu=3.0/15.8GB
[04:47:47] [pool] check ep=030/100 source_val_acc_ema=0.9259 threshold=0.90
[04:47:48] [pool] ep=030 ADDED src_val=0.9259/0.9260 dev77=0.2786/0.1256 final77=0.2806/0.1267
[04:47:48] [pool] running best ep=030 dev77_f1=0.1256 final77_f1=0.1267 (pool_size=1)
[04:47:48] [ep_summary] ep=30/100 val_live=0.9506/0.9521 val_ema=0.9259/0.9260 test77_live=0.4604/0.4138 test77_diag_ema=0.2806/0.1267 v13=0.0000 v15=0.0000 v16=0.0000 v17=0.0000 v18=0.0000 das=off[0,0] p=0.00 ep_time=11.3s
[04:47:48] [save] best_sourceval_ema val_acc_ema=0.9259 source_val_live=0.9506/0.9521 source_val_ema=0.9259/0.9260 ep=30
[04:47:48] [strict77_monitor] ep=30 best_source_epoch=30 source_val_ema=0.9259/0.9260 test77_ema_diag=0.2806/0.1267 sourcequalified_count=30 best_sourcequalified77_epoch=9 source_val_ema=0.2284/0.1604 test77_ema=0.2410/0.1396
[04:47:48] [train] epoch 31/100 steps=40 use_dann=0 das=off f=[0.0,0.0] p=0.00 gpu=3.0/15.8GB
[04:47:48] [train] ep=31 step=001/40 ce=0.2623 sc=0.6143 mi=0.0644 dn=0.0000 v13=0.0000 v15=0.0000 v16=0.0000 v17=0.0000 v18=0.0000 acc=1.0000 lr=2.46e-04 lambda=0.000 v18_lambda=0.000 gpu=3.0/15.8GB
[04:47:50] [train] ep=31 step=010/40 ce=0.4144 sc=0.7446 mi=0.0578 dn=0.0000 v13=0.0000 v15=0.0000 v16=0.0000 v17=0.0000 v18=0.0000 acc=0.9938 lr=2.45e-04 lambda=0.000 v18_lambda=0.000 gpu=3.0/15.8GB
[04:47:52] [train] ep=31 step=020/40 ce=0.4425 sc=0.8143 mi=0.0563 dn=0.0000 v13=0.0000 v15=0.0000 v16=0.0000 v17=0.0000 v18=0.0000 acc=0.9875 lr=2.44e-04 lambda=0.000 v18_lambda=0.000 gpu=3.0/15.8GB
[04:47:54] [train] ep=31 step=030/40 ce=0.4128 sc=0.8345 mi=0.0550 dn=0.0000 v13=0.0000 v15=0.0000 v16=0.0000 v17=0.0000 v18=0.0000 acc=0.9896 lr=2.43e-04 lambda=0.000 v18_lambda=0.000 gpu=3.0/15.8GB
[04:47:56] [train] ep=31 step=040/40 ce=0.4027 sc=0.8304 mi=0.0554 dn=0.0000 v13=0.0000 v15=0.0000 v16=0.0000 v17=0.0000 v18=0.0000 acc=0.9906 lr=2.43e-04 lambda=0.000 v18_lambda=0.000 gpu=3.0/15.8GB
[04:47:59] [ep_summary] ep=31/100 val_live=0.9691/0.9694 val_ema=0.9259/0.9260 test77_live=0.5072/0.4546 test77_diag_ema=0.2842/0.1338 v13=0.0000 v15=0.0000 v16=0.0000 v17=0.0000 v18=0.0000 das=off[0,0] p=0.00 ep_time=10.8s
[04:47:59] [train] epoch 32/100 steps=40 use_dann=0 das=off f=[0.0,0.0] p=0.00 gpu=3.0/15.8GB
[04:47:59] [train] ep=32 step=001/40 ce=0.2691 sc=1.3209 mi=0.0672 dn=0.0000 v13=0.0000 v15=0.0000 v16=0.0000 v17=0.0000 v18=0.0000 acc=1.0000 lr=2.42e-04 lambda=0.000 v18_lambda=0.000 gpu=3.0/15.8GB
[04:48:01] [train] ep=32 step=010/40 ce=0.5486 sc=0.9664 mi=0.0576 dn=0.0000 v13=0.0000 v15=0.0000 v16=0.0000 v17=0.0000 v18=0.0000 acc=0.9750 lr=2.42e-04 lambda=0.000 v18_lambda=0.000 gpu=3.0/15.8GB
[04:48:03] [train] ep=32 step=020/40 ce=0.4800 sc=0.9259 mi=0.0561 dn=0.0000 v13=0.0000 v15=0.0000 v16=0.0000 v17=0.0000 v18=0.0000 acc=0.9844 lr=2.41e-04 lambda=0.000 v18_lambda=0.000 gpu=3.0/15.8GB
[04:48:05] [train] ep=32 step=030/40 ce=0.4404 sc=0.8499 mi=0.0559 dn=0.0000 v13=0.0000 v15=0.0000 v16=0.0000 v17=0.0000 v18=0.0000 acc=0.9875 lr=2.40e-04 lambda=0.000 v18_lambda=0.000 gpu=3.0/15.8GB
[04:48:07] [train] ep=32 step=040/40 ce=0.4242 sc=0.8060 mi=0.0562 dn=0.0000 v13=0.0000 v15=0.0000 v16=0.0000 v17=0.0000 v18=0.0000 acc=0.9875 lr=2.39e-04 lambda=0.000 v18_lambda=0.000 gpu=3.0/15.8GB
[04:48:10] [ep_summary] ep=32/100 val_live=0.9568/0.9580 val_ema=0.9198/0.9200 test77_live=0.4748/0.3627 test77_diag_ema=0.2842/0.1336 v13=0.0000 v15=0.0000 v16=0.0000 v17=0.0000 v18=0.0000 das=off[0,0] p=0.00 ep_time=10.9s
[04:48:10] [train] epoch 33/100 steps=40 use_dann=0 das=off f=[0.0,0.0] p=0.00 gpu=3.0/15.8GB
[04:48:10] [train] ep=33 step=001/40 ce=0.2809 sc=0.7517 mi=0.0491 dn=0.0000 v13=0.0000 v15=0.0000 v16=0.0000 v17=0.0000 v18=0.0000 acc=1.0000 lr=2.39e-04 lambda=0.000 v18_lambda=0.000 gpu=3.0/15.8GB
[04:48:12] [train] ep=33 step=010/40 ce=0.4385 sc=0.8499 mi=0.0561 dn=0.0000 v13=0.0000 v15=0.0000 v16=0.0000 v17=0.0000 v18=0.0000 acc=0.9875 lr=2.38e-04 lambda=0.000 v18_lambda=0.000 gpu=3.0/15.8GB
[04:48:14] [train] ep=33 step=020/40 ce=0.4750 sc=0.9065 mi=0.0561 dn=0.0000 v13=0.0000 v15=0.0000 v16=0.0000 v17=0.0000 v18=0.0000 acc=0.9844 lr=2.37e-04 lambda=0.000 v18_lambda=0.000 gpu=3.0/15.8GB
[04:48:16] [train] ep=33 step=030/40 ce=0.4279 sc=0.8741 mi=0.0570 dn=0.0000 v13=0.0000 v15=0.0000 v16=0.0000 v17=0.0000 v18=0.0000 acc=0.9896 lr=2.36e-04 lambda=0.000 v18_lambda=0.000 gpu=3.0/15.8GB
[04:48:18] [train] ep=33 step=040/40 ce=0.3938 sc=0.8347 mi=0.0557 dn=0.0000 v13=0.0000 v15=0.0000 v16=0.0000 v17=0.0000 v18=0.0000 acc=0.9922 lr=2.35e-04 lambda=0.000 v18_lambda=0.000 gpu=3.0/15.8GB
[04:48:21] [ep_summary] ep=33/100 val_live=0.9630/0.9632 val_ema=0.9198/0.9200 test77_live=0.5144/0.4061 test77_diag_ema=0.2842/0.1341 v13=0.0000 v15=0.0000 v16=0.0000 v17=0.0000 v18=0.0000 das=off[0,0] p=0.00 ep_time=11.3s
[04:48:21] [train] epoch 34/100 steps=40 use_dann=0 das=off f=[0.0,0.0] p=0.00 gpu=3.0/15.8GB
[04:48:21] [train] ep=34 step=001/40 ce=0.2664 sc=0.6235 mi=0.0573 dn=0.0000 v13=0.0000 v15=0.0000 v16=0.0000 v17=0.0000 v18=0.0000 acc=1.0000 lr=2.35e-04 lambda=0.000 v18_lambda=0.000 gpu=3.0/15.8GB
[04:48:23] [train] ep=34 step=010/40 ce=0.3423 sc=0.8033 mi=0.0549 dn=0.0000 v13=0.0000 v15=0.0000 v16=0.0000 v17=0.0000 v18=0.0000 acc=0.9938 lr=2.34e-04 lambda=0.000 v18_lambda=0.000 gpu=3.0/15.8GB
[04:48:25] [train] ep=34 step=020/40 ce=0.3564 sc=0.7888 mi=0.0533 dn=0.0000 v13=0.0000 v15=0.0000 v16=0.0000 v17=0.0000 v18=0.0000 acc=0.9938 lr=2.33e-04 lambda=0.000 v18_lambda=0.000 gpu=3.0/15.8GB
[04:48:26] [train] ep=34 step=030/40 ce=0.3877 sc=0.7896 mi=0.0528 dn=0.0000 v13=0.0000 v15=0.0000 v16=0.0000 v17=0.0000 v18=0.0000 acc=0.9896 lr=2.32e-04 lambda=0.000 v18_lambda=0.000 gpu=3.0/15.8GB
[04:48:28] [train] ep=34 step=040/40 ce=0.3981 sc=0.8108 mi=0.0530 dn=0.0000 v13=0.0000 v15=0.0000 v16=0.0000 v17=0.0000 v18=0.0000 acc=0.9906 lr=2.31e-04 lambda=0.000 v18_lambda=0.000 gpu=3.0/15.8GB
[04:48:31] [ep_summary] ep=34/100 val_live=0.9753/0.9759 val_ema=0.9259/0.9260 test77_live=0.5396/0.4419 test77_diag_ema=0.2878/0.1354 v13=0.0000 v15=0.0000 v16=0.0000 v17=0.0000 v18=0.0000 das=off[0,0] p=0.00 ep_time=9.9s
[04:48:31] [train] epoch 35/100 steps=40 use_dann=0 das=off f=[0.0,0.0] p=0.00 gpu=3.0/15.8GB
[04:48:31] [train] ep=35 step=001/40 ce=0.8025 sc=1.1717 mi=0.0613 dn=0.0000 v13=0.0000 v15=0.0000 v16=0.0000 v17=0.0000 v18=0.0000 acc=0.9375 lr=2.31e-04 lambda=0.000 v18_lambda=0.000 gpu=3.0/15.8GB
[04:48:33] [train] ep=35 step=010/40 ce=0.3803 sc=0.8324 mi=0.0557 dn=0.0000 v13=0.0000 v15=0.0000 v16=0.0000 v17=0.0000 v18=0.0000 acc=0.9938 lr=2.30e-04 lambda=0.000 v18_lambda=0.000 gpu=3.0/15.8GB
[04:48:35] [train] ep=35 step=020/40 ce=0.4300 sc=0.8210 mi=0.0561 dn=0.0000 v13=0.0000 v15=0.0000 v16=0.0000 v17=0.0000 v18=0.0000 acc=0.9906 lr=2.29e-04 lambda=0.000 v18_lambda=0.000 gpu=3.0/15.8GB
[04:48:36] [train] ep=35 step=030/40 ce=0.3858 sc=0.8271 mi=0.0561 dn=0.0000 v13=0.0000 v15=0.0000 v16=0.0000 v17=0.0000 v18=0.0000 acc=0.9938 lr=2.28e-04 lambda=0.000 v18_lambda=0.000 gpu=3.0/15.8GB
[04:48:38] [train] ep=35 step=040/40 ce=0.4009 sc=0.8171 mi=0.0555 dn=0.0000 v13=0.0000 v15=0.0000 v16=0.0000 v17=0.0000 v18=0.0000 acc=0.9922 lr=2.27e-04 lambda=0.000 v18_lambda=0.000 gpu=3.0/15.8GB
[04:48:41] [ep_summary] ep=35/100 val_live=0.9321/0.9291 val_ema=0.9321/0.9323 test77_live=0.5288/0.4766 test77_diag_ema=0.2914/0.1420 v13=0.0000 v15=0.0000 v16=0.0000 v17=0.0000 v18=0.0000 das=off[0,0] p=0.00 ep_time=9.9s
[04:48:41] [save] best_sourceval_ema val_acc_ema=0.9321 source_val_live=0.9321/0.9291 source_val_ema=0.9321/0.9323 ep=35
[04:48:41] [save] best_sourcequalified77_ema ep=35 source_val_live=0.9321/0.9291 source_val_ema=0.9321/0.9323 test77_ema=0.2914/0.1420
[04:48:41] [train] epoch 36/100 steps=40 use_dann=0 das=off f=[0.0,0.0] p=0.00 gpu=3.0/15.8GB
[04:48:41] [train] ep=36 step=001/40 ce=0.6785 sc=0.7679 mi=0.0530 dn=0.0000 v13=0.0000 v15=0.0000 v16=0.0000 v17=0.0000 v18=0.0000 acc=0.9375 lr=2.26e-04 lambda=0.000 v18_lambda=0.000 gpu=3.0/15.8GB
[04:48:43] [train] ep=36 step=010/40 ce=0.4359 sc=0.8398 mi=0.0517 dn=0.0000 v13=0.0000 v15=0.0000 v16=0.0000 v17=0.0000 v18=0.0000 acc=0.9812 lr=2.25e-04 lambda=0.000 v18_lambda=0.000 gpu=3.0/15.8GB
[04:48:45] [train] ep=36 step=020/40 ce=0.4311 sc=0.7962 mi=0.0525 dn=0.0000 v13=0.0000 v15=0.0000 v16=0.0000 v17=0.0000 v18=0.0000 acc=0.9844 lr=2.24e-04 lambda=0.000 v18_lambda=0.000 gpu=3.0/15.8GB
[04:48:46] [train] ep=36 step=030/40 ce=0.4046 sc=0.8041 mi=0.0522 dn=0.0000 v13=0.0000 v15=0.0000 v16=0.0000 v17=0.0000 v18=0.0000 acc=0.9875 lr=2.23e-04 lambda=0.000 v18_lambda=0.000 gpu=3.0/15.8GB
[04:48:48] [train] ep=36 step=040/40 ce=0.4025 sc=0.8248 mi=0.0533 dn=0.0000 v13=0.0000 v15=0.0000 v16=0.0000 v17=0.0000 v18=0.0000 acc=0.9891 lr=2.22e-04 lambda=0.000 v18_lambda=0.000 gpu=3.0/15.8GB
[04:48:51] [ep_summary] ep=36/100 val_live=0.9444/0.9431 val_ema=0.9321/0.9326 test77_live=0.4640/0.3712 test77_diag_ema=0.2914/0.1423 v13=0.0000 v15=0.0000 v16=0.0000 v17=0.0000 v18=0.0000 das=off[0,0] p=0.00 ep_time=10.0s
[04:48:51] [save] best_sourcequalified77_ema ep=36 source_val_live=0.9444/0.9431 source_val_ema=0.9321/0.9326 test77_ema=0.2914/0.1423
[04:48:51] [train] epoch 37/100 steps=40 use_dann=0 das=off f=[0.0,0.0] p=0.00 gpu=3.0/15.8GB
[04:48:51] [train] ep=37 step=001/40 ce=0.7111 sc=1.0165 mi=0.0500 dn=0.0000 v13=0.0000 v15=0.0000 v16=0.0000 v17=0.0000 v18=0.0000 acc=0.9375 lr=2.22e-04 lambda=0.000 v18_lambda=0.000 gpu=3.0/15.8GB
[04:48:53] [train] ep=37 step=010/40 ce=0.3174 sc=0.7603 mi=0.0538 dn=0.0000 v13=0.0000 v15=0.0000 v16=0.0000 v17=0.0000 v18=0.0000 acc=0.9938 lr=2.21e-04 lambda=0.000 v18_lambda=0.000 gpu=3.0/15.8GB
[04:48:55] [train] ep=37 step=020/40 ce=0.3087 sc=0.7249 mi=0.0549 dn=0.0000 v13=0.0000 v15=0.0000 v16=0.0000 v17=0.0000 v18=0.0000 acc=0.9969 lr=2.20e-04 lambda=0.000 v18_lambda=0.000 gpu=3.0/15.8GB
[04:48:57] [train] ep=37 step=030/40 ce=0.3436 sc=0.7323 mi=0.0544 dn=0.0000 v13=0.0000 v15=0.0000 v16=0.0000 v17=0.0000 v18=0.0000 acc=0.9958 lr=2.19e-04 lambda=0.000 v18_lambda=0.000 gpu=3.0/15.8GB
[04:48:59] [train] ep=37 step=040/40 ce=0.3252 sc=0.7336 mi=0.0536 dn=0.0000 v13=0.0000 v15=0.0000 v16=0.0000 v17=0.0000 v18=0.0000 acc=0.9969 lr=2.18e-04 lambda=0.000 v18_lambda=0.000 gpu=3.0/15.8GB
[04:49:02] [ep_summary] ep=37/100 val_live=0.9444/0.9456 val_ema=0.9383/0.9384 test77_live=0.4532/0.3480 test77_diag_ema=0.2950/0.1488 v13=0.0000 v15=0.0000 v16=0.0000 v17=0.0000 v18=0.0000 das=off[0,0] p=0.00 ep_time=10.9s
[04:49:02] [save] best_sourceval_ema val_acc_ema=0.9383 source_val_live=0.9444/0.9456 source_val_ema=0.9383/0.9384 ep=37
[04:49:02] [save] best_sourcequalified77_ema ep=37 source_val_live=0.9444/0.9456 source_val_ema=0.9383/0.9384 test77_ema=0.2950/0.1488
[04:49:02] [train] epoch 38/100 steps=40 use_dann=0 das=off f=[0.0,0.0] p=0.00 gpu=3.0/15.8GB
[04:49:02] [train] ep=38 step=001/40 ce=0.2694 sc=0.6284 mi=0.0515 dn=0.0000 v13=0.0000 v15=0.0000 v16=0.0000 v17=0.0000 v18=0.0000 acc=1.0000 lr=2.18e-04 lambda=0.000 v18_lambda=0.000 gpu=3.0/15.8GB
[04:49:04] [train] ep=38 step=010/40 ce=0.2683 sc=0.6256 mi=0.0553 dn=0.0000 v13=0.0000 v15=0.0000 v16=0.0000 v17=0.0000 v18=0.0000 acc=1.0000 lr=2.17e-04 lambda=0.000 v18_lambda=0.000 gpu=3.0/15.8GB
[04:49:06] [train] ep=38 step=020/40 ce=0.3309 sc=0.7066 mi=0.0547 dn=0.0000 v13=0.0000 v15=0.0000 v16=0.0000 v17=0.0000 v18=0.0000 acc=0.9938 lr=2.16e-04 lambda=0.000 v18_lambda=0.000 gpu=3.0/15.8GB
[04:49:08] [train] ep=38 step=030/40 ce=0.3630 sc=0.7387 mi=0.0538 dn=0.0000 v13=0.0000 v15=0.0000 v16=0.0000 v17=0.0000 v18=0.0000 acc=0.9917 lr=2.15e-04 lambda=0.000 v18_lambda=0.000 gpu=3.0/15.8GB
[04:49:11] [train] ep=38 step=040/40 ce=0.3515 sc=0.7271 mi=0.0542 dn=0.0000 v13=0.0000 v15=0.0000 v16=0.0000 v17=0.0000 v18=0.0000 acc=0.9922 lr=2.14e-04 lambda=0.000 v18_lambda=0.000 gpu=3.0/15.8GB
[04:49:13] [ep_summary] ep=38/100 val_live=0.9630/0.9639 val_ema=0.9383/0.9388 test77_live=0.4532/0.3506 test77_diag_ema=0.3094/0.1719 v13=0.0000 v15=0.0000 v16=0.0000 v17=0.0000 v18=0.0000 das=off[0,0] p=0.00 ep_time=11.4s
[04:49:13] [save] best_sourcequalified77_ema ep=38 source_val_live=0.9630/0.9639 source_val_ema=0.9383/0.9388 test77_ema=0.3094/0.1719
[04:49:13] [train] epoch 39/100 steps=40 use_dann=0 das=off f=[0.0,0.0] p=0.00 gpu=3.0/15.8GB
[04:49:14] [train] ep=39 step=001/40 ce=1.2176 sc=0.9548 mi=0.0519 dn=0.0000 v13=0.0000 v15=0.0000 v16=0.0000 v17=0.0000 v18=0.0000 acc=0.9375 lr=2.14e-04 lambda=0.000 v18_lambda=0.000 gpu=3.0/15.8GB
[04:49:15] [train] ep=39 step=010/40 ce=0.3657 sc=0.7023 mi=0.0496 dn=0.0000 v13=0.0000 v15=0.0000 v16=0.0000 v17=0.0000 v18=0.0000 acc=0.9938 lr=2.13e-04 lambda=0.000 v18_lambda=0.000 gpu=3.0/15.8GB
[04:49:18] [train] ep=39 step=020/40 ce=0.3344 sc=0.7461 mi=0.0505 dn=0.0000 v13=0.0000 v15=0.0000 v16=0.0000 v17=0.0000 v18=0.0000 acc=0.9969 lr=2.11e-04 lambda=0.000 v18_lambda=0.000 gpu=3.0/15.8GB
[04:49:20] [train] ep=39 step=030/40 ce=0.3754 sc=0.7658 mi=0.0514 dn=0.0000 v13=0.0000 v15=0.0000 v16=0.0000 v17=0.0000 v18=0.0000 acc=0.9938 lr=2.10e-04 lambda=0.000 v18_lambda=0.000 gpu=3.0/15.8GB
[04:49:22] [train] ep=39 step=040/40 ce=0.3532 sc=0.7678 mi=0.0513 dn=0.0000 v13=0.0000 v15=0.0000 v16=0.0000 v17=0.0000 v18=0.0000 acc=0.9953 lr=2.09e-04 lambda=0.000 v18_lambda=0.000 gpu=3.0/15.8GB
[04:49:24] [ep_summary] ep=39/100 val_live=0.9383/0.9385 val_ema=0.9383/0.9388 test77_live=0.4712/0.4049 test77_diag_ema=0.3094/0.1717 v13=0.0000 v15=0.0000 v16=0.0000 v17=0.0000 v18=0.0000 das=off[0,0] p=0.00 ep_time=11.0s
[04:49:24] [train] epoch 40/100 steps=40 use_dann=0 das=off f=[0.0,0.0] p=0.00 gpu=3.0/15.8GB
[04:49:25] [train] ep=40 step=001/40 ce=0.2723 sc=0.5402 mi=0.0477 dn=0.0000 v13=0.0000 v15=0.0000 v16=0.0000 v17=0.0000 v18=0.0000 acc=1.0000 lr=2.09e-04 lambda=0.000 v18_lambda=0.000 gpu=3.0/15.8GB
[04:49:26] [train] ep=40 step=010/40 ce=0.4195 sc=0.8002 mi=0.0540 dn=0.0000 v13=0.0000 v15=0.0000 v16=0.0000 v17=0.0000 v18=0.0000 acc=0.9875 lr=2.08e-04 lambda=0.000 v18_lambda=0.000 gpu=3.0/15.8GB
[04:49:29] [train] ep=40 step=020/40 ce=0.5250 sc=0.8926 mi=0.0549 dn=0.0000 v13=0.0000 v15=0.0000 v16=0.0000 v17=0.0000 v18=0.0000 acc=0.9781 lr=2.07e-04 lambda=0.000 v18_lambda=0.000 gpu=3.0/15.8GB
[04:49:31] [train] ep=40 step=030/40 ce=0.4813 sc=0.8928 mi=0.0530 dn=0.0000 v13=0.0000 v15=0.0000 v16=0.0000 v17=0.0000 v18=0.0000 acc=0.9833 lr=2.06e-04 lambda=0.000 v18_lambda=0.000 gpu=3.0/15.8GB
[04:49:33] [train] ep=40 step=040/40 ce=0.4551 sc=0.8829 mi=0.0531 dn=0.0000 v13=0.0000 v15=0.0000 v16=0.0000 v17=0.0000 v18=0.0000 acc=0.9844 lr=2.05e-04 lambda=0.000 v18_lambda=0.000 gpu=3.0/15.8GB
[04:49:35] [pool] check ep=040/100 source_val_acc_ema=0.9383 threshold=0.90
[04:49:37] [pool] ep=040 ADDED src_val=0.9383/0.9388 dev77=0.2857/0.1544 final77=0.3165/0.1819
[04:49:37] [pool] running best ep=040 dev77_f1=0.1544 final77_f1=0.1819 (pool_size=2)
[04:49:37] [ep_summary] ep=40/100 val_live=0.9753/0.9759 val_ema=0.9383/0.9388 test77_live=0.3921/0.2850 test77_diag_ema=0.3165/0.1819 v13=0.0000 v15=0.0000 v16=0.0000 v17=0.0000 v18=0.0000 das=off[0,0] p=0.00 ep_time=12.3s
[04:49:37] [save] best_sourcequalified77_ema ep=40 source_val_live=0.9753/0.9759 source_val_ema=0.9383/0.9388 test77_ema=0.3165/0.1819
[04:49:37] [strict77_monitor] ep=40 best_source_epoch=37 source_val_ema=0.9383/0.9384 test77_ema_diag=0.2950/0.1488 sourcequalified_count=40 best_sourcequalified77_epoch=40 source_val_ema=0.9383/0.9388 test77_ema=0.3165/0.1819
[04:49:37] [train] epoch 41/100 steps=40 use_dann=0 das=off f=[0.0,0.0] p=0.00 gpu=3.0/15.8GB
[04:49:37] [train] ep=41 step=001/40 ce=0.2701 sc=0.6192 mi=0.0457 dn=0.0000 v13=0.0000 v15=0.0000 v16=0.0000 v17=0.0000 v18=0.0000 acc=1.0000 lr=2.05e-04 lambda=0.000 v18_lambda=0.000 gpu=3.0/15.8GB
[04:49:39] [train] ep=41 step=010/40 ce=0.2727 sc=0.7130 mi=0.0531 dn=0.0000 v13=0.0000 v15=0.0000 v16=0.0000 v17=0.0000 v18=0.0000 acc=1.0000 lr=2.04e-04 lambda=0.000 v18_lambda=0.000 gpu=3.0/15.8GB
[04:49:41] [train] ep=41 step=020/40 ce=0.3532 sc=0.7224 mi=0.0515 dn=0.0000 v13=0.0000 v15=0.0000 v16=0.0000 v17=0.0000 v18=0.0000 acc=0.9906 lr=2.02e-04 lambda=0.000 v18_lambda=0.000 gpu=3.0/15.8GB
[04:49:43] [train] ep=41 step=030/40 ce=0.3665 sc=0.7750 mi=0.0521 dn=0.0000 v13=0.0000 v15=0.0000 v16=0.0000 v17=0.0000 v18=0.0000 acc=0.9896 lr=2.01e-04 lambda=0.000 v18_lambda=0.000 gpu=3.0/15.8GB
[04:49:45] [train] ep=41 step=040/40 ce=0.3775 sc=0.7528 mi=0.0518 dn=0.0000 v13=0.0000 v15=0.0000 v16=0.0000 v17=0.0000 v18=0.0000 acc=0.9891 lr=2.00e-04 lambda=0.000 v18_lambda=0.000 gpu=3.0/15.8GB
[04:49:48] [ep_summary] ep=41/100 val_live=0.9630/0.9643 val_ema=0.9383/0.9388 test77_live=0.4281/0.3147 test77_diag_ema=0.3273/0.1963 v13=0.0000 v15=0.0000 v16=0.0000 v17=0.0000 v18=0.0000 das=off[0,0] p=0.00 ep_time=11.4s
[04:49:48] [save] best_sourcequalified77_ema ep=41 source_val_live=0.9630/0.9643 source_val_ema=0.9383/0.9388 test77_ema=0.3273/0.1963
[04:49:48] [train] epoch 42/100 steps=40 use_dann=0 das=off f=[0.0,0.0] p=0.00 gpu=3.0/15.8GB
[04:49:48] [train] ep=42 step=001/40 ce=0.2670 sc=0.8512 mi=0.0376 dn=0.0000 v13=0.0000 v15=0.0000 v16=0.0000 v17=0.0000 v18=0.0000 acc=1.0000 lr=2.00e-04 lambda=0.000 v18_lambda=0.000 gpu=3.0/15.8GB
[04:49:50] [train] ep=42 step=010/40 ce=0.3501 sc=0.8845 mi=0.0505 dn=0.0000 v13=0.0000 v15=0.0000 v16=0.0000 v17=0.0000 v18=0.0000 acc=0.9938 lr=1.99e-04 lambda=0.000 v18_lambda=0.000 gpu=3.0/15.8GB
[04:49:52] [train] ep=42 step=020/40 ce=0.3659 sc=0.8209 mi=0.0516 dn=0.0000 v13=0.0000 v15=0.0000 v16=0.0000 v17=0.0000 v18=0.0000 acc=0.9938 lr=1.98e-04 lambda=0.000 v18_lambda=0.000 gpu=3.0/15.8GB
[04:49:54] [train] ep=42 step=030/40 ce=0.3566 sc=0.8056 mi=0.0509 dn=0.0000 v13=0.0000 v15=0.0000 v16=0.0000 v17=0.0000 v18=0.0000 acc=0.9958 lr=1.97e-04 lambda=0.000 v18_lambda=0.000 gpu=3.0/15.8GB
[04:49:56] [train] ep=42 step=040/40 ce=0.3435 sc=0.7915 mi=0.0500 dn=0.0000 v13=0.0000 v15=0.0000 v16=0.0000 v17=0.0000 v18=0.0000 acc=0.9969 lr=1.96e-04 lambda=0.000 v18_lambda=0.000 gpu=3.0/15.8GB
[04:49:59] [ep_summary] ep=42/100 val_live=0.9691/0.9703 val_ema=0.9444/0.9450 test77_live=0.3453/0.2143 test77_diag_ema=0.3345/0.2069 v13=0.0000 v15=0.0000 v16=0.0000 v17=0.0000 v18=0.0000 das=off[0,0] p=0.00 ep_time=11.1s
[04:49:59] [save] best_sourceval_ema val_acc_ema=0.9444 source_val_live=0.9691/0.9703 source_val_ema=0.9444/0.9450 ep=42
[04:49:59] [save] best_sourcequalified77_ema ep=42 source_val_live=0.9691/0.9703 source_val_ema=0.9444/0.9450 test77_ema=0.3345/0.2069
[04:49:59] [train] epoch 43/100 steps=40 use_dann=0 das=off f=[0.0,0.0] p=0.00 gpu=3.0/15.8GB
[04:49:59] [train] ep=43 step=001/40 ce=0.2640 sc=0.5397 mi=0.0456 dn=0.0000 v13=0.0000 v15=0.0000 v16=0.0000 v17=0.0000 v18=0.0000 acc=1.0000 lr=1.95e-04 lambda=0.000 v18_lambda=0.000 gpu=3.0/15.8GB
[04:50:01] [train] ep=43 step=010/40 ce=0.2747 sc=0.7855 mi=0.0508 dn=0.0000 v13=0.0000 v15=0.0000 v16=0.0000 v17=0.0000 v18=0.0000 acc=1.0000 lr=1.94e-04 lambda=0.000 v18_lambda=0.000 gpu=3.0/15.8GB
[04:50:03] [train] ep=43 step=020/40 ce=0.3468 sc=0.8192 mi=0.0509 dn=0.0000 v13=0.0000 v15=0.0000 v16=0.0000 v17=0.0000 v18=0.0000 acc=0.9938 lr=1.93e-04 lambda=0.000 v18_lambda=0.000 gpu=3.0/15.8GB
[04:50:06] [train] ep=43 step=030/40 ce=0.3212 sc=0.7803 mi=0.0505 dn=0.0000 v13=0.0000 v15=0.0000 v16=0.0000 v17=0.0000 v18=0.0000 acc=0.9958 lr=1.92e-04 lambda=0.000 v18_lambda=0.000 gpu=3.0/15.8GB
[04:50:08] [train] ep=43 step=040/40 ce=0.3234 sc=0.7771 mi=0.0514 dn=0.0000 v13=0.0000 v15=0.0000 v16=0.0000 v17=0.0000 v18=0.0000 acc=0.9953 lr=1.91e-04 lambda=0.000 v18_lambda=0.000 gpu=3.0/15.8GB
[04:50:10] [ep_summary] ep=43/100 val_live=0.9506/0.9510 val_ema=0.9506/0.9511 test77_live=0.4676/0.3579 test77_diag_ema=0.3381/0.2136 v13=0.0000 v15=0.0000 v16=0.0000 v17=0.0000 v18=0.0000 das=off[0,0] p=0.00 ep_time=11.2s
[04:50:10] [save] best_sourceval_ema val_acc_ema=0.9506 source_val_live=0.9506/0.9510 source_val_ema=0.9506/0.9511 ep=43
[04:50:10] [save] best_sourcequalified77_ema ep=43 source_val_live=0.9506/0.9510 source_val_ema=0.9506/0.9511 test77_ema=0.3381/0.2136
[04:50:10] [train] epoch 44/100 steps=40 use_dann=0 das=off f=[0.0,0.0] p=0.00 gpu=3.0/15.8GB
[04:50:11] [train] ep=44 step=001/40 ce=0.2740 sc=0.8511 mi=0.0599 dn=0.0000 v13=0.0000 v15=0.0000 v16=0.0000 v17=0.0000 v18=0.0000 acc=1.0000 lr=1.91e-04 lambda=0.000 v18_lambda=0.000 gpu=3.0/15.8GB
[04:50:12] [train] ep=44 step=010/40 ce=0.5459 sc=0.7532 mi=0.0522 dn=0.0000 v13=0.0000 v15=0.0000 v16=0.0000 v17=0.0000 v18=0.0000 acc=0.9750 lr=1.90e-04 lambda=0.000 v18_lambda=0.000 gpu=3.0/15.8GB
[04:50:14] [train] ep=44 step=020/40 ce=0.4326 sc=0.7880 mi=0.0527 dn=0.0000 v13=0.0000 v15=0.0000 v16=0.0000 v17=0.0000 v18=0.0000 acc=0.9875 lr=1.89e-04 lambda=0.000 v18_lambda=0.000 gpu=3.0/15.8GB
[04:50:16] [train] ep=44 step=030/40 ce=0.4131 sc=0.8163 mi=0.0510 dn=0.0000 v13=0.0000 v15=0.0000 v16=0.0000 v17=0.0000 v18=0.0000 acc=0.9875 lr=1.87e-04 lambda=0.000 v18_lambda=0.000 gpu=3.0/15.8GB
[04:50:18] [train] ep=44 step=040/40 ce=0.3864 sc=0.7965 mi=0.0503 dn=0.0000 v13=0.0000 v15=0.0000 v16=0.0000 v17=0.0000 v18=0.0000 acc=0.9906 lr=1.86e-04 lambda=0.000 v18_lambda=0.000 gpu=3.0/15.8GB
[04:50:21] [ep_summary] ep=44/100 val_live=0.9506/0.9495 val_ema=0.9444/0.9450 test77_live=0.4137/0.3041 test77_diag_ema=0.3417/0.2194 v13=0.0000 v15=0.0000 v16=0.0000 v17=0.0000 v18=0.0000 das=off[0,0] p=0.00 ep_time=10.8s
[04:50:21] [save] best_sourcequalified77_ema ep=44 source_val_live=0.9506/0.9495 source_val_ema=0.9444/0.9450 test77_ema=0.3417/0.2194
[04:50:21] [train] epoch 45/100 steps=40 use_dann=0 das=off f=[0.0,0.0] p=0.00 gpu=3.0/15.8GB
[04:50:21] [train] ep=45 step=001/40 ce=0.2648 sc=0.6326 mi=0.0493 dn=0.0000 v13=0.0000 v15=0.0000 v16=0.0000 v17=0.0000 v18=0.0000 acc=1.0000 lr=1.86e-04 lambda=0.000 v18_lambda=0.000 gpu=3.0/15.8GB
[04:50:23] [train] ep=45 step=010/40 ce=0.3160 sc=0.7161 mi=0.0518 dn=0.0000 v13=0.0000 v15=0.0000 v16=0.0000 v17=0.0000 v18=0.0000 acc=1.0000 lr=1.85e-04 lambda=0.000 v18_lambda=0.000 gpu=3.0/15.8GB
[04:50:25] [train] ep=45 step=020/40 ce=0.3564 sc=0.7435 mi=0.0527 dn=0.0000 v13=0.0000 v15=0.0000 v16=0.0000 v17=0.0000 v18=0.0000 acc=0.9938 lr=1.84e-04 lambda=0.000 v18_lambda=0.000 gpu=3.0/15.8GB
[04:50:27] [train] ep=45 step=030/40 ce=0.3413 sc=0.7467 mi=0.0523 dn=0.0000 v13=0.0000 v15=0.0000 v16=0.0000 v17=0.0000 v18=0.0000 acc=0.9958 lr=1.83e-04 lambda=0.000 v18_lambda=0.000 gpu=3.0/15.8GB
[04:50:29] [train] ep=45 step=040/40 ce=0.3412 sc=0.7710 mi=0.0519 dn=0.0000 v13=0.0000 v15=0.0000 v16=0.0000 v17=0.0000 v18=0.0000 acc=0.9953 lr=1.81e-04 lambda=0.000 v18_lambda=0.000 gpu=3.0/15.8GB
[04:50:32] [ep_summary] ep=45/100 val_live=0.9568/0.9572 val_ema=0.9506/0.9511 test77_live=0.4604/0.3489 test77_diag_ema=0.3597/0.2375 v13=0.0000 v15=0.0000 v16=0.0000 v17=0.0000 v18=0.0000 das=off[0,0] p=0.00 ep_time=11.0s
[04:50:32] [save] best_sourcequalified77_ema ep=45 source_val_live=0.9568/0.9572 source_val_ema=0.9506/0.9511 test77_ema=0.3597/0.2375
[04:50:32] [train] epoch 46/100 steps=40 use_dann=0 das=off f=[0.0,0.0] p=0.00 gpu=3.0/15.8GB
[04:50:32] [train] ep=46 step=001/40 ce=0.2682 sc=0.6151 mi=0.0645 dn=0.0000 v13=0.0000 v15=0.0000 v16=0.0000 v17=0.0000 v18=0.0000 acc=1.0000 lr=1.81e-04 lambda=0.000 v18_lambda=0.000 gpu=3.0/15.8GB
[04:50:34] [train] ep=46 step=010/40 ce=0.3350 sc=0.7701 mi=0.0535 dn=0.0000 v13=0.0000 v15=0.0000 v16=0.0000 v17=0.0000 v18=0.0000 acc=0.9938 lr=1.80e-04 lambda=0.000 v18_lambda=0.000 gpu=3.0/15.8GB
[04:50:36] [train] ep=46 step=020/40 ce=0.3374 sc=0.8306 mi=0.0517 dn=0.0000 v13=0.0000 v15=0.0000 v16=0.0000 v17=0.0000 v18=0.0000 acc=0.9938 lr=1.79e-04 lambda=0.000 v18_lambda=0.000 gpu=3.0/15.8GB
[04:50:39] [train] ep=46 step=030/40 ce=0.3192 sc=0.7853 mi=0.0515 dn=0.0000 v13=0.0000 v15=0.0000 v16=0.0000 v17=0.0000 v18=0.0000 acc=0.9958 lr=1.78e-04 lambda=0.000 v18_lambda=0.000 gpu=3.0/15.8GB
[04:50:41] [train] ep=46 step=040/40 ce=0.3053 sc=0.7391 mi=0.0510 dn=0.0000 v13=0.0000 v15=0.0000 v16=0.0000 v17=0.0000 v18=0.0000 acc=0.9969 lr=1.77e-04 lambda=0.000 v18_lambda=0.000 gpu=3.0/15.8GB
[04:50:43] [ep_summary] ep=46/100 val_live=0.9691/0.9693 val_ema=0.9506/0.9511 test77_live=0.4496/0.3410 test77_diag_ema=0.3633/0.2415 v13=0.0000 v15=0.0000 v16=0.0000 v17=0.0000 v18=0.0000 das=off[0,0] p=0.00 ep_time=11.3s
[04:50:43] [save] best_sourcequalified77_ema ep=46 source_val_live=0.9691/0.9693 source_val_ema=0.9506/0.9511 test77_ema=0.3633/0.2415
[04:50:43] [train] epoch 47/100 steps=40 use_dann=0 das=off f=[0.0,0.0] p=0.00 gpu=3.0/15.8GB
[04:50:44] [train] ep=47 step=001/40 ce=0.2623 sc=0.6157 mi=0.0568 dn=0.0000 v13=0.0000 v15=0.0000 v16=0.0000 v17=0.0000 v18=0.0000 acc=1.0000 lr=1.77e-04 lambda=0.000 v18_lambda=0.000 gpu=3.0/15.8GB
[04:50:45] [train] ep=47 step=010/40 ce=0.2837 sc=0.6669 mi=0.0522 dn=0.0000 v13=0.0000 v15=0.0000 v16=0.0000 v17=0.0000 v18=0.0000 acc=1.0000 lr=1.76e-04 lambda=0.000 v18_lambda=0.000 gpu=3.0/15.8GB
[04:50:47] [train] ep=47 step=020/40 ce=0.2788 sc=0.6327 mi=0.0508 dn=0.0000 v13=0.0000 v15=0.0000 v16=0.0000 v17=0.0000 v18=0.0000 acc=1.0000 lr=1.74e-04 lambda=0.000 v18_lambda=0.000 gpu=3.0/15.8GB
[04:50:49] [train] ep=47 step=030/40 ce=0.3138 sc=0.6642 mi=0.0516 dn=0.0000 v13=0.0000 v15=0.0000 v16=0.0000 v17=0.0000 v18=0.0000 acc=0.9979 lr=1.73e-04 lambda=0.000 v18_lambda=0.000 gpu=3.0/15.8GB
[04:50:51] [train] ep=47 step=040/40 ce=0.3705 sc=0.7164 mi=0.0521 dn=0.0000 v13=0.0000 v15=0.0000 v16=0.0000 v17=0.0000 v18=0.0000 acc=0.9938 lr=1.72e-04 lambda=0.000 v18_lambda=0.000 gpu=3.0/15.8GB
[04:50:54] [ep_summary] ep=47/100 val_live=0.9815/0.9819 val_ema=0.9444/0.9450 test77_live=0.4748/0.3767 test77_diag_ema=0.3669/0.2482 v13=0.0000 v15=0.0000 v16=0.0000 v17=0.0000 v18=0.0000 das=off[0,0] p=0.00 ep_time=10.7s
[04:50:54] [save] best_sourcequalified77_ema ep=47 source_val_live=0.9815/0.9819 source_val_ema=0.9444/0.9450 test77_ema=0.3669/0.2482
[04:50:54] [train] epoch 48/100 steps=40 use_dann=0 das=off f=[0.0,0.0] p=0.00 gpu=3.0/15.8GB
[04:50:54] [train] ep=48 step=001/40 ce=0.2608 sc=0.5381 mi=0.0485 dn=0.0000 v13=0.0000 v15=0.0000 v16=0.0000 v17=0.0000 v18=0.0000 acc=1.0000 lr=1.72e-04 lambda=0.000 v18_lambda=0.000 gpu=3.0/15.8GB
[04:50:56] [train] ep=48 step=010/40 ce=0.4511 sc=0.9484 mi=0.0487 dn=0.0000 v13=0.0000 v15=0.0000 v16=0.0000 v17=0.0000 v18=0.0000 acc=0.9875 lr=1.71e-04 lambda=0.000 v18_lambda=0.000 gpu=3.0/15.8GB
[04:50:58] [train] ep=48 step=020/40 ce=0.4086 sc=0.8973 mi=0.0503 dn=0.0000 v13=0.0000 v15=0.0000 v16=0.0000 v17=0.0000 v18=0.0000 acc=0.9875 lr=1.69e-04 lambda=0.000 v18_lambda=0.000 gpu=3.0/15.8GB
[04:51:01] [train] ep=48 step=030/40 ce=0.3803 sc=0.8571 mi=0.0508 dn=0.0000 v13=0.0000 v15=0.0000 v16=0.0000 v17=0.0000 v18=0.0000 acc=0.9896 lr=1.68e-04 lambda=0.000 v18_lambda=0.000 gpu=3.0/15.8GB
[04:51:02] [train] ep=48 step=040/40 ce=0.3561 sc=0.8341 mi=0.0497 dn=0.0000 v13=0.0000 v15=0.0000 v16=0.0000 v17=0.0000 v18=0.0000 acc=0.9922 lr=1.67e-04 lambda=0.000 v18_lambda=0.000 gpu=3.0/15.8GB
[04:51:05] [ep_summary] ep=48/100 val_live=0.9321/0.9337 val_ema=0.9506/0.9511 test77_live=0.4604/0.3684 test77_diag_ema=0.3813/0.2596 v13=0.0000 v15=0.0000 v16=0.0000 v17=0.0000 v18=0.0000 das=off[0,0] p=0.00 ep_time=11.0s
[04:51:05] [save] best_sourcequalified77_ema ep=48 source_val_live=0.9321/0.9337 source_val_ema=0.9506/0.9511 test77_ema=0.3813/0.2596
[04:51:05] [train] epoch 49/100 steps=40 use_dann=0 das=off f=[0.0,0.0] p=0.00 gpu=3.0/15.8GB
[04:51:05] [train] ep=49 step=001/40 ce=0.2598 sc=1.0470 mi=0.0496 dn=0.0000 v13=0.0000 v15=0.0000 v16=0.0000 v17=0.0000 v18=0.0000 acc=1.0000 lr=1.67e-04 lambda=0.000 v18_lambda=0.000 gpu=3.0/15.8GB
[04:51:07] [train] ep=49 step=010/40 ce=0.2774 sc=0.7440 mi=0.0500 dn=0.0000 v13=0.0000 v15=0.0000 v16=0.0000 v17=0.0000 v18=0.0000 acc=1.0000 lr=1.66e-04 lambda=0.000 v18_lambda=0.000 gpu=3.0/15.8GB
[04:51:09] [train] ep=49 step=020/40 ce=0.3885 sc=0.8051 mi=0.0503 dn=0.0000 v13=0.0000 v15=0.0000 v16=0.0000 v17=0.0000 v18=0.0000 acc=0.9938 lr=1.65e-04 lambda=0.000 v18_lambda=0.000 gpu=3.0/15.8GB
[04:51:11] [train] ep=49 step=030/40 ce=0.3543 sc=0.7850 mi=0.0508 dn=0.0000 v13=0.0000 v15=0.0000 v16=0.0000 v17=0.0000 v18=0.0000 acc=0.9958 lr=1.63e-04 lambda=0.000 v18_lambda=0.000 gpu=3.0/15.8GB
[04:51:13] [train] ep=49 step=040/40 ce=0.3672 sc=0.7492 mi=0.0509 dn=0.0000 v13=0.0000 v15=0.0000 v16=0.0000 v17=0.0000 v18=0.0000 acc=0.9938 lr=1.62e-04 lambda=0.000 v18_lambda=0.000 gpu=3.0/15.8GB
[04:51:16] [ep_summary] ep=49/100 val_live=0.9630/0.9627 val_ema=0.9506/0.9511 test77_live=0.4856/0.3737 test77_diag_ema=0.3849/0.2662 v13=0.0000 v15=0.0000 v16=0.0000 v17=0.0000 v18=0.0000 das=off[0,0] p=0.00 ep_time=11.0s
[04:51:16] [save] best_sourcequalified77_ema ep=49 source_val_live=0.9630/0.9627 source_val_ema=0.9506/0.9511 test77_ema=0.3849/0.2662
[04:51:16] [train] epoch 50/100 steps=40 use_dann=0 das=off f=[0.0,0.0] p=0.00 gpu=3.0/15.8GB
[04:51:16] [train] ep=50 step=001/40 ce=0.2622 sc=0.7285 mi=0.0584 dn=0.0000 v13=0.0000 v15=0.0000 v16=0.0000 v17=0.0000 v18=0.0000 acc=1.0000 lr=1.62e-04 lambda=0.000 v18_lambda=0.000 gpu=3.0/15.8GB
[04:51:18] [train] ep=50 step=010/40 ce=0.2649 sc=0.8281 mi=0.0536 dn=0.0000 v13=0.0000 v15=0.0000 v16=0.0000 v17=0.0000 v18=0.0000 acc=1.0000 lr=1.61e-04 lambda=0.000 v18_lambda=0.000 gpu=3.0/15.8GB
[04:51:20] [train] ep=50 step=020/40 ce=0.2769 sc=0.7977 mi=0.0525 dn=0.0000 v13=0.0000 v15=0.0000 v16=0.0000 v17=0.0000 v18=0.0000 acc=1.0000 lr=1.60e-04 lambda=0.000 v18_lambda=0.000 gpu=3.0/15.8GB
[04:51:22] [train] ep=50 step=030/40 ce=0.2949 sc=0.8113 mi=0.0526 dn=0.0000 v13=0.0000 v15=0.0000 v16=0.0000 v17=0.0000 v18=0.0000 acc=0.9979 lr=1.59e-04 lambda=0.000 v18_lambda=0.000 gpu=3.0/15.8GB
[04:51:24] [train] ep=50 step=040/40 ce=0.3142 sc=0.8213 mi=0.0521 dn=0.0000 v13=0.0000 v15=0.0000 v16=0.0000 v17=0.0000 v18=0.0000 acc=0.9969 lr=1.57e-04 lambda=0.000 v18_lambda=0.000 gpu=3.0/15.8GB
[04:51:27] [pool] check ep=050/100 source_val_acc_ema=0.9506 threshold=0.90
[04:51:28] [pool] ep=050 ADDED src_val=0.9506/0.9511 dev77=0.3429/0.2319 final77=0.3777/0.2596
[04:51:28] [pool] running best ep=050 dev77_f1=0.2319 final77_f1=0.2596 (pool_size=3)
[04:51:28] [ep_summary] ep=50/100 val_live=0.9506/0.9510 val_ema=0.9506/0.9511 test77_live=0.3849/0.2685 test77_diag_ema=0.3777/0.2596 v13=0.0000 v15=0.0000 v16=0.0000 v17=0.0000 v18=0.0000 das=off[0,0] p=0.00 ep_time=12.1s
[04:51:28] [strict77_monitor] ep=50 best_source_epoch=43 source_val_ema=0.9506/0.9511 test77_ema_diag=0.3381/0.2136 sourcequalified_count=50 best_sourcequalified77_epoch=49 source_val_ema=0.9506/0.9511 test77_ema=0.3849/0.2662
[04:51:28] [train] epoch 51/100 steps=40 use_dann=0 das=off f=[0.0,0.0] p=0.00 gpu=3.0/15.8GB
[04:51:28] [train] ep=51 step=001/40 ce=0.2604 sc=0.6404 mi=0.0587 dn=0.0000 v13=0.0000 v15=0.0000 v16=0.0000 v17=0.0000 v18=0.0000 acc=1.0000 lr=1.57e-04 lambda=0.000 v18_lambda=0.000 gpu=3.0/15.8GB
[04:51:30] [train] ep=51 step=010/40 ce=0.3006 sc=0.8470 mi=0.0519 dn=0.0000 v13=0.0000 v15=0.0000 v16=0.0000 v17=0.0000 v18=0.0000 acc=0.9938 lr=1.56e-04 lambda=0.000 v18_lambda=0.000 gpu=3.0/15.8GB
[04:51:32] [train] ep=51 step=020/40 ce=0.3394 sc=0.8239 mi=0.0520 dn=0.0000 v13=0.0000 v15=0.0000 v16=0.0000 v17=0.0000 v18=0.0000 acc=0.9938 lr=1.55e-04 lambda=0.000 v18_lambda=0.000 gpu=3.0/15.8GB
[04:51:35] [train] ep=51 step=030/40 ce=0.3152 sc=0.8060 mi=0.0522 dn=0.0000 v13=0.0000 v15=0.0000 v16=0.0000 v17=0.0000 v18=0.0000 acc=0.9958 lr=1.54e-04 lambda=0.000 v18_lambda=0.000 gpu=3.0/15.8GB
[04:51:37] [train] ep=51 step=040/40 ce=0.3076 sc=0.7686 mi=0.0525 dn=0.0000 v13=0.0000 v15=0.0000 v16=0.0000 v17=0.0000 v18=0.0000 acc=0.9969 lr=1.53e-04 lambda=0.000 v18_lambda=0.000 gpu=3.0/15.8GB
[04:51:39] [ep_summary] ep=51/100 val_live=0.9568/0.9578 val_ema=0.9506/0.9511 test77_live=0.4173/0.3075 test77_diag_ema=0.3741/0.2554 v13=0.0000 v15=0.0000 v16=0.0000 v17=0.0000 v18=0.0000 das=off[0,0] p=0.00 ep_time=11.2s
[04:51:39] [train] epoch 52/100 steps=40 use_dann=0 das=off f=[0.0,0.0] p=0.00 gpu=3.0/15.8GB
[04:51:40] [train] ep=52 step=001/40 ce=0.2604 sc=0.5676 mi=0.0553 dn=0.0000 v13=0.0000 v15=0.0000 v16=0.0000 v17=0.0000 v18=0.0000 acc=1.0000 lr=1.52e-04 lambda=0.000 v18_lambda=0.000 gpu=3.0/15.8GB
[04:51:41] [train] ep=52 step=010/40 ce=0.3462 sc=0.8478 mi=0.0514 dn=0.0000 v13=0.0000 v15=0.0000 v16=0.0000 v17=0.0000 v18=0.0000 acc=0.9938 lr=1.51e-04 lambda=0.000 v18_lambda=0.000 gpu=3.0/15.8GB
[04:51:43] [train] ep=52 step=020/40 ce=0.3201 sc=0.8229 mi=0.0509 dn=0.0000 v13=0.0000 v15=0.0000 v16=0.0000 v17=0.0000 v18=0.0000 acc=0.9969 lr=1.50e-04 lambda=0.000 v18_lambda=0.000 gpu=3.0/15.8GB
[04:51:46] [train] ep=52 step=030/40 ce=0.3060 sc=0.7866 mi=0.0506 dn=0.0000 v13=0.0000 v15=0.0000 v16=0.0000 v17=0.0000 v18=0.0000 acc=0.9979 lr=1.49e-04 lambda=0.000 v18_lambda=0.000 gpu=3.0/15.8GB
[04:51:48] [train] ep=52 step=040/40 ce=0.2959 sc=0.7935 mi=0.0507 dn=0.0000 v13=0.0000 v15=0.0000 v16=0.0000 v17=0.0000 v18=0.0000 acc=0.9984 lr=1.48e-04 lambda=0.000 v18_lambda=0.000 gpu=3.0/15.8GB
[04:51:50] [ep_summary] ep=52/100 val_live=0.9630/0.9640 val_ema=0.9506/0.9511 test77_live=0.4209/0.3021 test77_diag_ema=0.3813/0.2625 v13=0.0000 v15=0.0000 v16=0.0000 v17=0.0000 v18=0.0000 das=off[0,0] p=0.00 ep_time=11.0s
[04:51:50] [train] epoch 53/100 steps=40 use_dann=0 das=off f=[0.0,0.0] p=0.00 gpu=3.0/15.8GB
[04:51:51] [train] ep=53 step=001/40 ce=0.2610 sc=1.1219 mi=0.0483 dn=0.0000 v13=0.0000 v15=0.0000 v16=0.0000 v17=0.0000 v18=0.0000 acc=1.0000 lr=1.48e-04 lambda=0.000 v18_lambda=0.000 gpu=3.0/15.8GB
[04:51:52] [train] ep=53 step=010/40 ce=0.2633 sc=0.8546 mi=0.0498 dn=0.0000 v13=0.0000 v15=0.0000 v16=0.0000 v17=0.0000 v18=0.0000 acc=1.0000 lr=1.46e-04 lambda=0.000 v18_lambda=0.000 gpu=3.0/15.8GB
[04:51:54] [train] ep=53 step=020/40 ce=0.2935 sc=0.8594 mi=0.0504 dn=0.0000 v13=0.0000 v15=0.0000 v16=0.0000 v17=0.0000 v18=0.0000 acc=0.9969 lr=1.45e-04 lambda=0.000 v18_lambda=0.000 gpu=3.0/15.8GB
[04:51:56] [train] ep=53 step=030/40 ce=0.2836 sc=0.8671 mi=0.0501 dn=0.0000 v13=0.0000 v15=0.0000 v16=0.0000 v17=0.0000 v18=0.0000 acc=0.9979 lr=1.44e-04 lambda=0.000 v18_lambda=0.000 gpu=3.0/15.8GB
[04:51:58] [train] ep=53 step=040/40 ce=0.2788 sc=0.8624 mi=0.0505 dn=0.0000 v13=0.0000 v15=0.0000 v16=0.0000 v17=0.0000 v18=0.0000 acc=0.9984 lr=1.43e-04 lambda=0.000 v18_lambda=0.000 gpu=3.0/15.8GB
[04:52:01] [ep_summary] ep=53/100 val_live=0.9630/0.9642 val_ema=0.9506/0.9511 test77_live=0.4353/0.3211 test77_diag_ema=0.3813/0.2626 v13=0.0000 v15=0.0000 v16=0.0000 v17=0.0000 v18=0.0000 das=off[0,0] p=0.00 ep_time=10.1s
[04:52:01] [train] epoch 54/100 steps=40 use_dann=0 das=off f=[0.0,0.0] p=0.00 gpu=3.0/15.8GB
[04:52:01] [train] ep=54 step=001/40 ce=0.2597 sc=0.4224 mi=0.0455 dn=0.0000 v13=0.0000 v15=0.0000 v16=0.0000 v17=0.0000 v18=0.0000 acc=1.0000 lr=1.43e-04 lambda=0.000 v18_lambda=0.000 gpu=3.0/15.8GB
[04:52:02] [train] ep=54 step=010/40 ce=0.4206 sc=0.8777 mi=0.0501 dn=0.0000 v13=0.0000 v15=0.0000 v16=0.0000 v17=0.0000 v18=0.0000 acc=0.9875 lr=1.42e-04 lambda=0.000 v18_lambda=0.000 gpu=3.0/15.8GB
[04:52:04] [train] ep=54 step=020/40 ce=0.3586 sc=0.8106 mi=0.0505 dn=0.0000 v13=0.0000 v15=0.0000 v16=0.0000 v17=0.0000 v18=0.0000 acc=0.9938 lr=1.40e-04 lambda=0.000 v18_lambda=0.000 gpu=3.0/15.8GB
[04:52:06] [train] ep=54 step=030/40 ce=0.3448 sc=0.8241 mi=0.0504 dn=0.0000 v13=0.0000 v15=0.0000 v16=0.0000 v17=0.0000 v18=0.0000 acc=0.9938 lr=1.39e-04 lambda=0.000 v18_lambda=0.000 gpu=3.0/15.8GB
[04:52:08] [train] ep=54 step=040/40 ce=0.3634 sc=0.8356 mi=0.0507 dn=0.0000 v13=0.0000 v15=0.0000 v16=0.0000 v17=0.0000 v18=0.0000 acc=0.9922 lr=1.38e-04 lambda=0.000 v18_lambda=0.000 gpu=3.0/15.8GB
[04:52:11] [ep_summary] ep=54/100 val_live=0.9383/0.9398 val_ema=0.9506/0.9511 test77_live=0.4676/0.3519 test77_diag_ema=0.3885/0.2665 v13=0.0000 v15=0.0000 v16=0.0000 v17=0.0000 v18=0.0000 das=off[0,0] p=0.00 ep_time=10.0s
[04:52:11] [save] best_sourcequalified77_ema ep=54 source_val_live=0.9383/0.9398 source_val_ema=0.9506/0.9511 test77_ema=0.3885/0.2665
[04:52:11] [train] epoch 55/100 steps=40 use_dann=0 das=off f=[0.0,0.0] p=0.00 gpu=3.0/15.8GB
[04:52:11] [train] ep=55 step=001/40 ce=0.2593 sc=0.5283 mi=0.0520 dn=0.0000 v13=0.0000 v15=0.0000 v16=0.0000 v17=0.0000 v18=0.0000 acc=1.0000 lr=1.38e-04 lambda=0.000 v18_lambda=0.000 gpu=3.0/15.8GB
[04:52:12] [train] ep=55 step=010/40 ce=0.5247 sc=0.9185 mi=0.0512 dn=0.0000 v13=0.0000 v15=0.0000 v16=0.0000 v17=0.0000 v18=0.0000 acc=0.9750 lr=1.37e-04 lambda=0.000 v18_lambda=0.000 gpu=3.0/15.8GB
[04:52:14] [train] ep=55 step=020/40 ce=0.4241 sc=0.8037 mi=0.0523 dn=0.0000 v13=0.0000 v15=0.0000 v16=0.0000 v17=0.0000 v18=0.0000 acc=0.9844 lr=1.36e-04 lambda=0.000 v18_lambda=0.000 gpu=3.0/15.8GB
[04:52:16] [train] ep=55 step=030/40 ce=0.4575 sc=0.8763 mi=0.0522 dn=0.0000 v13=0.0000 v15=0.0000 v16=0.0000 v17=0.0000 v18=0.0000 acc=0.9833 lr=1.34e-04 lambda=0.000 v18_lambda=0.000 gpu=3.0/15.8GB
[04:52:18] [train] ep=55 step=040/40 ce=0.4361 sc=0.8903 mi=0.0512 dn=0.0000 v13=0.0000 v15=0.0000 v16=0.0000 v17=0.0000 v18=0.0000 acc=0.9859 lr=1.33e-04 lambda=0.000 v18_lambda=0.000 gpu=3.0/15.8GB
[04:52:21] [ep_summary] ep=55/100 val_live=0.9568/0.9563 val_ema=0.9506/0.9511 test77_live=0.3345/0.2100 test77_diag_ema=0.3957/0.2743 v13=0.0000 v15=0.0000 v16=0.0000 v17=0.0000 v18=0.0000 das=off[0,0] p=0.00 ep_time=10.1s
[04:52:21] [save] best_sourcequalified77_ema ep=55 source_val_live=0.9568/0.9563 source_val_ema=0.9506/0.9511 test77_ema=0.3957/0.2743
[04:52:21] [train] epoch 56/100 steps=40 use_dann=0 das=off f=[0.0,0.0] p=0.00 gpu=3.0/15.8GB
[04:52:21] [train] ep=56 step=001/40 ce=0.2618 sc=0.8207 mi=0.0543 dn=0.0000 v13=0.0000 v15=0.0000 v16=0.0000 v17=0.0000 v18=0.0000 acc=1.0000 lr=1.33e-04 lambda=0.000 v18_lambda=0.000 gpu=3.0/15.8GB
[04:52:23] [train] ep=56 step=010/40 ce=0.3053 sc=0.6693 mi=0.0514 dn=0.0000 v13=0.0000 v15=0.0000 v16=0.0000 v17=0.0000 v18=0.0000 acc=1.0000 lr=1.32e-04 lambda=0.000 v18_lambda=0.000 gpu=3.0/15.8GB
[04:52:24] [train] ep=56 step=020/40 ce=0.3241 sc=0.7039 mi=0.0524 dn=0.0000 v13=0.0000 v15=0.0000 v16=0.0000 v17=0.0000 v18=0.0000 acc=0.9969 lr=1.31e-04 lambda=0.000 v18_lambda=0.000 gpu=3.0/15.8GB
[04:52:26] [train] ep=56 step=030/40 ce=0.3152 sc=0.7500 mi=0.0517 dn=0.0000 v13=0.0000 v15=0.0000 v16=0.0000 v17=0.0000 v18=0.0000 acc=0.9979 lr=1.30e-04 lambda=0.000 v18_lambda=0.000 gpu=3.0/15.8GB
[04:52:28] [train] ep=56 step=040/40 ce=0.3038 sc=0.7377 mi=0.0517 dn=0.0000 v13=0.0000 v15=0.0000 v16=0.0000 v17=0.0000 v18=0.0000 acc=0.9984 lr=1.28e-04 lambda=0.000 v18_lambda=0.000 gpu=3.0/15.8GB
[04:52:31] [ep_summary] ep=56/100 val_live=0.9383/0.9355 val_ema=0.9444/0.9450 test77_live=0.4460/0.3446 test77_diag_ema=0.3957/0.2733 v13=0.0000 v15=0.0000 v16=0.0000 v17=0.0000 v18=0.0000 das=off[0,0] p=0.00 ep_time=10.2s
[04:52:31] [train] epoch 57/100 steps=40 use_dann=0 das=off f=[0.0,0.0] p=0.00 gpu=3.0/15.8GB
[04:52:31] [train] ep=57 step=001/40 ce=0.2629 sc=0.4368 mi=0.0562 dn=0.0000 v13=0.0000 v15=0.0000 v16=0.0000 v17=0.0000 v18=0.0000 acc=1.0000 lr=1.28e-04 lambda=0.000 v18_lambda=0.000 gpu=3.0/15.8GB
[04:52:33] [train] ep=57 step=010/40 ce=0.2613 sc=0.8030 mi=0.0518 dn=0.0000 v13=0.0000 v15=0.0000 v16=0.0000 v17=0.0000 v18=0.0000 acc=1.0000 lr=1.27e-04 lambda=0.000 v18_lambda=0.000 gpu=3.0/15.8GB
[04:52:35] [train] ep=57 step=020/40 ce=0.3322 sc=0.8354 mi=0.0503 dn=0.0000 v13=0.0000 v15=0.0000 v16=0.0000 v17=0.0000 v18=0.0000 acc=0.9969 lr=1.26e-04 lambda=0.000 v18_lambda=0.000 gpu=3.0/15.8GB
[04:52:37] [train] ep=57 step=030/40 ce=0.3586 sc=0.8345 mi=0.0500 dn=0.0000 v13=0.0000 v15=0.0000 v16=0.0000 v17=0.0000 v18=0.0000 acc=0.9938 lr=1.25e-04 lambda=0.000 v18_lambda=0.000 gpu=3.0/15.8GB
[04:52:38] [train] ep=57 step=040/40 ce=0.3454 sc=0.8113 mi=0.0498 dn=0.0000 v13=0.0000 v15=0.0000 v16=0.0000 v17=0.0000 v18=0.0000 acc=0.9953 lr=1.24e-04 lambda=0.000 v18_lambda=0.000 gpu=3.0/15.8GB
[04:52:41] [ep_summary] ep=57/100 val_live=0.9753/0.9753 val_ema=0.9444/0.9450 test77_live=0.4245/0.3068 test77_diag_ema=0.3921/0.2704 v13=0.0000 v15=0.0000 v16=0.0000 v17=0.0000 v18=0.0000 das=off[0,0] p=0.00 ep_time=10.1s
[04:52:41] [train] epoch 58/100 steps=40 use_dann=0 das=off f=[0.0,0.0] p=0.00 gpu=3.0/15.8GB
[04:52:41] [train] ep=58 step=001/40 ce=0.2680 sc=0.7858 mi=0.0424 dn=0.0000 v13=0.0000 v15=0.0000 v16=0.0000 v17=0.0000 v18=0.0000 acc=1.0000 lr=1.23e-04 lambda=0.000 v18_lambda=0.000 gpu=3.0/15.8GB
[04:52:43] [train] ep=58 step=010/40 ce=0.2645 sc=0.7159 mi=0.0487 dn=0.0000 v13=0.0000 v15=0.0000 v16=0.0000 v17=0.0000 v18=0.0000 acc=1.0000 lr=1.22e-04 lambda=0.000 v18_lambda=0.000 gpu=3.0/15.8GB
[04:52:45] [train] ep=58 step=020/40 ce=0.3026 sc=0.7595 mi=0.0482 dn=0.0000 v13=0.0000 v15=0.0000 v16=0.0000 v17=0.0000 v18=0.0000 acc=0.9969 lr=1.21e-04 lambda=0.000 v18_lambda=0.000 gpu=3.0/15.8GB
[04:52:47] [train] ep=58 step=030/40 ce=0.3399 sc=0.7933 mi=0.0493 dn=0.0000 v13=0.0000 v15=0.0000 v16=0.0000 v17=0.0000 v18=0.0000 acc=0.9958 lr=1.20e-04 lambda=0.000 v18_lambda=0.000 gpu=3.0/15.8GB
[04:52:48] [train] ep=58 step=040/40 ce=0.3213 sc=0.7920 mi=0.0495 dn=0.0000 v13=0.0000 v15=0.0000 v16=0.0000 v17=0.0000 v18=0.0000 acc=0.9969 lr=1.19e-04 lambda=0.000 v18_lambda=0.000 gpu=3.0/15.8GB
[04:52:51] [ep_summary] ep=58/100 val_live=0.9630/0.9627 val_ema=0.9444/0.9450 test77_live=0.3993/0.2865 test77_diag_ema=0.3993/0.2777 v13=0.0000 v15=0.0000 v16=0.0000 v17=0.0000 v18=0.0000 das=off[0,0] p=0.00 ep_time=10.1s
[04:52:51] [save] best_sourcequalified77_ema ep=58 source_val_live=0.9630/0.9627 source_val_ema=0.9444/0.9450 test77_ema=0.3993/0.2777
[04:52:51] [train] epoch 59/100 steps=40 use_dann=0 das=off f=[0.0,0.0] p=0.00 gpu=3.0/15.8GB
[04:52:51] [train] ep=59 step=001/40 ce=0.2628 sc=1.3618 mi=0.0551 dn=0.0000 v13=0.0000 v15=0.0000 v16=0.0000 v17=0.0000 v18=0.0000 acc=1.0000 lr=1.19e-04 lambda=0.000 v18_lambda=0.000 gpu=3.0/15.8GB
[04:52:53] [train] ep=59 step=010/40 ce=0.2806 sc=0.7715 mi=0.0504 dn=0.0000 v13=0.0000 v15=0.0000 v16=0.0000 v17=0.0000 v18=0.0000 acc=1.0000 lr=1.18e-04 lambda=0.000 v18_lambda=0.000 gpu=3.0/15.8GB
[04:52:55] [train] ep=59 step=020/40 ce=0.2705 sc=0.7645 mi=0.0497 dn=0.0000 v13=0.0000 v15=0.0000 v16=0.0000 v17=0.0000 v18=0.0000 acc=1.0000 lr=1.16e-04 lambda=0.000 v18_lambda=0.000 gpu=3.0/15.8GB
[04:52:57] [train] ep=59 step=030/40 ce=0.2778 sc=0.7473 mi=0.0504 dn=0.0000 v13=0.0000 v15=0.0000 v16=0.0000 v17=0.0000 v18=0.0000 acc=1.0000 lr=1.15e-04 lambda=0.000 v18_lambda=0.000 gpu=3.0/15.8GB
[04:52:58] [train] ep=59 step=040/40 ce=0.2922 sc=0.7631 mi=0.0508 dn=0.0000 v13=0.0000 v15=0.0000 v16=0.0000 v17=0.0000 v18=0.0000 acc=0.9984 lr=1.14e-04 lambda=0.000 v18_lambda=0.000 gpu=3.0/15.8GB
[04:53:01] [ep_summary] ep=59/100 val_live=0.9691/0.9687 val_ema=0.9506/0.9508 test77_live=0.4245/0.3226 test77_diag_ema=0.3921/0.2681 v13=0.0000 v15=0.0000 v16=0.0000 v17=0.0000 v18=0.0000 das=off[0,0] p=0.00 ep_time=9.9s
[04:53:01] [train] epoch 60/100 steps=40 use_dann=0 das=off f=[0.0,0.0] p=0.00 gpu=3.0/15.8GB
[04:53:01] [train] ep=60 step=001/40 ce=0.2588 sc=0.6128 mi=0.0517 dn=0.0000 v13=0.0000 v15=0.0000 v16=0.0000 v17=0.0000 v18=0.0000 acc=1.0000 lr=1.14e-04 lambda=0.000 v18_lambda=0.000 gpu=3.0/15.8GB
[04:53:03] [train] ep=60 step=010/40 ce=0.3350 sc=0.8313 mi=0.0509 dn=0.0000 v13=0.0000 v15=0.0000 v16=0.0000 v17=0.0000 v18=0.0000 acc=1.0000 lr=1.13e-04 lambda=0.000 v18_lambda=0.000 gpu=3.0/15.8GB
[04:53:05] [train] ep=60 step=020/40 ce=0.3961 sc=0.8044 mi=0.0515 dn=0.0000 v13=0.0000 v15=0.0000 v16=0.0000 v17=0.0000 v18=0.0000 acc=0.9938 lr=1.12e-04 lambda=0.000 v18_lambda=0.000 gpu=3.0/15.8GB
[04:53:06] [train] ep=60 step=030/40 ce=0.3578 sc=0.7945 mi=0.0510 dn=0.0000 v13=0.0000 v15=0.0000 v16=0.0000 v17=0.0000 v18=0.0000 acc=0.9958 lr=1.11e-04 lambda=0.000 v18_lambda=0.000 gpu=3.0/15.8GB
[04:53:08] [train] ep=60 step=040/40 ce=0.3338 sc=0.7813 mi=0.0514 dn=0.0000 v13=0.0000 v15=0.0000 v16=0.0000 v17=0.0000 v18=0.0000 acc=0.9969 lr=1.09e-04 lambda=0.000 v18_lambda=0.000 gpu=3.0/15.8GB
[04:53:11] [pool] check ep=060/100 source_val_acc_ema=0.9506 threshold=0.90
[04:53:12] [pool] ep=060 ADDED src_val=0.9506/0.9508 dev77=0.3786/0.2666 final77=0.3921/0.2676
[04:53:12] [pool] running best ep=060 dev77_f1=0.2666 final77_f1=0.2676 (pool_size=4)
[04:53:12] [ep_summary] ep=60/100 val_live=0.9630/0.9631 val_ema=0.9506/0.9508 test77_live=0.3273/0.2079 test77_diag_ema=0.3921/0.2676 v13=0.0000 v15=0.0000 v16=0.0000 v17=0.0000 v18=0.0000 das=off[0,0] p=0.00 ep_time=11.2s
[04:53:12] [strict77_monitor] ep=60 best_source_epoch=43 source_val_ema=0.9506/0.9511 test77_ema_diag=0.3381/0.2136 sourcequalified_count=60 best_sourcequalified77_epoch=58 source_val_ema=0.9444/0.9450 test77_ema=0.3993/0.2777
[04:53:12] [train] epoch 61/100 steps=40 use_dann=0 das=off f=[0.0,0.0] p=0.00 gpu=3.0/15.8GB
[04:53:13] [train] ep=61 step=001/40 ce=0.2602 sc=0.8123 mi=0.0451 dn=0.0000 v13=0.0000 v15=0.0000 v16=0.0000 v17=0.0000 v18=0.0000 acc=1.0000 lr=1.09e-04 lambda=0.000 v18_lambda=0.000 gpu=3.0/15.8GB
[04:53:14] [train] ep=61 step=010/40 ce=0.2628 sc=0.7122 mi=0.0475 dn=0.0000 v13=0.0000 v15=0.0000 v16=0.0000 v17=0.0000 v18=0.0000 acc=1.0000 lr=1.08e-04 lambda=0.000 v18_lambda=0.000 gpu=3.0/15.8GB
[04:53:16] [train] ep=61 step=020/40 ce=0.2622 sc=0.7981 mi=0.0488 dn=0.0000 v13=0.0000 v15=0.0000 v16=0.0000 v17=0.0000 v18=0.0000 acc=1.0000 lr=1.07e-04 lambda=0.000 v18_lambda=0.000 gpu=3.0/15.8GB
[04:53:18] [train] ep=61 step=030/40 ce=0.3031 sc=0.7736 mi=0.0484 dn=0.0000 v13=0.0000 v15=0.0000 v16=0.0000 v17=0.0000 v18=0.0000 acc=0.9958 lr=1.06e-04 lambda=0.000 v18_lambda=0.000 gpu=3.0/15.8GB
[04:53:19] [train] ep=61 step=040/40 ce=0.3074 sc=0.7802 mi=0.0494 dn=0.0000 v13=0.0000 v15=0.0000 v16=0.0000 v17=0.0000 v18=0.0000 acc=0.9953 lr=1.05e-04 lambda=0.000 v18_lambda=0.000 gpu=3.0/15.8GB
[04:53:22] [ep_summary] ep=61/100 val_live=0.9568/0.9569 val_ema=0.9506/0.9508 test77_live=0.3417/0.2226 test77_diag_ema=0.3849/0.2581 v13=0.0000 v15=0.0000 v16=0.0000 v17=0.0000 v18=0.0000 das=off[0,0] p=0.00 ep_time=9.9s
[04:53:22] [train] epoch 62/100 steps=40 use_dann=0 das=off f=[0.0,0.0] p=0.00 gpu=3.0/15.8GB
[04:53:22] [train] ep=62 step=001/40 ce=0.2592 sc=0.7284 mi=0.0478 dn=0.0000 v13=0.0000 v15=0.0000 v16=0.0000 v17=0.0000 v18=0.0000 acc=1.0000 lr=1.05e-04 lambda=0.000 v18_lambda=0.000 gpu=3.0/15.8GB
[04:53:24] [train] ep=62 step=010/40 ce=0.3078 sc=0.8582 mi=0.0486 dn=0.0000 v13=0.0000 v15=0.0000 v16=0.0000 v17=0.0000 v18=0.0000 acc=1.0000 lr=1.04e-04 lambda=0.000 v18_lambda=0.000 gpu=3.0/15.8GB
[04:53:26] [train] ep=62 step=020/40 ce=0.2951 sc=0.7435 mi=0.0503 dn=0.0000 v13=0.0000 v15=0.0000 v16=0.0000 v17=0.0000 v18=0.0000 acc=1.0000 lr=1.02e-04 lambda=0.000 v18_lambda=0.000 gpu=3.0/15.8GB
[04:53:28] [train] ep=62 step=030/40 ce=0.3423 sc=0.7600 mi=0.0515 dn=0.0000 v13=0.0000 v15=0.0000 v16=0.0000 v17=0.0000 v18=0.0000 acc=0.9938 lr=1.01e-04 lambda=0.000 v18_lambda=0.000 gpu=3.0/15.8GB
[04:53:29] [train] ep=62 step=040/40 ce=0.3362 sc=0.7828 mi=0.0508 dn=0.0000 v13=0.0000 v15=0.0000 v16=0.0000 v17=0.0000 v18=0.0000 acc=0.9938 lr=1.00e-04 lambda=0.000 v18_lambda=0.000 gpu=3.0/15.8GB
[04:53:32] [ep_summary] ep=62/100 val_live=0.9568/0.9571 val_ema=0.9506/0.9508 test77_live=0.3525/0.2429 test77_diag_ema=0.3885/0.2597 v13=0.0000 v15=0.0000 v16=0.0000 v17=0.0000 v18=0.0000 das=off[0,0] p=0.00 ep_time=9.9s
[04:53:32] [train] epoch 63/100 steps=40 use_dann=0 das=off f=[0.0,0.0] p=0.00 gpu=3.0/15.8GB
[04:53:32] [train] ep=63 step=001/40 ce=0.2585 sc=0.7410 mi=0.0466 dn=0.0000 v13=0.0000 v15=0.0000 v16=0.0000 v17=0.0000 v18=0.0000 acc=1.0000 lr=1.00e-04 lambda=0.000 v18_lambda=0.000 gpu=3.0/15.8GB
[04:53:34] [train] ep=63 step=010/40 ce=0.2685 sc=0.6407 mi=0.0513 dn=0.0000 v13=0.0000 v15=0.0000 v16=0.0000 v17=0.0000 v18=0.0000 acc=1.0000 lr=9.89e-05 lambda=0.000 v18_lambda=0.000 gpu=3.0/15.8GB
[04:53:36] [train] ep=63 step=020/40 ce=0.3064 sc=0.7207 mi=0.0508 dn=0.0000 v13=0.0000 v15=0.0000 v16=0.0000 v17=0.0000 v18=0.0000 acc=0.9969 lr=9.78e-05 lambda=0.000 v18_lambda=0.000 gpu=3.0/15.8GB
[04:53:38] [train] ep=63 step=030/40 ce=0.3045 sc=0.6944 mi=0.0513 dn=0.0000 v13=0.0000 v15=0.0000 v16=0.0000 v17=0.0000 v18=0.0000 acc=0.9958 lr=9.67e-05 lambda=0.000 v18_lambda=0.000 gpu=3.0/15.8GB
[04:53:39] [train] ep=63 step=040/40 ce=0.3205 sc=0.7308 mi=0.0505 dn=0.0000 v13=0.0000 v15=0.0000 v16=0.0000 v17=0.0000 v18=0.0000 acc=0.9953 lr=9.55e-05 lambda=0.000 v18_lambda=0.000 gpu=3.0/15.8GB
[04:53:42] [ep_summary] ep=63/100 val_live=0.9630/0.9630 val_ema=0.9506/0.9508 test77_live=0.3597/0.2502 test77_diag_ema=0.3849/0.2562 v13=0.0000 v15=0.0000 v16=0.0000 v17=0.0000 v18=0.0000 das=off[0,0] p=0.00 ep_time=10.0s
[04:53:42] [train] epoch 64/100 steps=40 use_dann=0 das=off f=[0.0,0.0] p=0.00 gpu=3.0/15.8GB
[04:53:42] [train] ep=64 step=001/40 ce=0.7450 sc=0.9777 mi=0.0568 dn=0.0000 v13=0.0000 v15=0.0000 v16=0.0000 v17=0.0000 v18=0.0000 acc=0.9375 lr=9.54e-05 lambda=0.000 v18_lambda=0.000 gpu=3.0/15.8GB
[04:53:44] [train] ep=64 step=010/40 ce=0.3263 sc=0.8175 mi=0.0487 dn=0.0000 v13=0.0000 v15=0.0000 v16=0.0000 v17=0.0000 v18=0.0000 acc=0.9938 lr=9.44e-05 lambda=0.000 v18_lambda=0.000 gpu=3.0/15.8GB
[04:53:46] [train] ep=64 step=020/40 ce=0.3092 sc=0.8732 mi=0.0492 dn=0.0000 v13=0.0000 v15=0.0000 v16=0.0000 v17=0.0000 v18=0.0000 acc=0.9969 lr=9.33e-05 lambda=0.000 v18_lambda=0.000 gpu=3.0/15.8GB
[04:53:48] [train] ep=64 step=030/40 ce=0.3198 sc=0.8817 mi=0.0502 dn=0.0000 v13=0.0000 v15=0.0000 v16=0.0000 v17=0.0000 v18=0.0000 acc=0.9958 lr=9.21e-05 lambda=0.000 v18_lambda=0.000 gpu=3.0/15.8GB
[04:53:49] [train] ep=64 step=040/40 ce=0.3044 sc=0.8381 mi=0.0497 dn=0.0000 v13=0.0000 v15=0.0000 v16=0.0000 v17=0.0000 v18=0.0000 acc=0.9969 lr=9.10e-05 lambda=0.000 v18_lambda=0.000 gpu=3.0/15.8GB
[04:53:52] [ep_summary] ep=64/100 val_live=0.9568/0.9579 val_ema=0.9568/0.9576 test77_live=0.3597/0.2310 test77_diag_ema=0.3957/0.2734 v13=0.0000 v15=0.0000 v16=0.0000 v17=0.0000 v18=0.0000 das=off[0,0] p=0.00 ep_time=9.9s
[04:53:52] [save] best_sourceval_ema val_acc_ema=0.9568 source_val_live=0.9568/0.9579 source_val_ema=0.9568/0.9576 ep=64
[04:53:52] [train] epoch 65/100 steps=40 use_dann=0 das=off f=[0.0,0.0] p=0.00 gpu=3.0/15.8GB
[04:53:52] [train] ep=65 step=001/40 ce=0.3122 sc=0.6533 mi=0.0503 dn=0.0000 v13=0.0000 v15=0.0000 v16=0.0000 v17=0.0000 v18=0.0000 acc=1.0000 lr=9.09e-05 lambda=0.000 v18_lambda=0.000 gpu=3.0/15.8GB
[04:53:54] [train] ep=65 step=010/40 ce=0.2633 sc=0.7363 mi=0.0506 dn=0.0000 v13=0.0000 v15=0.0000 v16=0.0000 v17=0.0000 v18=0.0000 acc=1.0000 lr=8.99e-05 lambda=0.000 v18_lambda=0.000 gpu=3.0/15.8GB
[04:53:56] [train] ep=65 step=020/40 ce=0.2651 sc=0.7506 mi=0.0500 dn=0.0000 v13=0.0000 v15=0.0000 v16=0.0000 v17=0.0000 v18=0.0000 acc=1.0000 lr=8.88e-05 lambda=0.000 v18_lambda=0.000 gpu=3.0/15.8GB
[04:53:58] [train] ep=65 step=030/40 ce=0.2703 sc=0.7257 mi=0.0500 dn=0.0000 v13=0.0000 v15=0.0000 v16=0.0000 v17=0.0000 v18=0.0000 acc=1.0000 lr=8.77e-05 lambda=0.000 v18_lambda=0.000 gpu=3.0/15.8GB
[04:54:00] [train] ep=65 step=040/40 ce=0.2775 sc=0.7112 mi=0.0496 dn=0.0000 v13=0.0000 v15=0.0000 v16=0.0000 v17=0.0000 v18=0.0000 acc=0.9984 lr=8.66e-05 lambda=0.000 v18_lambda=0.000 gpu=3.0/15.8GB
[04:54:03] [ep_summary] ep=65/100 val_live=0.9691/0.9692 val_ema=0.9568/0.9576 test77_live=0.3885/0.2646 test77_diag_ema=0.3921/0.2671 v13=0.0000 v15=0.0000 v16=0.0000 v17=0.0000 v18=0.0000 das=off[0,0] p=0.00 ep_time=11.1s
[04:54:03] [train] epoch 66/100 steps=40 use_dann=0 das=off f=[0.0,0.0] p=0.00 gpu=3.0/15.8GB
[04:54:03] [train] ep=66 step=001/40 ce=1.1838 sc=1.6410 mi=0.0496 dn=0.0000 v13=0.0000 v15=0.0000 v16=0.0000 v17=0.0000 v18=0.0000 acc=0.9375 lr=8.65e-05 lambda=0.000 v18_lambda=0.000 gpu=3.0/15.8GB
[04:54:05] [train] ep=66 step=010/40 ce=0.3859 sc=0.7777 mi=0.0541 dn=0.0000 v13=0.0000 v15=0.0000 v16=0.0000 v17=0.0000 v18=0.0000 acc=0.9938 lr=8.55e-05 lambda=0.000 v18_lambda=0.000 gpu=3.0/15.8GB
[04:54:07] [train] ep=66 step=020/40 ce=0.3424 sc=0.7789 mi=0.0519 dn=0.0000 v13=0.0000 v15=0.0000 v16=0.0000 v17=0.0000 v18=0.0000 acc=0.9938 lr=8.44e-05 lambda=0.000 v18_lambda=0.000 gpu=3.0/15.8GB
[04:54:09] [train] ep=66 step=030/40 ce=0.3152 sc=0.7279 mi=0.0523 dn=0.0000 v13=0.0000 v15=0.0000 v16=0.0000 v17=0.0000 v18=0.0000 acc=0.9958 lr=8.33e-05 lambda=0.000 v18_lambda=0.000 gpu=3.0/15.8GB
[04:54:12] [train] ep=66 step=040/40 ce=0.3180 sc=0.7306 mi=0.0517 dn=0.0000 v13=0.0000 v15=0.0000 v16=0.0000 v17=0.0000 v18=0.0000 acc=0.9953 lr=8.22e-05 lambda=0.000 v18_lambda=0.000 gpu=3.0/15.8GB
[04:54:14] [ep_summary] ep=66/100 val_live=0.9753/0.9757 val_ema=0.9568/0.9576 test77_live=0.3597/0.2420 test77_diag_ema=0.3885/0.2643 v13=0.0000 v15=0.0000 v16=0.0000 v17=0.0000 v18=0.0000 das=off[0,0] p=0.00 ep_time=11.2s
[04:54:14] [train] epoch 67/100 steps=40 use_dann=0 das=off f=[0.0,0.0] p=0.00 gpu=3.0/15.8GB
[04:54:15] [train] ep=67 step=001/40 ce=0.5802 sc=1.0005 mi=0.0425 dn=0.0000 v13=0.0000 v15=0.0000 v16=0.0000 v17=0.0000 v18=0.0000 acc=1.0000 lr=8.21e-05 lambda=0.000 v18_lambda=0.000 gpu=3.0/15.8GB
[04:54:17] [train] ep=67 step=010/40 ce=0.3305 sc=0.7134 mi=0.0515 dn=0.0000 v13=0.0000 v15=0.0000 v16=0.0000 v17=0.0000 v18=0.0000 acc=1.0000 lr=8.11e-05 lambda=0.000 v18_lambda=0.000 gpu=3.0/15.8GB
[04:54:19] [train] ep=67 step=020/40 ce=0.3445 sc=0.7797 mi=0.0511 dn=0.0000 v13=0.0000 v15=0.0000 v16=0.0000 v17=0.0000 v18=0.0000 acc=0.9969 lr=8.01e-05 lambda=0.000 v18_lambda=0.000 gpu=3.0/15.8GB
[04:54:21] [train] ep=67 step=030/40 ce=0.3179 sc=0.7650 mi=0.0511 dn=0.0000 v13=0.0000 v15=0.0000 v16=0.0000 v17=0.0000 v18=0.0000 acc=0.9979 lr=7.90e-05 lambda=0.000 v18_lambda=0.000 gpu=3.0/15.8GB
[04:54:23] [train] ep=67 step=040/40 ce=0.3263 sc=0.8120 mi=0.0509 dn=0.0000 v13=0.0000 v15=0.0000 v16=0.0000 v17=0.0000 v18=0.0000 acc=0.9969 lr=7.79e-05 lambda=0.000 v18_lambda=0.000 gpu=3.0/15.8GB
[04:54:25] [ep_summary] ep=67/100 val_live=0.9568/0.9579 val_ema=0.9568/0.9576 test77_live=0.3957/0.2948 test77_diag_ema=0.3849/0.2583 v13=0.0000 v15=0.0000 v16=0.0000 v17=0.0000 v18=0.0000 das=off[0,0] p=0.00 ep_time=10.9s
[04:54:25] [train] epoch 68/100 steps=40 use_dann=0 das=off f=[0.0,0.0] p=0.00 gpu=3.0/15.8GB
[04:54:25] [train] ep=68 step=001/40 ce=0.2568 sc=0.4349 mi=0.0601 dn=0.0000 v13=0.0000 v15=0.0000 v16=0.0000 v17=0.0000 v18=0.0000 acc=1.0000 lr=7.78e-05 lambda=0.000 v18_lambda=0.000 gpu=3.0/15.8GB
[04:54:27] [train] ep=68 step=010/40 ce=0.2648 sc=0.6469 mi=0.0532 dn=0.0000 v13=0.0000 v15=0.0000 v16=0.0000 v17=0.0000 v18=0.0000 acc=1.0000 lr=7.69e-05 lambda=0.000 v18_lambda=0.000 gpu=3.0/15.8GB
[04:54:29] [train] ep=68 step=020/40 ce=0.2999 sc=0.7330 mi=0.0533 dn=0.0000 v13=0.0000 v15=0.0000 v16=0.0000 v17=0.0000 v18=0.0000 acc=0.9969 lr=7.58e-05 lambda=0.000 v18_lambda=0.000 gpu=3.0/15.8GB
[04:54:31] [train] ep=68 step=030/40 ce=0.3005 sc=0.7691 mi=0.0523 dn=0.0000 v13=0.0000 v15=0.0000 v16=0.0000 v17=0.0000 v18=0.0000 acc=0.9958 lr=7.48e-05 lambda=0.000 v18_lambda=0.000 gpu=3.0/15.8GB
[04:54:32] [train] ep=68 step=040/40 ce=0.3080 sc=0.7800 mi=0.0516 dn=0.0000 v13=0.0000 v15=0.0000 v16=0.0000 v17=0.0000 v18=0.0000 acc=0.9953 lr=7.37e-05 lambda=0.000 v18_lambda=0.000 gpu=3.0/15.8GB
[04:54:35] [ep_summary] ep=68/100 val_live=0.9815/0.9817 val_ema=0.9568/0.9576 test77_live=0.4029/0.3165 test77_diag_ema=0.3957/0.2747 v13=0.0000 v15=0.0000 v16=0.0000 v17=0.0000 v18=0.0000 das=off[0,0] p=0.00 ep_time=9.9s
[04:54:35] [train] epoch 69/100 steps=40 use_dann=0 das=off f=[0.0,0.0] p=0.00 gpu=3.0/15.8GB
[04:54:35] [train] ep=69 step=001/40 ce=0.2576 sc=0.7123 mi=0.0456 dn=0.0000 v13=0.0000 v15=0.0000 v16=0.0000 v17=0.0000 v18=0.0000 acc=1.0000 lr=7.36e-05 lambda=0.000 v18_lambda=0.000 gpu=3.0/15.8GB
[04:54:37] [train] ep=69 step=010/40 ce=0.2735 sc=0.6705 mi=0.0508 dn=0.0000 v13=0.0000 v15=0.0000 v16=0.0000 v17=0.0000 v18=0.0000 acc=1.0000 lr=7.27e-05 lambda=0.000 v18_lambda=0.000 gpu=3.0/15.8GB
[04:54:39] [train] ep=69 step=020/40 ce=0.2715 sc=0.6814 mi=0.0498 dn=0.0000 v13=0.0000 v15=0.0000 v16=0.0000 v17=0.0000 v18=0.0000 acc=1.0000 lr=7.16e-05 lambda=0.000 v18_lambda=0.000 gpu=3.0/15.8GB
[04:54:41] [train] ep=69 step=030/40 ce=0.2668 sc=0.7373 mi=0.0496 dn=0.0000 v13=0.0000 v15=0.0000 v16=0.0000 v17=0.0000 v18=0.0000 acc=1.0000 lr=7.06e-05 lambda=0.000 v18_lambda=0.000 gpu=3.0/15.8GB
[04:54:42] [train] ep=69 step=040/40 ce=0.2675 sc=0.7498 mi=0.0496 dn=0.0000 v13=0.0000 v15=0.0000 v16=0.0000 v17=0.0000 v18=0.0000 acc=1.0000 lr=6.96e-05 lambda=0.000 v18_lambda=0.000 gpu=3.0/15.8GB
[04:54:45] [ep_summary] ep=69/100 val_live=0.9691/0.9689 val_ema=0.9568/0.9576 test77_live=0.4029/0.3123 test77_diag_ema=0.3993/0.2776 v13=0.0000 v15=0.0000 v16=0.0000 v17=0.0000 v18=0.0000 das=off[0,0] p=0.00 ep_time=10.0s
[04:54:45] [train] epoch 70/100 steps=40 use_dann=0 das=off f=[0.0,0.0] p=0.00 gpu=3.0/15.8GB
[04:54:45] [train] ep=70 step=001/40 ce=0.2581 sc=0.6135 mi=0.0485 dn=0.0000 v13=0.0000 v15=0.0000 v16=0.0000 v17=0.0000 v18=0.0000 acc=1.0000 lr=6.95e-05 lambda=0.000 v18_lambda=0.000 gpu=3.0/15.8GB
[04:54:47] [train] ep=70 step=010/40 ce=0.2719 sc=0.6959 mi=0.0481 dn=0.0000 v13=0.0000 v15=0.0000 v16=0.0000 v17=0.0000 v18=0.0000 acc=1.0000 lr=6.85e-05 lambda=0.000 v18_lambda=0.000 gpu=3.0/15.8GB
[04:54:49] [train] ep=70 step=020/40 ce=0.3359 sc=0.7076 mi=0.0492 dn=0.0000 v13=0.0000 v15=0.0000 v16=0.0000 v17=0.0000 v18=0.0000 acc=0.9938 lr=6.75e-05 lambda=0.000 v18_lambda=0.000 gpu=3.0/15.8GB
[04:54:51] [train] ep=70 step=030/40 ce=0.3917 sc=0.7712 mi=0.0493 dn=0.0000 v13=0.0000 v15=0.0000 v16=0.0000 v17=0.0000 v18=0.0000 acc=0.9896 lr=6.65e-05 lambda=0.000 v18_lambda=0.000 gpu=3.0/15.8GB
[04:54:52] [train] ep=70 step=040/40 ce=0.3757 sc=0.7609 mi=0.0496 dn=0.0000 v13=0.0000 v15=0.0000 v16=0.0000 v17=0.0000 v18=0.0000 acc=0.9922 lr=6.55e-05 lambda=0.000 v18_lambda=0.000 gpu=3.0/15.8GB
[04:54:55] [pool] check ep=070/100 source_val_acc_ema=0.9568 threshold=0.90
[04:54:56] [pool] ep=070 ADDED src_val=0.9568/0.9576 dev77=0.3929/0.2756 final77=0.4065/0.2899
[04:54:56] [pool] running best ep=070 dev77_f1=0.2756 final77_f1=0.2899 (pool_size=5)
[04:54:56] [ep_summary] ep=70/100 val_live=0.9568/0.9577 val_ema=0.9568/0.9576 test77_live=0.4209/0.3416 test77_diag_ema=0.4065/0.2899 v13=0.0000 v15=0.0000 v16=0.0000 v17=0.0000 v18=0.0000 das=off[0,0] p=0.00 ep_time=11.3s
[04:54:56] [save] best_sourcequalified77_ema ep=70 source_val_live=0.9568/0.9577 source_val_ema=0.9568/0.9576 test77_ema=0.4065/0.2899
[04:54:56] [strict77_monitor] ep=70 best_source_epoch=64 source_val_ema=0.9568/0.9576 test77_ema_diag=0.3957/0.2734 sourcequalified_count=70 best_sourcequalified77_epoch=70 source_val_ema=0.9568/0.9576 test77_ema=0.4065/0.2899
[04:54:56] [train] epoch 71/100 steps=40 use_dann=0 das=off f=[0.0,0.0] p=0.00 gpu=3.0/15.8GB
[04:54:57] [train] ep=71 step=001/40 ce=0.2579 sc=0.6294 mi=0.0516 dn=0.0000 v13=0.0000 v15=0.0000 v16=0.0000 v17=0.0000 v18=0.0000 acc=1.0000 lr=6.54e-05 lambda=0.000 v18_lambda=0.000 gpu=3.0/15.8GB
[04:54:59] [train] ep=71 step=010/40 ce=0.3634 sc=0.7484 mi=0.0508 dn=0.0000 v13=0.0000 v15=0.0000 v16=0.0000 v17=0.0000 v18=0.0000 acc=0.9938 lr=6.45e-05 lambda=0.000 v18_lambda=0.000 gpu=3.0/15.8GB
[04:55:01] [train] ep=71 step=020/40 ce=0.3109 sc=0.7583 mi=0.0505 dn=0.0000 v13=0.0000 v15=0.0000 v16=0.0000 v17=0.0000 v18=0.0000 acc=0.9969 lr=6.35e-05 lambda=0.000 v18_lambda=0.000 gpu=3.0/15.8GB
[04:55:03] [train] ep=71 step=030/40 ce=0.2939 sc=0.7204 mi=0.0501 dn=0.0000 v13=0.0000 v15=0.0000 v16=0.0000 v17=0.0000 v18=0.0000 acc=0.9979 lr=6.25e-05 lambda=0.000 v18_lambda=0.000 gpu=3.0/15.8GB
[04:55:05] [train] ep=71 step=040/40 ce=0.2857 sc=0.7541 mi=0.0504 dn=0.0000 v13=0.0000 v15=0.0000 v16=0.0000 v17=0.0000 v18=0.0000 acc=0.9984 lr=6.15e-05 lambda=0.000 v18_lambda=0.000 gpu=3.0/15.8GB
[04:55:08] [ep_summary] ep=71/100 val_live=0.9506/0.9517 val_ema=0.9568/0.9576 test77_live=0.4137/0.3261 test77_diag_ema=0.4065/0.2900 v13=0.0000 v15=0.0000 v16=0.0000 v17=0.0000 v18=0.0000 das=off[0,0] p=0.00 ep_time=11.3s
[04:55:08] [save] best_sourcequalified77_ema ep=71 source_val_live=0.9506/0.9517 source_val_ema=0.9568/0.9576 test77_ema=0.4065/0.2900
[04:55:08] [train] epoch 72/100 steps=40 use_dann=0 das=off f=[0.0,0.0] p=0.00 gpu=3.0/15.8GB
[04:55:08] [train] ep=72 step=001/40 ce=0.2587 sc=1.0506 mi=0.0426 dn=0.0000 v13=0.0000 v15=0.0000 v16=0.0000 v17=0.0000 v18=0.0000 acc=1.0000 lr=6.14e-05 lambda=0.000 v18_lambda=0.000 gpu=3.0/15.8GB
[04:55:10] [train] ep=72 step=010/40 ce=0.3042 sc=0.9267 mi=0.0472 dn=0.0000 v13=0.0000 v15=0.0000 v16=0.0000 v17=0.0000 v18=0.0000 acc=0.9938 lr=6.06e-05 lambda=0.000 v18_lambda=0.000 gpu=3.0/15.8GB
[04:55:12] [train] ep=72 step=020/40 ce=0.3078 sc=0.7958 mi=0.0482 dn=0.0000 v13=0.0000 v15=0.0000 v16=0.0000 v17=0.0000 v18=0.0000 acc=0.9969 lr=5.96e-05 lambda=0.000 v18_lambda=0.000 gpu=3.0/15.8GB
[04:55:14] [train] ep=72 step=030/40 ce=0.2945 sc=0.7696 mi=0.0491 dn=0.0000 v13=0.0000 v15=0.0000 v16=0.0000 v17=0.0000 v18=0.0000 acc=0.9979 lr=5.86e-05 lambda=0.000 v18_lambda=0.000 gpu=3.0/15.8GB
[04:55:16] [train] ep=72 step=040/40 ce=0.2857 sc=0.7524 mi=0.0493 dn=0.0000 v13=0.0000 v15=0.0000 v16=0.0000 v17=0.0000 v18=0.0000 acc=0.9984 lr=5.77e-05 lambda=0.000 v18_lambda=0.000 gpu=3.0/15.8GB
[04:55:19] [ep_summary] ep=72/100 val_live=0.9506/0.9517 val_ema=0.9568/0.9576 test77_live=0.3921/0.2997 test77_diag_ema=0.4065/0.2891 v13=0.0000 v15=0.0000 v16=0.0000 v17=0.0000 v18=0.0000 das=off[0,0] p=0.00 ep_time=10.9s
[04:55:19] [train] epoch 73/100 steps=40 use_dann=0 das=off f=[0.0,0.0] p=0.00 gpu=3.0/15.8GB
[04:55:19] [train] ep=73 step=001/40 ce=0.2914 sc=0.2799 mi=0.0510 dn=0.0000 v13=0.0000 v15=0.0000 v16=0.0000 v17=0.0000 v18=0.0000 acc=1.0000 lr=5.76e-05 lambda=0.000 v18_lambda=0.000 gpu=3.0/15.8GB
[04:55:21] [train] ep=73 step=010/40 ce=0.2716 sc=0.7683 mi=0.0508 dn=0.0000 v13=0.0000 v15=0.0000 v16=0.0000 v17=0.0000 v18=0.0000 acc=1.0000 lr=5.67e-05 lambda=0.000 v18_lambda=0.000 gpu=3.0/15.8GB
[04:55:23] [train] ep=73 step=020/40 ce=0.3037 sc=0.7596 mi=0.0506 dn=0.0000 v13=0.0000 v15=0.0000 v16=0.0000 v17=0.0000 v18=0.0000 acc=0.9969 lr=5.58e-05 lambda=0.000 v18_lambda=0.000 gpu=3.0/15.8GB
[04:55:25] [train] ep=73 step=030/40 ce=0.2889 sc=0.7635 mi=0.0503 dn=0.0000 v13=0.0000 v15=0.0000 v16=0.0000 v17=0.0000 v18=0.0000 acc=0.9979 lr=5.48e-05 lambda=0.000 v18_lambda=0.000 gpu=3.0/15.8GB
[04:55:27] [train] ep=73 step=040/40 ce=0.3127 sc=0.7827 mi=0.0500 dn=0.0000 v13=0.0000 v15=0.0000 v16=0.0000 v17=0.0000 v18=0.0000 acc=0.9953 lr=5.39e-05 lambda=0.000 v18_lambda=0.000 gpu=3.0/15.8GB
[04:55:29] [ep_summary] ep=73/100 val_live=0.9568/0.9571 val_ema=0.9630/0.9634 test77_live=0.3777/0.2762 test77_diag_ema=0.4065/0.2890 v13=0.0000 v15=0.0000 v16=0.0000 v17=0.0000 v18=0.0000 das=off[0,0] p=0.00 ep_time=10.7s
[04:55:29] [save] best_sourceval_ema val_acc_ema=0.9630 source_val_live=0.9568/0.9571 source_val_ema=0.9630/0.9634 ep=73
[04:55:29] [train] epoch 74/100 steps=40 use_dann=0 das=off f=[0.0,0.0] p=0.00 gpu=3.0/15.8GB
[04:55:30] [train] ep=74 step=001/40 ce=0.2879 sc=0.5683 mi=0.0549 dn=0.0000 v13=0.0000 v15=0.0000 v16=0.0000 v17=0.0000 v18=0.0000 acc=1.0000 lr=5.38e-05 lambda=0.000 v18_lambda=0.000 gpu=3.0/15.8GB
[04:55:31] [train] ep=74 step=010/40 ce=0.2613 sc=0.6884 mi=0.0539 dn=0.0000 v13=0.0000 v15=0.0000 v16=0.0000 v17=0.0000 v18=0.0000 acc=1.0000 lr=5.30e-05 lambda=0.000 v18_lambda=0.000 gpu=3.0/15.8GB
[04:55:33] [train] ep=74 step=020/40 ce=0.2709 sc=0.6851 mi=0.0518 dn=0.0000 v13=0.0000 v15=0.0000 v16=0.0000 v17=0.0000 v18=0.0000 acc=1.0000 lr=5.20e-05 lambda=0.000 v18_lambda=0.000 gpu=3.0/15.8GB
[04:55:36] [train] ep=74 step=030/40 ce=0.2808 sc=0.7141 mi=0.0512 dn=0.0000 v13=0.0000 v15=0.0000 v16=0.0000 v17=0.0000 v18=0.0000 acc=0.9979 lr=5.11e-05 lambda=0.000 v18_lambda=0.000 gpu=3.0/15.8GB
[04:55:38] [train] ep=74 step=040/40 ce=0.2814 sc=0.6958 mi=0.0514 dn=0.0000 v13=0.0000 v15=0.0000 v16=0.0000 v17=0.0000 v18=0.0000 acc=0.9984 lr=5.02e-05 lambda=0.000 v18_lambda=0.000 gpu=3.0/15.8GB
[04:55:40] [ep_summary] ep=74/100 val_live=0.9630/0.9630 val_ema=0.9630/0.9634 test77_live=0.3633/0.2582 test77_diag_ema=0.4029/0.2836 v13=0.0000 v15=0.0000 v16=0.0000 v17=0.0000 v18=0.0000 das=off[0,0] p=0.00 ep_time=11.0s
[04:55:41] [train] epoch 75/100 steps=40 use_dann=0 das=off f=[0.0,0.0] p=0.00 gpu=3.0/15.8GB
[04:55:41] [train] ep=75 step=001/40 ce=0.2584 sc=0.9481 mi=0.0406 dn=0.0000 v13=0.0000 v15=0.0000 v16=0.0000 v17=0.0000 v18=0.0000 acc=1.0000 lr=5.01e-05 lambda=0.000 v18_lambda=0.000 gpu=3.0/15.8GB
[04:55:43] [train] ep=75 step=010/40 ce=0.3430 sc=0.6370 mi=0.0484 dn=0.0000 v13=0.0000 v15=0.0000 v16=0.0000 v17=0.0000 v18=0.0000 acc=0.9938 lr=4.93e-05 lambda=0.000 v18_lambda=0.000 gpu=3.0/15.8GB
[04:55:45] [train] ep=75 step=020/40 ce=0.3602 sc=0.6689 mi=0.0501 dn=0.0000 v13=0.0000 v15=0.0000 v16=0.0000 v17=0.0000 v18=0.0000 acc=0.9906 lr=4.84e-05 lambda=0.000 v18_lambda=0.000 gpu=3.0/15.8GB
[04:55:47] [train] ep=75 step=030/40 ce=0.3268 sc=0.7059 mi=0.0502 dn=0.0000 v13=0.0000 v15=0.0000 v16=0.0000 v17=0.0000 v18=0.0000 acc=0.9938 lr=4.75e-05 lambda=0.000 v18_lambda=0.000 gpu=3.0/15.8GB
[04:55:49] [train] ep=75 step=040/40 ce=0.3223 sc=0.7057 mi=0.0504 dn=0.0000 v13=0.0000 v15=0.0000 v16=0.0000 v17=0.0000 v18=0.0000 acc=0.9938 lr=4.66e-05 lambda=0.000 v18_lambda=0.000 gpu=3.0/15.8GB
[04:55:51] [ep_summary] ep=75/100 val_live=0.9630/0.9630 val_ema=0.9630/0.9634 test77_live=0.3885/0.2701 test77_diag_ema=0.3993/0.2780 v13=0.0000 v15=0.0000 v16=0.0000 v17=0.0000 v18=0.0000 das=off[0,0] p=0.00 ep_time=10.9s
[04:55:51] [train] epoch 76/100 steps=40 use_dann=0 das=off f=[0.0,0.0] p=0.00 gpu=3.0/15.8GB
[04:55:52] [train] ep=76 step=001/40 ce=0.2575 sc=0.9444 mi=0.0493 dn=0.0000 v13=0.0000 v15=0.0000 v16=0.0000 v17=0.0000 v18=0.0000 acc=1.0000 lr=4.65e-05 lambda=0.000 v18_lambda=0.000 gpu=3.0/15.8GB
[04:55:54] [train] ep=76 step=010/40 ce=0.3144 sc=0.7650 mi=0.0509 dn=0.0000 v13=0.0000 v15=0.0000 v16=0.0000 v17=0.0000 v18=0.0000 acc=0.9938 lr=4.58e-05 lambda=0.000 v18_lambda=0.000 gpu=3.0/15.8GB
[04:55:56] [train] ep=76 step=020/40 ce=0.3079 sc=0.7682 mi=0.0512 dn=0.0000 v13=0.0000 v15=0.0000 v16=0.0000 v17=0.0000 v18=0.0000 acc=0.9969 lr=4.49e-05 lambda=0.000 v18_lambda=0.000 gpu=3.0/15.8GB
[04:55:58] [train] ep=76 step=030/40 ce=0.2917 sc=0.7635 mi=0.0508 dn=0.0000 v13=0.0000 v15=0.0000 v16=0.0000 v17=0.0000 v18=0.0000 acc=0.9979 lr=4.40e-05 lambda=0.000 v18_lambda=0.000 gpu=3.0/15.8GB
[04:56:00] [train] ep=76 step=040/40 ce=0.2833 sc=0.7556 mi=0.0501 dn=0.0000 v13=0.0000 v15=0.0000 v16=0.0000 v17=0.0000 v18=0.0000 acc=0.9984 lr=4.32e-05 lambda=0.000 v18_lambda=0.000 gpu=3.0/15.8GB
[04:56:03] [ep_summary] ep=76/100 val_live=0.9568/0.9567 val_ema=0.9630/0.9634 test77_live=0.3921/0.2645 test77_diag_ema=0.3957/0.2723 v13=0.0000 v15=0.0000 v16=0.0000 v17=0.0000 v18=0.0000 das=off[0,0] p=0.00 ep_time=11.2s
[04:56:03] [train] epoch 77/100 steps=40 use_dann=0 das=off f=[0.0,0.0] p=0.00 gpu=3.0/15.8GB
[04:56:03] [train] ep=77 step=001/40 ce=0.2565 sc=0.7581 mi=0.0501 dn=0.0000 v13=0.0000 v15=0.0000 v16=0.0000 v17=0.0000 v18=0.0000 acc=1.0000 lr=4.31e-05 lambda=0.000 v18_lambda=0.000 gpu=3.0/15.8GB
[04:56:05] [train] ep=77 step=010/40 ce=0.2589 sc=0.8021 mi=0.0513 dn=0.0000 v13=0.0000 v15=0.0000 v16=0.0000 v17=0.0000 v18=0.0000 acc=1.0000 lr=4.23e-05 lambda=0.000 v18_lambda=0.000 gpu=3.0/15.8GB
[04:56:07] [train] ep=77 step=020/40 ce=0.2593 sc=0.7902 mi=0.0515 dn=0.0000 v13=0.0000 v15=0.0000 v16=0.0000 v17=0.0000 v18=0.0000 acc=1.0000 lr=4.15e-05 lambda=0.000 v18_lambda=0.000 gpu=3.0/15.8GB
[04:56:09] [train] ep=77 step=030/40 ce=0.2592 sc=0.7963 mi=0.0506 dn=0.0000 v13=0.0000 v15=0.0000 v16=0.0000 v17=0.0000 v18=0.0000 acc=1.0000 lr=4.06e-05 lambda=0.000 v18_lambda=0.000 gpu=3.0/15.8GB
[04:56:11] [train] ep=77 step=040/40 ce=0.2688 sc=0.7837 mi=0.0502 dn=0.0000 v13=0.0000 v15=0.0000 v16=0.0000 v17=0.0000 v18=0.0000 acc=1.0000 lr=3.98e-05 lambda=0.000 v18_lambda=0.000 gpu=3.0/15.8GB
[04:56:13] [ep_summary] ep=77/100 val_live=0.9568/0.9567 val_ema=0.9630/0.9634 test77_live=0.3885/0.2636 test77_diag_ema=0.3993/0.2779 v13=0.0000 v15=0.0000 v16=0.0000 v17=0.0000 v18=0.0000 das=off[0,0] p=0.00 ep_time=10.9s
[04:56:13] [train] epoch 78/100 steps=40 use_dann=0 das=off f=[0.0,0.0] p=0.00 gpu=3.0/15.8GB
[04:56:14] [train] ep=78 step=001/40 ce=0.2559 sc=0.6122 mi=0.0597 dn=0.0000 v13=0.0000 v15=0.0000 v16=0.0000 v17=0.0000 v18=0.0000 acc=1.0000 lr=3.97e-05 lambda=0.000 v18_lambda=0.000 gpu=3.0/15.8GB
[04:56:16] [train] ep=78 step=010/40 ce=0.3292 sc=0.8318 mi=0.0509 dn=0.0000 v13=0.0000 v15=0.0000 v16=0.0000 v17=0.0000 v18=0.0000 acc=0.9938 lr=3.90e-05 lambda=0.000 v18_lambda=0.000 gpu=3.0/15.8GB
[04:56:18] [train] ep=78 step=020/40 ce=0.3253 sc=0.7578 mi=0.0511 dn=0.0000 v13=0.0000 v15=0.0000 v16=0.0000 v17=0.0000 v18=0.0000 acc=0.9938 lr=3.82e-05 lambda=0.000 v18_lambda=0.000 gpu=3.0/15.8GB
[04:56:20] [train] ep=78 step=030/40 ce=0.3031 sc=0.7377 mi=0.0513 dn=0.0000 v13=0.0000 v15=0.0000 v16=0.0000 v17=0.0000 v18=0.0000 acc=0.9958 lr=3.74e-05 lambda=0.000 v18_lambda=0.000 gpu=3.0/15.8GB
[04:56:22] [train] ep=78 step=040/40 ce=0.2919 sc=0.7502 mi=0.0507 dn=0.0000 v13=0.0000 v15=0.0000 v16=0.0000 v17=0.0000 v18=0.0000 acc=0.9969 lr=3.66e-05 lambda=0.000 v18_lambda=0.000 gpu=3.0/15.8GB
[04:56:25] [ep_summary] ep=78/100 val_live=0.9568/0.9568 val_ema=0.9630/0.9634 test77_live=0.3489/0.2352 test77_diag_ema=0.3921/0.2713 v13=0.0000 v15=0.0000 v16=0.0000 v17=0.0000 v18=0.0000 das=off[0,0] p=0.00 ep_time=11.2s
[04:56:25] [train] epoch 79/100 steps=40 use_dann=0 das=off f=[0.0,0.0] p=0.00 gpu=3.0/15.8GB
[04:56:25] [train] ep=79 step=001/40 ce=0.2594 sc=0.6140 mi=0.0525 dn=0.0000 v13=0.0000 v15=0.0000 v16=0.0000 v17=0.0000 v18=0.0000 acc=1.0000 lr=3.65e-05 lambda=0.000 v18_lambda=0.000 gpu=3.0/15.8GB
[04:56:27] [train] ep=79 step=010/40 ce=0.2578 sc=0.6645 mi=0.0524 dn=0.0000 v13=0.0000 v15=0.0000 v16=0.0000 v17=0.0000 v18=0.0000 acc=1.0000 lr=3.58e-05 lambda=0.000 v18_lambda=0.000 gpu=3.0/15.8GB
[04:56:29] [train] ep=79 step=020/40 ce=0.2669 sc=0.7528 mi=0.0512 dn=0.0000 v13=0.0000 v15=0.0000 v16=0.0000 v17=0.0000 v18=0.0000 acc=1.0000 lr=3.50e-05 lambda=0.000 v18_lambda=0.000 gpu=3.0/15.8GB
[04:56:31] [train] ep=79 step=030/40 ce=0.2640 sc=0.7157 mi=0.0508 dn=0.0000 v13=0.0000 v15=0.0000 v16=0.0000 v17=0.0000 v18=0.0000 acc=1.0000 lr=3.42e-05 lambda=0.000 v18_lambda=0.000 gpu=3.0/15.8GB
[04:56:33] [train] ep=79 step=040/40 ce=0.2706 sc=0.7054 mi=0.0505 dn=0.0000 v13=0.0000 v15=0.0000 v16=0.0000 v17=0.0000 v18=0.0000 acc=1.0000 lr=3.35e-05 lambda=0.000 v18_lambda=0.000 gpu=3.0/15.8GB
[04:56:36] [ep_summary] ep=79/100 val_live=0.9568/0.9568 val_ema=0.9630/0.9634 test77_live=0.3381/0.2269 test77_diag_ema=0.3957/0.2802 v13=0.0000 v15=0.0000 v16=0.0000 v17=0.0000 v18=0.0000 das=off[0,0] p=0.00 ep_time=11.0s
[04:56:36] [train] epoch 80/100 steps=40 use_dann=0 das=off f=[0.0,0.0] p=0.00 gpu=3.0/15.8GB
[04:56:36] [train] ep=80 step=001/40 ce=0.5263 sc=1.0378 mi=0.0439 dn=0.0000 v13=0.0000 v15=0.0000 v16=0.0000 v17=0.0000 v18=0.0000 acc=1.0000 lr=3.34e-05 lambda=0.000 v18_lambda=0.000 gpu=3.0/15.8GB
[04:56:38] [train] ep=80 step=010/40 ce=0.3039 sc=0.7340 mi=0.0510 dn=0.0000 v13=0.0000 v15=0.0000 v16=0.0000 v17=0.0000 v18=0.0000 acc=1.0000 lr=3.27e-05 lambda=0.000 v18_lambda=0.000 gpu=3.0/15.8GB
[04:56:40] [train] ep=80 step=020/40 ce=0.2913 sc=0.7856 mi=0.0496 dn=0.0000 v13=0.0000 v15=0.0000 v16=0.0000 v17=0.0000 v18=0.0000 acc=1.0000 lr=3.19e-05 lambda=0.000 v18_lambda=0.000 gpu=3.0/15.8GB
[04:56:42] [train] ep=80 step=030/40 ce=0.2808 sc=0.7381 mi=0.0497 dn=0.0000 v13=0.0000 v15=0.0000 v16=0.0000 v17=0.0000 v18=0.0000 acc=1.0000 lr=3.12e-05 lambda=0.000 v18_lambda=0.000 gpu=3.0/15.8GB
[04:56:44] [train] ep=80 step=040/40 ce=0.2750 sc=0.7440 mi=0.0498 dn=0.0000 v13=0.0000 v15=0.0000 v16=0.0000 v17=0.0000 v18=0.0000 acc=1.0000 lr=3.05e-05 lambda=0.000 v18_lambda=0.000 gpu=3.0/15.8GB
[04:56:46] [pool] check ep=080/100 source_val_acc_ema=0.9630 threshold=0.90
[04:56:48] [pool] ep=080 ADDED src_val=0.9630/0.9634 dev77=0.3714/0.2309 final77=0.3993/0.2822
[04:56:48] [pool] running best ep=070 dev77_f1=0.2756 final77_f1=0.2899 (pool_size=6)
[04:56:48] [ep_summary] ep=80/100 val_live=0.9568/0.9568 val_ema=0.9630/0.9634 test77_live=0.3453/0.2307 test77_diag_ema=0.3993/0.2822 v13=0.0000 v15=0.0000 v16=0.0000 v17=0.0000 v18=0.0000 das=off[0,0] p=0.00 ep_time=12.1s
[04:56:48] [strict77_monitor] ep=80 best_source_epoch=73 source_val_ema=0.9630/0.9634 test77_ema_diag=0.4065/0.2890 sourcequalified_count=80 best_sourcequalified77_epoch=71 source_val_ema=0.9568/0.9576 test77_ema=0.4065/0.2900
[04:56:48] [train] epoch 81/100 steps=40 use_dann=0 das=off f=[0.0,0.0] p=0.00 gpu=3.0/15.8GB
[04:56:48] [train] ep=81 step=001/40 ce=0.2577 sc=0.7425 mi=0.0569 dn=0.0000 v13=0.0000 v15=0.0000 v16=0.0000 v17=0.0000 v18=0.0000 acc=1.0000 lr=3.04e-05 lambda=0.000 v18_lambda=0.000 gpu=3.0/15.8GB
[04:56:50] [train] ep=81 step=010/40 ce=0.4158 sc=1.0995 mi=0.0492 dn=0.0000 v13=0.0000 v15=0.0000 v16=0.0000 v17=0.0000 v18=0.0000 acc=0.9938 lr=2.97e-05 lambda=0.000 v18_lambda=0.000 gpu=3.0/15.8GB
[04:56:52] [train] ep=81 step=020/40 ce=0.3446 sc=0.9484 mi=0.0496 dn=0.0000 v13=0.0000 v15=0.0000 v16=0.0000 v17=0.0000 v18=0.0000 acc=0.9969 lr=2.90e-05 lambda=0.000 v18_lambda=0.000 gpu=3.0/15.8GB
[04:56:54] [train] ep=81 step=030/40 ce=0.3154 sc=0.8688 mi=0.0491 dn=0.0000 v13=0.0000 v15=0.0000 v16=0.0000 v17=0.0000 v18=0.0000 acc=0.9979 lr=2.83e-05 lambda=0.000 v18_lambda=0.000 gpu=3.0/15.8GB
[04:56:56] [train] ep=81 step=040/40 ce=0.3026 sc=0.8423 mi=0.0494 dn=0.0000 v13=0.0000 v15=0.0000 v16=0.0000 v17=0.0000 v18=0.0000 acc=0.9984 lr=2.76e-05 lambda=0.000 v18_lambda=0.000 gpu=3.0/15.8GB
[04:56:59] [ep_summary] ep=81/100 val_live=0.9568/0.9568 val_ema=0.9630/0.9634 test77_live=0.3417/0.2345 test77_diag_ema=0.3885/0.2690 v13=0.0000 v15=0.0000 v16=0.0000 v17=0.0000 v18=0.0000 das=off[0,0] p=0.00 ep_time=10.9s
[04:56:59] [train] epoch 82/100 steps=40 use_dann=0 das=off f=[0.0,0.0] p=0.00 gpu=3.0/15.8GB
[04:56:59] [train] ep=82 step=001/40 ce=0.2568 sc=0.8262 mi=0.0470 dn=0.0000 v13=0.0000 v15=0.0000 v16=0.0000 v17=0.0000 v18=0.0000 acc=1.0000 lr=2.75e-05 lambda=0.000 v18_lambda=0.000 gpu=3.0/15.8GB
[04:57:01] [train] ep=82 step=010/40 ce=0.3830 sc=0.7904 mi=0.0495 dn=0.0000 v13=0.0000 v15=0.0000 v16=0.0000 v17=0.0000 v18=0.0000 acc=0.9875 lr=2.69e-05 lambda=0.000 v18_lambda=0.000 gpu=3.0/15.8GB
[04:57:03] [train] ep=82 step=020/40 ce=0.3501 sc=0.7667 mi=0.0505 dn=0.0000 v13=0.0000 v15=0.0000 v16=0.0000 v17=0.0000 v18=0.0000 acc=0.9938 lr=2.62e-05 lambda=0.000 v18_lambda=0.000 gpu=3.0/15.8GB
[04:57:05] [train] ep=82 step=030/40 ce=0.3192 sc=0.7773 mi=0.0490 dn=0.0000 v13=0.0000 v15=0.0000 v16=0.0000 v17=0.0000 v18=0.0000 acc=0.9958 lr=2.55e-05 lambda=0.000 v18_lambda=0.000 gpu=3.0/15.8GB
[04:57:07] [train] ep=82 step=040/40 ce=0.3071 sc=0.7902 mi=0.0492 dn=0.0000 v13=0.0000 v15=0.0000 v16=0.0000 v17=0.0000 v18=0.0000 acc=0.9969 lr=2.48e-05 lambda=0.000 v18_lambda=0.000 gpu=3.0/15.8GB
[04:57:09] [ep_summary] ep=82/100 val_live=0.9568/0.9568 val_ema=0.9630/0.9634 test77_live=0.3777/0.2645 test77_diag_ema=0.3885/0.2692 v13=0.0000 v15=0.0000 v16=0.0000 v17=0.0000 v18=0.0000 das=off[0,0] p=0.00 ep_time=10.6s
[04:57:09] [train] epoch 83/100 steps=40 use_dann=0 das=off f=[0.0,0.0] p=0.00 gpu=3.0/15.8GB
[04:57:10] [train] ep=83 step=001/40 ce=0.2581 sc=0.5662 mi=0.0497 dn=0.0000 v13=0.0000 v15=0.0000 v16=0.0000 v17=0.0000 v18=0.0000 acc=1.0000 lr=2.48e-05 lambda=0.000 v18_lambda=0.000 gpu=3.0/15.8GB
[04:57:11] [train] ep=83 step=010/40 ce=0.3051 sc=0.6800 mi=0.0487 dn=0.0000 v13=0.0000 v15=0.0000 v16=0.0000 v17=0.0000 v18=0.0000 acc=0.9938 lr=2.42e-05 lambda=0.000 v18_lambda=0.000 gpu=3.0/15.8GB
[04:57:13] [train] ep=83 step=020/40 ce=0.2962 sc=0.7396 mi=0.0490 dn=0.0000 v13=0.0000 v15=0.0000 v16=0.0000 v17=0.0000 v18=0.0000 acc=0.9969 lr=2.35e-05 lambda=0.000 v18_lambda=0.000 gpu=3.0/15.8GB
[04:57:15] [train] ep=83 step=030/40 ce=0.2835 sc=0.7298 mi=0.0488 dn=0.0000 v13=0.0000 v15=0.0000 v16=0.0000 v17=0.0000 v18=0.0000 acc=0.9979 lr=2.29e-05 lambda=0.000 v18_lambda=0.000 gpu=3.0/15.8GB
[04:57:17] [train] ep=83 step=040/40 ce=0.2784 sc=0.7448 mi=0.0488 dn=0.0000 v13=0.0000 v15=0.0000 v16=0.0000 v17=0.0000 v18=0.0000 acc=0.9984 lr=2.22e-05 lambda=0.000 v18_lambda=0.000 gpu=3.0/15.8GB
[04:57:20] [ep_summary] ep=83/100 val_live=0.9568/0.9568 val_ema=0.9630/0.9634 test77_live=0.3669/0.2537 test77_diag_ema=0.3885/0.2692 v13=0.0000 v15=0.0000 v16=0.0000 v17=0.0000 v18=0.0000 das=off[0,0] p=0.00 ep_time=10.7s
[04:57:20] [train] epoch 84/100 steps=40 use_dann=0 das=off f=[0.0,0.0] p=0.00 gpu=3.0/15.8GB
[04:57:20] [train] ep=84 step=001/40 ce=0.4394 sc=0.7814 mi=0.0493 dn=0.0000 v13=0.0000 v15=0.0000 v16=0.0000 v17=0.0000 v18=0.0000 acc=1.0000 lr=2.22e-05 lambda=0.000 v18_lambda=0.000 gpu=3.0/15.8GB
[04:57:22] [train] ep=84 step=010/40 ce=0.2771 sc=0.6237 mi=0.0493 dn=0.0000 v13=0.0000 v15=0.0000 v16=0.0000 v17=0.0000 v18=0.0000 acc=1.0000 lr=2.16e-05 lambda=0.000 v18_lambda=0.000 gpu=3.0/15.8GB
[04:57:24] [train] ep=84 step=020/40 ce=0.3109 sc=0.7436 mi=0.0512 dn=0.0000 v13=0.0000 v15=0.0000 v16=0.0000 v17=0.0000 v18=0.0000 acc=0.9969 lr=2.10e-05 lambda=0.000 v18_lambda=0.000 gpu=3.0/15.8GB
[04:57:26] [train] ep=84 step=030/40 ce=0.3292 sc=0.7949 mi=0.0502 dn=0.0000 v13=0.0000 v15=0.0000 v16=0.0000 v17=0.0000 v18=0.0000 acc=0.9938 lr=2.04e-05 lambda=0.000 v18_lambda=0.000 gpu=3.0/15.8GB
[04:57:27] [train] ep=84 step=040/40 ce=0.3286 sc=0.7923 mi=0.0503 dn=0.0000 v13=0.0000 v15=0.0000 v16=0.0000 v17=0.0000 v18=0.0000 acc=0.9938 lr=1.98e-05 lambda=0.000 v18_lambda=0.000 gpu=3.0/15.8GB
[04:57:30] [ep_summary] ep=84/100 val_live=0.9568/0.9568 val_ema=0.9630/0.9634 test77_live=0.3597/0.2517 test77_diag_ema=0.3885/0.2692 v13=0.0000 v15=0.0000 v16=0.0000 v17=0.0000 v18=0.0000 das=off[0,0] p=0.00 ep_time=10.1s
[04:57:30] [train] epoch 85/100 steps=40 use_dann=0 das=off f=[0.0,0.0] p=0.00 gpu=3.0/15.8GB
[04:57:30] [train] ep=85 step=001/40 ce=0.3800 sc=0.6619 mi=0.0517 dn=0.0000 v13=0.0000 v15=0.0000 v16=0.0000 v17=0.0000 v18=0.0000 acc=1.0000 lr=1.97e-05 lambda=0.000 v18_lambda=0.000 gpu=3.0/15.8GB
[04:57:32] [train] ep=85 step=010/40 ce=0.2879 sc=0.6903 mi=0.0487 dn=0.0000 v13=0.0000 v15=0.0000 v16=0.0000 v17=0.0000 v18=0.0000 acc=1.0000 lr=1.92e-05 lambda=0.000 v18_lambda=0.000 gpu=3.0/15.8GB
[04:57:34] [train] ep=85 step=020/40 ce=0.2726 sc=0.7336 mi=0.0478 dn=0.0000 v13=0.0000 v15=0.0000 v16=0.0000 v17=0.0000 v18=0.0000 acc=1.0000 lr=1.86e-05 lambda=0.000 v18_lambda=0.000 gpu=3.0/15.8GB
[04:57:36] [train] ep=85 step=030/40 ce=0.2685 sc=0.7269 mi=0.0486 dn=0.0000 v13=0.0000 v15=0.0000 v16=0.0000 v17=0.0000 v18=0.0000 acc=1.0000 lr=1.80e-05 lambda=0.000 v18_lambda=0.000 gpu=3.0/15.8GB
[04:57:37] [train] ep=85 step=040/40 ce=0.2676 sc=0.7287 mi=0.0483 dn=0.0000 v13=0.0000 v15=0.0000 v16=0.0000 v17=0.0000 v18=0.0000 acc=1.0000 lr=1.74e-05 lambda=0.000 v18_lambda=0.000 gpu=3.0/15.8GB
[04:57:40] [ep_summary] ep=85/100 val_live=0.9568/0.9568 val_ema=0.9630/0.9634 test77_live=0.3597/0.2541 test77_diag_ema=0.3885/0.2692 v13=0.0000 v15=0.0000 v16=0.0000 v17=0.0000 v18=0.0000 das=off[0,0] p=0.00 ep_time=10.0s
[04:57:40] [train] epoch 86/100 steps=40 use_dann=0 das=off f=[0.0,0.0] p=0.00 gpu=3.0/15.8GB
[04:57:40] [train] ep=86 step=001/40 ce=0.2669 sc=1.0051 mi=0.0419 dn=0.0000 v13=0.0000 v15=0.0000 v16=0.0000 v17=0.0000 v18=0.0000 acc=1.0000 lr=1.74e-05 lambda=0.000 v18_lambda=0.000 gpu=3.0/15.8GB
[04:57:42] [train] ep=86 step=010/40 ce=0.3062 sc=0.7577 mi=0.0476 dn=0.0000 v13=0.0000 v15=0.0000 v16=0.0000 v17=0.0000 v18=0.0000 acc=0.9938 lr=1.68e-05 lambda=0.000 v18_lambda=0.000 gpu=3.0/15.8GB
[04:57:44] [train] ep=86 step=020/40 ce=0.2951 sc=0.8569 mi=0.0479 dn=0.0000 v13=0.0000 v15=0.0000 v16=0.0000 v17=0.0000 v18=0.0000 acc=0.9969 lr=1.63e-05 lambda=0.000 v18_lambda=0.000 gpu=3.0/15.8GB
[04:57:46] [train] ep=86 step=030/40 ce=0.2831 sc=0.8229 mi=0.0487 dn=0.0000 v13=0.0000 v15=0.0000 v16=0.0000 v17=0.0000 v18=0.0000 acc=0.9979 lr=1.57e-05 lambda=0.000 v18_lambda=0.000 gpu=3.0/15.8GB
[04:57:47] [train] ep=86 step=040/40 ce=0.3016 sc=0.8440 mi=0.0489 dn=0.0000 v13=0.0000 v15=0.0000 v16=0.0000 v17=0.0000 v18=0.0000 acc=0.9969 lr=1.52e-05 lambda=0.000 v18_lambda=0.000 gpu=3.0/15.8GB
[04:57:50] [ep_summary] ep=86/100 val_live=0.9568/0.9568 val_ema=0.9630/0.9634 test77_live=0.3633/0.2611 test77_diag_ema=0.3885/0.2693 v13=0.0000 v15=0.0000 v16=0.0000 v17=0.0000 v18=0.0000 das=off[0,0] p=0.00 ep_time=10.0s
[04:57:50] [train] epoch 87/100 steps=40 use_dann=0 das=off f=[0.0,0.0] p=0.00 gpu=3.0/15.8GB
[04:57:50] [train] ep=87 step=001/40 ce=0.2570 sc=0.8199 mi=0.0529 dn=0.0000 v13=0.0000 v15=0.0000 v16=0.0000 v17=0.0000 v18=0.0000 acc=1.0000 lr=1.52e-05 lambda=0.000 v18_lambda=0.000 gpu=3.0/15.8GB
[04:57:52] [train] ep=87 step=010/40 ce=0.2589 sc=0.6664 mi=0.0477 dn=0.0000 v13=0.0000 v15=0.0000 v16=0.0000 v17=0.0000 v18=0.0000 acc=1.0000 lr=1.47e-05 lambda=0.000 v18_lambda=0.000 gpu=3.0/15.8GB
[04:57:54] [train] ep=87 step=020/40 ce=0.2586 sc=0.7126 mi=0.0487 dn=0.0000 v13=0.0000 v15=0.0000 v16=0.0000 v17=0.0000 v18=0.0000 acc=1.0000 lr=1.42e-05 lambda=0.000 v18_lambda=0.000 gpu=3.0/15.8GB
[04:57:56] [train] ep=87 step=030/40 ce=0.2592 sc=0.7534 mi=0.0480 dn=0.0000 v13=0.0000 v15=0.0000 v16=0.0000 v17=0.0000 v18=0.0000 acc=1.0000 lr=1.37e-05 lambda=0.000 v18_lambda=0.000 gpu=3.0/15.8GB
[04:57:58] [train] ep=87 step=040/40 ce=0.2587 sc=0.7316 mi=0.0480 dn=0.0000 v13=0.0000 v15=0.0000 v16=0.0000 v17=0.0000 v18=0.0000 acc=1.0000 lr=1.31e-05 lambda=0.000 v18_lambda=0.000 gpu=3.0/15.8GB
[04:58:00] [ep_summary] ep=87/100 val_live=0.9568/0.9568 val_ema=0.9630/0.9634 test77_live=0.3633/0.2615 test77_diag_ema=0.3885/0.2689 v13=0.0000 v15=0.0000 v16=0.0000 v17=0.0000 v18=0.0000 das=off[0,0] p=0.00 ep_time=10.3s
[04:58:00] [train] epoch 88/100 steps=40 use_dann=0 das=off f=[0.0,0.0] p=0.00 gpu=3.0/15.8GB
[04:58:01] [train] ep=88 step=001/40 ce=0.2576 sc=0.8379 mi=0.0458 dn=0.0000 v13=0.0000 v15=0.0000 v16=0.0000 v17=0.0000 v18=0.0000 acc=1.0000 lr=1.31e-05 lambda=0.000 v18_lambda=0.000 gpu=3.0/15.8GB
[04:58:02] [train] ep=88 step=010/40 ce=0.3181 sc=0.8320 mi=0.0495 dn=0.0000 v13=0.0000 v15=0.0000 v16=0.0000 v17=0.0000 v18=0.0000 acc=1.0000 lr=1.27e-05 lambda=0.000 v18_lambda=0.000 gpu=3.0/15.8GB
[04:58:04] [train] ep=88 step=020/40 ce=0.2890 sc=0.7440 mi=0.0492 dn=0.0000 v13=0.0000 v15=0.0000 v16=0.0000 v17=0.0000 v18=0.0000 acc=1.0000 lr=1.22e-05 lambda=0.000 v18_lambda=0.000 gpu=3.0/15.8GB
[04:58:06] [train] ep=88 step=030/40 ce=0.2787 sc=0.7227 mi=0.0490 dn=0.0000 v13=0.0000 v15=0.0000 v16=0.0000 v17=0.0000 v18=0.0000 acc=1.0000 lr=1.17e-05 lambda=0.000 v18_lambda=0.000 gpu=3.0/15.8GB
[04:58:08] [train] ep=88 step=040/40 ce=0.2809 sc=0.7305 mi=0.0491 dn=0.0000 v13=0.0000 v15=0.0000 v16=0.0000 v17=0.0000 v18=0.0000 acc=1.0000 lr=1.12e-05 lambda=0.000 v18_lambda=0.000 gpu=3.0/15.8GB
[04:58:11] [ep_summary] ep=88/100 val_live=0.9568/0.9568 val_ema=0.9630/0.9634 test77_live=0.3741/0.2767 test77_diag_ema=0.3885/0.2686 v13=0.0000 v15=0.0000 v16=0.0000 v17=0.0000 v18=0.0000 das=off[0,0] p=0.00 ep_time=10.1s
[04:58:11] [train] epoch 89/100 steps=40 use_dann=0 das=off f=[0.0,0.0] p=0.00 gpu=3.0/15.8GB
[04:58:11] [train] ep=89 step=001/40 ce=0.2568 sc=0.6123 mi=0.0463 dn=0.0000 v13=0.0000 v15=0.0000 v16=0.0000 v17=0.0000 v18=0.0000 acc=1.0000 lr=1.12e-05 lambda=0.000 v18_lambda=0.000 gpu=3.0/15.8GB
[04:58:12] [train] ep=89 step=010/40 ce=0.2599 sc=0.8623 mi=0.0506 dn=0.0000 v13=0.0000 v15=0.0000 v16=0.0000 v17=0.0000 v18=0.0000 acc=1.0000 lr=1.08e-05 lambda=0.000 v18_lambda=0.000 gpu=3.0/15.8GB
[04:58:14] [train] ep=89 step=020/40 ce=0.2626 sc=0.7800 mi=0.0492 dn=0.0000 v13=0.0000 v15=0.0000 v16=0.0000 v17=0.0000 v18=0.0000 acc=1.0000 lr=1.03e-05 lambda=0.000 v18_lambda=0.000 gpu=3.0/15.8GB
[04:58:16] [train] ep=89 step=030/40 ce=0.2609 sc=0.8044 mi=0.0485 dn=0.0000 v13=0.0000 v15=0.0000 v16=0.0000 v17=0.0000 v18=0.0000 acc=1.0000 lr=9.89e-06 lambda=0.000 v18_lambda=0.000 gpu=3.0/15.8GB
[04:58:18] [train] ep=89 step=040/40 ce=0.2601 sc=0.7689 mi=0.0488 dn=0.0000 v13=0.0000 v15=0.0000 v16=0.0000 v17=0.0000 v18=0.0000 acc=1.0000 lr=9.46e-06 lambda=0.000 v18_lambda=0.000 gpu=3.0/15.8GB
[04:58:21] [ep_summary] ep=89/100 val_live=0.9568/0.9568 val_ema=0.9630/0.9634 test77_live=0.3777/0.2798 test77_diag_ema=0.3885/0.2686 v13=0.0000 v15=0.0000 v16=0.0000 v17=0.0000 v18=0.0000 das=off[0,0] p=0.00 ep_time=10.1s
[04:58:21] [train] epoch 90/100 steps=40 use_dann=0 das=off f=[0.0,0.0] p=0.00 gpu=3.0/15.8GB
[04:58:21] [train] ep=90 step=001/40 ce=0.2569 sc=0.4351 mi=0.0462 dn=0.0000 v13=0.0000 v15=0.0000 v16=0.0000 v17=0.0000 v18=0.0000 acc=1.0000 lr=9.42e-06 lambda=0.000 v18_lambda=0.000 gpu=3.0/15.8GB
[04:58:22] [train] ep=90 step=010/40 ce=0.2861 sc=0.6956 mi=0.0494 dn=0.0000 v13=0.0000 v15=0.0000 v16=0.0000 v17=0.0000 v18=0.0000 acc=1.0000 lr=9.04e-06 lambda=0.000 v18_lambda=0.000 gpu=3.0/15.8GB
[04:58:24] [train] ep=90 step=020/40 ce=0.2767 sc=0.7264 mi=0.0488 dn=0.0000 v13=0.0000 v15=0.0000 v16=0.0000 v17=0.0000 v18=0.0000 acc=1.0000 lr=8.63e-06 lambda=0.000 v18_lambda=0.000 gpu=3.0/15.8GB
[04:58:26] [train] ep=90 step=030/40 ce=0.2724 sc=0.7346 mi=0.0485 dn=0.0000 v13=0.0000 v15=0.0000 v16=0.0000 v17=0.0000 v18=0.0000 acc=1.0000 lr=8.23e-06 lambda=0.000 v18_lambda=0.000 gpu=3.0/15.8GB
[04:58:28] [train] ep=90 step=040/40 ce=0.2721 sc=0.7308 mi=0.0481 dn=0.0000 v13=0.0000 v15=0.0000 v16=0.0000 v17=0.0000 v18=0.0000 acc=1.0000 lr=7.84e-06 lambda=0.000 v18_lambda=0.000 gpu=3.0/15.8GB
[04:58:31] [pool] check ep=090/100 source_val_acc_ema=0.9630 threshold=0.90
[04:58:32] [pool] ep=090 ADDED src_val=0.9630/0.9634 dev77=0.3714/0.2336 final77=0.3849/0.2668
[04:58:32] [pool] running best ep=070 dev77_f1=0.2756 final77_f1=0.2899 (pool_size=7)
[04:58:32] [ep_summary] ep=90/100 val_live=0.9568/0.9568 val_ema=0.9630/0.9634 test77_live=0.3777/0.2794 test77_diag_ema=0.3849/0.2668 v13=0.0000 v15=0.0000 v16=0.0000 v17=0.0000 v18=0.0000 das=off[0,0] p=0.00 ep_time=11.4s
[04:58:32] [strict77_monitor] ep=90 best_source_epoch=73 source_val_ema=0.9630/0.9634 test77_ema_diag=0.4065/0.2890 sourcequalified_count=90 best_sourcequalified77_epoch=71 source_val_ema=0.9568/0.9576 test77_ema=0.4065/0.2900
[04:58:32] [train] epoch 91/100 steps=40 use_dann=0 das=off f=[0.0,0.0] p=0.00 gpu=3.0/15.8GB
[04:58:32] [train] ep=91 step=001/40 ce=0.2575 sc=0.2615 mi=0.0370 dn=0.0000 v13=0.0000 v15=0.0000 v16=0.0000 v17=0.0000 v18=0.0000 acc=1.0000 lr=7.80e-06 lambda=0.000 v18_lambda=0.000 gpu=3.0/15.8GB
[04:58:34] [train] ep=91 step=010/40 ce=0.2580 sc=0.7011 mi=0.0467 dn=0.0000 v13=0.0000 v15=0.0000 v16=0.0000 v17=0.0000 v18=0.0000 acc=1.0000 lr=7.45e-06 lambda=0.000 v18_lambda=0.000 gpu=3.0/15.8GB
[04:58:36] [train] ep=91 step=020/40 ce=0.3124 sc=0.7314 mi=0.0491 dn=0.0000 v13=0.0000 v15=0.0000 v16=0.0000 v17=0.0000 v18=0.0000 acc=0.9938 lr=7.08e-06 lambda=0.000 v18_lambda=0.000 gpu=3.0/15.8GB
[04:58:38] [train] ep=91 step=030/40 ce=0.3125 sc=0.8049 mi=0.0484 dn=0.0000 v13=0.0000 v15=0.0000 v16=0.0000 v17=0.0000 v18=0.0000 acc=0.9938 lr=6.72e-06 lambda=0.000 v18_lambda=0.000 gpu=3.0/15.8GB
[04:58:39] [train] ep=91 step=040/40 ce=0.2989 sc=0.7880 mi=0.0482 dn=0.0000 v13=0.0000 v15=0.0000 v16=0.0000 v17=0.0000 v18=0.0000 acc=0.9953 lr=6.36e-06 lambda=0.000 v18_lambda=0.000 gpu=3.0/15.8GB
[04:58:42] [ep_summary] ep=91/100 val_live=0.9568/0.9568 val_ema=0.9630/0.9634 test77_live=0.3813/0.2800 test77_diag_ema=0.3885/0.2692 v13=0.0000 v15=0.0000 v16=0.0000 v17=0.0000 v18=0.0000 das=off[0,0] p=0.00 ep_time=10.0s
[04:58:42] [train] epoch 92/100 steps=40 use_dann=0 das=off f=[0.0,0.0] p=0.00 gpu=3.0/15.8GB
[04:58:42] [train] ep=92 step=001/40 ce=0.2639 sc=1.2229 mi=0.0507 dn=0.0000 v13=0.0000 v15=0.0000 v16=0.0000 v17=0.0000 v18=0.0000 acc=1.0000 lr=6.33e-06 lambda=0.000 v18_lambda=0.000 gpu=3.0/15.8GB
[04:58:44] [train] ep=92 step=010/40 ce=0.2856 sc=0.8046 mi=0.0474 dn=0.0000 v13=0.0000 v15=0.0000 v16=0.0000 v17=0.0000 v18=0.0000 acc=1.0000 lr=6.02e-06 lambda=0.000 v18_lambda=0.000 gpu=3.0/15.8GB
[04:58:46] [train] ep=92 step=020/40 ce=0.3729 sc=0.8453 mi=0.0469 dn=0.0000 v13=0.0000 v15=0.0000 v16=0.0000 v17=0.0000 v18=0.0000 acc=0.9906 lr=5.68e-06 lambda=0.000 v18_lambda=0.000 gpu=3.0/15.8GB
[04:58:48] [train] ep=92 step=030/40 ce=0.3342 sc=0.8098 mi=0.0477 dn=0.0000 v13=0.0000 v15=0.0000 v16=0.0000 v17=0.0000 v18=0.0000 acc=0.9938 lr=5.35e-06 lambda=0.000 v18_lambda=0.000 gpu=3.0/15.8GB
[04:58:50] [train] ep=92 step=040/40 ce=0.3160 sc=0.8167 mi=0.0481 dn=0.0000 v13=0.0000 v15=0.0000 v16=0.0000 v17=0.0000 v18=0.0000 acc=0.9953 lr=5.04e-06 lambda=0.000 v18_lambda=0.000 gpu=3.0/15.8GB
[04:58:52] [ep_summary] ep=92/100 val_live=0.9568/0.9568 val_ema=0.9630/0.9634 test77_live=0.3777/0.2792 test77_diag_ema=0.3849/0.2671 v13=0.0000 v15=0.0000 v16=0.0000 v17=0.0000 v18=0.0000 das=off[0,0] p=0.00 ep_time=10.2s
[04:58:52] [train] epoch 93/100 steps=40 use_dann=0 das=off f=[0.0,0.0] p=0.00 gpu=3.0/15.8GB
[04:58:52] [train] ep=93 step=001/40 ce=0.2563 sc=0.6150 mi=0.0466 dn=0.0000 v13=0.0000 v15=0.0000 v16=0.0000 v17=0.0000 v18=0.0000 acc=1.0000 lr=5.01e-06 lambda=0.000 v18_lambda=0.000 gpu=3.0/15.8GB
[04:58:54] [train] ep=93 step=010/40 ce=0.2584 sc=0.7237 mi=0.0486 dn=0.0000 v13=0.0000 v15=0.0000 v16=0.0000 v17=0.0000 v18=0.0000 acc=1.0000 lr=4.73e-06 lambda=0.000 v18_lambda=0.000 gpu=3.0/15.8GB
[04:58:56] [train] ep=93 step=020/40 ce=0.2588 sc=0.7597 mi=0.0478 dn=0.0000 v13=0.0000 v15=0.0000 v16=0.0000 v17=0.0000 v18=0.0000 acc=1.0000 lr=4.43e-06 lambda=0.000 v18_lambda=0.000 gpu=3.0/15.8GB
[04:58:58] [train] ep=93 step=030/40 ce=0.2593 sc=0.7126 mi=0.0478 dn=0.0000 v13=0.0000 v15=0.0000 v16=0.0000 v17=0.0000 v18=0.0000 acc=1.0000 lr=4.14e-06 lambda=0.000 v18_lambda=0.000 gpu=3.0/15.8GB
[04:58:59] [train] ep=93 step=040/40 ce=0.2595 sc=0.7033 mi=0.0485 dn=0.0000 v13=0.0000 v15=0.0000 v16=0.0000 v17=0.0000 v18=0.0000 acc=1.0000 lr=3.87e-06 lambda=0.000 v18_lambda=0.000 gpu=3.0/15.8GB
[04:59:02] [ep_summary] ep=93/100 val_live=0.9568/0.9568 val_ema=0.9630/0.9631 test77_live=0.3777/0.2792 test77_diag_ema=0.3885/0.2692 v13=0.0000 v15=0.0000 v16=0.0000 v17=0.0000 v18=0.0000 das=off[0,0] p=0.00 ep_time=9.9s
[04:59:02] [train] epoch 94/100 steps=40 use_dann=0 das=off f=[0.0,0.0] p=0.00 gpu=3.0/15.8GB
[04:59:02] [train] ep=94 step=001/40 ce=0.2667 sc=0.6183 mi=0.0499 dn=0.0000 v13=0.0000 v15=0.0000 v16=0.0000 v17=0.0000 v18=0.0000 acc=1.0000 lr=3.84e-06 lambda=0.000 v18_lambda=0.000 gpu=3.0/15.8GB
[04:59:04] [train] ep=94 step=010/40 ce=0.2584 sc=0.7176 mi=0.0506 dn=0.0000 v13=0.0000 v15=0.0000 v16=0.0000 v17=0.0000 v18=0.0000 acc=1.0000 lr=3.60e-06 lambda=0.000 v18_lambda=0.000 gpu=3.0/15.8GB
[04:59:06] [train] ep=94 step=020/40 ce=0.2579 sc=0.7453 mi=0.0483 dn=0.0000 v13=0.0000 v15=0.0000 v16=0.0000 v17=0.0000 v18=0.0000 acc=1.0000 lr=3.34e-06 lambda=0.000 v18_lambda=0.000 gpu=3.0/15.8GB
[04:59:08] [train] ep=94 step=030/40 ce=0.2824 sc=0.7857 mi=0.0489 dn=0.0000 v13=0.0000 v15=0.0000 v16=0.0000 v17=0.0000 v18=0.0000 acc=0.9979 lr=3.09e-06 lambda=0.000 v18_lambda=0.000 gpu=3.0/15.8GB
[04:59:09] [train] ep=94 step=040/40 ce=0.2790 sc=0.7696 mi=0.0492 dn=0.0000 v13=0.0000 v15=0.0000 v16=0.0000 v17=0.0000 v18=0.0000 acc=0.9984 lr=2.85e-06 lambda=0.000 v18_lambda=0.000 gpu=3.0/15.8GB
[04:59:12] [ep_summary] ep=94/100 val_live=0.9568/0.9568 val_ema=0.9630/0.9631 test77_live=0.3849/0.2832 test77_diag_ema=0.3849/0.2674 v13=0.0000 v15=0.0000 v16=0.0000 v17=0.0000 v18=0.0000 das=off[0,0] p=0.00 ep_time=9.9s
[04:59:12] [train] epoch 95/100 steps=40 use_dann=0 das=off f=[0.0,0.0] p=0.00 gpu=3.0/15.8GB
[04:59:12] [train] ep=95 step=001/40 ce=0.2571 sc=1.0803 mi=0.0426 dn=0.0000 v13=0.0000 v15=0.0000 v16=0.0000 v17=0.0000 v18=0.0000 acc=1.0000 lr=2.82e-06 lambda=0.000 v18_lambda=0.000 gpu=3.0/15.8GB
[04:59:14] [train] ep=95 step=010/40 ce=0.3252 sc=0.7914 mi=0.0479 dn=0.0000 v13=0.0000 v15=0.0000 v16=0.0000 v17=0.0000 v18=0.0000 acc=0.9938 lr=2.62e-06 lambda=0.000 v18_lambda=0.000 gpu=3.0/15.8GB
[04:59:16] [train] ep=95 step=020/40 ce=0.2941 sc=0.7730 mi=0.0498 dn=0.0000 v13=0.0000 v15=0.0000 v16=0.0000 v17=0.0000 v18=0.0000 acc=0.9969 lr=2.40e-06 lambda=0.000 v18_lambda=0.000 gpu=3.0/15.8GB
[04:59:17] [train] ep=95 step=030/40 ce=0.3061 sc=0.8028 mi=0.0501 dn=0.0000 v13=0.0000 v15=0.0000 v16=0.0000 v17=0.0000 v18=0.0000 acc=0.9958 lr=2.18e-06 lambda=0.000 v18_lambda=0.000 gpu=3.0/15.8GB
[04:59:19] [train] ep=95 step=040/40 ce=0.2979 sc=0.7427 mi=0.0503 dn=0.0000 v13=0.0000 v15=0.0000 v16=0.0000 v17=0.0000 v18=0.0000 acc=0.9969 lr=1.98e-06 lambda=0.000 v18_lambda=0.000 gpu=3.0/15.8GB
[04:59:22] [ep_summary] ep=95/100 val_live=0.9568/0.9568 val_ema=0.9630/0.9631 test77_live=0.3813/0.2813 test77_diag_ema=0.3813/0.2651 v13=0.0000 v15=0.0000 v16=0.0000 v17=0.0000 v18=0.0000 das=off[0,0] p=0.00 ep_time=9.9s
[04:59:22] [train] epoch 96/100 steps=40 use_dann=0 das=off f=[0.0,0.0] p=0.00 gpu=3.0/15.8GB
[04:59:22] [train] ep=96 step=001/40 ce=0.4621 sc=1.0611 mi=0.0500 dn=0.0000 v13=0.0000 v15=0.0000 v16=0.0000 v17=0.0000 v18=0.0000 acc=1.0000 lr=1.96e-06 lambda=0.000 v18_lambda=0.000 gpu=3.0/15.8GB
[04:59:24] [train] ep=96 step=010/40 ce=0.3180 sc=0.7969 mi=0.0494 dn=0.0000 v13=0.0000 v15=0.0000 v16=0.0000 v17=0.0000 v18=0.0000 acc=1.0000 lr=1.79e-06 lambda=0.000 v18_lambda=0.000 gpu=3.0/15.8GB
[04:59:26] [train] ep=96 step=020/40 ce=0.3399 sc=0.8022 mi=0.0490 dn=0.0000 v13=0.0000 v15=0.0000 v16=0.0000 v17=0.0000 v18=0.0000 acc=0.9969 lr=1.61e-06 lambda=0.000 v18_lambda=0.000 gpu=3.0/15.8GB
[04:59:27] [train] ep=96 step=030/40 ce=0.3167 sc=0.7481 mi=0.0493 dn=0.0000 v13=0.0000 v15=0.0000 v16=0.0000 v17=0.0000 v18=0.0000 acc=0.9979 lr=1.44e-06 lambda=0.000 v18_lambda=0.000 gpu=3.0/15.8GB
[04:59:29] [train] ep=96 step=040/40 ce=0.3020 sc=0.7479 mi=0.0501 dn=0.0000 v13=0.0000 v15=0.0000 v16=0.0000 v17=0.0000 v18=0.0000 acc=0.9984 lr=1.27e-06 lambda=0.000 v18_lambda=0.000 gpu=3.0/15.8GB
[04:59:32] [ep_summary] ep=96/100 val_live=0.9568/0.9568 val_ema=0.9630/0.9631 test77_live=0.3741/0.2686 test77_diag_ema=0.3813/0.2653 v13=0.0000 v15=0.0000 v16=0.0000 v17=0.0000 v18=0.0000 das=off[0,0] p=0.00 ep_time=10.0s
[04:59:32] [train] epoch 97/100 steps=40 use_dann=0 das=off f=[0.0,0.0] p=0.00 gpu=3.0/15.8GB
[04:59:32] [train] ep=97 step=001/40 ce=0.2578 sc=0.6134 mi=0.0495 dn=0.0000 v13=0.0000 v15=0.0000 v16=0.0000 v17=0.0000 v18=0.0000 acc=1.0000 lr=1.26e-06 lambda=0.000 v18_lambda=0.000 gpu=3.0/15.8GB
[04:59:34] [train] ep=97 step=010/40 ce=0.2577 sc=0.8333 mi=0.0487 dn=0.0000 v13=0.0000 v15=0.0000 v16=0.0000 v17=0.0000 v18=0.0000 acc=1.0000 lr=1.12e-06 lambda=0.000 v18_lambda=0.000 gpu=3.0/15.8GB
[04:59:36] [train] ep=97 step=020/40 ce=0.2653 sc=0.7599 mi=0.0481 dn=0.0000 v13=0.0000 v15=0.0000 v16=0.0000 v17=0.0000 v18=0.0000 acc=1.0000 lr=9.76e-07 lambda=0.000 v18_lambda=0.000 gpu=3.0/15.8GB
[04:59:38] [train] ep=97 step=030/40 ce=0.2628 sc=0.7484 mi=0.0487 dn=0.0000 v13=0.0000 v15=0.0000 v16=0.0000 v17=0.0000 v18=0.0000 acc=1.0000 lr=8.43e-07 lambda=0.000 v18_lambda=0.000 gpu=3.0/15.8GB
[04:59:39] [train] ep=97 step=040/40 ce=0.2614 sc=0.7402 mi=0.0492 dn=0.0000 v13=0.0000 v15=0.0000 v16=0.0000 v17=0.0000 v18=0.0000 acc=1.0000 lr=7.19e-07 lambda=0.000 v18_lambda=0.000 gpu=3.0/15.8GB
[04:59:42] [ep_summary] ep=97/100 val_live=0.9568/0.9568 val_ema=0.9630/0.9631 test77_live=0.3813/0.2814 test77_diag_ema=0.3849/0.2724 v13=0.0000 v15=0.0000 v16=0.0000 v17=0.0000 v18=0.0000 das=off[0,0] p=0.00 ep_time=10.1s
[04:59:42] [train] epoch 98/100 steps=40 use_dann=0 das=off f=[0.0,0.0] p=0.00 gpu=3.0/15.8GB
[04:59:42] [train] ep=98 step=001/40 ce=0.2571 sc=0.7883 mi=0.0477 dn=0.0000 v13=0.0000 v15=0.0000 v16=0.0000 v17=0.0000 v18=0.0000 acc=1.0000 lr=7.07e-07 lambda=0.000 v18_lambda=0.000 gpu=3.0/15.8GB
[04:59:44] [train] ep=98 step=010/40 ce=0.2576 sc=0.6449 mi=0.0487 dn=0.0000 v13=0.0000 v15=0.0000 v16=0.0000 v17=0.0000 v18=0.0000 acc=1.0000 lr=6.05e-07 lambda=0.000 v18_lambda=0.000 gpu=3.0/15.8GB
[04:59:46] [train] ep=98 step=020/40 ce=0.2713 sc=0.6664 mi=0.0482 dn=0.0000 v13=0.0000 v15=0.0000 v16=0.0000 v17=0.0000 v18=0.0000 acc=1.0000 lr=5.01e-07 lambda=0.000 v18_lambda=0.000 gpu=3.0/15.8GB
[04:59:48] [train] ep=98 step=030/40 ce=0.3207 sc=0.7752 mi=0.0486 dn=0.0000 v13=0.0000 v15=0.0000 v16=0.0000 v17=0.0000 v18=0.0000 acc=0.9958 lr=4.07e-07 lambda=0.000 v18_lambda=0.000 gpu=3.0/15.8GB
[04:59:49] [train] ep=98 step=040/40 ce=0.3142 sc=0.7854 mi=0.0496 dn=0.0000 v13=0.0000 v15=0.0000 v16=0.0000 v17=0.0000 v18=0.0000 acc=0.9969 lr=3.22e-07 lambda=0.000 v18_lambda=0.000 gpu=3.0/15.8GB
[04:59:52] [ep_summary] ep=98/100 val_live=0.9568/0.9568 val_ema=0.9630/0.9631 test77_live=0.3777/0.2751 test77_diag_ema=0.3849/0.2724 v13=0.0000 v15=0.0000 v16=0.0000 v17=0.0000 v18=0.0000 das=off[0,0] p=0.00 ep_time=10.0s
[04:59:52] [train] epoch 99/100 steps=40 use_dann=0 das=off f=[0.0,0.0] p=0.00 gpu=3.0/15.8GB
[04:59:52] [train] ep=99 step=001/40 ce=0.2573 sc=0.6312 mi=0.0563 dn=0.0000 v13=0.0000 v15=0.0000 v16=0.0000 v17=0.0000 v18=0.0000 acc=1.0000 lr=3.15e-07 lambda=0.000 v18_lambda=0.000 gpu=3.0/15.8GB
[04:59:54] [train] ep=99 step=010/40 ce=0.3200 sc=0.8084 mi=0.0501 dn=0.0000 v13=0.0000 v15=0.0000 v16=0.0000 v17=0.0000 v18=0.0000 acc=0.9938 lr=2.48e-07 lambda=0.000 v18_lambda=0.000 gpu=3.0/15.8GB
[04:59:56] [train] ep=99 step=020/40 ce=0.2888 sc=0.7858 mi=0.0500 dn=0.0000 v13=0.0000 v15=0.0000 v16=0.0000 v17=0.0000 v18=0.0000 acc=0.9969 lr=1.83e-07 lambda=0.000 v18_lambda=0.000 gpu=3.0/15.8GB
[04:59:58] [train] ep=99 step=030/40 ce=0.2872 sc=0.7820 mi=0.0504 dn=0.0000 v13=0.0000 v15=0.0000 v16=0.0000 v17=0.0000 v18=0.0000 acc=0.9979 lr=1.28e-07 lambda=0.000 v18_lambda=0.000 gpu=3.0/15.8GB
[05:00:00] [train] ep=99 step=040/40 ce=0.2806 sc=0.7777 mi=0.0496 dn=0.0000 v13=0.0000 v15=0.0000 v16=0.0000 v17=0.0000 v18=0.0000 acc=0.9984 lr=8.26e-08 lambda=0.000 v18_lambda=0.000 gpu=3.0/15.8GB
[05:00:03] [ep_summary] ep=99/100 val_live=0.9568/0.9568 val_ema=0.9568/0.9568 test77_live=0.3813/0.2773 test77_diag_ema=0.3813/0.2665 v13=0.0000 v15=0.0000 v16=0.0000 v17=0.0000 v18=0.0000 das=off[0,0] p=0.00 ep_time=10.9s
[05:00:03] [train] epoch 100/100 steps=40 use_dann=0 das=off f=[0.0,0.0] p=0.00 gpu=3.0/15.8GB
[05:00:03] [train] ep=100 step=001/40 ce=0.2593 sc=0.4337 mi=0.0423 dn=0.0000 v13=0.0000 v15=0.0000 v16=0.0000 v17=0.0000 v18=0.0000 acc=1.0000 lr=7.87e-08 lambda=0.000 v18_lambda=0.000 gpu=3.0/15.8GB
[05:00:05] [train] ep=100 step=010/40 ce=0.2573 sc=0.7992 mi=0.0506 dn=0.0000 v13=0.0000 v15=0.0000 v16=0.0000 v17=0.0000 v18=0.0000 acc=1.0000 lr=4.72e-08 lambda=0.000 v18_lambda=0.000 gpu=3.0/15.8GB
[05:00:07] [train] ep=100 step=020/40 ce=0.2574 sc=0.7578 mi=0.0491 dn=0.0000 v13=0.0000 v15=0.0000 v16=0.0000 v17=0.0000 v18=0.0000 acc=1.0000 lr=2.17e-08 lambda=0.000 v18_lambda=0.000 gpu=3.0/15.8GB
[05:00:09] [train] ep=100 step=030/40 ce=0.2618 sc=0.7802 mi=0.0475 dn=0.0000 v13=0.0000 v15=0.0000 v16=0.0000 v17=0.0000 v18=0.0000 acc=1.0000 lr=5.95e-09 lambda=0.000 v18_lambda=0.000 gpu=3.0/15.8GB
[05:00:11] [train] ep=100 step=040/40 ce=0.2606 sc=0.7847 mi=0.0474 dn=0.0000 v13=0.0000 v15=0.0000 v16=0.0000 v17=0.0000 v18=0.0000 acc=1.0000 lr=4.92e-11 lambda=0.000 v18_lambda=0.000 gpu=3.0/15.8GB
[05:00:14] [pool] check ep=100/100 source_val_acc_ema=0.9630 threshold=0.90
[05:00:16] [pool] ep=100 ADDED src_val=0.9630/0.9631 dev77=0.3714/0.2439 final77=0.3813/0.2664
[05:00:16] [pool] running best ep=070 dev77_f1=0.2756 final77_f1=0.2899 (pool_size=8)
[05:00:16] [ep_summary] ep=100/100 val_live=0.9568/0.9568 val_ema=0.9630/0.9631 test77_live=0.3813/0.2814 test77_diag_ema=0.3813/0.2664 v13=0.0000 v15=0.0000 v16=0.0000 v17=0.0000 v18=0.0000 das=off[0,0] p=0.00 ep_time=12.6s
[05:00:16] [strict77_monitor] ep=100 best_source_epoch=73 source_val_ema=0.9630/0.9634 test77_ema_diag=0.4065/0.2890 sourcequalified_count=100 best_sourcequalified77_epoch=71 source_val_ema=0.9568/0.9576 test77_ema=0.4065/0.2900
[05:00:16] [pool] FINAL pool_size=8 best ep=070 dev77_f1=0.2756 final77_f1=0.2899 -> G:\zhanghe\Letter journal\EXPERIMENTSRESULT\REVISION_5090\E1_noDAS\seed31415\checkpoints\best_pool_ema.pt
[05:00:16] [train] done best_sourceval_acc_ema=0.9630
[05:00:20] [eval] loaded vit_large_patch16_dinov3_lvd1689m_best_sourceval_ema.pt (sourceval)
[05:00:20] [eval] strict source-val selected by ema acc; heldout77_unused=140 final_test77=278 imgs, seed=42 dev_per_class=20
[05:00:24] [eval] 77GHz final-test acc=0.4065 f1=0.2890
[05:00:24] [eval] 77GHz final-test per-class={'Away': 1.0, 'Bend': 1.0, 'Kneel': 0.023809523809523808, 'Pick': 0.0, 'SStep': 0.25, 'Sit': 0.0, 'Towards': 0.575}
[05:00:26] [eval] val_all acc=0.9630 f1=0.9634
[05:00:26] [freq_scan:val10] f_virt=15GHz acc=0.9359 f1=0.9397
[05:00:27] [freq_scan:val10] f_virt=30GHz acc=0.6282 f1=0.6155
[05:00:28] [freq_scan:val10] f_virt=50GHz acc=0.5256 f1=0.4362
[05:00:28] [freq_scan:val10] f_virt=77GHz acc=0.4872 f1=0.3840
[05:00:29] [freq_scan:val10] f_virt=99GHz acc=0.4359 f1=0.3229
[05:00:30] [freq_scan:val10] f_virt=120GHz acc=0.4487 f1=0.3364
[05:00:30] [freq_scan:val10] f_virt=140GHz acc=0.4359 f1=0.3240
[05:00:31] [freq_scan:val24] f_virt=15GHz acc=0.7619 f1=0.7614
[05:00:32] [freq_scan:val24] f_virt=30GHz acc=0.9524 f1=0.9502
[05:00:32] [freq_scan:val24] f_virt=50GHz acc=0.7738 f1=0.7673
[05:00:33] [freq_scan:val24] f_virt=77GHz acc=0.6310 f1=0.5889
[05:00:34] [freq_scan:val24] f_virt=99GHz acc=0.5476 f1=0.5093
[05:00:35] [freq_scan:val24] f_virt=120GHz acc=0.4643 f1=0.4400
[05:00:35] [freq_scan:val24] f_virt=140GHz acc=0.4286 f1=0.4076
[05:00:35] [eval] saved eval_sourceval.json
[05:00:40] [eval] loaded vit_large_patch16_dinov3_lvd1689m_best_sourcequalified77_ema.pt (sourcequalified)
[05:00:40] [eval] source-qualified diagnostic selected (source-val ema acc >= 0.00, then best 77GHz ema macro-F1); heldout77_unused=140 final_test77=278 imgs, seed=42 dev_per_class=20
[05:00:42] [eval] 77GHz final-test acc=0.4065 f1=0.2900
[05:00:42] [eval] 77GHz final-test per-class={'Away': 1.0, 'Bend': 1.0, 'Kneel': 0.023809523809523808, 'Pick': 0.0, 'SStep': 0.25, 'Sit': 0.0, 'Towards': 0.575}
[05:00:43] [eval] val_all acc=0.9568 f1=0.9576
[05:00:44] [freq_scan:val10] f_virt=15GHz acc=0.9359 f1=0.9397
[05:00:44] [freq_scan:val10] f_virt=30GHz acc=0.6154 f1=0.5963
[05:00:45] [freq_scan:val10] f_virt=50GHz acc=0.5256 f1=0.4306
[05:00:46] [freq_scan:val10] f_virt=77GHz acc=0.5000 f1=0.3923
[05:00:46] [freq_scan:val10] f_virt=99GHz acc=0.4359 f1=0.3203
[05:00:47] [freq_scan:val10] f_virt=120GHz acc=0.4487 f1=0.3364
[05:00:48] [freq_scan:val10] f_virt=140GHz acc=0.4359 f1=0.3268
[05:00:49] [freq_scan:val24] f_virt=15GHz acc=0.7619 f1=0.7614
[05:00:49] [freq_scan:val24] f_virt=30GHz acc=0.9405 f1=0.9383
[05:00:50] [freq_scan:val24] f_virt=50GHz acc=0.7619 f1=0.7563
[05:00:51] [freq_scan:val24] f_virt=77GHz acc=0.6429 f1=0.6012
[05:00:51] [freq_scan:val24] f_virt=99GHz acc=0.5476 f1=0.5093
[05:00:52] [freq_scan:val24] f_virt=120GHz acc=0.4643 f1=0.4327
[05:00:53] [freq_scan:val24] f_virt=140GHz acc=0.4405 f1=0.4166
[05:00:53] [eval] saved eval_sourcequalified.json
