[16:52:10] run_dir=EXPERIMENTSRESULT\REVISION_5090\SUPP_ABLATION\SCHED_fixednarrow_ACR\seed1234
[16:52:10] device=cuda
[16:52:10] backbone=vit_large_patch16_dinov3.lvd1689m
[16:52:10] env: manifest_dir=G:\zhanghe\Letter journal\tasks\known_people_unknown_freq\manifest dataset_root=G:\zhanghe\Letter journal use_dann=False selection=source_val_acc_ema adapter_mode=lora
[16:52:10] set_seed(1234)
[16:52:11] [fast_gpu] source cache 644 imgs (0.39GB) on cuda
[16:52:11] train_source=644 train_src_rows=10:302 24:342 source_steps/epoch=40 val_all=162 heldout77_unused=140 test77_final=278
[16:52:11] [test77_split] seed=42 dev_per_class=20
[16:52:19] trainable params=2444546 (encoder_lora+neck+head + miro_proj+v15_falsification+v13_residual_split+v13_grl_carrier_adv)
[16:52:19] logit_prior=[-1.9678890705108643, -1.913821816444397, -1.8427258729934692, -1.9678890705108643, -2.0133514404296875, -1.8929877281188965, -2.036881923675537]
[16:52:19] use_dann=False
[16:52:19] use_das=True
[16:52:19] das_mode=fixed_narrow initial_stage={'name': 'fixed_narrow', 'p': 1.0, 'f_low': 10.0, 'f_high': 30.0}
[16:52:19] aug_flags: USE_HFT=True USE_SPEC_AUGMENT=True
[16:52:19] adapter_mode=lora
[16:52:19] schedule: epochs=100 steps/epoch=40 imgs/step=16 total_steps=4000 total_imgs=64000 warmup_steps=120
[16:52:19] source_qualified_policy: val_acc_ema>=0.00 candidates are recorded; best candidate by 77GHz F1 is saved as diagnostic
[16:52:19] [pool] init threshold=0.90 period=10 selection=dev77_f1
[16:52:19] [train] epoch 1/100 steps=40 use_dann=0 das=fixed_narrow f=[10.0,30.0] p=1.00 gpu=3.0/3.0GB
[16:52:20] [train] ep=01 step=001/40 ce=8.1688 sc=2.7985 mi=1.0618 dn=0.0000 v13=0.0075 grl=1.9504 v15=0.0000 v15r=0.0000 v16=0.0000 v17=0.0000 v18=0.0000 acc=0.0000 lr=2.50e-06 lambda=0.000 grl_lambda=0.000 v18_lambda=0.000 gpu=3.0/11.8GB
[16:52:22] [train] ep=01 step=010/40 ce=8.1612 sc=2.7935 mi=1.0425 dn=0.0000 v13=0.0046 grl=1.9683 v15=0.0000 v15r=0.0000 v16=0.0000 v17=0.0000 v18=0.0000 acc=0.0563 lr=2.50e-05 lambda=0.000 grl_lambda=0.011 v18_lambda=0.000 gpu=3.0/11.8GB
[16:52:23] [train] ep=01 step=020/40 ce=8.0389 sc=2.7904 mi=0.9978 dn=0.0000 v13=0.0044 grl=1.8855 v15=0.0000 v15r=0.0000 v16=0.0000 v17=0.0000 v18=0.0000 acc=0.1062 lr=5.00e-05 lambda=0.000 grl_lambda=0.024 v18_lambda=0.000 gpu=3.0/11.8GB
[16:52:25] [train] ep=01 step=030/40 ce=7.9503 sc=2.7872 mi=0.9261 dn=0.0000 v13=0.0036 grl=1.7305 v15=0.0000 v15r=0.0000 v16=0.0000 v17=0.0000 v18=0.0000 acc=0.1354 lr=7.50e-05 lambda=0.000 grl_lambda=0.036 v18_lambda=0.000 gpu=3.0/11.8GB
[16:52:27] [train] ep=01 step=040/40 ce=7.8419 sc=2.7899 mi=0.8375 dn=0.0000 v13=0.0033 grl=1.5029 v15=0.0000 v15r=0.0000 v16=0.0000 v17=0.0000 v18=0.0000 acc=0.1547 lr=1.00e-04 lambda=0.000 grl_lambda=0.049 v18_lambda=0.000 gpu=3.0/11.8GB
[16:52:28] [ep_summary] ep=01/100 val_live=0.2099/0.1062 val_ema=0.0000/0.0000 test77_live=0.1403/0.0352 test77_diag_ema=0.0000/0.0000 v13=0.0033 grl=1.5029 v15=0.0000 v15r=0.0000 v16=0.0000 v17=0.0000 v18=0.0000 das=fixed_narrow[10,30] p=1.00 ep_time=9.5s
[16:52:28] [train] epoch 2/100 steps=40 use_dann=0 das=fixed_narrow f=[10.0,30.0] p=1.00 gpu=3.0/15.8GB
[16:52:29] [train] ep=02 step=001/40 ce=7.2709 sc=2.5859 mi=0.4630 dn=0.0000 v13=0.0022 grl=0.5435 v15=0.0000 v15r=0.0000 v16=0.0000 v17=0.0000 v18=0.0000 acc=0.1875 lr=1.02e-04 lambda=0.000 grl_lambda=0.050 v18_lambda=0.000 gpu=3.0/15.8GB
[16:52:30] [train] ep=02 step=010/40 ce=7.5187 sc=2.7508 mi=0.3960 dn=0.0000 v13=0.0026 grl=0.2223 v15=0.0000 v15r=0.0000 v16=0.0000 v17=0.0000 v18=0.0000 acc=0.2188 lr=1.25e-04 lambda=0.000 grl_lambda=0.061 v18_lambda=0.000 gpu=3.0/15.8GB
[16:52:32] [train] ep=02 step=020/40 ce=7.3391 sc=2.7501 mi=0.3345 dn=0.0000 v13=0.0021 grl=0.1756 v15=0.0000 v15r=0.0000 v16=0.0000 v17=0.0000 v18=0.0000 acc=0.2969 lr=1.50e-04 lambda=0.000 grl_lambda=0.074 v18_lambda=0.000 gpu=3.0/15.8GB
[16:52:34] [train] ep=02 step=030/40 ce=7.1370 sc=2.7119 mi=0.2971 dn=0.0000 v13=0.0020 grl=0.1649 v15=0.0000 v15r=0.0000 v16=0.0000 v17=0.0000 v18=0.0000 acc=0.3479 lr=1.75e-04 lambda=0.000 grl_lambda=0.086 v18_lambda=0.000 gpu=3.0/15.8GB
[16:52:36] [train] ep=02 step=040/40 ce=6.9666 sc=2.6774 mi=0.2715 dn=0.0000 v13=0.0019 grl=0.1600 v15=0.0000 v15r=0.0000 v16=0.0000 v17=0.0000 v18=0.0000 acc=0.3703 lr=2.00e-04 lambda=0.000 grl_lambda=0.098 v18_lambda=0.000 gpu=3.0/15.8GB
[16:52:37] [ep_summary] ep=02/100 val_live=0.4506/0.3627 val_ema=0.0000/0.0000 test77_live=0.1942/0.1112 test77_diag_ema=0.0000/0.0000 v13=0.0019 grl=0.1600 v15=0.0000 v15r=0.0000 v16=0.0000 v17=0.0000 v18=0.0000 das=fixed_narrow[10,30] p=1.00 ep_time=8.6s
[16:52:37] [train] epoch 3/100 steps=40 use_dann=0 das=fixed_narrow f=[10.0,30.0] p=1.00 gpu=3.0/15.8GB
[16:52:37] [train] ep=03 step=001/40 ce=5.7939 sc=2.6436 mi=0.1788 dn=0.0000 v13=0.0015 grl=0.1353 v15=0.0000 v15r=0.0000 v16=0.0000 v17=0.0000 v18=0.0000 acc=0.5625 lr=2.02e-04 lambda=0.000 grl_lambda=0.100 v18_lambda=0.000 gpu=3.0/15.8GB
[16:52:39] [train] ep=03 step=010/40 ce=5.8249 sc=2.2897 mi=0.1843 dn=0.0000 v13=0.0012 grl=0.1554 v15=0.0000 v15r=0.0000 v16=0.0000 v17=0.0000 v18=0.0000 acc=0.5687 lr=2.25e-04 lambda=0.000 grl_lambda=0.111 v18_lambda=0.000 gpu=3.0/15.8GB
[16:52:41] [train] ep=03 step=020/40 ce=5.3919 sc=2.2282 mi=0.1848 dn=0.0000 v13=0.0014 grl=0.1514 v15=0.0000 v15r=0.0000 v16=0.0000 v17=0.0000 v18=0.0000 acc=0.5938 lr=2.50e-04 lambda=0.000 grl_lambda=0.123 v18_lambda=0.000 gpu=3.0/15.8GB
[16:52:43] [train] ep=03 step=030/40 ce=4.7287 sc=2.0571 mi=0.1864 dn=0.0000 v13=0.0017 grl=0.1435 v15=0.0000 v15r=0.0000 v16=0.0000 v17=0.0000 v18=0.0000 acc=0.6583 lr=2.75e-04 lambda=0.000 grl_lambda=0.135 v18_lambda=0.000 gpu=3.0/15.8GB
[16:52:45] [train] ep=03 step=040/40 ce=4.4132 sc=1.9599 mi=0.1861 dn=0.0000 v13=0.0017 grl=0.1505 v15=0.0000 v15r=0.0000 v16=0.0000 v17=0.0000 v18=0.0000 acc=0.6813 lr=3.00e-04 lambda=0.000 grl_lambda=0.148 v18_lambda=0.000 gpu=3.0/15.8GB
[16:52:47] [ep_summary] ep=03/100 val_live=0.6235/0.5822 val_ema=0.0000/0.0000 test77_live=0.5108/0.4349 test77_diag_ema=0.0000/0.0000 v13=0.0017 grl=0.1505 v15=0.0000 v15r=0.0000 v16=0.0000 v17=0.0000 v18=0.0000 das=fixed_narrow[10,30] p=1.00 ep_time=9.7s
[16:52:47] [train] epoch 4/100 steps=40 use_dann=0 das=fixed_narrow f=[10.0,30.0] p=1.00 gpu=3.0/15.8GB
[16:52:47] [train] ep=04 step=001/40 ce=4.2892 sc=1.5933 mi=0.1814 dn=0.0000 v13=0.0022 grl=0.1385 v15=0.0000 v15r=0.0000 v16=0.0000 v17=0.0000 v18=0.0000 acc=0.6875 lr=3.00e-04 lambda=0.000 grl_lambda=0.149 v18_lambda=0.000 gpu=3.0/15.8GB
[16:52:49] [train] ep=04 step=010/40 ce=4.1029 sc=1.9015 mi=0.1542 dn=0.0000 v13=0.0016 grl=0.1102 v15=0.0000 v15r=0.0000 v16=0.0000 v17=0.0000 v18=0.0000 acc=0.7562 lr=3.00e-04 lambda=0.000 grl_lambda=0.160 v18_lambda=0.000 gpu=3.0/15.8GB
[16:52:51] [train] ep=04 step=020/40 ce=3.9000 sc=1.7707 mi=0.1423 dn=0.0000 v13=0.0014 grl=0.1182 v15=0.0000 v15r=0.0000 v16=0.0000 v17=0.0000 v18=0.0000 acc=0.7531 lr=3.00e-04 lambda=0.000 grl_lambda=0.172 v18_lambda=0.000 gpu=3.0/15.8GB
[16:52:53] [train] ep=04 step=030/40 ce=3.8018 sc=1.7760 mi=0.1345 dn=0.0000 v13=0.0013 grl=0.1186 v15=0.0000 v15r=0.0000 v16=0.0000 v17=0.0000 v18=0.0000 acc=0.7562 lr=3.00e-04 lambda=0.000 grl_lambda=0.184 v18_lambda=0.000 gpu=3.0/15.8GB
[16:52:55] [train] ep=04 step=040/40 ce=3.6114 sc=1.7009 mi=0.1320 dn=0.0000 v13=0.0013 grl=0.1153 v15=0.0000 v15r=0.0000 v16=0.0000 v17=0.0000 v18=0.0000 acc=0.7750 lr=3.00e-04 lambda=0.000 grl_lambda=0.196 v18_lambda=0.000 gpu=3.0/15.8GB
[16:52:56] [ep_summary] ep=04/100 val_live=0.7901/0.7464 val_ema=0.0000/0.0000 test77_live=0.3921/0.3633 test77_diag_ema=0.0000/0.0000 v13=0.0013 grl=0.1153 v15=0.0000 v15r=0.0000 v16=0.0000 v17=0.0000 v18=0.0000 das=fixed_narrow[10,30] p=1.00 ep_time=9.6s
[16:52:56] [train] epoch 5/100 steps=40 use_dann=0 das=fixed_narrow f=[10.0,30.0] p=1.00 gpu=3.0/15.8GB
[16:52:56] [train] ep=05 step=001/40 ce=1.6456 sc=1.4354 mi=0.1214 dn=0.0000 v13=0.0006 grl=0.1105 v15=0.0000 v15r=0.0000 v16=0.0000 v17=0.0000 v18=0.0000 acc=1.0000 lr=3.00e-04 lambda=0.000 grl_lambda=0.197 v18_lambda=0.000 gpu=3.0/15.8GB
[16:52:58] [train] ep=05 step=010/40 ce=2.6629 sc=1.3290 mi=0.1123 dn=0.0000 v13=0.0010 grl=0.1063 v15=0.0000 v15r=0.0000 v16=0.0000 v17=0.0000 v18=0.0000 acc=0.8438 lr=3.00e-04 lambda=0.000 grl_lambda=0.208 v18_lambda=0.000 gpu=3.0/15.8GB
[16:53:00] [train] ep=05 step=020/40 ce=2.6281 sc=1.3972 mi=0.1117 dn=0.0000 v13=0.0012 grl=0.1150 v15=0.0000 v15r=0.0000 v16=0.0000 v17=0.0000 v18=0.0000 acc=0.8438 lr=3.00e-04 lambda=0.000 grl_lambda=0.220 v18_lambda=0.000 gpu=3.0/15.8GB
[16:53:02] [train] ep=05 step=030/40 ce=2.5742 sc=1.4062 mi=0.1082 dn=0.0000 v13=0.0011 grl=0.1080 v15=0.0000 v15r=0.0000 v16=0.0000 v17=0.0000 v18=0.0000 acc=0.8458 lr=3.00e-04 lambda=0.000 grl_lambda=0.232 v18_lambda=0.000 gpu=3.0/15.8GB
[16:53:04] [train] ep=05 step=040/40 ce=2.5115 sc=1.3990 mi=0.1052 dn=0.0000 v13=0.0011 grl=0.1012 v15=0.0000 v15r=0.0000 v16=0.0000 v17=0.0000 v18=0.0000 acc=0.8453 lr=3.00e-04 lambda=0.000 grl_lambda=0.244 v18_lambda=0.000 gpu=3.0/15.8GB
[16:53:07] [ep_summary] ep=05/100 val_live=0.8210/0.7802 val_ema=0.1790/0.0790 test77_live=0.5360/0.4703 test77_diag_ema=0.1403/0.0352 v13=0.0011 grl=0.1012 v15=0.0000 v15r=0.0000 v16=0.0000 v17=0.0000 v18=0.0000 das=fixed_narrow[10,30] p=1.00 ep_time=10.6s
[16:53:07] [save] best_sourceval_ema val_acc_ema=0.1790 source_val_live=0.8210/0.7802 source_val_ema=0.1790/0.0790 ep=5
[16:53:07] [save] best_sourcequalified77_ema ep=5 source_val_live=0.8210/0.7802 source_val_ema=0.1790/0.0790 test77_ema=0.1403/0.0352
[16:53:07] [train] epoch 6/100 steps=40 use_dann=0 das=fixed_narrow f=[10.0,30.0] p=1.00 gpu=3.0/15.8GB
[16:53:07] [train] ep=06 step=001/40 ce=3.7280 sc=1.7280 mi=0.0849 dn=0.0000 v13=0.0003 grl=0.1031 v15=0.0000 v15r=0.0000 v16=0.0000 v17=0.0000 v18=0.0000 acc=0.6875 lr=3.00e-04 lambda=0.000 grl_lambda=0.245 v18_lambda=0.000 gpu=3.0/15.8GB
[16:53:09] [train] ep=06 step=010/40 ce=2.2921 sc=1.4050 mi=0.0954 dn=0.0000 v13=0.0011 grl=0.1056 v15=0.0000 v15r=0.0000 v16=0.0000 v17=0.0000 v18=0.0000 acc=0.8625 lr=3.00e-04 lambda=0.000 grl_lambda=0.255 v18_lambda=0.000 gpu=3.0/15.8GB
[16:53:11] [train] ep=06 step=020/40 ce=2.3113 sc=1.3323 mi=0.0940 dn=0.0000 v13=0.0010 grl=0.0997 v15=0.0000 v15r=0.0000 v16=0.0000 v17=0.0000 v18=0.0000 acc=0.8594 lr=3.00e-04 lambda=0.000 grl_lambda=0.267 v18_lambda=0.000 gpu=3.0/15.8GB
[16:53:13] [train] ep=06 step=030/40 ce=2.2342 sc=1.3126 mi=0.0931 dn=0.0000 v13=0.0010 grl=0.0998 v15=0.0000 v15r=0.0000 v16=0.0000 v17=0.0000 v18=0.0000 acc=0.8646 lr=2.99e-04 lambda=0.000 grl_lambda=0.279 v18_lambda=0.000 gpu=3.0/15.8GB
[16:53:15] [train] ep=06 step=040/40 ce=2.2182 sc=1.3176 mi=0.0912 dn=0.0000 v13=0.0009 grl=0.0973 v15=0.0000 v15r=0.0000 v16=0.0000 v17=0.0000 v18=0.0000 acc=0.8656 lr=2.99e-04 lambda=0.000 grl_lambda=0.290 v18_lambda=0.000 gpu=3.0/15.8GB
[16:53:18] [ep_summary] ep=06/100 val_live=0.8951/0.8895 val_ema=0.1914/0.0851 test77_live=0.6151/0.5460 test77_diag_ema=0.1403/0.0352 v13=0.0009 grl=0.0973 v15=0.0000 v15r=0.0000 v16=0.0000 v17=0.0000 v18=0.0000 das=fixed_narrow[10,30] p=1.00 ep_time=10.7s
[16:53:18] [save] best_sourceval_ema val_acc_ema=0.1914 source_val_live=0.8951/0.8895 source_val_ema=0.1914/0.0851 ep=6
[16:53:18] [train] epoch 7/100 steps=40 use_dann=0 das=fixed_narrow f=[10.0,30.0] p=1.00 gpu=3.0/15.8GB
[16:53:18] [train] ep=07 step=001/40 ce=2.0136 sc=0.8165 mi=0.0873 dn=0.0000 v13=0.0006 grl=0.0623 v15=0.0000 v15r=0.0000 v16=0.0000 v17=0.0000 v18=0.0000 acc=0.8125 lr=2.99e-04 lambda=0.000 grl_lambda=0.291 v18_lambda=0.000 gpu=3.0/15.8GB
[16:53:19] [train] ep=07 step=010/40 ce=2.1404 sc=1.3049 mi=0.0813 dn=0.0000 v13=0.0008 grl=0.0782 v15=0.0000 v15r=0.0000 v16=0.0000 v17=0.0000 v18=0.0000 acc=0.8688 lr=2.99e-04 lambda=0.000 grl_lambda=0.302 v18_lambda=0.000 gpu=3.0/15.8GB
[16:53:21] [train] ep=07 step=020/40 ce=2.0102 sc=1.3445 mi=0.0798 dn=0.0000 v13=0.0008 grl=0.0870 v15=0.0000 v15r=0.0000 v16=0.0000 v17=0.0000 v18=0.0000 acc=0.8844 lr=2.99e-04 lambda=0.000 grl_lambda=0.313 v18_lambda=0.000 gpu=3.0/15.8GB
[16:53:23] [train] ep=07 step=030/40 ce=1.8556 sc=1.2996 mi=0.0808 dn=0.0000 v13=0.0008 grl=0.0869 v15=0.0000 v15r=0.0000 v16=0.0000 v17=0.0000 v18=0.0000 acc=0.8938 lr=2.99e-04 lambda=0.000 grl_lambda=0.324 v18_lambda=0.000 gpu=3.0/15.8GB
[16:53:25] [train] ep=07 step=040/40 ce=1.7604 sc=1.2593 mi=0.0807 dn=0.0000 v13=0.0008 grl=0.0874 v15=0.0000 v15r=0.0000 v16=0.0000 v17=0.0000 v18=0.0000 acc=0.9047 lr=2.99e-04 lambda=0.000 grl_lambda=0.335 v18_lambda=0.000 gpu=3.0/15.8GB
[16:53:28] [ep_summary] ep=07/100 val_live=0.9136/0.9154 val_ema=0.2099/0.0956 test77_live=0.5899/0.5334 test77_diag_ema=0.1403/0.0352 v13=0.0008 grl=0.0874 v15=0.0000 v15r=0.0000 v16=0.0000 v17=0.0000 v18=0.0000 das=fixed_narrow[10,30] p=1.00 ep_time=10.3s
[16:53:28] [save] best_sourceval_ema val_acc_ema=0.2099 source_val_live=0.9136/0.9154 source_val_ema=0.2099/0.0956 ep=7
[16:53:28] [train] epoch 8/100 steps=40 use_dann=0 das=fixed_narrow f=[10.0,30.0] p=1.00 gpu=3.0/15.8GB
[16:53:28] [train] ep=08 step=001/40 ce=1.0822 sc=0.7574 mi=0.0882 dn=0.0000 v13=0.0007 grl=0.0527 v15=0.0000 v15r=0.0000 v16=0.0000 v17=0.0000 v18=0.0000 acc=1.0000 lr=2.99e-04 lambda=0.000 grl_lambda=0.336 v18_lambda=0.000 gpu=3.0/15.8GB
[16:53:30] [train] ep=08 step=010/40 ce=1.4163 sc=1.0816 mi=0.0827 dn=0.0000 v13=0.0009 grl=0.1095 v15=0.0000 v15r=0.0000 v16=0.0000 v17=0.0000 v18=0.0000 acc=0.9313 lr=2.99e-04 lambda=0.000 grl_lambda=0.346 v18_lambda=0.000 gpu=3.0/15.8GB
[16:53:32] [train] ep=08 step=020/40 ce=1.5123 sc=1.2111 mi=0.0812 dn=0.0000 v13=0.0009 grl=0.1061 v15=0.0000 v15r=0.0000 v16=0.0000 v17=0.0000 v18=0.0000 acc=0.9313 lr=2.98e-04 lambda=0.000 grl_lambda=0.357 v18_lambda=0.000 gpu=3.0/15.8GB
[16:53:34] [train] ep=08 step=030/40 ce=1.6206 sc=1.2956 mi=0.0806 dn=0.0000 v13=0.0008 grl=0.1039 v15=0.0000 v15r=0.0000 v16=0.0000 v17=0.0000 v18=0.0000 acc=0.9229 lr=2.98e-04 lambda=0.000 grl_lambda=0.368 v18_lambda=0.000 gpu=3.0/15.8GB
[16:53:36] [train] ep=08 step=040/40 ce=1.6107 sc=1.2430 mi=0.0804 dn=0.0000 v13=0.0008 grl=0.1049 v15=0.0000 v15r=0.0000 v16=0.0000 v17=0.0000 v18=0.0000 acc=0.9187 lr=2.98e-04 lambda=0.000 grl_lambda=0.379 v18_lambda=0.000 gpu=3.0/15.8GB
[16:53:39] [ep_summary] ep=08/100 val_live=0.9444/0.9458 val_ema=0.2160/0.1006 test77_live=0.7230/0.6544 test77_diag_ema=0.1403/0.0352 v13=0.0008 grl=0.1049 v15=0.0000 v15r=0.0000 v16=0.0000 v17=0.0000 v18=0.0000 das=fixed_narrow[10,30] p=1.00 ep_time=10.6s
[16:53:39] [save] best_sourceval_ema val_acc_ema=0.2160 source_val_live=0.9444/0.9458 source_val_ema=0.2160/0.1006 ep=8
[16:53:39] [train] epoch 9/100 steps=40 use_dann=0 das=fixed_narrow f=[10.0,30.0] p=1.00 gpu=3.0/15.8GB
[16:53:39] [train] ep=09 step=001/40 ce=0.8478 sc=1.1250 mi=0.0852 dn=0.0000 v13=0.0008 grl=0.0787 v15=0.0000 v15r=0.0000 v16=0.0000 v17=0.0000 v18=0.0000 acc=1.0000 lr=2.98e-04 lambda=0.000 grl_lambda=0.380 v18_lambda=0.000 gpu=3.0/15.8GB
[16:53:40] [train] ep=09 step=010/40 ce=1.2988 sc=1.1314 mi=0.0779 dn=0.0000 v13=0.0008 grl=0.0791 v15=0.0000 v15r=0.0000 v16=0.0000 v17=0.0000 v18=0.0000 acc=0.9437 lr=2.98e-04 lambda=0.000 grl_lambda=0.390 v18_lambda=0.000 gpu=3.0/15.8GB
[16:53:43] [train] ep=09 step=020/40 ce=1.2492 sc=1.1083 mi=0.0773 dn=0.0000 v13=0.0008 grl=0.0810 v15=0.0000 v15r=0.0000 v16=0.0000 v17=0.0000 v18=0.0000 acc=0.9406 lr=2.98e-04 lambda=0.000 grl_lambda=0.400 v18_lambda=0.000 gpu=3.0/15.8GB
[16:53:45] [train] ep=09 step=030/40 ce=1.2063 sc=1.1365 mi=0.0761 dn=0.0000 v13=0.0008 grl=0.0878 v15=0.0000 v15r=0.0000 v16=0.0000 v17=0.0000 v18=0.0000 acc=0.9437 lr=2.97e-04 lambda=0.000 grl_lambda=0.411 v18_lambda=0.000 gpu=3.0/15.8GB
[16:53:47] [train] ep=09 step=040/40 ce=1.2947 sc=1.1269 mi=0.0752 dn=0.0000 v13=0.0008 grl=0.0891 v15=0.0000 v15r=0.0000 v16=0.0000 v17=0.0000 v18=0.0000 acc=0.9406 lr=2.97e-04 lambda=0.000 grl_lambda=0.421 v18_lambda=0.000 gpu=3.0/15.8GB
[16:53:50] [ep_summary] ep=09/100 val_live=0.9506/0.9509 val_ema=0.2160/0.1030 test77_live=0.7374/0.6898 test77_diag_ema=0.1403/0.0352 v13=0.0008 grl=0.0891 v15=0.0000 v15r=0.0000 v16=0.0000 v17=0.0000 v18=0.0000 das=fixed_narrow[10,30] p=1.00 ep_time=11.2s
[16:53:50] [train] epoch 10/100 steps=40 use_dann=0 das=fixed_narrow f=[10.0,30.0] p=1.00 gpu=3.0/15.8GB
[16:53:50] [train] ep=10 step=001/40 ce=1.1348 sc=0.8158 mi=0.0699 dn=0.0000 v13=0.0008 grl=0.1087 v15=0.0000 v15r=0.0000 v16=0.0000 v17=0.0000 v18=0.0000 acc=0.9375 lr=2.97e-04 lambda=0.000 grl_lambda=0.422 v18_lambda=0.000 gpu=3.0/15.8GB
[16:53:52] [train] ep=10 step=010/40 ce=0.8153 sc=1.0600 mi=0.0739 dn=0.0000 v13=0.0008 grl=0.0820 v15=0.0000 v15r=0.0000 v16=0.0000 v17=0.0000 v18=0.0000 acc=0.9563 lr=2.97e-04 lambda=0.000 grl_lambda=0.431 v18_lambda=0.000 gpu=3.0/15.8GB
[16:53:53] [train] ep=10 step=020/40 ce=0.8443 sc=1.0749 mi=0.0744 dn=0.0000 v13=0.0008 grl=0.0788 v15=0.0000 v15r=0.0000 v16=0.0000 v17=0.0000 v18=0.0000 acc=0.9594 lr=2.97e-04 lambda=0.000 grl_lambda=0.441 v18_lambda=0.000 gpu=3.0/15.8GB
[16:53:55] [train] ep=10 step=030/40 ce=0.9014 sc=1.0213 mi=0.0743 dn=0.0000 v13=0.0008 grl=0.0787 v15=0.0000 v15r=0.0000 v16=0.0000 v17=0.0000 v18=0.0000 acc=0.9563 lr=2.96e-04 lambda=0.000 grl_lambda=0.451 v18_lambda=0.000 gpu=3.0/15.8GB
[16:53:57] [train] ep=10 step=040/40 ce=0.8825 sc=0.9984 mi=0.0736 dn=0.0000 v13=0.0008 grl=0.0820 v15=0.0000 v15r=0.0000 v16=0.0000 v17=0.0000 v18=0.0000 acc=0.9641 lr=2.96e-04 lambda=0.000 grl_lambda=0.461 v18_lambda=0.000 gpu=3.0/15.8GB
[16:54:00] [pool] check ep=010/100 source_val_acc_ema=0.2222 threshold=0.90
[16:54:00] [pool] ep=010 SKIP (source_val_acc_ema=0.2222 < 0.90)
[16:54:00] [ep_summary] ep=10/100 val_live=0.9198/0.9183 val_ema=0.2222/0.1093 test77_live=0.7878/0.7586 test77_diag_ema=0.1403/0.0352 v13=0.0008 grl=0.0820 v15=0.0000 v15r=0.0000 v16=0.0000 v17=0.0000 v18=0.0000 das=fixed_narrow[10,30] p=1.00 ep_time=10.4s
[16:54:00] [save] best_sourceval_ema val_acc_ema=0.2222 source_val_live=0.9198/0.9183 source_val_ema=0.2222/0.1093 ep=10
[16:54:00] [strict77_monitor] ep=10 best_source_epoch=10 source_val_ema=0.2222/0.1093 test77_ema_diag=0.1403/0.0352 sourcequalified_count=10 best_sourcequalified77_epoch=5 source_val_ema=0.1790/0.0790 test77_ema=0.1403/0.0352
[16:54:00] [train] epoch 11/100 steps=40 use_dann=0 das=fixed_narrow f=[10.0,30.0] p=1.00 gpu=3.0/15.8GB
[16:54:00] [train] ep=11 step=001/40 ce=1.4172 sc=1.0278 mi=0.0839 dn=0.0000 v13=0.0003 grl=0.0690 v15=0.0000 v15r=0.0000 v16=0.0000 v17=0.0000 v18=0.0000 acc=0.8750 lr=2.96e-04 lambda=0.000 grl_lambda=0.462 v18_lambda=0.000 gpu=3.0/15.8GB
[16:54:02] [train] ep=11 step=010/40 ce=1.1793 sc=0.9950 mi=0.0744 dn=0.0000 v13=0.0008 grl=0.0745 v15=0.0000 v15r=0.0000 v16=0.0000 v17=0.0000 v18=0.0000 acc=0.9437 lr=2.96e-04 lambda=0.000 grl_lambda=0.471 v18_lambda=0.000 gpu=3.0/15.8GB
[16:54:04] [train] ep=11 step=020/40 ce=1.2700 sc=1.0422 mi=0.0732 dn=0.0000 v13=0.0008 grl=0.0818 v15=0.0000 v15r=0.0000 v16=0.0000 v17=0.0000 v18=0.0000 acc=0.9344 lr=2.96e-04 lambda=0.000 grl_lambda=0.481 v18_lambda=0.000 gpu=3.0/15.8GB
[16:54:06] [train] ep=11 step=030/40 ce=1.1855 sc=1.0578 mi=0.0718 dn=0.0000 v13=0.0008 grl=0.0791 v15=0.0000 v15r=0.0000 v16=0.0000 v17=0.0000 v18=0.0000 acc=0.9396 lr=2.95e-04 lambda=0.000 grl_lambda=0.490 v18_lambda=0.000 gpu=3.0/15.8GB
[16:54:08] [train] ep=11 step=040/40 ce=1.1164 sc=1.0393 mi=0.0703 dn=0.0000 v13=0.0008 grl=0.0800 v15=0.0000 v15r=0.0000 v16=0.0000 v17=0.0000 v18=0.0000 acc=0.9437 lr=2.95e-04 lambda=0.000 grl_lambda=0.500 v18_lambda=0.000 gpu=3.0/15.8GB
[16:54:11] [ep_summary] ep=11/100 val_live=0.9568/0.9559 val_ema=0.2284/0.1227 test77_live=0.7770/0.7192 test77_diag_ema=0.1403/0.0352 v13=0.0008 grl=0.0800 v15=0.0000 v15r=0.0000 v16=0.0000 v17=0.0000 v18=0.0000 das=fixed_narrow[10,30] p=1.00 ep_time=10.4s
[16:54:11] [save] best_sourceval_ema val_acc_ema=0.2284 source_val_live=0.9568/0.9559 source_val_ema=0.2284/0.1227 ep=11
[16:54:11] [train] epoch 12/100 steps=40 use_dann=0 das=fixed_narrow f=[10.0,30.0] p=1.00 gpu=3.0/15.8GB
[16:54:11] [train] ep=12 step=001/40 ce=0.5955 sc=0.3473 mi=0.0644 dn=0.0000 v13=0.0008 grl=0.0815 v15=0.0000 v15r=0.0000 v16=0.0000 v17=0.0000 v18=0.0000 acc=1.0000 lr=2.95e-04 lambda=0.000 grl_lambda=0.501 v18_lambda=0.000 gpu=3.0/15.8GB
[16:54:13] [train] ep=12 step=010/40 ce=0.8266 sc=1.0143 mi=0.0746 dn=0.0000 v13=0.0008 grl=0.0796 v15=0.0000 v15r=0.0000 v16=0.0000 v17=0.0000 v18=0.0000 acc=0.9688 lr=2.95e-04 lambda=0.000 grl_lambda=0.509 v18_lambda=0.000 gpu=3.0/15.8GB
[16:54:15] [train] ep=12 step=020/40 ce=0.9087 sc=1.0552 mi=0.0723 dn=0.0000 v13=0.0007 grl=0.0827 v15=0.0000 v15r=0.0000 v16=0.0000 v17=0.0000 v18=0.0000 acc=0.9531 lr=2.94e-04 lambda=0.000 grl_lambda=0.518 v18_lambda=0.000 gpu=3.0/15.8GB
[16:54:17] [train] ep=12 step=030/40 ce=0.9618 sc=1.0336 mi=0.0714 dn=0.0000 v13=0.0008 grl=0.0820 v15=0.0000 v15r=0.0000 v16=0.0000 v17=0.0000 v18=0.0000 acc=0.9542 lr=2.94e-04 lambda=0.000 grl_lambda=0.527 v18_lambda=0.000 gpu=3.0/15.8GB
[16:54:20] [train] ep=12 step=040/40 ce=0.9118 sc=1.0040 mi=0.0704 dn=0.0000 v13=0.0009 grl=0.0807 v15=0.0000 v15r=0.0000 v16=0.0000 v17=0.0000 v18=0.0000 acc=0.9578 lr=2.94e-04 lambda=0.000 grl_lambda=0.536 v18_lambda=0.000 gpu=3.0/15.8GB
[16:54:22] [ep_summary] ep=12/100 val_live=0.9259/0.9253 val_ema=0.2407/0.1491 test77_live=0.7662/0.7230 test77_diag_ema=0.1403/0.0352 v13=0.0009 grl=0.0807 v15=0.0000 v15r=0.0000 v16=0.0000 v17=0.0000 v18=0.0000 das=fixed_narrow[10,30] p=1.00 ep_time=11.8s
[16:54:22] [save] best_sourceval_ema val_acc_ema=0.2407 source_val_live=0.9259/0.9253 source_val_ema=0.2407/0.1491 ep=12
[16:54:22] [train] epoch 13/100 steps=40 use_dann=0 das=fixed_narrow f=[10.0,30.0] p=1.00 gpu=3.0/15.8GB
[16:54:23] [train] ep=13 step=001/40 ce=0.7915 sc=0.6586 mi=0.0682 dn=0.0000 v13=0.0007 grl=0.0747 v15=0.0000 v15r=0.0000 v16=0.0000 v17=0.0000 v18=0.0000 acc=1.0000 lr=2.94e-04 lambda=0.000 grl_lambda=0.537 v18_lambda=0.000 gpu=3.0/15.8GB
[16:54:24] [train] ep=13 step=010/40 ce=1.1019 sc=0.9868 mi=0.0671 dn=0.0000 v13=0.0009 grl=0.0880 v15=0.0000 v15r=0.0000 v16=0.0000 v17=0.0000 v18=0.0000 acc=0.9437 lr=2.93e-04 lambda=0.000 grl_lambda=0.545 v18_lambda=0.000 gpu=3.0/15.8GB
[16:54:26] [train] ep=13 step=020/40 ce=0.8877 sc=0.9487 mi=0.0647 dn=0.0000 v13=0.0009 grl=0.0706 v15=0.0000 v15r=0.0000 v16=0.0000 v17=0.0000 v18=0.0000 acc=0.9594 lr=2.93e-04 lambda=0.000 grl_lambda=0.554 v18_lambda=0.000 gpu=3.0/15.8GB
[16:54:28] [train] ep=13 step=030/40 ce=0.8557 sc=0.9520 mi=0.0655 dn=0.0000 v13=0.0008 grl=0.0681 v15=0.0000 v15r=0.0000 v16=0.0000 v17=0.0000 v18=0.0000 acc=0.9625 lr=2.93e-04 lambda=0.000 grl_lambda=0.562 v18_lambda=0.000 gpu=3.0/15.8GB
[16:54:30] [train] ep=13 step=040/40 ce=0.8482 sc=0.9472 mi=0.0660 dn=0.0000 v13=0.0008 grl=0.0680 v15=0.0000 v15r=0.0000 v16=0.0000 v17=0.0000 v18=0.0000 acc=0.9641 lr=2.92e-04 lambda=0.000 grl_lambda=0.571 v18_lambda=0.000 gpu=3.0/15.8GB
[16:54:33] [ep_summary] ep=13/100 val_live=0.9506/0.9513 val_ema=0.2654/0.1913 test77_live=0.6942/0.6709 test77_diag_ema=0.1403/0.0352 v13=0.0008 grl=0.0680 v15=0.0000 v15r=0.0000 v16=0.0000 v17=0.0000 v18=0.0000 das=fixed_narrow[10,30] p=1.00 ep_time=10.1s
[16:54:33] [save] best_sourceval_ema val_acc_ema=0.2654 source_val_live=0.9506/0.9513 source_val_ema=0.2654/0.1913 ep=13
[16:54:33] [train] epoch 14/100 steps=40 use_dann=0 das=fixed_narrow f=[10.0,30.0] p=1.00 gpu=3.0/15.8GB
[16:54:33] [train] ep=14 step=001/40 ce=0.9138 sc=1.1399 mi=0.0798 dn=0.0000 v13=0.0006 grl=0.0743 v15=0.0000 v15r=0.0000 v16=0.0000 v17=0.0000 v18=0.0000 acc=0.9375 lr=2.92e-04 lambda=0.000 grl_lambda=0.572 v18_lambda=0.000 gpu=3.0/15.8GB
[16:54:34] [train] ep=14 step=010/40 ce=0.5936 sc=0.8973 mi=0.0685 dn=0.0000 v13=0.0007 grl=0.0885 v15=0.0000 v15r=0.0000 v16=0.0000 v17=0.0000 v18=0.0000 acc=0.9750 lr=2.92e-04 lambda=0.000 grl_lambda=0.579 v18_lambda=0.000 gpu=3.0/15.8GB
[16:54:36] [train] ep=14 step=020/40 ce=0.5752 sc=0.8399 mi=0.0690 dn=0.0000 v13=0.0007 grl=0.0787 v15=0.0000 v15r=0.0000 v16=0.0000 v17=0.0000 v18=0.0000 acc=0.9812 lr=2.91e-04 lambda=0.000 grl_lambda=0.587 v18_lambda=0.000 gpu=3.0/15.8GB
[16:54:38] [train] ep=14 step=030/40 ce=0.7091 sc=0.8976 mi=0.0689 dn=0.0000 v13=0.0007 grl=0.0771 v15=0.0000 v15r=0.0000 v16=0.0000 v17=0.0000 v18=0.0000 acc=0.9708 lr=2.91e-04 lambda=0.000 grl_lambda=0.596 v18_lambda=0.000 gpu=3.0/15.8GB
[16:54:40] [train] ep=14 step=040/40 ce=0.7174 sc=0.9471 mi=0.0688 dn=0.0000 v13=0.0007 grl=0.0799 v15=0.0000 v15r=0.0000 v16=0.0000 v17=0.0000 v18=0.0000 acc=0.9719 lr=2.91e-04 lambda=0.000 grl_lambda=0.604 v18_lambda=0.000 gpu=3.0/15.8GB
[16:54:43] [ep_summary] ep=14/100 val_live=0.9568/0.9586 val_ema=0.3025/0.2376 test77_live=0.6835/0.6403 test77_diag_ema=0.1403/0.0352 v13=0.0007 grl=0.0799 v15=0.0000 v15r=0.0000 v16=0.0000 v17=0.0000 v18=0.0000 das=fixed_narrow[10,30] p=1.00 ep_time=10.1s
[16:54:43] [save] best_sourceval_ema val_acc_ema=0.3025 source_val_live=0.9568/0.9586 source_val_ema=0.3025/0.2376 ep=14
[16:54:43] [train] epoch 15/100 steps=40 use_dann=0 das=fixed_narrow f=[10.0,30.0] p=1.00 gpu=3.0/15.8GB
[16:54:43] [train] ep=15 step=001/40 ce=0.3109 sc=0.9854 mi=0.0642 dn=0.0000 v13=0.0010 grl=0.1247 v15=0.0000 v15r=0.0000 v16=0.0000 v17=0.0000 v18=0.0000 acc=1.0000 lr=2.91e-04 lambda=0.000 grl_lambda=0.604 v18_lambda=0.000 gpu=3.0/15.8GB
[16:54:45] [train] ep=15 step=010/40 ce=0.8819 sc=0.9569 mi=0.0707 dn=0.0000 v13=0.0006 grl=0.0957 v15=0.0000 v15r=0.0000 v16=0.0000 v17=0.0000 v18=0.0000 acc=0.9688 lr=2.90e-04 lambda=0.000 grl_lambda=0.611 v18_lambda=0.000 gpu=3.0/15.8GB
[16:54:46] [train] ep=15 step=020/40 ce=0.7457 sc=0.9303 mi=0.0687 dn=0.0000 v13=0.0006 grl=0.0932 v15=0.0000 v15r=0.0000 v16=0.0000 v17=0.0000 v18=0.0000 acc=0.9719 lr=2.90e-04 lambda=0.000 grl_lambda=0.619 v18_lambda=0.000 gpu=3.0/15.8GB
[16:54:48] [train] ep=15 step=030/40 ce=0.8220 sc=0.9276 mi=0.0682 dn=0.0000 v13=0.0007 grl=0.0848 v15=0.0000 v15r=0.0000 v16=0.0000 v17=0.0000 v18=0.0000 acc=0.9646 lr=2.89e-04 lambda=0.000 grl_lambda=0.627 v18_lambda=0.000 gpu=3.0/15.8GB
[16:54:50] [train] ep=15 step=040/40 ce=0.7588 sc=0.9021 mi=0.0672 dn=0.0000 v13=0.0007 grl=0.0838 v15=0.0000 v15r=0.0000 v16=0.0000 v17=0.0000 v18=0.0000 acc=0.9703 lr=2.89e-04 lambda=0.000 grl_lambda=0.634 v18_lambda=0.000 gpu=3.0/15.8GB
[16:54:53] [ep_summary] ep=15/100 val_live=0.9630/0.9626 val_ema=0.3519/0.3004 test77_live=0.8561/0.8349 test77_diag_ema=0.1403/0.0352 v13=0.0007 grl=0.0838 v15=0.0000 v15r=0.0000 v16=0.0000 v17=0.0000 v18=0.0000 das=fixed_narrow[10,30] p=1.00 ep_time=10.3s
[16:54:53] [save] best_sourceval_ema val_acc_ema=0.3519 source_val_live=0.9630/0.9626 source_val_ema=0.3519/0.3004 ep=15
[16:54:53] [train] epoch 16/100 steps=40 use_dann=0 das=fixed_narrow f=[10.0,30.0] p=1.00 gpu=3.0/15.8GB
[16:54:53] [train] ep=16 step=001/40 ce=0.2946 sc=0.4493 mi=0.0696 dn=0.0000 v13=0.0007 grl=0.1112 v15=0.0000 v15r=0.0000 v16=0.0000 v17=0.0000 v18=0.0000 acc=1.0000 lr=2.89e-04 lambda=0.000 grl_lambda=0.635 v18_lambda=0.000 gpu=3.0/15.8GB
[16:54:55] [train] ep=16 step=010/40 ce=0.4711 sc=0.7564 mi=0.0660 dn=0.0000 v13=0.0006 grl=0.0814 v15=0.0000 v15r=0.0000 v16=0.0000 v17=0.0000 v18=0.0000 acc=0.9875 lr=2.88e-04 lambda=0.000 grl_lambda=0.642 v18_lambda=0.000 gpu=3.0/15.8GB
[16:54:57] [train] ep=16 step=020/40 ce=0.4904 sc=0.7717 mi=0.0655 dn=0.0000 v13=0.0006 grl=0.0853 v15=0.0000 v15r=0.0000 v16=0.0000 v17=0.0000 v18=0.0000 acc=0.9875 lr=2.88e-04 lambda=0.000 grl_lambda=0.649 v18_lambda=0.000 gpu=3.0/15.8GB
[16:54:59] [train] ep=16 step=030/40 ce=0.5090 sc=0.8287 mi=0.0651 dn=0.0000 v13=0.0006 grl=0.0831 v15=0.0000 v15r=0.0000 v16=0.0000 v17=0.0000 v18=0.0000 acc=0.9833 lr=2.87e-04 lambda=0.000 grl_lambda=0.656 v18_lambda=0.000 gpu=3.0/15.8GB
[16:55:01] [train] ep=16 step=040/40 ce=0.5192 sc=0.8495 mi=0.0651 dn=0.0000 v13=0.0006 grl=0.0853 v15=0.0000 v15r=0.0000 v16=0.0000 v17=0.0000 v18=0.0000 acc=0.9828 lr=2.87e-04 lambda=0.000 grl_lambda=0.663 v18_lambda=0.000 gpu=3.0/15.8GB
[16:55:04] [ep_summary] ep=16/100 val_live=0.9630/0.9631 val_ema=0.4074/0.3491 test77_live=0.8273/0.7920 test77_diag_ema=0.1403/0.0352 v13=0.0006 grl=0.0853 v15=0.0000 v15r=0.0000 v16=0.0000 v17=0.0000 v18=0.0000 das=fixed_narrow[10,30] p=1.00 ep_time=11.1s
[16:55:04] [save] best_sourceval_ema val_acc_ema=0.4074 source_val_live=0.9630/0.9631 source_val_ema=0.4074/0.3491 ep=16
[16:55:04] [train] epoch 17/100 steps=40 use_dann=0 das=fixed_narrow f=[10.0,30.0] p=1.00 gpu=3.0/15.8GB
[16:55:05] [train] ep=17 step=001/40 ce=0.9004 sc=0.7609 mi=0.0725 dn=0.0000 v13=0.0004 grl=0.0696 v15=0.0000 v15r=0.0000 v16=0.0000 v17=0.0000 v18=0.0000 acc=0.9375 lr=2.87e-04 lambda=0.000 grl_lambda=0.664 v18_lambda=0.000 gpu=3.0/15.8GB
[16:55:06] [train] ep=17 step=010/40 ce=0.4207 sc=0.8355 mi=0.0666 dn=0.0000 v13=0.0007 grl=0.0919 v15=0.0000 v15r=0.0000 v16=0.0000 v17=0.0000 v18=0.0000 acc=0.9938 lr=2.86e-04 lambda=0.000 grl_lambda=0.670 v18_lambda=0.000 gpu=3.0/15.8GB
[16:55:09] [train] ep=17 step=020/40 ce=0.4623 sc=0.8615 mi=0.0665 dn=0.0000 v13=0.0007 grl=0.0922 v15=0.0000 v15r=0.0000 v16=0.0000 v17=0.0000 v18=0.0000 acc=0.9906 lr=2.86e-04 lambda=0.000 grl_lambda=0.677 v18_lambda=0.000 gpu=3.0/15.8GB
[16:55:11] [train] ep=17 step=030/40 ce=0.4795 sc=0.8963 mi=0.0666 dn=0.0000 v13=0.0007 grl=0.0810 v15=0.0000 v15r=0.0000 v16=0.0000 v17=0.0000 v18=0.0000 acc=0.9896 lr=2.85e-04 lambda=0.000 grl_lambda=0.684 v18_lambda=0.000 gpu=3.0/15.8GB
[16:55:13] [train] ep=17 step=040/40 ce=0.4942 sc=0.8876 mi=0.0664 dn=0.0000 v13=0.0007 grl=0.0836 v15=0.0000 v15r=0.0000 v16=0.0000 v17=0.0000 v18=0.0000 acc=0.9891 lr=2.85e-04 lambda=0.000 grl_lambda=0.690 v18_lambda=0.000 gpu=3.0/15.8GB
[16:55:15] [ep_summary] ep=17/100 val_live=0.9630/0.9627 val_ema=0.4630/0.4253 test77_live=0.8381/0.8134 test77_diag_ema=0.1403/0.0352 v13=0.0007 grl=0.0836 v15=0.0000 v15r=0.0000 v16=0.0000 v17=0.0000 v18=0.0000 das=fixed_narrow[10,30] p=1.00 ep_time=11.2s
[16:55:16] [save] best_sourceval_ema val_acc_ema=0.4630 source_val_live=0.9630/0.9627 source_val_ema=0.4630/0.4253 ep=17
[16:55:16] [train] epoch 18/100 steps=40 use_dann=0 das=fixed_narrow f=[10.0,30.0] p=1.00 gpu=3.0/15.8GB
[16:55:16] [train] ep=18 step=001/40 ce=0.2935 sc=0.8566 mi=0.0681 dn=0.0000 v13=0.0013 grl=0.1027 v15=0.0000 v15r=0.0000 v16=0.0000 v17=0.0000 v18=0.0000 acc=1.0000 lr=2.85e-04 lambda=0.000 grl_lambda=0.691 v18_lambda=0.000 gpu=3.0/15.8GB
[16:55:17] [train] ep=18 step=010/40 ce=0.4649 sc=0.7909 mi=0.0641 dn=0.0000 v13=0.0007 grl=0.0888 v15=0.0000 v15r=0.0000 v16=0.0000 v17=0.0000 v18=0.0000 acc=0.9812 lr=2.84e-04 lambda=0.000 grl_lambda=0.697 v18_lambda=0.000 gpu=3.0/15.8GB
[16:55:19] [train] ep=18 step=020/40 ce=0.4940 sc=0.8206 mi=0.0639 dn=0.0000 v13=0.0007 grl=0.0885 v15=0.0000 v15r=0.0000 v16=0.0000 v17=0.0000 v18=0.0000 acc=0.9844 lr=2.84e-04 lambda=0.000 grl_lambda=0.703 v18_lambda=0.000 gpu=3.0/15.8GB
[16:55:21] [train] ep=18 step=030/40 ce=0.5965 sc=0.8561 mi=0.0651 dn=0.0000 v13=0.0008 grl=0.0939 v15=0.0000 v15r=0.0000 v16=0.0000 v17=0.0000 v18=0.0000 acc=0.9771 lr=2.83e-04 lambda=0.000 grl_lambda=0.710 v18_lambda=0.000 gpu=3.0/15.8GB
[16:55:23] [train] ep=18 step=040/40 ce=0.5717 sc=0.8546 mi=0.0655 dn=0.0000 v13=0.0008 grl=0.0881 v15=0.0000 v15r=0.0000 v16=0.0000 v17=0.0000 v18=0.0000 acc=0.9797 lr=2.83e-04 lambda=0.000 grl_lambda=0.716 v18_lambda=0.000 gpu=3.0/15.8GB
[16:55:26] [ep_summary] ep=18/100 val_live=0.9506/0.9514 val_ema=0.4938/0.4698 test77_live=0.8273/0.8155 test77_diag_ema=0.1403/0.0352 v13=0.0008 grl=0.0881 v15=0.0000 v15r=0.0000 v16=0.0000 v17=0.0000 v18=0.0000 das=fixed_narrow[10,30] p=1.00 ep_time=10.3s
[16:55:26] [save] best_sourceval_ema val_acc_ema=0.4938 source_val_live=0.9506/0.9514 source_val_ema=0.4938/0.4698 ep=18
[16:55:26] [train] epoch 19/100 steps=40 use_dann=0 das=fixed_narrow f=[10.0,30.0] p=1.00 gpu=3.0/15.8GB
[16:55:26] [train] ep=19 step=001/40 ce=0.3009 sc=0.6352 mi=0.0780 dn=0.0000 v13=0.0007 grl=0.0822 v15=0.0000 v15r=0.0000 v16=0.0000 v17=0.0000 v18=0.0000 acc=1.0000 lr=2.83e-04 lambda=0.000 grl_lambda=0.716 v18_lambda=0.000 gpu=3.0/15.8GB
[16:55:28] [train] ep=19 step=010/40 ce=0.7113 sc=0.8856 mi=0.0696 dn=0.0000 v13=0.0006 grl=0.0867 v15=0.0000 v15r=0.0000 v16=0.0000 v17=0.0000 v18=0.0000 acc=0.9688 lr=2.82e-04 lambda=0.000 grl_lambda=0.722 v18_lambda=0.000 gpu=3.0/15.8GB
[16:55:30] [train] ep=19 step=020/40 ce=0.7016 sc=0.9222 mi=0.0687 dn=0.0000 v13=0.0007 grl=0.0882 v15=0.0000 v15r=0.0000 v16=0.0000 v17=0.0000 v18=0.0000 acc=0.9719 lr=2.82e-04 lambda=0.000 grl_lambda=0.728 v18_lambda=0.000 gpu=3.0/15.8GB
[16:55:32] [train] ep=19 step=030/40 ce=0.6721 sc=0.9106 mi=0.0671 dn=0.0000 v13=0.0006 grl=0.0874 v15=0.0000 v15r=0.0000 v16=0.0000 v17=0.0000 v18=0.0000 acc=0.9729 lr=2.81e-04 lambda=0.000 grl_lambda=0.733 v18_lambda=0.000 gpu=3.0/15.8GB
[16:55:34] [train] ep=19 step=040/40 ce=0.6566 sc=0.9091 mi=0.0666 dn=0.0000 v13=0.0006 grl=0.0861 v15=0.0000 v15r=0.0000 v16=0.0000 v17=0.0000 v18=0.0000 acc=0.9750 lr=2.80e-04 lambda=0.000 grl_lambda=0.739 v18_lambda=0.000 gpu=3.0/15.8GB
[16:55:36] [ep_summary] ep=19/100 val_live=0.9630/0.9629 val_ema=0.5309/0.5174 test77_live=0.7986/0.7338 test77_diag_ema=0.1403/0.0352 v13=0.0006 grl=0.0861 v15=0.0000 v15r=0.0000 v16=0.0000 v17=0.0000 v18=0.0000 das=fixed_narrow[10,30] p=1.00 ep_time=10.5s
[16:55:36] [save] best_sourceval_ema val_acc_ema=0.5309 source_val_live=0.9630/0.9629 source_val_ema=0.5309/0.5174 ep=19
[16:55:36] [train] epoch 20/100 steps=40 use_dann=0 das=fixed_narrow f=[10.0,30.0] p=1.00 gpu=3.0/15.8GB
[16:55:37] [train] ep=20 step=001/40 ce=0.7982 sc=1.1003 mi=0.0678 dn=0.0000 v13=0.0006 grl=0.0683 v15=0.0000 v15r=0.0000 v16=0.0000 v17=0.0000 v18=0.0000 acc=0.9375 lr=2.80e-04 lambda=0.000 grl_lambda=0.740 v18_lambda=0.000 gpu=3.0/15.8GB
[16:55:38] [train] ep=20 step=010/40 ce=0.5448 sc=0.9029 mi=0.0653 dn=0.0000 v13=0.0007 grl=0.0861 v15=0.0000 v15r=0.0000 v16=0.0000 v17=0.0000 v18=0.0000 acc=0.9812 lr=2.80e-04 lambda=0.000 grl_lambda=0.745 v18_lambda=0.000 gpu=3.0/15.8GB
[16:55:40] [train] ep=20 step=020/40 ce=0.5525 sc=0.8926 mi=0.0656 dn=0.0000 v13=0.0006 grl=0.0758 v15=0.0000 v15r=0.0000 v16=0.0000 v17=0.0000 v18=0.0000 acc=0.9781 lr=2.79e-04 lambda=0.000 grl_lambda=0.750 v18_lambda=0.000 gpu=3.0/15.8GB
[16:55:42] [train] ep=20 step=030/40 ce=0.5689 sc=0.8853 mi=0.0662 dn=0.0000 v13=0.0006 grl=0.0836 v15=0.0000 v15r=0.0000 v16=0.0000 v17=0.0000 v18=0.0000 acc=0.9771 lr=2.79e-04 lambda=0.000 grl_lambda=0.756 v18_lambda=0.000 gpu=3.0/15.8GB
[16:55:44] [train] ep=20 step=040/40 ce=0.5904 sc=0.8813 mi=0.0658 dn=0.0000 v13=0.0006 grl=0.0849 v15=0.0000 v15r=0.0000 v16=0.0000 v17=0.0000 v18=0.0000 acc=0.9766 lr=2.78e-04 lambda=0.000 grl_lambda=0.761 v18_lambda=0.000 gpu=3.0/15.8GB
[16:55:47] [pool] check ep=020/100 source_val_acc_ema=0.5988 threshold=0.90
[16:55:47] [pool] ep=020 SKIP (source_val_acc_ema=0.5988 < 0.90)
[16:55:47] [ep_summary] ep=20/100 val_live=0.9506/0.9502 val_ema=0.5988/0.5935 test77_live=0.7842/0.7556 test77_diag_ema=0.1403/0.0352 v13=0.0006 grl=0.0849 v15=0.0000 v15r=0.0000 v16=0.0000 v17=0.0000 v18=0.0000 das=fixed_narrow[10,30] p=1.00 ep_time=10.7s
[16:55:47] [save] best_sourceval_ema val_acc_ema=0.5988 source_val_live=0.9506/0.9502 source_val_ema=0.5988/0.5935 ep=20
[16:55:47] [strict77_monitor] ep=20 best_source_epoch=20 source_val_ema=0.5988/0.5935 test77_ema_diag=0.1403/0.0352 sourcequalified_count=20 best_sourcequalified77_epoch=5 source_val_ema=0.1790/0.0790 test77_ema=0.1403/0.0352
[16:55:47] [train] epoch 21/100 steps=40 use_dann=0 das=fixed_narrow f=[10.0,30.0] p=1.00 gpu=3.0/15.8GB
[16:55:47] [train] ep=21 step=001/40 ce=0.3780 sc=0.4599 mi=0.0596 dn=0.0000 v13=0.0005 grl=0.0922 v15=0.0000 v15r=0.0000 v16=0.0000 v17=0.0000 v18=0.0000 acc=1.0000 lr=2.78e-04 lambda=0.000 grl_lambda=0.762 v18_lambda=0.000 gpu=3.0/15.8GB
[16:55:49] [train] ep=21 step=010/40 ce=0.5436 sc=0.7180 mi=0.0599 dn=0.0000 v13=0.0007 grl=0.0838 v15=0.0000 v15r=0.0000 v16=0.0000 v17=0.0000 v18=0.0000 acc=0.9812 lr=2.77e-04 lambda=0.000 grl_lambda=0.766 v18_lambda=0.000 gpu=3.0/15.8GB
[16:55:51] [train] ep=21 step=020/40 ce=0.5261 sc=0.8189 mi=0.0627 dn=0.0000 v13=0.0006 grl=0.0762 v15=0.0000 v15r=0.0000 v16=0.0000 v17=0.0000 v18=0.0000 acc=0.9844 lr=2.77e-04 lambda=0.000 grl_lambda=0.771 v18_lambda=0.000 gpu=3.0/15.8GB
[16:55:53] [train] ep=21 step=030/40 ce=0.6060 sc=0.8701 mi=0.0631 dn=0.0000 v13=0.0006 grl=0.0766 v15=0.0000 v15r=0.0000 v16=0.0000 v17=0.0000 v18=0.0000 acc=0.9771 lr=2.76e-04 lambda=0.000 grl_lambda=0.776 v18_lambda=0.000 gpu=3.0/15.8GB
[16:55:55] [train] ep=21 step=040/40 ce=0.5692 sc=0.8505 mi=0.0635 dn=0.0000 v13=0.0006 grl=0.0810 v15=0.0000 v15r=0.0000 v16=0.0000 v17=0.0000 v18=0.0000 acc=0.9812 lr=2.75e-04 lambda=0.000 grl_lambda=0.781 v18_lambda=0.000 gpu=3.0/15.8GB
[16:55:58] [ep_summary] ep=21/100 val_live=0.9630/0.9623 val_ema=0.6543/0.6496 test77_live=0.8201/0.8138 test77_diag_ema=0.1403/0.0352 v13=0.0006 grl=0.0810 v15=0.0000 v15r=0.0000 v16=0.0000 v17=0.0000 v18=0.0000 das=fixed_narrow[10,30] p=1.00 ep_time=10.4s
[16:55:58] [save] best_sourceval_ema val_acc_ema=0.6543 source_val_live=0.9630/0.9623 source_val_ema=0.6543/0.6496 ep=21
[16:55:58] [train] epoch 22/100 steps=40 use_dann=0 das=fixed_narrow f=[10.0,30.0] p=1.00 gpu=3.0/15.8GB
[16:55:58] [train] ep=22 step=001/40 ce=0.3348 sc=0.5451 mi=0.0606 dn=0.0000 v13=0.0004 grl=0.0850 v15=0.0000 v15r=0.0000 v16=0.0000 v17=0.0000 v18=0.0000 acc=1.0000 lr=2.75e-04 lambda=0.000 grl_lambda=0.782 v18_lambda=0.000 gpu=3.0/15.8GB
[16:55:59] [train] ep=22 step=010/40 ce=0.4310 sc=0.7392 mi=0.0682 dn=0.0000 v13=0.0008 grl=0.0835 v15=0.0000 v15r=0.0000 v16=0.0000 v17=0.0000 v18=0.0000 acc=0.9938 lr=2.75e-04 lambda=0.000 grl_lambda=0.786 v18_lambda=0.000 gpu=3.0/15.8GB
[16:56:01] [train] ep=22 step=020/40 ce=0.4696 sc=0.8043 mi=0.0647 dn=0.0000 v13=0.0007 grl=0.0881 v15=0.0000 v15r=0.0000 v16=0.0000 v17=0.0000 v18=0.0000 acc=0.9906 lr=2.74e-04 lambda=0.000 grl_lambda=0.791 v18_lambda=0.000 gpu=3.0/15.8GB
[16:56:03] [train] ep=22 step=030/40 ce=0.4622 sc=0.8767 mi=0.0630 dn=0.0000 v13=0.0007 grl=0.0907 v15=0.0000 v15r=0.0000 v16=0.0000 v17=0.0000 v18=0.0000 acc=0.9896 lr=2.73e-04 lambda=0.000 grl_lambda=0.796 v18_lambda=0.000 gpu=3.0/15.8GB
[16:56:05] [train] ep=22 step=040/40 ce=0.4984 sc=0.9039 mi=0.0640 dn=0.0000 v13=0.0006 grl=0.0899 v15=0.0000 v15r=0.0000 v16=0.0000 v17=0.0000 v18=0.0000 acc=0.9859 lr=2.73e-04 lambda=0.000 grl_lambda=0.800 v18_lambda=0.000 gpu=3.0/15.8GB
[16:56:08] [ep_summary] ep=22/100 val_live=0.9630/0.9630 val_ema=0.6914/0.6837 test77_live=0.8489/0.8343 test77_diag_ema=0.1403/0.0352 v13=0.0006 grl=0.0899 v15=0.0000 v15r=0.0000 v16=0.0000 v17=0.0000 v18=0.0000 das=fixed_narrow[10,30] p=1.00 ep_time=10.2s
[16:56:08] [save] best_sourceval_ema val_acc_ema=0.6914 source_val_live=0.9630/0.9630 source_val_ema=0.6914/0.6837 ep=22
[16:56:08] [train] epoch 23/100 steps=40 use_dann=0 das=fixed_narrow f=[10.0,30.0] p=1.00 gpu=3.0/15.8GB
[16:56:08] [train] ep=23 step=001/40 ce=0.2804 sc=0.4402 mi=0.0671 dn=0.0000 v13=0.0009 grl=0.1484 v15=0.0000 v15r=0.0000 v16=0.0000 v17=0.0000 v18=0.0000 acc=1.0000 lr=2.72e-04 lambda=0.000 grl_lambda=0.800 v18_lambda=0.000 gpu=3.0/15.8GB
[16:56:10] [train] ep=23 step=010/40 ce=0.4070 sc=0.7765 mi=0.0652 dn=0.0000 v13=0.0008 grl=0.0973 v15=0.0000 v15r=0.0000 v16=0.0000 v17=0.0000 v18=0.0000 acc=1.0000 lr=2.72e-04 lambda=0.000 grl_lambda=0.805 v18_lambda=0.000 gpu=3.0/15.8GB
[16:56:11] [train] ep=23 step=020/40 ce=0.4433 sc=0.7753 mi=0.0662 dn=0.0000 v13=0.0008 grl=0.0943 v15=0.0000 v15r=0.0000 v16=0.0000 v17=0.0000 v18=0.0000 acc=0.9969 lr=2.71e-04 lambda=0.000 grl_lambda=0.809 v18_lambda=0.000 gpu=3.0/15.8GB
[16:56:13] [train] ep=23 step=030/40 ce=0.4714 sc=0.7654 mi=0.0651 dn=0.0000 v13=0.0008 grl=0.0913 v15=0.0000 v15r=0.0000 v16=0.0000 v17=0.0000 v18=0.0000 acc=0.9938 lr=2.70e-04 lambda=0.000 grl_lambda=0.813 v18_lambda=0.000 gpu=3.0/15.8GB
[16:56:15] [train] ep=23 step=040/40 ce=0.4382 sc=0.7764 mi=0.0639 dn=0.0000 v13=0.0008 grl=0.0891 v15=0.0000 v15r=0.0000 v16=0.0000 v17=0.0000 v18=0.0000 acc=0.9953 lr=2.70e-04 lambda=0.000 grl_lambda=0.817 v18_lambda=0.000 gpu=3.0/15.8GB
[16:56:18] [ep_summary] ep=23/100 val_live=0.9506/0.9510 val_ema=0.7531/0.7424 test77_live=0.7518/0.7112 test77_diag_ema=0.1439/0.0422 v13=0.0008 grl=0.0891 v15=0.0000 v15r=0.0000 v16=0.0000 v17=0.0000 v18=0.0000 das=fixed_narrow[10,30] p=1.00 ep_time=10.2s
[16:56:18] [save] best_sourceval_ema val_acc_ema=0.7531 source_val_live=0.9506/0.9510 source_val_ema=0.7531/0.7424 ep=23
[16:56:18] [save] best_sourcequalified77_ema ep=23 source_val_live=0.9506/0.9510 source_val_ema=0.7531/0.7424 test77_ema=0.1439/0.0422
[16:56:18] [train] epoch 24/100 steps=40 use_dann=0 das=fixed_narrow f=[10.0,30.0] p=1.00 gpu=3.0/15.8GB
[16:56:18] [train] ep=24 step=001/40 ce=0.2868 sc=0.8638 mi=0.0594 dn=0.0000 v13=0.0008 grl=0.0778 v15=0.0000 v15r=0.0000 v16=0.0000 v17=0.0000 v18=0.0000 acc=1.0000 lr=2.70e-04 lambda=0.000 grl_lambda=0.818 v18_lambda=0.000 gpu=3.0/15.8GB
[16:56:20] [train] ep=24 step=010/40 ce=0.7063 sc=0.9979 mi=0.0615 dn=0.0000 v13=0.0010 grl=0.0976 v15=0.0000 v15r=0.0000 v16=0.0000 v17=0.0000 v18=0.0000 acc=0.9750 lr=2.69e-04 lambda=0.000 grl_lambda=0.821 v18_lambda=0.000 gpu=3.0/15.8GB
[16:56:22] [train] ep=24 step=020/40 ce=0.5289 sc=0.8198 mi=0.0595 dn=0.0000 v13=0.0009 grl=0.0916 v15=0.0000 v15r=0.0000 v16=0.0000 v17=0.0000 v18=0.0000 acc=0.9875 lr=2.68e-04 lambda=0.000 grl_lambda=0.825 v18_lambda=0.000 gpu=3.0/15.8GB
[16:56:24] [train] ep=24 step=030/40 ce=0.4831 sc=0.8688 mi=0.0604 dn=0.0000 v13=0.0009 grl=0.0937 v15=0.0000 v15r=0.0000 v16=0.0000 v17=0.0000 v18=0.0000 acc=0.9896 lr=2.67e-04 lambda=0.000 grl_lambda=0.829 v18_lambda=0.000 gpu=3.0/15.8GB
[16:56:25] [train] ep=24 step=040/40 ce=0.5098 sc=0.9075 mi=0.0609 dn=0.0000 v13=0.0008 grl=0.0954 v15=0.0000 v15r=0.0000 v16=0.0000 v17=0.0000 v18=0.0000 acc=0.9875 lr=2.67e-04 lambda=0.000 grl_lambda=0.833 v18_lambda=0.000 gpu=3.0/15.8GB
[16:56:28] [ep_summary] ep=24/100 val_live=0.9630/0.9636 val_ema=0.7901/0.7815 test77_live=0.8309/0.8134 test77_diag_ema=0.1511/0.0561 v13=0.0008 grl=0.0954 v15=0.0000 v15r=0.0000 v16=0.0000 v17=0.0000 v18=0.0000 das=fixed_narrow[10,30] p=1.00 ep_time=10.1s
[16:56:28] [save] best_sourceval_ema val_acc_ema=0.7901 source_val_live=0.9630/0.9636 source_val_ema=0.7901/0.7815 ep=24
[16:56:28] [save] best_sourcequalified77_ema ep=24 source_val_live=0.9630/0.9636 source_val_ema=0.7901/0.7815 test77_ema=0.1511/0.0561
[16:56:28] [train] epoch 25/100 steps=40 use_dann=0 das=fixed_narrow f=[10.0,30.0] p=1.00 gpu=3.0/15.8GB
[16:56:28] [train] ep=25 step=001/40 ce=0.4843 sc=0.7214 mi=0.0620 dn=0.0000 v13=0.0004 grl=0.0582 v15=0.0000 v15r=0.0000 v16=0.0000 v17=0.0000 v18=0.0000 acc=1.0000 lr=2.67e-04 lambda=0.000 grl_lambda=0.834 v18_lambda=0.000 gpu=3.0/15.8GB
[16:56:30] [train] ep=25 step=010/40 ce=0.3076 sc=0.6807 mi=0.0638 dn=0.0000 v13=0.0005 grl=0.0879 v15=0.0000 v15r=0.0000 v16=0.0000 v17=0.0000 v18=0.0000 acc=1.0000 lr=2.66e-04 lambda=0.000 grl_lambda=0.837 v18_lambda=0.000 gpu=3.0/15.8GB
[16:56:32] [train] ep=25 step=020/40 ce=0.3417 sc=0.7896 mi=0.0641 dn=0.0000 v13=0.0006 grl=0.0880 v15=0.0000 v15r=0.0000 v16=0.0000 v17=0.0000 v18=0.0000 acc=0.9969 lr=2.65e-04 lambda=0.000 grl_lambda=0.841 v18_lambda=0.000 gpu=3.0/15.8GB
[16:56:34] [train] ep=25 step=030/40 ce=0.4293 sc=0.8082 mi=0.0647 dn=0.0000 v13=0.0006 grl=0.0900 v15=0.0000 v15r=0.0000 v16=0.0000 v17=0.0000 v18=0.0000 acc=0.9917 lr=2.64e-04 lambda=0.000 grl_lambda=0.844 v18_lambda=0.000 gpu=3.0/15.8GB
[16:56:35] [train] ep=25 step=040/40 ce=0.4181 sc=0.7882 mi=0.0632 dn=0.0000 v13=0.0006 grl=0.0909 v15=0.0000 v15r=0.0000 v16=0.0000 v17=0.0000 v18=0.0000 acc=0.9922 lr=2.64e-04 lambda=0.000 grl_lambda=0.848 v18_lambda=0.000 gpu=3.0/15.8GB
[16:56:38] [ep_summary] ep=25/100 val_live=0.9568/0.9574 val_ema=0.8086/0.8014 test77_live=0.7878/0.7488 test77_diag_ema=0.1547/0.0625 v13=0.0006 grl=0.0909 v15=0.0000 v15r=0.0000 v16=0.0000 v17=0.0000 v18=0.0000 das=fixed_narrow[10,30] p=1.00 ep_time=10.0s
[16:56:38] [save] best_sourceval_ema val_acc_ema=0.8086 source_val_live=0.9568/0.9574 source_val_ema=0.8086/0.8014 ep=25
[16:56:38] [save] best_sourcequalified77_ema ep=25 source_val_live=0.9568/0.9574 source_val_ema=0.8086/0.8014 test77_ema=0.1547/0.0625
[16:56:38] [train] epoch 26/100 steps=40 use_dann=0 das=fixed_narrow f=[10.0,30.0] p=1.00 gpu=3.0/15.8GB
[16:56:39] [train] ep=26 step=001/40 ce=0.2846 sc=0.6053 mi=0.0672 dn=0.0000 v13=0.0009 grl=0.1013 v15=0.0000 v15r=0.0000 v16=0.0000 v17=0.0000 v18=0.0000 acc=1.0000 lr=2.64e-04 lambda=0.000 grl_lambda=0.848 v18_lambda=0.000 gpu=3.0/15.8GB
[16:56:40] [train] ep=26 step=010/40 ce=0.4106 sc=0.7327 mi=0.0631 dn=0.0000 v13=0.0005 grl=0.0930 v15=0.0000 v15r=0.0000 v16=0.0000 v17=0.0000 v18=0.0000 acc=0.9875 lr=2.63e-04 lambda=0.000 grl_lambda=0.851 v18_lambda=0.000 gpu=3.0/15.8GB
[16:56:42] [train] ep=26 step=020/40 ce=0.4632 sc=0.8341 mi=0.0624 dn=0.0000 v13=0.0005 grl=0.0966 v15=0.0000 v15r=0.0000 v16=0.0000 v17=0.0000 v18=0.0000 acc=0.9906 lr=2.62e-04 lambda=0.000 grl_lambda=0.855 v18_lambda=0.000 gpu=3.0/15.8GB
[16:56:44] [train] ep=26 step=030/40 ce=0.4199 sc=0.8204 mi=0.0623 dn=0.0000 v13=0.0006 grl=0.0970 v15=0.0000 v15r=0.0000 v16=0.0000 v17=0.0000 v18=0.0000 acc=0.9938 lr=2.61e-04 lambda=0.000 grl_lambda=0.858 v18_lambda=0.000 gpu=3.0/15.8GB
[16:56:46] [train] ep=26 step=040/40 ce=0.4251 sc=0.8264 mi=0.0625 dn=0.0000 v13=0.0006 grl=0.0939 v15=0.0000 v15r=0.0000 v16=0.0000 v17=0.0000 v18=0.0000 acc=0.9922 lr=2.60e-04 lambda=0.000 grl_lambda=0.861 v18_lambda=0.000 gpu=3.0/15.8GB
[16:56:48] [ep_summary] ep=26/100 val_live=0.9753/0.9752 val_ema=0.8210/0.8158 test77_live=0.7302/0.6600 test77_diag_ema=0.1655/0.0814 v13=0.0006 grl=0.0939 v15=0.0000 v15r=0.0000 v16=0.0000 v17=0.0000 v18=0.0000 das=fixed_narrow[10,30] p=1.00 ep_time=10.1s
[16:56:48] [save] best_sourceval_ema val_acc_ema=0.8210 source_val_live=0.9753/0.9752 source_val_ema=0.8210/0.8158 ep=26
[16:56:48] [save] best_sourcequalified77_ema ep=26 source_val_live=0.9753/0.9752 source_val_ema=0.8210/0.8158 test77_ema=0.1655/0.0814
[16:56:48] [train] epoch 27/100 steps=40 use_dann=0 das=fixed_narrow f=[10.0,30.0] p=1.00 gpu=3.0/15.8GB
[16:56:49] [train] ep=27 step=001/40 ce=0.2882 sc=1.0528 mi=0.0576 dn=0.0000 v13=0.0005 grl=0.0694 v15=0.0000 v15r=0.0000 v16=0.0000 v17=0.0000 v18=0.0000 acc=1.0000 lr=2.60e-04 lambda=0.000 grl_lambda=0.862 v18_lambda=0.000 gpu=3.0/15.8GB
[16:56:50] [train] ep=27 step=010/40 ce=0.3165 sc=0.8347 mi=0.0608 dn=0.0000 v13=0.0005 grl=0.0730 v15=0.0000 v15r=0.0000 v16=0.0000 v17=0.0000 v18=0.0000 acc=1.0000 lr=2.60e-04 lambda=0.000 grl_lambda=0.865 v18_lambda=0.000 gpu=3.0/15.8GB
[16:56:52] [train] ep=27 step=020/40 ce=0.3523 sc=0.8505 mi=0.0613 dn=0.0000 v13=0.0005 grl=0.0859 v15=0.0000 v15r=0.0000 v16=0.0000 v17=0.0000 v18=0.0000 acc=0.9938 lr=2.59e-04 lambda=0.000 grl_lambda=0.868 v18_lambda=0.000 gpu=3.0/15.8GB
[16:56:54] [train] ep=27 step=030/40 ce=0.3946 sc=0.8598 mi=0.0624 dn=0.0000 v13=0.0006 grl=0.0855 v15=0.0000 v15r=0.0000 v16=0.0000 v17=0.0000 v18=0.0000 acc=0.9938 lr=2.58e-04 lambda=0.000 grl_lambda=0.871 v18_lambda=0.000 gpu=3.0/15.8GB
[16:56:56] [train] ep=27 step=040/40 ce=0.4060 sc=0.8550 mi=0.0612 dn=0.0000 v13=0.0006 grl=0.0903 v15=0.0000 v15r=0.0000 v16=0.0000 v17=0.0000 v18=0.0000 acc=0.9938 lr=2.57e-04 lambda=0.000 grl_lambda=0.874 v18_lambda=0.000 gpu=3.0/15.8GB
[16:56:59] [ep_summary] ep=27/100 val_live=0.9877/0.9879 val_ema=0.8580/0.8571 test77_live=0.8237/0.8151 test77_diag_ema=0.2122/0.1512 v13=0.0006 grl=0.0903 v15=0.0000 v15r=0.0000 v16=0.0000 v17=0.0000 v18=0.0000 das=fixed_narrow[10,30] p=1.00 ep_time=10.1s
[16:56:59] [save] best_sourceval_ema val_acc_ema=0.8580 source_val_live=0.9877/0.9879 source_val_ema=0.8580/0.8571 ep=27
[16:56:59] [save] best_sourcequalified77_ema ep=27 source_val_live=0.9877/0.9879 source_val_ema=0.8580/0.8571 test77_ema=0.2122/0.1512
[16:56:59] [train] epoch 28/100 steps=40 use_dann=0 das=fixed_narrow f=[10.0,30.0] p=1.00 gpu=3.0/15.8GB
[16:56:59] [train] ep=28 step=001/40 ce=0.2686 sc=1.0710 mi=0.0482 dn=0.0000 v13=0.0005 grl=0.0708 v15=0.0000 v15r=0.0000 v16=0.0000 v17=0.0000 v18=0.0000 acc=1.0000 lr=2.57e-04 lambda=0.000 grl_lambda=0.874 v18_lambda=0.000 gpu=3.0/15.8GB
[16:57:01] [train] ep=28 step=010/40 ce=0.3576 sc=0.8565 mi=0.0633 dn=0.0000 v13=0.0006 grl=0.0934 v15=0.0000 v15r=0.0000 v16=0.0000 v17=0.0000 v18=0.0000 acc=0.9938 lr=2.56e-04 lambda=0.000 grl_lambda=0.877 v18_lambda=0.000 gpu=3.0/15.8GB
[16:57:02] [train] ep=28 step=020/40 ce=0.4887 sc=0.8995 mi=0.0645 dn=0.0000 v13=0.0007 grl=0.0898 v15=0.0000 v15r=0.0000 v16=0.0000 v17=0.0000 v18=0.0000 acc=0.9844 lr=2.55e-04 lambda=0.000 grl_lambda=0.880 v18_lambda=0.000 gpu=3.0/15.8GB
[16:57:04] [train] ep=28 step=030/40 ce=0.4726 sc=0.8530 mi=0.0636 dn=0.0000 v13=0.0007 grl=0.0909 v15=0.0000 v15r=0.0000 v16=0.0000 v17=0.0000 v18=0.0000 acc=0.9854 lr=2.54e-04 lambda=0.000 grl_lambda=0.882 v18_lambda=0.000 gpu=3.0/15.8GB
[16:57:06] [train] ep=28 step=040/40 ce=0.4708 sc=0.8527 mi=0.0632 dn=0.0000 v13=0.0007 grl=0.0889 v15=0.0000 v15r=0.0000 v16=0.0000 v17=0.0000 v18=0.0000 acc=0.9844 lr=2.54e-04 lambda=0.000 grl_lambda=0.885 v18_lambda=0.000 gpu=3.0/15.8GB
[16:57:09] [ep_summary] ep=28/100 val_live=0.9630/0.9637 val_ema=0.8642/0.8639 test77_live=0.8273/0.7927 test77_diag_ema=0.2374/0.1798 v13=0.0007 grl=0.0889 v15=0.0000 v15r=0.0000 v16=0.0000 v17=0.0000 v18=0.0000 das=fixed_narrow[10,30] p=1.00 ep_time=10.1s
[16:57:09] [save] best_sourceval_ema val_acc_ema=0.8642 source_val_live=0.9630/0.9637 source_val_ema=0.8642/0.8639 ep=28
[16:57:09] [save] best_sourcequalified77_ema ep=28 source_val_live=0.9630/0.9637 source_val_ema=0.8642/0.8639 test77_ema=0.2374/0.1798
[16:57:09] [train] epoch 29/100 steps=40 use_dann=0 das=fixed_narrow f=[10.0,30.0] p=1.00 gpu=3.0/15.8GB
[16:57:09] [train] ep=29 step=001/40 ce=0.3831 sc=0.9695 mi=0.0516 dn=0.0000 v13=0.0005 grl=0.0490 v15=0.0000 v15r=0.0000 v16=0.0000 v17=0.0000 v18=0.0000 acc=1.0000 lr=2.53e-04 lambda=0.000 grl_lambda=0.885 v18_lambda=0.000 gpu=3.0/15.8GB
[16:57:11] [train] ep=29 step=010/40 ce=0.3017 sc=0.7183 mi=0.0572 dn=0.0000 v13=0.0006 grl=0.0619 v15=0.0000 v15r=0.0000 v16=0.0000 v17=0.0000 v18=0.0000 acc=1.0000 lr=2.53e-04 lambda=0.000 grl_lambda=0.888 v18_lambda=0.000 gpu=3.0/15.8GB
[16:57:13] [train] ep=29 step=020/40 ce=0.4246 sc=0.8036 mi=0.0588 dn=0.0000 v13=0.0006 grl=0.0753 v15=0.0000 v15r=0.0000 v16=0.0000 v17=0.0000 v18=0.0000 acc=0.9875 lr=2.52e-04 lambda=0.000 grl_lambda=0.890 v18_lambda=0.000 gpu=3.0/15.8GB
[16:57:14] [train] ep=29 step=030/40 ce=0.3967 sc=0.7927 mi=0.0590 dn=0.0000 v13=0.0006 grl=0.0753 v15=0.0000 v15r=0.0000 v16=0.0000 v17=0.0000 v18=0.0000 acc=0.9917 lr=2.51e-04 lambda=0.000 grl_lambda=0.893 v18_lambda=0.000 gpu=3.0/15.8GB
[16:57:16] [train] ep=29 step=040/40 ce=0.3987 sc=0.7868 mi=0.0604 dn=0.0000 v13=0.0005 grl=0.0795 v15=0.0000 v15r=0.0000 v16=0.0000 v17=0.0000 v18=0.0000 acc=0.9906 lr=2.50e-04 lambda=0.000 grl_lambda=0.895 v18_lambda=0.000 gpu=3.0/15.8GB
[16:57:19] [ep_summary] ep=29/100 val_live=0.9568/0.9559 val_ema=0.8765/0.8768 test77_live=0.7950/0.7801 test77_diag_ema=0.2626/0.2080 v13=0.0005 grl=0.0795 v15=0.0000 v15r=0.0000 v16=0.0000 v17=0.0000 v18=0.0000 das=fixed_narrow[10,30] p=1.00 ep_time=10.2s
[16:57:19] [save] best_sourceval_ema val_acc_ema=0.8765 source_val_live=0.9568/0.9559 source_val_ema=0.8765/0.8768 ep=29
[16:57:19] [save] best_sourcequalified77_ema ep=29 source_val_live=0.9568/0.9559 source_val_ema=0.8765/0.8768 test77_ema=0.2626/0.2080
[16:57:19] [train] epoch 30/100 steps=40 use_dann=0 das=fixed_narrow f=[10.0,30.0] p=1.00 gpu=3.0/15.8GB
[16:57:19] [train] ep=30 step=001/40 ce=0.3136 sc=1.4032 mi=0.0743 dn=0.0000 v13=0.0007 grl=0.0588 v15=0.0000 v15r=0.0000 v16=0.0000 v17=0.0000 v18=0.0000 acc=1.0000 lr=2.50e-04 lambda=0.000 grl_lambda=0.896 v18_lambda=0.000 gpu=3.0/15.8GB
[16:57:21] [train] ep=30 step=010/40 ce=0.4658 sc=0.8591 mi=0.0637 dn=0.0000 v13=0.0007 grl=0.0767 v15=0.0000 v15r=0.0000 v16=0.0000 v17=0.0000 v18=0.0000 acc=0.9812 lr=2.49e-04 lambda=0.000 grl_lambda=0.898 v18_lambda=0.000 gpu=3.0/15.8GB
[16:57:23] [train] ep=30 step=020/40 ce=0.4830 sc=0.8708 mi=0.0627 dn=0.0000 v13=0.0007 grl=0.0841 v15=0.0000 v15r=0.0000 v16=0.0000 v17=0.0000 v18=0.0000 acc=0.9844 lr=2.48e-04 lambda=0.000 grl_lambda=0.900 v18_lambda=0.000 gpu=3.0/15.8GB
[16:57:25] [train] ep=30 step=030/40 ce=0.4509 sc=0.9070 mi=0.0631 dn=0.0000 v13=0.0006 grl=0.0807 v15=0.0000 v15r=0.0000 v16=0.0000 v17=0.0000 v18=0.0000 acc=0.9875 lr=2.47e-04 lambda=0.000 grl_lambda=0.903 v18_lambda=0.000 gpu=3.0/15.8GB
[16:57:26] [train] ep=30 step=040/40 ce=0.4725 sc=0.9534 mi=0.0638 dn=0.0000 v13=0.0006 grl=0.0782 v15=0.0000 v15r=0.0000 v16=0.0000 v17=0.0000 v18=0.0000 acc=0.9859 lr=2.46e-04 lambda=0.000 grl_lambda=0.905 v18_lambda=0.000 gpu=3.0/15.8GB
[16:57:29] [pool] check ep=030/100 source_val_acc_ema=0.8765 threshold=0.90
[16:57:29] [pool] ep=030 SKIP (source_val_acc_ema=0.8765 < 0.90)
[16:57:29] [ep_summary] ep=30/100 val_live=0.9630/0.9639 val_ema=0.8765/0.8768 test77_live=0.8453/0.8300 test77_diag_ema=0.3058/0.2503 v13=0.0006 grl=0.0782 v15=0.0000 v15r=0.0000 v16=0.0000 v17=0.0000 v18=0.0000 das=fixed_narrow[10,30] p=1.00 ep_time=10.1s
[16:57:29] [save] best_sourcequalified77_ema ep=30 source_val_live=0.9630/0.9639 source_val_ema=0.8765/0.8768 test77_ema=0.3058/0.2503
[16:57:29] [strict77_monitor] ep=30 best_source_epoch=29 source_val_ema=0.8765/0.8768 test77_ema_diag=0.2626/0.2080 sourcequalified_count=30 best_sourcequalified77_epoch=30 source_val_ema=0.8765/0.8768 test77_ema=0.3058/0.2503
[16:57:29] [train] epoch 31/100 steps=40 use_dann=0 das=fixed_narrow f=[10.0,30.0] p=1.00 gpu=3.0/15.8GB
[16:57:29] [train] ep=31 step=001/40 ce=0.2702 sc=1.0533 mi=0.0567 dn=0.0000 v13=0.0004 grl=0.0488 v15=0.0000 v15r=0.0000 v16=0.0000 v17=0.0000 v18=0.0000 acc=1.0000 lr=2.46e-04 lambda=0.000 grl_lambda=0.905 v18_lambda=0.000 gpu=3.0/15.8GB
[16:57:31] [train] ep=31 step=010/40 ce=0.4745 sc=0.8236 mi=0.0574 dn=0.0000 v13=0.0005 grl=0.0569 v15=0.0000 v15r=0.0000 v16=0.0000 v17=0.0000 v18=0.0000 acc=0.9875 lr=2.45e-04 lambda=0.000 grl_lambda=0.907 v18_lambda=0.000 gpu=3.0/15.8GB
[16:57:33] [train] ep=31 step=020/40 ce=0.3740 sc=0.7765 mi=0.0593 dn=0.0000 v13=0.0005 grl=0.0731 v15=0.0000 v15r=0.0000 v16=0.0000 v17=0.0000 v18=0.0000 acc=0.9938 lr=2.44e-04 lambda=0.000 grl_lambda=0.909 v18_lambda=0.000 gpu=3.0/15.8GB
[16:57:35] [train] ep=31 step=030/40 ce=0.3464 sc=0.7396 mi=0.0599 dn=0.0000 v13=0.0006 grl=0.0774 v15=0.0000 v15r=0.0000 v16=0.0000 v17=0.0000 v18=0.0000 acc=0.9958 lr=2.43e-04 lambda=0.000 grl_lambda=0.911 v18_lambda=0.000 gpu=3.0/15.8GB
[16:57:37] [train] ep=31 step=040/40 ce=0.3286 sc=0.7384 mi=0.0606 dn=0.0000 v13=0.0006 grl=0.0768 v15=0.0000 v15r=0.0000 v16=0.0000 v17=0.0000 v18=0.0000 acc=0.9969 lr=2.43e-04 lambda=0.000 grl_lambda=0.914 v18_lambda=0.000 gpu=3.0/15.8GB
[16:57:39] [ep_summary] ep=31/100 val_live=0.9691/0.9695 val_ema=0.8827/0.8833 test77_live=0.8381/0.8204 test77_diag_ema=0.3597/0.2957 v13=0.0006 grl=0.0768 v15=0.0000 v15r=0.0000 v16=0.0000 v17=0.0000 v18=0.0000 das=fixed_narrow[10,30] p=1.00 ep_time=10.1s
[16:57:39] [save] best_sourceval_ema val_acc_ema=0.8827 source_val_live=0.9691/0.9695 source_val_ema=0.8827/0.8833 ep=31
[16:57:39] [save] best_sourcequalified77_ema ep=31 source_val_live=0.9691/0.9695 source_val_ema=0.8827/0.8833 test77_ema=0.3597/0.2957
[16:57:39] [train] epoch 32/100 steps=40 use_dann=0 das=fixed_narrow f=[10.0,30.0] p=1.00 gpu=3.0/15.8GB
[16:57:40] [train] ep=32 step=001/40 ce=0.2885 sc=0.5474 mi=0.0636 dn=0.0000 v13=0.0006 grl=0.0547 v15=0.0000 v15r=0.0000 v16=0.0000 v17=0.0000 v18=0.0000 acc=1.0000 lr=2.42e-04 lambda=0.000 grl_lambda=0.914 v18_lambda=0.000 gpu=3.0/15.8GB
[16:57:41] [train] ep=32 step=010/40 ce=0.3602 sc=0.7566 mi=0.0614 dn=0.0000 v13=0.0006 grl=0.0812 v15=0.0000 v15r=0.0000 v16=0.0000 v17=0.0000 v18=0.0000 acc=0.9938 lr=2.42e-04 lambda=0.000 grl_lambda=0.916 v18_lambda=0.000 gpu=3.0/15.8GB
[16:57:43] [train] ep=32 step=020/40 ce=0.4587 sc=0.9119 mi=0.0615 dn=0.0000 v13=0.0007 grl=0.0790 v15=0.0000 v15r=0.0000 v16=0.0000 v17=0.0000 v18=0.0000 acc=0.9844 lr=2.41e-04 lambda=0.000 grl_lambda=0.918 v18_lambda=0.000 gpu=3.0/15.8GB
[16:57:45] [train] ep=32 step=030/40 ce=0.4360 sc=0.8890 mi=0.0618 dn=0.0000 v13=0.0006 grl=0.0762 v15=0.0000 v15r=0.0000 v16=0.0000 v17=0.0000 v18=0.0000 acc=0.9854 lr=2.40e-04 lambda=0.000 grl_lambda=0.920 v18_lambda=0.000 gpu=3.0/15.8GB
[16:57:47] [train] ep=32 step=040/40 ce=0.4468 sc=0.8905 mi=0.0621 dn=0.0000 v13=0.0006 grl=0.0747 v15=0.0000 v15r=0.0000 v16=0.0000 v17=0.0000 v18=0.0000 acc=0.9844 lr=2.39e-04 lambda=0.000 grl_lambda=0.921 v18_lambda=0.000 gpu=3.0/15.8GB
[16:57:50] [ep_summary] ep=32/100 val_live=0.9630/0.9634 val_ema=0.8951/0.8955 test77_live=0.8957/0.8928 test77_diag_ema=0.3813/0.3172 v13=0.0006 grl=0.0747 v15=0.0000 v15r=0.0000 v16=0.0000 v17=0.0000 v18=0.0000 das=fixed_narrow[10,30] p=1.00 ep_time=10.1s
[16:57:50] [save] best_sourceval_ema val_acc_ema=0.8951 source_val_live=0.9630/0.9634 source_val_ema=0.8951/0.8955 ep=32
[16:57:50] [save] best_sourcequalified77_ema ep=32 source_val_live=0.9630/0.9634 source_val_ema=0.8951/0.8955 test77_ema=0.3813/0.3172
[16:57:50] [train] epoch 33/100 steps=40 use_dann=0 das=fixed_narrow f=[10.0,30.0] p=1.00 gpu=3.0/15.8GB
[16:57:50] [train] ep=33 step=001/40 ce=1.2483 sc=1.4354 mi=0.0663 dn=0.0000 v13=0.0008 grl=0.0797 v15=0.0000 v15r=0.0000 v16=0.0000 v17=0.0000 v18=0.0000 acc=0.9375 lr=2.39e-04 lambda=0.000 grl_lambda=0.922 v18_lambda=0.000 gpu=3.0/15.8GB
[16:57:51] [train] ep=33 step=010/40 ce=0.4430 sc=0.7996 mi=0.0639 dn=0.0000 v13=0.0005 grl=0.0769 v15=0.0000 v15r=0.0000 v16=0.0000 v17=0.0000 v18=0.0000 acc=0.9875 lr=2.38e-04 lambda=0.000 grl_lambda=0.923 v18_lambda=0.000 gpu=3.0/15.8GB
[16:57:53] [train] ep=33 step=020/40 ce=0.4334 sc=0.8007 mi=0.0616 dn=0.0000 v13=0.0006 grl=0.0738 v15=0.0000 v15r=0.0000 v16=0.0000 v17=0.0000 v18=0.0000 acc=0.9906 lr=2.37e-04 lambda=0.000 grl_lambda=0.925 v18_lambda=0.000 gpu=3.0/15.8GB
[16:57:55] [train] ep=33 step=030/40 ce=0.4298 sc=0.7868 mi=0.0610 dn=0.0000 v13=0.0006 grl=0.0739 v15=0.0000 v15r=0.0000 v16=0.0000 v17=0.0000 v18=0.0000 acc=0.9917 lr=2.36e-04 lambda=0.000 grl_lambda=0.927 v18_lambda=0.000 gpu=3.0/15.8GB
[16:57:57] [train] ep=33 step=040/40 ce=0.4244 sc=0.7816 mi=0.0601 dn=0.0000 v13=0.0006 grl=0.0761 v15=0.0000 v15r=0.0000 v16=0.0000 v17=0.0000 v18=0.0000 acc=0.9906 lr=2.35e-04 lambda=0.000 grl_lambda=0.929 v18_lambda=0.000 gpu=3.0/15.8GB
[16:58:00] [ep_summary] ep=33/100 val_live=0.9568/0.9563 val_ema=0.8951/0.8955 test77_live=0.8957/0.8904 test77_diag_ema=0.4137/0.3480 v13=0.0006 grl=0.0761 v15=0.0000 v15r=0.0000 v16=0.0000 v17=0.0000 v18=0.0000 das=fixed_narrow[10,30] p=1.00 ep_time=10.0s
[16:58:00] [save] best_sourcequalified77_ema ep=33 source_val_live=0.9568/0.9563 source_val_ema=0.8951/0.8955 test77_ema=0.4137/0.3480
[16:58:00] [train] epoch 34/100 steps=40 use_dann=0 das=fixed_narrow f=[10.0,30.0] p=1.00 gpu=3.0/15.8GB
[16:58:00] [train] ep=34 step=001/40 ce=0.2688 sc=0.5706 mi=0.0634 dn=0.0000 v13=0.0006 grl=0.0456 v15=0.0000 v15r=0.0000 v16=0.0000 v17=0.0000 v18=0.0000 acc=1.0000 lr=2.35e-04 lambda=0.000 grl_lambda=0.929 v18_lambda=0.000 gpu=3.0/15.8GB
[16:58:02] [train] ep=34 step=010/40 ce=0.4671 sc=0.8335 mi=0.0643 dn=0.0000 v13=0.0007 grl=0.0826 v15=0.0000 v15r=0.0000 v16=0.0000 v17=0.0000 v18=0.0000 acc=0.9812 lr=2.34e-04 lambda=0.000 grl_lambda=0.930 v18_lambda=0.000 gpu=3.0/15.8GB
[16:58:03] [train] ep=34 step=020/40 ce=0.5431 sc=0.9198 mi=0.0649 dn=0.0000 v13=0.0007 grl=0.0807 v15=0.0000 v15r=0.0000 v16=0.0000 v17=0.0000 v18=0.0000 acc=0.9812 lr=2.33e-04 lambda=0.000 grl_lambda=0.932 v18_lambda=0.000 gpu=3.0/15.8GB
[16:58:05] [train] ep=34 step=030/40 ce=0.4862 sc=0.8834 mi=0.0635 dn=0.0000 v13=0.0006 grl=0.0826 v15=0.0000 v15r=0.0000 v16=0.0000 v17=0.0000 v18=0.0000 acc=0.9854 lr=2.32e-04 lambda=0.000 grl_lambda=0.934 v18_lambda=0.000 gpu=3.0/15.8GB
[16:58:07] [train] ep=34 step=040/40 ce=0.4737 sc=0.8876 mi=0.0626 dn=0.0000 v13=0.0006 grl=0.0807 v15=0.0000 v15r=0.0000 v16=0.0000 v17=0.0000 v18=0.0000 acc=0.9844 lr=2.31e-04 lambda=0.000 grl_lambda=0.935 v18_lambda=0.000 gpu=3.0/15.8GB
[16:58:10] [ep_summary] ep=34/100 val_live=0.9630/0.9627 val_ema=0.9074/0.9081 test77_live=0.8597/0.8535 test77_diag_ema=0.4424/0.3812 v13=0.0006 grl=0.0807 v15=0.0000 v15r=0.0000 v16=0.0000 v17=0.0000 v18=0.0000 das=fixed_narrow[10,30] p=1.00 ep_time=10.2s
[16:58:10] [save] best_sourceval_ema val_acc_ema=0.9074 source_val_live=0.9630/0.9627 source_val_ema=0.9074/0.9081 ep=34
[16:58:10] [save] best_sourcequalified77_ema ep=34 source_val_live=0.9630/0.9627 source_val_ema=0.9074/0.9081 test77_ema=0.4424/0.3812
[16:58:10] [train] epoch 35/100 steps=40 use_dann=0 das=fixed_narrow f=[10.0,30.0] p=1.00 gpu=3.0/15.8GB
[16:58:10] [train] ep=35 step=001/40 ce=0.2724 sc=1.1478 mi=0.0641 dn=0.0000 v13=0.0001 grl=0.1607 v15=0.0000 v15r=0.0000 v16=0.0000 v17=0.0000 v18=0.0000 acc=1.0000 lr=2.31e-04 lambda=0.000 grl_lambda=0.935 v18_lambda=0.000 gpu=3.0/15.8GB
[16:58:12] [train] ep=35 step=010/40 ce=0.3289 sc=0.8461 mi=0.0612 dn=0.0000 v13=0.0006 grl=0.0871 v15=0.0000 v15r=0.0000 v16=0.0000 v17=0.0000 v18=0.0000 acc=0.9938 lr=2.30e-04 lambda=0.000 grl_lambda=0.937 v18_lambda=0.000 gpu=3.0/15.8GB
[16:58:14] [train] ep=35 step=020/40 ce=0.3688 sc=0.8271 mi=0.0627 dn=0.0000 v13=0.0006 grl=0.0885 v15=0.0000 v15r=0.0000 v16=0.0000 v17=0.0000 v18=0.0000 acc=0.9906 lr=2.29e-04 lambda=0.000 grl_lambda=0.938 v18_lambda=0.000 gpu=3.0/15.8GB
[16:58:15] [train] ep=35 step=030/40 ce=0.3725 sc=0.8554 mi=0.0611 dn=0.0000 v13=0.0006 grl=0.0860 v15=0.0000 v15r=0.0000 v16=0.0000 v17=0.0000 v18=0.0000 acc=0.9896 lr=2.28e-04 lambda=0.000 grl_lambda=0.940 v18_lambda=0.000 gpu=3.0/15.8GB
[16:58:17] [train] ep=35 step=040/40 ce=0.3547 sc=0.8197 mi=0.0604 dn=0.0000 v13=0.0006 grl=0.0871 v15=0.0000 v15r=0.0000 v16=0.0000 v17=0.0000 v18=0.0000 acc=0.9922 lr=2.27e-04 lambda=0.000 grl_lambda=0.941 v18_lambda=0.000 gpu=3.0/15.8GB
[16:58:20] [ep_summary] ep=35/100 val_live=0.9568/0.9560 val_ema=0.9321/0.9334 test77_live=0.8597/0.8567 test77_diag_ema=0.4748/0.4181 v13=0.0006 grl=0.0871 v15=0.0000 v15r=0.0000 v16=0.0000 v17=0.0000 v18=0.0000 das=fixed_narrow[10,30] p=1.00 ep_time=10.2s
[16:58:20] [save] best_sourceval_ema val_acc_ema=0.9321 source_val_live=0.9568/0.9560 source_val_ema=0.9321/0.9334 ep=35
[16:58:20] [save] best_sourcequalified77_ema ep=35 source_val_live=0.9568/0.9560 source_val_ema=0.9321/0.9334 test77_ema=0.4748/0.4181
[16:58:20] [train] epoch 36/100 steps=40 use_dann=0 das=fixed_narrow f=[10.0,30.0] p=1.00 gpu=3.0/15.8GB
[16:58:20] [train] ep=36 step=001/40 ce=0.3160 sc=0.9994 mi=0.0638 dn=0.0000 v13=0.0006 grl=0.1006 v15=0.0000 v15r=0.0000 v16=0.0000 v17=0.0000 v18=0.0000 acc=1.0000 lr=2.26e-04 lambda=0.000 grl_lambda=0.941 v18_lambda=0.000 gpu=3.0/15.8GB
[16:58:22] [train] ep=36 step=010/40 ce=0.3601 sc=0.8090 mi=0.0598 dn=0.0000 v13=0.0007 grl=0.0860 v15=0.0000 v15r=0.0000 v16=0.0000 v17=0.0000 v18=0.0000 acc=0.9938 lr=2.25e-04 lambda=0.000 grl_lambda=0.943 v18_lambda=0.000 gpu=3.0/15.8GB
[16:58:25] [train] ep=36 step=020/40 ce=0.3137 sc=0.7785 mi=0.0584 dn=0.0000 v13=0.0007 grl=0.0813 v15=0.0000 v15r=0.0000 v16=0.0000 v17=0.0000 v18=0.0000 acc=0.9969 lr=2.24e-04 lambda=0.000 grl_lambda=0.944 v18_lambda=0.000 gpu=3.0/15.8GB
[16:58:27] [train] ep=36 step=030/40 ce=0.3015 sc=0.7932 mi=0.0586 dn=0.0000 v13=0.0006 grl=0.0834 v15=0.0000 v15r=0.0000 v16=0.0000 v17=0.0000 v18=0.0000 acc=0.9979 lr=2.23e-04 lambda=0.000 grl_lambda=0.945 v18_lambda=0.000 gpu=3.0/15.8GB
[16:58:29] [train] ep=36 step=040/40 ce=0.3351 sc=0.8244 mi=0.0596 dn=0.0000 v13=0.0007 grl=0.0819 v15=0.0000 v15r=0.0000 v16=0.0000 v17=0.0000 v18=0.0000 acc=0.9953 lr=2.22e-04 lambda=0.000 grl_lambda=0.947 v18_lambda=0.000 gpu=3.0/15.8GB
[16:58:32] [ep_summary] ep=36/100 val_live=0.9568/0.9560 val_ema=0.9383/0.9394 test77_live=0.8777/0.8684 test77_diag_ema=0.4964/0.4378 v13=0.0007 grl=0.0819 v15=0.0000 v15r=0.0000 v16=0.0000 v17=0.0000 v18=0.0000 das=fixed_narrow[10,30] p=1.00 ep_time=11.6s
[16:58:32] [save] best_sourceval_ema val_acc_ema=0.9383 source_val_live=0.9568/0.9560 source_val_ema=0.9383/0.9394 ep=36
[16:58:32] [save] best_sourcequalified77_ema ep=36 source_val_live=0.9568/0.9560 source_val_ema=0.9383/0.9394 test77_ema=0.4964/0.4378
[16:58:32] [train] epoch 37/100 steps=40 use_dann=0 das=fixed_narrow f=[10.0,30.0] p=1.00 gpu=3.0/15.8GB
[16:58:32] [train] ep=37 step=001/40 ce=0.2694 sc=1.1288 mi=0.0609 dn=0.0000 v13=0.0009 grl=0.0827 v15=0.0000 v15r=0.0000 v16=0.0000 v17=0.0000 v18=0.0000 acc=1.0000 lr=2.22e-04 lambda=0.000 grl_lambda=0.947 v18_lambda=0.000 gpu=3.0/15.8GB
[16:58:34] [train] ep=37 step=010/40 ce=0.3835 sc=0.8444 mi=0.0600 dn=0.0000 v13=0.0006 grl=0.0788 v15=0.0000 v15r=0.0000 v16=0.0000 v17=0.0000 v18=0.0000 acc=0.9875 lr=2.21e-04 lambda=0.000 grl_lambda=0.948 v18_lambda=0.000 gpu=3.0/15.8GB
[16:58:36] [train] ep=37 step=020/40 ce=0.3557 sc=0.8810 mi=0.0608 dn=0.0000 v13=0.0006 grl=0.0882 v15=0.0000 v15r=0.0000 v16=0.0000 v17=0.0000 v18=0.0000 acc=0.9938 lr=2.20e-04 lambda=0.000 grl_lambda=0.949 v18_lambda=0.000 gpu=3.0/15.8GB
[16:58:39] [train] ep=37 step=030/40 ce=0.3573 sc=0.8591 mi=0.0607 dn=0.0000 v13=0.0006 grl=0.0862 v15=0.0000 v15r=0.0000 v16=0.0000 v17=0.0000 v18=0.0000 acc=0.9938 lr=2.19e-04 lambda=0.000 grl_lambda=0.950 v18_lambda=0.000 gpu=3.0/15.8GB
[16:58:41] [train] ep=37 step=040/40 ce=0.3379 sc=0.8495 mi=0.0610 dn=0.0000 v13=0.0007 grl=0.0868 v15=0.0000 v15r=0.0000 v16=0.0000 v17=0.0000 v18=0.0000 acc=0.9953 lr=2.18e-04 lambda=0.000 grl_lambda=0.952 v18_lambda=0.000 gpu=3.0/15.8GB
[16:58:44] [ep_summary] ep=37/100 val_live=0.9630/0.9628 val_ema=0.9444/0.9453 test77_live=0.8633/0.8583 test77_diag_ema=0.5072/0.4513 v13=0.0007 grl=0.0868 v15=0.0000 v15r=0.0000 v16=0.0000 v17=0.0000 v18=0.0000 das=fixed_narrow[10,30] p=1.00 ep_time=11.8s
[16:58:44] [save] best_sourceval_ema val_acc_ema=0.9444 source_val_live=0.9630/0.9628 source_val_ema=0.9444/0.9453 ep=37
[16:58:44] [save] best_sourcequalified77_ema ep=37 source_val_live=0.9630/0.9628 source_val_ema=0.9444/0.9453 test77_ema=0.5072/0.4513
[16:58:44] [train] epoch 38/100 steps=40 use_dann=0 das=fixed_narrow f=[10.0,30.0] p=1.00 gpu=3.0/15.8GB
[16:58:44] [train] ep=38 step=001/40 ce=0.2637 sc=0.8805 mi=0.0633 dn=0.0000 v13=0.0005 grl=0.0841 v15=0.0000 v15r=0.0000 v16=0.0000 v17=0.0000 v18=0.0000 acc=1.0000 lr=2.18e-04 lambda=0.000 grl_lambda=0.952 v18_lambda=0.000 gpu=3.0/15.8GB
[16:58:46] [train] ep=38 step=010/40 ce=0.3000 sc=0.7148 mi=0.0627 dn=0.0000 v13=0.0007 grl=0.0895 v15=0.0000 v15r=0.0000 v16=0.0000 v17=0.0000 v18=0.0000 acc=1.0000 lr=2.17e-04 lambda=0.000 grl_lambda=0.953 v18_lambda=0.000 gpu=3.0/15.8GB
[16:58:48] [train] ep=38 step=020/40 ce=0.3709 sc=0.8067 mi=0.0621 dn=0.0000 v13=0.0007 grl=0.0823 v15=0.0000 v15r=0.0000 v16=0.0000 v17=0.0000 v18=0.0000 acc=0.9938 lr=2.16e-04 lambda=0.000 grl_lambda=0.954 v18_lambda=0.000 gpu=3.0/15.8GB
[16:58:50] [train] ep=38 step=030/40 ce=0.3520 sc=0.7622 mi=0.0628 dn=0.0000 v13=0.0006 grl=0.0861 v15=0.0000 v15r=0.0000 v16=0.0000 v17=0.0000 v18=0.0000 acc=0.9938 lr=2.15e-04 lambda=0.000 grl_lambda=0.955 v18_lambda=0.000 gpu=3.0/15.8GB
[16:58:52] [train] ep=38 step=040/40 ce=0.4084 sc=0.7825 mi=0.0619 dn=0.0000 v13=0.0007 grl=0.0864 v15=0.0000 v15r=0.0000 v16=0.0000 v17=0.0000 v18=0.0000 acc=0.9891 lr=2.14e-04 lambda=0.000 grl_lambda=0.956 v18_lambda=0.000 gpu=3.0/15.8GB
[16:58:55] [ep_summary] ep=38/100 val_live=0.9753/0.9755 val_ema=0.9444/0.9453 test77_live=0.7086/0.6727 test77_diag_ema=0.5360/0.4801 v13=0.0007 grl=0.0864 v15=0.0000 v15r=0.0000 v16=0.0000 v17=0.0000 v18=0.0000 das=fixed_narrow[10,30] p=1.00 ep_time=11.5s
[16:58:55] [save] best_sourcequalified77_ema ep=38 source_val_live=0.9753/0.9755 source_val_ema=0.9444/0.9453 test77_ema=0.5360/0.4801
[16:58:55] [train] epoch 39/100 steps=40 use_dann=0 das=fixed_narrow f=[10.0,30.0] p=1.00 gpu=3.0/15.8GB
[16:58:55] [train] ep=39 step=001/40 ce=0.2642 sc=0.4489 mi=0.0598 dn=0.0000 v13=0.0007 grl=0.0744 v15=0.0000 v15r=0.0000 v16=0.0000 v17=0.0000 v18=0.0000 acc=1.0000 lr=2.14e-04 lambda=0.000 grl_lambda=0.956 v18_lambda=0.000 gpu=3.0/15.8GB
[16:58:57] [train] ep=39 step=010/40 ce=0.6584 sc=0.9109 mi=0.0585 dn=0.0000 v13=0.0006 grl=0.0809 v15=0.0000 v15r=0.0000 v16=0.0000 v17=0.0000 v18=0.0000 acc=0.9812 lr=2.13e-04 lambda=0.000 grl_lambda=0.957 v18_lambda=0.000 gpu=3.0/15.8GB
[16:59:00] [train] ep=39 step=020/40 ce=0.5776 sc=0.9228 mi=0.0577 dn=0.0000 v13=0.0006 grl=0.0830 v15=0.0000 v15r=0.0000 v16=0.0000 v17=0.0000 v18=0.0000 acc=0.9844 lr=2.11e-04 lambda=0.000 grl_lambda=0.958 v18_lambda=0.000 gpu=3.0/15.8GB
[16:59:02] [train] ep=39 step=030/40 ce=0.5372 sc=0.9203 mi=0.0585 dn=0.0000 v13=0.0006 grl=0.0834 v15=0.0000 v15r=0.0000 v16=0.0000 v17=0.0000 v18=0.0000 acc=0.9854 lr=2.10e-04 lambda=0.000 grl_lambda=0.959 v18_lambda=0.000 gpu=3.0/15.8GB
[16:59:04] [train] ep=39 step=040/40 ce=0.4788 sc=0.8751 mi=0.0590 dn=0.0000 v13=0.0006 grl=0.0831 v15=0.0000 v15r=0.0000 v16=0.0000 v17=0.0000 v18=0.0000 acc=0.9891 lr=2.09e-04 lambda=0.000 grl_lambda=0.960 v18_lambda=0.000 gpu=3.0/15.8GB
[16:59:06] [ep_summary] ep=39/100 val_live=0.9691/0.9695 val_ema=0.9506/0.9510 test77_live=0.8381/0.8144 test77_diag_ema=0.5612/0.5112 v13=0.0006 grl=0.0831 v15=0.0000 v15r=0.0000 v16=0.0000 v17=0.0000 v18=0.0000 das=fixed_narrow[10,30] p=1.00 ep_time=11.2s
[16:59:06] [save] best_sourceval_ema val_acc_ema=0.9506 source_val_live=0.9691/0.9695 source_val_ema=0.9506/0.9510 ep=39
[16:59:07] [save] best_sourcequalified77_ema ep=39 source_val_live=0.9691/0.9695 source_val_ema=0.9506/0.9510 test77_ema=0.5612/0.5112
[16:59:07] [train] epoch 40/100 steps=40 use_dann=0 das=fixed_narrow f=[10.0,30.0] p=1.00 gpu=3.0/15.8GB
[16:59:07] [train] ep=40 step=001/40 ce=1.0701 sc=1.8665 mi=0.0555 dn=0.0000 v13=0.0008 grl=0.0833 v15=0.0000 v15r=0.0000 v16=0.0000 v17=0.0000 v18=0.0000 acc=0.9375 lr=2.09e-04 lambda=0.000 grl_lambda=0.960 v18_lambda=0.000 gpu=3.0/15.8GB
[16:59:08] [train] ep=40 step=010/40 ce=0.4990 sc=0.8646 mi=0.0592 dn=0.0000 v13=0.0007 grl=0.0807 v15=0.0000 v15r=0.0000 v16=0.0000 v17=0.0000 v18=0.0000 acc=0.9812 lr=2.08e-04 lambda=0.000 grl_lambda=0.961 v18_lambda=0.000 gpu=3.0/15.8GB
[16:59:10] [train] ep=40 step=020/40 ce=0.4448 sc=0.8781 mi=0.0592 dn=0.0000 v13=0.0007 grl=0.0807 v15=0.0000 v15r=0.0000 v16=0.0000 v17=0.0000 v18=0.0000 acc=0.9875 lr=2.07e-04 lambda=0.000 grl_lambda=0.962 v18_lambda=0.000 gpu=3.0/15.8GB
[16:59:12] [train] ep=40 step=030/40 ce=0.4299 sc=0.8875 mi=0.0586 dn=0.0000 v13=0.0007 grl=0.0820 v15=0.0000 v15r=0.0000 v16=0.0000 v17=0.0000 v18=0.0000 acc=0.9875 lr=2.06e-04 lambda=0.000 grl_lambda=0.963 v18_lambda=0.000 gpu=3.0/15.8GB
[16:59:14] [train] ep=40 step=040/40 ce=0.4300 sc=0.9077 mi=0.0598 dn=0.0000 v13=0.0007 grl=0.0860 v15=0.0000 v15r=0.0000 v16=0.0000 v17=0.0000 v18=0.0000 acc=0.9891 lr=2.05e-04 lambda=0.000 grl_lambda=0.964 v18_lambda=0.000 gpu=3.0/15.8GB
[16:59:17] [pool] check ep=040/100 source_val_acc_ema=0.9506 threshold=0.90
[16:59:18] [pool] ep=040 ADDED src_val=0.9506/0.9510 dev77=0.5786/0.5456 final77=0.5863/0.5385
[16:59:18] [pool] running best ep=040 dev77_f1=0.5456 final77_f1=0.5385 (pool_size=1)
[16:59:18] [ep_summary] ep=40/100 val_live=0.9630/0.9631 val_ema=0.9506/0.9510 test77_live=0.8561/0.8443 test77_diag_ema=0.5863/0.5385 v13=0.0007 grl=0.0860 v15=0.0000 v15r=0.0000 v16=0.0000 v17=0.0000 v18=0.0000 das=fixed_narrow[10,30] p=1.00 ep_time=11.9s
[16:59:18] [save] best_sourcequalified77_ema ep=40 source_val_live=0.9630/0.9631 source_val_ema=0.9506/0.9510 test77_ema=0.5863/0.5385
[16:59:18] [strict77_monitor] ep=40 best_source_epoch=39 source_val_ema=0.9506/0.9510 test77_ema_diag=0.5612/0.5112 sourcequalified_count=40 best_sourcequalified77_epoch=40 source_val_ema=0.9506/0.9510 test77_ema=0.5863/0.5385
[16:59:18] [train] epoch 41/100 steps=40 use_dann=0 das=fixed_narrow f=[10.0,30.0] p=1.00 gpu=3.0/15.8GB
[16:59:19] [train] ep=41 step=001/40 ce=0.2646 sc=0.6230 mi=0.0669 dn=0.0000 v13=0.0008 grl=0.0767 v15=0.0000 v15r=0.0000 v16=0.0000 v17=0.0000 v18=0.0000 acc=1.0000 lr=2.05e-04 lambda=0.000 grl_lambda=0.964 v18_lambda=0.000 gpu=3.0/15.8GB
[16:59:20] [train] ep=41 step=010/40 ce=0.3637 sc=0.7029 mi=0.0591 dn=0.0000 v13=0.0006 grl=0.0765 v15=0.0000 v15r=0.0000 v16=0.0000 v17=0.0000 v18=0.0000 acc=0.9938 lr=2.04e-04 lambda=0.000 grl_lambda=0.965 v18_lambda=0.000 gpu=3.0/15.8GB
[16:59:22] [train] ep=41 step=020/40 ce=0.3723 sc=0.7812 mi=0.0583 dn=0.0000 v13=0.0006 grl=0.0816 v15=0.0000 v15r=0.0000 v16=0.0000 v17=0.0000 v18=0.0000 acc=0.9938 lr=2.02e-04 lambda=0.000 grl_lambda=0.966 v18_lambda=0.000 gpu=3.0/15.8GB
[16:59:24] [train] ep=41 step=030/40 ce=0.3678 sc=0.8015 mi=0.0595 dn=0.0000 v13=0.0006 grl=0.0805 v15=0.0000 v15r=0.0000 v16=0.0000 v17=0.0000 v18=0.0000 acc=0.9938 lr=2.01e-04 lambda=0.000 grl_lambda=0.967 v18_lambda=0.000 gpu=3.0/15.8GB
[16:59:26] [train] ep=41 step=040/40 ce=0.3708 sc=0.7622 mi=0.0600 dn=0.0000 v13=0.0006 grl=0.0811 v15=0.0000 v15r=0.0000 v16=0.0000 v17=0.0000 v18=0.0000 acc=0.9938 lr=2.00e-04 lambda=0.000 grl_lambda=0.967 v18_lambda=0.000 gpu=3.0/15.8GB
[16:59:29] [ep_summary] ep=41/100 val_live=0.9691/0.9694 val_ema=0.9506/0.9509 test77_live=0.8813/0.8746 test77_diag_ema=0.6079/0.5592 v13=0.0006 grl=0.0811 v15=0.0000 v15r=0.0000 v16=0.0000 v17=0.0000 v18=0.0000 das=fixed_narrow[10,30] p=1.00 ep_time=10.3s
[16:59:29] [save] best_sourcequalified77_ema ep=41 source_val_live=0.9691/0.9694 source_val_ema=0.9506/0.9509 test77_ema=0.6079/0.5592
[16:59:29] [train] epoch 42/100 steps=40 use_dann=0 das=fixed_narrow f=[10.0,30.0] p=1.00 gpu=3.0/15.8GB
[16:59:29] [train] ep=42 step=001/40 ce=0.2987 sc=0.6216 mi=0.0618 dn=0.0000 v13=0.0005 grl=0.0830 v15=0.0000 v15r=0.0000 v16=0.0000 v17=0.0000 v18=0.0000 acc=1.0000 lr=2.00e-04 lambda=0.000 grl_lambda=0.967 v18_lambda=0.000 gpu=3.0/15.8GB
[16:59:31] [train] ep=42 step=010/40 ce=0.4149 sc=0.7881 mi=0.0581 dn=0.0000 v13=0.0005 grl=0.0915 v15=0.0000 v15r=0.0000 v16=0.0000 v17=0.0000 v18=0.0000 acc=0.9875 lr=1.99e-04 lambda=0.000 grl_lambda=0.968 v18_lambda=0.000 gpu=3.0/15.8GB
[16:59:32] [train] ep=42 step=020/40 ce=0.4536 sc=0.7769 mi=0.0598 dn=0.0000 v13=0.0006 grl=0.0889 v15=0.0000 v15r=0.0000 v16=0.0000 v17=0.0000 v18=0.0000 acc=0.9844 lr=1.98e-04 lambda=0.000 grl_lambda=0.969 v18_lambda=0.000 gpu=3.0/15.8GB
[16:59:34] [train] ep=42 step=030/40 ce=0.4585 sc=0.8201 mi=0.0595 dn=0.0000 v13=0.0005 grl=0.0874 v15=0.0000 v15r=0.0000 v16=0.0000 v17=0.0000 v18=0.0000 acc=0.9854 lr=1.97e-04 lambda=0.000 grl_lambda=0.970 v18_lambda=0.000 gpu=3.0/15.8GB
[16:59:36] [train] ep=42 step=040/40 ce=0.4326 sc=0.8318 mi=0.0592 dn=0.0000 v13=0.0005 grl=0.0849 v15=0.0000 v15r=0.0000 v16=0.0000 v17=0.0000 v18=0.0000 acc=0.9875 lr=1.96e-04 lambda=0.000 grl_lambda=0.970 v18_lambda=0.000 gpu=3.0/15.8GB
[16:59:39] [ep_summary] ep=42/100 val_live=0.9630/0.9631 val_ema=0.9506/0.9509 test77_live=0.8669/0.8665 test77_diag_ema=0.6259/0.5820 v13=0.0005 grl=0.0849 v15=0.0000 v15r=0.0000 v16=0.0000 v17=0.0000 v18=0.0000 das=fixed_narrow[10,30] p=1.00 ep_time=10.3s
[16:59:39] [save] best_sourcequalified77_ema ep=42 source_val_live=0.9630/0.9631 source_val_ema=0.9506/0.9509 test77_ema=0.6259/0.5820
[16:59:39] [train] epoch 43/100 steps=40 use_dann=0 das=fixed_narrow f=[10.0,30.0] p=1.00 gpu=3.0/15.8GB
[16:59:39] [train] ep=43 step=001/40 ce=0.4281 sc=0.7242 mi=0.0655 dn=0.0000 v13=0.0006 grl=0.1268 v15=0.0000 v15r=0.0000 v16=0.0000 v17=0.0000 v18=0.0000 acc=1.0000 lr=1.95e-04 lambda=0.000 grl_lambda=0.970 v18_lambda=0.000 gpu=3.0/15.8GB
[16:59:41] [train] ep=43 step=010/40 ce=0.3551 sc=0.8176 mi=0.0597 dn=0.0000 v13=0.0005 grl=0.0852 v15=0.0000 v15r=0.0000 v16=0.0000 v17=0.0000 v18=0.0000 acc=0.9938 lr=1.94e-04 lambda=0.000 grl_lambda=0.971 v18_lambda=0.000 gpu=3.0/15.8GB
[16:59:43] [train] ep=43 step=020/40 ce=0.3328 sc=0.8305 mi=0.0593 dn=0.0000 v13=0.0005 grl=0.0859 v15=0.0000 v15r=0.0000 v16=0.0000 v17=0.0000 v18=0.0000 acc=0.9969 lr=1.93e-04 lambda=0.000 grl_lambda=0.972 v18_lambda=0.000 gpu=3.0/15.8GB
[16:59:45] [train] ep=43 step=030/40 ce=0.3652 sc=0.8853 mi=0.0583 dn=0.0000 v13=0.0005 grl=0.0857 v15=0.0000 v15r=0.0000 v16=0.0000 v17=0.0000 v18=0.0000 acc=0.9938 lr=1.92e-04 lambda=0.000 grl_lambda=0.972 v18_lambda=0.000 gpu=3.0/15.8GB
[16:59:47] [train] ep=43 step=040/40 ce=0.3725 sc=0.8462 mi=0.0593 dn=0.0000 v13=0.0005 grl=0.0815 v15=0.0000 v15r=0.0000 v16=0.0000 v17=0.0000 v18=0.0000 acc=0.9938 lr=1.91e-04 lambda=0.000 grl_lambda=0.973 v18_lambda=0.000 gpu=3.0/15.8GB
[16:59:49] [ep_summary] ep=43/100 val_live=0.9630/0.9627 val_ema=0.9568/0.9568 test77_live=0.8525/0.8470 test77_diag_ema=0.6511/0.6068 v13=0.0005 grl=0.0815 v15=0.0000 v15r=0.0000 v16=0.0000 v17=0.0000 v18=0.0000 das=fixed_narrow[10,30] p=1.00 ep_time=10.3s
[16:59:49] [save] best_sourceval_ema val_acc_ema=0.9568 source_val_live=0.9630/0.9627 source_val_ema=0.9568/0.9568 ep=43
[16:59:49] [save] best_sourcequalified77_ema ep=43 source_val_live=0.9630/0.9627 source_val_ema=0.9568/0.9568 test77_ema=0.6511/0.6068
[16:59:49] [train] epoch 44/100 steps=40 use_dann=0 das=fixed_narrow f=[10.0,30.0] p=1.00 gpu=3.0/15.8GB
[16:59:50] [train] ep=44 step=001/40 ce=1.0098 sc=1.0393 mi=0.0594 dn=0.0000 v13=0.0004 grl=0.0701 v15=0.0000 v15r=0.0000 v16=0.0000 v17=0.0000 v18=0.0000 acc=0.9375 lr=1.91e-04 lambda=0.000 grl_lambda=0.973 v18_lambda=0.000 gpu=3.0/15.8GB
[16:59:51] [train] ep=44 step=010/40 ce=0.3551 sc=0.8050 mi=0.0571 dn=0.0000 v13=0.0007 grl=0.0709 v15=0.0000 v15r=0.0000 v16=0.0000 v17=0.0000 v18=0.0000 acc=0.9938 lr=1.90e-04 lambda=0.000 grl_lambda=0.974 v18_lambda=0.000 gpu=3.0/15.8GB
[16:59:53] [train] ep=44 step=020/40 ce=0.3466 sc=0.8483 mi=0.0568 dn=0.0000 v13=0.0006 grl=0.0731 v15=0.0000 v15r=0.0000 v16=0.0000 v17=0.0000 v18=0.0000 acc=0.9938 lr=1.89e-04 lambda=0.000 grl_lambda=0.974 v18_lambda=0.000 gpu=3.0/15.8GB
[16:59:56] [train] ep=44 step=030/40 ce=0.3430 sc=0.7970 mi=0.0566 dn=0.0000 v13=0.0006 grl=0.0726 v15=0.0000 v15r=0.0000 v16=0.0000 v17=0.0000 v18=0.0000 acc=0.9938 lr=1.87e-04 lambda=0.000 grl_lambda=0.975 v18_lambda=0.000 gpu=3.0/15.8GB
[16:59:58] [train] ep=44 step=040/40 ce=0.3321 sc=0.7719 mi=0.0573 dn=0.0000 v13=0.0006 grl=0.0740 v15=0.0000 v15r=0.0000 v16=0.0000 v17=0.0000 v18=0.0000 acc=0.9953 lr=1.86e-04 lambda=0.000 grl_lambda=0.976 v18_lambda=0.000 gpu=3.0/15.8GB
[17:00:01] [ep_summary] ep=44/100 val_live=0.9691/0.9694 val_ema=0.9630/0.9626 test77_live=0.8993/0.8954 test77_diag_ema=0.6619/0.6152 v13=0.0006 grl=0.0740 v15=0.0000 v15r=0.0000 v16=0.0000 v17=0.0000 v18=0.0000 das=fixed_narrow[10,30] p=1.00 ep_time=11.1s
[17:00:01] [save] best_sourceval_ema val_acc_ema=0.9630 source_val_live=0.9691/0.9694 source_val_ema=0.9630/0.9626 ep=44
[17:00:01] [save] best_sourcequalified77_ema ep=44 source_val_live=0.9691/0.9694 source_val_ema=0.9630/0.9626 test77_ema=0.6619/0.6152
[17:00:01] [train] epoch 45/100 steps=40 use_dann=0 das=fixed_narrow f=[10.0,30.0] p=1.00 gpu=3.0/15.8GB
[17:00:01] [train] ep=45 step=001/40 ce=0.7404 sc=1.4589 mi=0.0637 dn=0.0000 v13=0.0004 grl=0.0873 v15=0.0000 v15r=0.0000 v16=0.0000 v17=0.0000 v18=0.0000 acc=0.9375 lr=1.86e-04 lambda=0.000 grl_lambda=0.976 v18_lambda=0.000 gpu=3.0/15.8GB
[17:00:03] [train] ep=45 step=010/40 ce=0.3757 sc=0.8181 mi=0.0581 dn=0.0000 v13=0.0005 grl=0.0760 v15=0.0000 v15r=0.0000 v16=0.0000 v17=0.0000 v18=0.0000 acc=0.9875 lr=1.85e-04 lambda=0.000 grl_lambda=0.976 v18_lambda=0.000 gpu=3.0/15.8GB
[17:00:05] [train] ep=45 step=020/40 ce=0.4062 sc=0.7697 mi=0.0579 dn=0.0000 v13=0.0005 grl=0.0795 v15=0.0000 v15r=0.0000 v16=0.0000 v17=0.0000 v18=0.0000 acc=0.9844 lr=1.84e-04 lambda=0.000 grl_lambda=0.977 v18_lambda=0.000 gpu=3.0/15.8GB
[17:00:07] [train] ep=45 step=030/40 ce=0.4450 sc=0.8340 mi=0.0576 dn=0.0000 v13=0.0005 grl=0.0832 v15=0.0000 v15r=0.0000 v16=0.0000 v17=0.0000 v18=0.0000 acc=0.9812 lr=1.83e-04 lambda=0.000 grl_lambda=0.977 v18_lambda=0.000 gpu=3.0/15.8GB
[17:00:09] [train] ep=45 step=040/40 ce=0.4295 sc=0.8582 mi=0.0586 dn=0.0000 v13=0.0005 grl=0.0849 v15=0.0000 v15r=0.0000 v16=0.0000 v17=0.0000 v18=0.0000 acc=0.9828 lr=1.81e-04 lambda=0.000 grl_lambda=0.978 v18_lambda=0.000 gpu=3.0/15.8GB
[17:00:11] [ep_summary] ep=45/100 val_live=0.9568/0.9577 val_ema=0.9630/0.9626 test77_live=0.8885/0.8827 test77_diag_ema=0.6763/0.6352 v13=0.0005 grl=0.0849 v15=0.0000 v15r=0.0000 v16=0.0000 v17=0.0000 v18=0.0000 das=fixed_narrow[10,30] p=1.00 ep_time=10.7s
[17:00:11] [save] best_sourcequalified77_ema ep=45 source_val_live=0.9568/0.9577 source_val_ema=0.9630/0.9626 test77_ema=0.6763/0.6352
[17:00:11] [train] epoch 46/100 steps=40 use_dann=0 das=fixed_narrow f=[10.0,30.0] p=1.00 gpu=3.0/15.8GB
[17:00:12] [train] ep=46 step=001/40 ce=0.3464 sc=0.7010 mi=0.0522 dn=0.0000 v13=0.0003 grl=0.1339 v15=0.0000 v15r=0.0000 v16=0.0000 v17=0.0000 v18=0.0000 acc=1.0000 lr=1.81e-04 lambda=0.000 grl_lambda=0.978 v18_lambda=0.000 gpu=3.0/15.8GB
[17:00:14] [train] ep=46 step=010/40 ce=0.3421 sc=0.8412 mi=0.0552 dn=0.0000 v13=0.0006 grl=0.0889 v15=0.0000 v15r=0.0000 v16=0.0000 v17=0.0000 v18=0.0000 acc=0.9938 lr=1.80e-04 lambda=0.000 grl_lambda=0.979 v18_lambda=0.000 gpu=3.0/15.8GB
[17:00:16] [train] ep=46 step=020/40 ce=0.3051 sc=0.8575 mi=0.0570 dn=0.0000 v13=0.0005 grl=0.0800 v15=0.0000 v15r=0.0000 v16=0.0000 v17=0.0000 v18=0.0000 acc=0.9969 lr=1.79e-04 lambda=0.000 grl_lambda=0.979 v18_lambda=0.000 gpu=3.0/15.8GB
[17:00:18] [train] ep=46 step=030/40 ce=0.3612 sc=0.8887 mi=0.0584 dn=0.0000 v13=0.0005 grl=0.0810 v15=0.0000 v15r=0.0000 v16=0.0000 v17=0.0000 v18=0.0000 acc=0.9958 lr=1.78e-04 lambda=0.000 grl_lambda=0.980 v18_lambda=0.000 gpu=3.0/15.8GB
[17:00:20] [train] ep=46 step=040/40 ce=0.3674 sc=0.8935 mi=0.0583 dn=0.0000 v13=0.0005 grl=0.0809 v15=0.0000 v15r=0.0000 v16=0.0000 v17=0.0000 v18=0.0000 acc=0.9938 lr=1.77e-04 lambda=0.000 grl_lambda=0.980 v18_lambda=0.000 gpu=3.0/15.8GB
[17:00:22] [ep_summary] ep=46/100 val_live=0.9630/0.9628 val_ema=0.9630/0.9626 test77_live=0.8417/0.8394 test77_diag_ema=0.7194/0.6789 v13=0.0005 grl=0.0809 v15=0.0000 v15r=0.0000 v16=0.0000 v17=0.0000 v18=0.0000 das=fixed_narrow[10,30] p=1.00 ep_time=11.0s
[17:00:22] [save] best_sourcequalified77_ema ep=46 source_val_live=0.9630/0.9628 source_val_ema=0.9630/0.9626 test77_ema=0.7194/0.6789
[17:00:22] [train] epoch 47/100 steps=40 use_dann=0 das=fixed_narrow f=[10.0,30.0] p=1.00 gpu=3.0/15.8GB
[17:00:23] [train] ep=47 step=001/40 ce=1.0602 sc=1.2531 mi=0.0702 dn=0.0000 v13=0.0006 grl=0.0729 v15=0.0000 v15r=0.0000 v16=0.0000 v17=0.0000 v18=0.0000 acc=0.9375 lr=1.77e-04 lambda=0.000 grl_lambda=0.980 v18_lambda=0.000 gpu=3.0/15.8GB
[17:00:24] [train] ep=47 step=010/40 ce=0.4213 sc=0.9742 mi=0.0611 dn=0.0000 v13=0.0006 grl=0.0936 v15=0.0000 v15r=0.0000 v16=0.0000 v17=0.0000 v18=0.0000 acc=0.9875 lr=1.76e-04 lambda=0.000 grl_lambda=0.981 v18_lambda=0.000 gpu=3.0/15.8GB
[17:00:26] [train] ep=47 step=020/40 ce=0.3735 sc=0.9433 mi=0.0610 dn=0.0000 v13=0.0005 grl=0.0887 v15=0.0000 v15r=0.0000 v16=0.0000 v17=0.0000 v18=0.0000 acc=0.9906 lr=1.74e-04 lambda=0.000 grl_lambda=0.981 v18_lambda=0.000 gpu=3.0/15.8GB
[17:00:28] [train] ep=47 step=030/40 ce=0.3668 sc=0.8856 mi=0.0609 dn=0.0000 v13=0.0005 grl=0.0879 v15=0.0000 v15r=0.0000 v16=0.0000 v17=0.0000 v18=0.0000 acc=0.9917 lr=1.73e-04 lambda=0.000 grl_lambda=0.981 v18_lambda=0.000 gpu=3.0/15.8GB
[17:00:30] [train] ep=47 step=040/40 ce=0.3830 sc=0.8618 mi=0.0618 dn=0.0000 v13=0.0005 grl=0.0845 v15=0.0000 v15r=0.0000 v16=0.0000 v17=0.0000 v18=0.0000 acc=0.9906 lr=1.72e-04 lambda=0.000 grl_lambda=0.982 v18_lambda=0.000 gpu=3.0/15.8GB
[17:00:32] [ep_summary] ep=47/100 val_live=0.9630/0.9628 val_ema=0.9630/0.9626 test77_live=0.9029/0.9001 test77_diag_ema=0.7374/0.6990 v13=0.0005 grl=0.0845 v15=0.0000 v15r=0.0000 v16=0.0000 v17=0.0000 v18=0.0000 das=fixed_narrow[10,30] p=1.00 ep_time=10.1s
[17:00:32] [save] best_sourcequalified77_ema ep=47 source_val_live=0.9630/0.9628 source_val_ema=0.9630/0.9626 test77_ema=0.7374/0.6990
[17:00:33] [train] epoch 48/100 steps=40 use_dann=0 das=fixed_narrow f=[10.0,30.0] p=1.00 gpu=3.0/15.8GB
[17:00:33] [train] ep=48 step=001/40 ce=0.2603 sc=0.7322 mi=0.0472 dn=0.0000 v13=0.0005 grl=0.0522 v15=0.0000 v15r=0.0000 v16=0.0000 v17=0.0000 v18=0.0000 acc=1.0000 lr=1.72e-04 lambda=0.000 grl_lambda=0.982 v18_lambda=0.000 gpu=3.0/15.8GB
[17:00:34] [train] ep=48 step=010/40 ce=0.3328 sc=0.8003 mi=0.0586 dn=0.0000 v13=0.0005 grl=0.0603 v15=0.0000 v15r=0.0000 v16=0.0000 v17=0.0000 v18=0.0000 acc=0.9938 lr=1.71e-04 lambda=0.000 grl_lambda=0.982 v18_lambda=0.000 gpu=3.0/15.8GB
[17:00:36] [train] ep=48 step=020/40 ce=0.3577 sc=0.7681 mi=0.0600 dn=0.0000 v13=0.0005 grl=0.0716 v15=0.0000 v15r=0.0000 v16=0.0000 v17=0.0000 v18=0.0000 acc=0.9938 lr=1.69e-04 lambda=0.000 grl_lambda=0.983 v18_lambda=0.000 gpu=3.0/15.8GB
[17:00:38] [train] ep=48 step=030/40 ce=0.3540 sc=0.8016 mi=0.0608 dn=0.0000 v13=0.0005 grl=0.0750 v15=0.0000 v15r=0.0000 v16=0.0000 v17=0.0000 v18=0.0000 acc=0.9938 lr=1.68e-04 lambda=0.000 grl_lambda=0.983 v18_lambda=0.000 gpu=3.0/15.8GB
[17:00:40] [train] ep=48 step=040/40 ce=0.3364 sc=0.7941 mi=0.0607 dn=0.0000 v13=0.0005 grl=0.0765 v15=0.0000 v15r=0.0000 v16=0.0000 v17=0.0000 v18=0.0000 acc=0.9953 lr=1.67e-04 lambda=0.000 grl_lambda=0.984 v18_lambda=0.000 gpu=3.0/15.8GB
[17:00:43] [ep_summary] ep=48/100 val_live=0.9815/0.9820 val_ema=0.9630/0.9626 test77_live=0.8741/0.8745 test77_diag_ema=0.7590/0.7201 v13=0.0005 grl=0.0765 v15=0.0000 v15r=0.0000 v16=0.0000 v17=0.0000 v18=0.0000 das=fixed_narrow[10,30] p=1.00 ep_time=10.2s
[17:00:43] [save] best_sourcequalified77_ema ep=48 source_val_live=0.9815/0.9820 source_val_ema=0.9630/0.9626 test77_ema=0.7590/0.7201
[17:00:43] [train] epoch 49/100 steps=40 use_dann=0 das=fixed_narrow f=[10.0,30.0] p=1.00 gpu=3.0/15.8GB
[17:00:43] [train] ep=49 step=001/40 ce=0.3269 sc=0.7941 mi=0.0636 dn=0.0000 v13=0.0010 grl=0.0741 v15=0.0000 v15r=0.0000 v16=0.0000 v17=0.0000 v18=0.0000 acc=1.0000 lr=1.67e-04 lambda=0.000 grl_lambda=0.984 v18_lambda=0.000 gpu=3.0/15.8GB
[17:00:45] [train] ep=49 step=010/40 ce=0.3574 sc=0.6808 mi=0.0604 dn=0.0000 v13=0.0007 grl=0.0789 v15=0.0000 v15r=0.0000 v16=0.0000 v17=0.0000 v18=0.0000 acc=0.9938 lr=1.66e-04 lambda=0.000 grl_lambda=0.984 v18_lambda=0.000 gpu=3.0/15.8GB
[17:00:46] [train] ep=49 step=020/40 ce=0.3197 sc=0.7158 mi=0.0607 dn=0.0000 v13=0.0006 grl=0.0867 v15=0.0000 v15r=0.0000 v16=0.0000 v17=0.0000 v18=0.0000 acc=0.9969 lr=1.65e-04 lambda=0.000 grl_lambda=0.984 v18_lambda=0.000 gpu=3.0/15.8GB
[17:00:48] [train] ep=49 step=030/40 ce=0.3376 sc=0.7355 mi=0.0590 dn=0.0000 v13=0.0006 grl=0.0893 v15=0.0000 v15r=0.0000 v16=0.0000 v17=0.0000 v18=0.0000 acc=0.9958 lr=1.63e-04 lambda=0.000 grl_lambda=0.985 v18_lambda=0.000 gpu=3.0/15.8GB
[17:00:50] [train] ep=49 step=040/40 ce=0.3712 sc=0.7931 mi=0.0587 dn=0.0000 v13=0.0006 grl=0.0867 v15=0.0000 v15r=0.0000 v16=0.0000 v17=0.0000 v18=0.0000 acc=0.9938 lr=1.62e-04 lambda=0.000 grl_lambda=0.985 v18_lambda=0.000 gpu=3.0/15.8GB
[17:00:53] [ep_summary] ep=49/100 val_live=0.9383/0.9378 val_ema=0.9630/0.9626 test77_live=0.8561/0.8447 test77_diag_ema=0.7554/0.7207 v13=0.0006 grl=0.0867 v15=0.0000 v15r=0.0000 v16=0.0000 v17=0.0000 v18=0.0000 das=fixed_narrow[10,30] p=1.00 ep_time=10.2s
[17:00:53] [save] best_sourcequalified77_ema ep=49 source_val_live=0.9383/0.9378 source_val_ema=0.9630/0.9626 test77_ema=0.7554/0.7207
[17:00:53] [train] epoch 50/100 steps=40 use_dann=0 das=fixed_narrow f=[10.0,30.0] p=1.00 gpu=3.0/15.8GB
[17:00:53] [train] ep=50 step=001/40 ce=0.2834 sc=0.6362 mi=0.0611 dn=0.0000 v13=0.0008 grl=0.0697 v15=0.0000 v15r=0.0000 v16=0.0000 v17=0.0000 v18=0.0000 acc=1.0000 lr=1.62e-04 lambda=0.000 grl_lambda=0.985 v18_lambda=0.000 gpu=3.0/15.8GB
[17:00:55] [train] ep=50 step=010/40 ce=0.3836 sc=0.8800 mi=0.0625 dn=0.0000 v13=0.0006 grl=0.0767 v15=0.0000 v15r=0.0000 v16=0.0000 v17=0.0000 v18=0.0000 acc=0.9938 lr=1.61e-04 lambda=0.000 grl_lambda=0.986 v18_lambda=0.000 gpu=3.0/15.8GB
[17:00:57] [train] ep=50 step=020/40 ce=0.3739 sc=0.8360 mi=0.0619 dn=0.0000 v13=0.0006 grl=0.0736 v15=0.0000 v15r=0.0000 v16=0.0000 v17=0.0000 v18=0.0000 acc=0.9938 lr=1.60e-04 lambda=0.000 grl_lambda=0.986 v18_lambda=0.000 gpu=3.0/15.8GB
[17:00:59] [train] ep=50 step=030/40 ce=0.3577 sc=0.8276 mi=0.0606 dn=0.0000 v13=0.0006 grl=0.0717 v15=0.0000 v15r=0.0000 v16=0.0000 v17=0.0000 v18=0.0000 acc=0.9958 lr=1.59e-04 lambda=0.000 grl_lambda=0.986 v18_lambda=0.000 gpu=3.0/15.8GB
[17:01:01] [train] ep=50 step=040/40 ce=0.3578 sc=0.8199 mi=0.0604 dn=0.0000 v13=0.0006 grl=0.0749 v15=0.0000 v15r=0.0000 v16=0.0000 v17=0.0000 v18=0.0000 acc=0.9953 lr=1.57e-04 lambda=0.000 grl_lambda=0.987 v18_lambda=0.000 gpu=3.0/15.8GB
[17:01:04] [pool] check ep=050/100 source_val_acc_ema=0.9630 threshold=0.90
[17:01:05] [pool] ep=050 ADDED src_val=0.9630/0.9626 dev77=0.7571/0.7180 final77=0.7626/0.7267
[17:01:05] [pool] running best ep=050 dev77_f1=0.7180 final77_f1=0.7267 (pool_size=2)
[17:01:05] [ep_summary] ep=50/100 val_live=0.9568/0.9577 val_ema=0.9630/0.9626 test77_live=0.8777/0.8736 test77_diag_ema=0.7626/0.7267 v13=0.0006 grl=0.0749 v15=0.0000 v15r=0.0000 v16=0.0000 v17=0.0000 v18=0.0000 das=fixed_narrow[10,30] p=1.00 ep_time=12.0s
[17:01:05] [save] best_sourcequalified77_ema ep=50 source_val_live=0.9568/0.9577 source_val_ema=0.9630/0.9626 test77_ema=0.7626/0.7267
[17:01:05] [strict77_monitor] ep=50 best_source_epoch=44 source_val_ema=0.9630/0.9626 test77_ema_diag=0.6619/0.6152 sourcequalified_count=50 best_sourcequalified77_epoch=50 source_val_ema=0.9630/0.9626 test77_ema=0.7626/0.7267
[17:01:05] [train] epoch 51/100 steps=40 use_dann=0 das=fixed_narrow f=[10.0,30.0] p=1.00 gpu=3.0/15.8GB
[17:01:05] [train] ep=51 step=001/40 ce=0.2612 sc=1.3600 mi=0.0630 dn=0.0000 v13=0.0008 grl=0.0586 v15=0.0000 v15r=0.0000 v16=0.0000 v17=0.0000 v18=0.0000 acc=1.0000 lr=1.57e-04 lambda=0.000 grl_lambda=0.987 v18_lambda=0.000 gpu=3.0/15.8GB
[17:01:07] [train] ep=51 step=010/40 ce=0.3343 sc=0.8924 mi=0.0602 dn=0.0000 v13=0.0005 grl=0.0820 v15=0.0000 v15r=0.0000 v16=0.0000 v17=0.0000 v18=0.0000 acc=0.9938 lr=1.56e-04 lambda=0.000 grl_lambda=0.987 v18_lambda=0.000 gpu=3.0/15.8GB
[17:01:09] [train] ep=51 step=020/40 ce=0.3173 sc=0.8835 mi=0.0601 dn=0.0000 v13=0.0005 grl=0.0822 v15=0.0000 v15r=0.0000 v16=0.0000 v17=0.0000 v18=0.0000 acc=0.9969 lr=1.55e-04 lambda=0.000 grl_lambda=0.987 v18_lambda=0.000 gpu=3.0/15.8GB
[17:01:10] [train] ep=51 step=030/40 ce=0.3906 sc=0.9602 mi=0.0598 dn=0.0000 v13=0.0005 grl=0.0827 v15=0.0000 v15r=0.0000 v16=0.0000 v17=0.0000 v18=0.0000 acc=0.9896 lr=1.54e-04 lambda=0.000 grl_lambda=0.988 v18_lambda=0.000 gpu=3.0/15.8GB
[17:01:12] [train] ep=51 step=040/40 ce=0.3907 sc=0.9466 mi=0.0589 dn=0.0000 v13=0.0005 grl=0.0829 v15=0.0000 v15r=0.0000 v16=0.0000 v17=0.0000 v18=0.0000 acc=0.9906 lr=1.53e-04 lambda=0.000 grl_lambda=0.988 v18_lambda=0.000 gpu=3.0/15.8GB
[17:01:15] [ep_summary] ep=51/100 val_live=0.9630/0.9628 val_ema=0.9630/0.9626 test77_live=0.8561/0.8499 test77_diag_ema=0.7734/0.7360 v13=0.0005 grl=0.0829 v15=0.0000 v15r=0.0000 v16=0.0000 v17=0.0000 v18=0.0000 das=fixed_narrow[10,30] p=1.00 ep_time=10.1s
[17:01:15] [save] best_sourcequalified77_ema ep=51 source_val_live=0.9630/0.9628 source_val_ema=0.9630/0.9626 test77_ema=0.7734/0.7360
[17:01:15] [train] epoch 52/100 steps=40 use_dann=0 das=fixed_narrow f=[10.0,30.0] p=1.00 gpu=3.0/15.8GB
[17:01:15] [train] ep=52 step=001/40 ce=0.2607 sc=0.5634 mi=0.0709 dn=0.0000 v13=0.0004 grl=0.1011 v15=0.0000 v15r=0.0000 v16=0.0000 v17=0.0000 v18=0.0000 acc=1.0000 lr=1.52e-04 lambda=0.000 grl_lambda=0.988 v18_lambda=0.000 gpu=3.0/15.8GB
[17:01:17] [train] ep=52 step=010/40 ce=0.3220 sc=0.6953 mi=0.0592 dn=0.0000 v13=0.0005 grl=0.0731 v15=0.0000 v15r=0.0000 v16=0.0000 v17=0.0000 v18=0.0000 acc=0.9938 lr=1.51e-04 lambda=0.000 grl_lambda=0.988 v18_lambda=0.000 gpu=3.0/15.8GB
[17:01:19] [train] ep=52 step=020/40 ce=0.3519 sc=0.7396 mi=0.0587 dn=0.0000 v13=0.0005 grl=0.0874 v15=0.0000 v15r=0.0000 v16=0.0000 v17=0.0000 v18=0.0000 acc=0.9906 lr=1.50e-04 lambda=0.000 grl_lambda=0.988 v18_lambda=0.000 gpu=3.0/15.8GB
[17:01:21] [train] ep=52 step=030/40 ce=0.3857 sc=0.7684 mi=0.0575 dn=0.0000 v13=0.0005 grl=0.0880 v15=0.0000 v15r=0.0000 v16=0.0000 v17=0.0000 v18=0.0000 acc=0.9917 lr=1.49e-04 lambda=0.000 grl_lambda=0.989 v18_lambda=0.000 gpu=3.0/15.8GB
[17:01:23] [train] ep=52 step=040/40 ce=0.3745 sc=0.7929 mi=0.0565 dn=0.0000 v13=0.0005 grl=0.0852 v15=0.0000 v15r=0.0000 v16=0.0000 v17=0.0000 v18=0.0000 acc=0.9922 lr=1.48e-04 lambda=0.000 grl_lambda=0.989 v18_lambda=0.000 gpu=3.0/15.8GB
[17:01:26] [ep_summary] ep=52/100 val_live=0.9753/0.9749 val_ema=0.9630/0.9626 test77_live=0.7554/0.7480 test77_diag_ema=0.7878/0.7499 v13=0.0005 grl=0.0852 v15=0.0000 v15r=0.0000 v16=0.0000 v17=0.0000 v18=0.0000 das=fixed_narrow[10,30] p=1.00 ep_time=10.9s
[17:01:26] [save] best_sourcequalified77_ema ep=52 source_val_live=0.9753/0.9749 source_val_ema=0.9630/0.9626 test77_ema=0.7878/0.7499
[17:01:26] [train] epoch 53/100 steps=40 use_dann=0 das=fixed_narrow f=[10.0,30.0] p=1.00 gpu=3.0/15.8GB
[17:01:26] [train] ep=53 step=001/40 ce=0.2677 sc=0.9317 mi=0.0674 dn=0.0000 v13=0.0006 grl=0.1402 v15=0.0000 v15r=0.0000 v16=0.0000 v17=0.0000 v18=0.0000 acc=1.0000 lr=1.48e-04 lambda=0.000 grl_lambda=0.989 v18_lambda=0.000 gpu=3.0/15.8GB
[17:01:28] [train] ep=53 step=010/40 ce=0.4446 sc=0.8263 mi=0.0590 dn=0.0000 v13=0.0005 grl=0.0826 v15=0.0000 v15r=0.0000 v16=0.0000 v17=0.0000 v18=0.0000 acc=0.9938 lr=1.46e-04 lambda=0.000 grl_lambda=0.989 v18_lambda=0.000 gpu=3.0/15.8GB
[17:01:30] [train] ep=53 step=020/40 ce=0.3672 sc=0.7705 mi=0.0591 dn=0.0000 v13=0.0005 grl=0.0804 v15=0.0000 v15r=0.0000 v16=0.0000 v17=0.0000 v18=0.0000 acc=0.9969 lr=1.45e-04 lambda=0.000 grl_lambda=0.990 v18_lambda=0.000 gpu=3.0/15.8GB
[17:01:32] [train] ep=53 step=030/40 ce=0.3529 sc=0.7548 mi=0.0590 dn=0.0000 v13=0.0005 grl=0.0781 v15=0.0000 v15r=0.0000 v16=0.0000 v17=0.0000 v18=0.0000 acc=0.9958 lr=1.44e-04 lambda=0.000 grl_lambda=0.990 v18_lambda=0.000 gpu=3.0/15.8GB
[17:01:34] [train] ep=53 step=040/40 ce=0.3550 sc=0.7623 mi=0.0586 dn=0.0000 v13=0.0005 grl=0.0747 v15=0.0000 v15r=0.0000 v16=0.0000 v17=0.0000 v18=0.0000 acc=0.9953 lr=1.43e-04 lambda=0.000 grl_lambda=0.990 v18_lambda=0.000 gpu=3.0/15.8GB
[17:01:37] [ep_summary] ep=53/100 val_live=0.9753/0.9756 val_ema=0.9691/0.9689 test77_live=0.8633/0.8567 test77_diag_ema=0.7914/0.7611 v13=0.0005 grl=0.0747 v15=0.0000 v15r=0.0000 v16=0.0000 v17=0.0000 v18=0.0000 das=fixed_narrow[10,30] p=1.00 ep_time=10.7s
[17:01:37] [save] best_sourceval_ema val_acc_ema=0.9691 source_val_live=0.9753/0.9756 source_val_ema=0.9691/0.9689 ep=53
[17:01:37] [save] best_sourcequalified77_ema ep=53 source_val_live=0.9753/0.9756 source_val_ema=0.9691/0.9689 test77_ema=0.7914/0.7611
[17:01:37] [train] epoch 54/100 steps=40 use_dann=0 das=fixed_narrow f=[10.0,30.0] p=1.00 gpu=3.0/15.8GB
[17:01:37] [train] ep=54 step=001/40 ce=0.2611 sc=1.0803 mi=0.0524 dn=0.0000 v13=0.0003 grl=0.0742 v15=0.0000 v15r=0.0000 v16=0.0000 v17=0.0000 v18=0.0000 acc=1.0000 lr=1.43e-04 lambda=0.000 grl_lambda=0.990 v18_lambda=0.000 gpu=3.0/15.8GB
[17:01:39] [train] ep=54 step=010/40 ce=0.4553 sc=1.0135 mi=0.0586 dn=0.0000 v13=0.0006 grl=0.0964 v15=0.0000 v15r=0.0000 v16=0.0000 v17=0.0000 v18=0.0000 acc=0.9875 lr=1.42e-04 lambda=0.000 grl_lambda=0.990 v18_lambda=0.000 gpu=3.0/15.8GB
[17:01:41] [train] ep=54 step=020/40 ce=0.3643 sc=0.8727 mi=0.0586 dn=0.0000 v13=0.0006 grl=0.0919 v15=0.0000 v15r=0.0000 v16=0.0000 v17=0.0000 v18=0.0000 acc=0.9938 lr=1.40e-04 lambda=0.000 grl_lambda=0.991 v18_lambda=0.000 gpu=3.0/15.8GB
[17:01:43] [train] ep=54 step=030/40 ce=0.3307 sc=0.8275 mi=0.0576 dn=0.0000 v13=0.0006 grl=0.0887 v15=0.0000 v15r=0.0000 v16=0.0000 v17=0.0000 v18=0.0000 acc=0.9958 lr=1.39e-04 lambda=0.000 grl_lambda=0.991 v18_lambda=0.000 gpu=3.0/15.8GB
[17:01:45] [train] ep=54 step=040/40 ce=0.3445 sc=0.8395 mi=0.0569 dn=0.0000 v13=0.0006 grl=0.0839 v15=0.0000 v15r=0.0000 v16=0.0000 v17=0.0000 v18=0.0000 acc=0.9953 lr=1.38e-04 lambda=0.000 grl_lambda=0.991 v18_lambda=0.000 gpu=3.0/15.8GB
[17:01:48] [ep_summary] ep=54/100 val_live=0.9753/0.9756 val_ema=0.9568/0.9563 test77_live=0.8597/0.8452 test77_diag_ema=0.7950/0.7681 v13=0.0006 grl=0.0839 v15=0.0000 v15r=0.0000 v16=0.0000 v17=0.0000 v18=0.0000 das=fixed_narrow[10,30] p=1.00 ep_time=11.3s
[17:01:48] [save] best_sourcequalified77_ema ep=54 source_val_live=0.9753/0.9756 source_val_ema=0.9568/0.9563 test77_ema=0.7950/0.7681
[17:01:48] [train] epoch 55/100 steps=40 use_dann=0 das=fixed_narrow f=[10.0,30.0] p=1.00 gpu=3.0/15.8GB
[17:01:48] [train] ep=55 step=001/40 ce=0.7580 sc=0.8574 mi=0.0589 dn=0.0000 v13=0.0007 grl=0.1210 v15=0.0000 v15r=0.0000 v16=0.0000 v17=0.0000 v18=0.0000 acc=0.9375 lr=1.38e-04 lambda=0.000 grl_lambda=0.991 v18_lambda=0.000 gpu=3.0/15.8GB
[17:01:50] [train] ep=55 step=010/40 ce=0.4058 sc=0.8350 mi=0.0567 dn=0.0000 v13=0.0005 grl=0.0811 v15=0.0000 v15r=0.0000 v16=0.0000 v17=0.0000 v18=0.0000 acc=0.9875 lr=1.37e-04 lambda=0.000 grl_lambda=0.991 v18_lambda=0.000 gpu=3.0/15.8GB
[17:01:52] [train] ep=55 step=020/40 ce=0.3465 sc=0.8226 mi=0.0574 dn=0.0000 v13=0.0005 grl=0.0854 v15=0.0000 v15r=0.0000 v16=0.0000 v17=0.0000 v18=0.0000 acc=0.9938 lr=1.36e-04 lambda=0.000 grl_lambda=0.991 v18_lambda=0.000 gpu=3.0/15.8GB
[17:01:54] [train] ep=55 step=030/40 ce=0.3683 sc=0.8598 mi=0.0577 dn=0.0000 v13=0.0006 grl=0.0810 v15=0.0000 v15r=0.0000 v16=0.0000 v17=0.0000 v18=0.0000 acc=0.9917 lr=1.34e-04 lambda=0.000 grl_lambda=0.992 v18_lambda=0.000 gpu=3.0/15.8GB
[17:01:56] [train] ep=55 step=040/40 ce=0.3608 sc=0.8928 mi=0.0576 dn=0.0000 v13=0.0005 grl=0.0824 v15=0.0000 v15r=0.0000 v16=0.0000 v17=0.0000 v18=0.0000 acc=0.9922 lr=1.33e-04 lambda=0.000 grl_lambda=0.992 v18_lambda=0.000 gpu=3.0/15.8GB
[17:01:58] [ep_summary] ep=55/100 val_live=0.9753/0.9756 val_ema=0.9691/0.9689 test77_live=0.8525/0.8373 test77_diag_ema=0.8022/0.7745 v13=0.0005 grl=0.0824 v15=0.0000 v15r=0.0000 v16=0.0000 v17=0.0000 v18=0.0000 das=fixed_narrow[10,30] p=1.00 ep_time=10.3s
[17:01:59] [save] best_sourcequalified77_ema ep=55 source_val_live=0.9753/0.9756 source_val_ema=0.9691/0.9689 test77_ema=0.8022/0.7745
[17:01:59] [train] epoch 56/100 steps=40 use_dann=0 das=fixed_narrow f=[10.0,30.0] p=1.00 gpu=3.0/15.8GB
[17:01:59] [train] ep=56 step=001/40 ce=0.2616 sc=0.7467 mi=0.0635 dn=0.0000 v13=0.0009 grl=0.0691 v15=0.0000 v15r=0.0000 v16=0.0000 v17=0.0000 v18=0.0000 acc=1.0000 lr=1.33e-04 lambda=0.000 grl_lambda=0.992 v18_lambda=0.000 gpu=3.0/15.8GB
[17:02:01] [train] ep=56 step=010/40 ce=0.3205 sc=1.0048 mi=0.0569 dn=0.0000 v13=0.0005 grl=0.0617 v15=0.0000 v15r=0.0000 v16=0.0000 v17=0.0000 v18=0.0000 acc=0.9938 lr=1.32e-04 lambda=0.000 grl_lambda=0.992 v18_lambda=0.000 gpu=3.0/15.8GB
[17:02:02] [train] ep=56 step=020/40 ce=0.3131 sc=0.8411 mi=0.0590 dn=0.0000 v13=0.0005 grl=0.0721 v15=0.0000 v15r=0.0000 v16=0.0000 v17=0.0000 v18=0.0000 acc=0.9969 lr=1.31e-04 lambda=0.000 grl_lambda=0.992 v18_lambda=0.000 gpu=3.0/15.8GB
[17:02:04] [train] ep=56 step=030/40 ce=0.3423 sc=0.8204 mi=0.0596 dn=0.0000 v13=0.0006 grl=0.0777 v15=0.0000 v15r=0.0000 v16=0.0000 v17=0.0000 v18=0.0000 acc=0.9958 lr=1.30e-04 lambda=0.000 grl_lambda=0.992 v18_lambda=0.000 gpu=3.0/15.8GB
[17:02:06] [train] ep=56 step=040/40 ce=0.3451 sc=0.8166 mi=0.0592 dn=0.0000 v13=0.0006 grl=0.0771 v15=0.0000 v15r=0.0000 v16=0.0000 v17=0.0000 v18=0.0000 acc=0.9953 lr=1.28e-04 lambda=0.000 grl_lambda=0.993 v18_lambda=0.000 gpu=3.0/15.8GB
[17:02:09] [ep_summary] ep=56/100 val_live=0.9630/0.9632 val_ema=0.9630/0.9627 test77_live=0.8453/0.8341 test77_diag_ema=0.8058/0.7773 v13=0.0006 grl=0.0771 v15=0.0000 v15r=0.0000 v16=0.0000 v17=0.0000 v18=0.0000 das=fixed_narrow[10,30] p=1.00 ep_time=10.4s
[17:02:09] [save] best_sourcequalified77_ema ep=56 source_val_live=0.9630/0.9632 source_val_ema=0.9630/0.9627 test77_ema=0.8058/0.7773
[17:02:09] [train] epoch 57/100 steps=40 use_dann=0 das=fixed_narrow f=[10.0,30.0] p=1.00 gpu=3.0/15.8GB
[17:02:09] [train] ep=57 step=001/40 ce=0.2650 sc=0.6345 mi=0.0625 dn=0.0000 v13=0.0006 grl=0.0714 v15=0.0000 v15r=0.0000 v16=0.0000 v17=0.0000 v18=0.0000 acc=1.0000 lr=1.28e-04 lambda=0.000 grl_lambda=0.993 v18_lambda=0.000 gpu=3.0/15.8GB
[17:02:11] [train] ep=57 step=010/40 ce=0.2713 sc=0.7366 mi=0.0579 dn=0.0000 v13=0.0005 grl=0.0793 v15=0.0000 v15r=0.0000 v16=0.0000 v17=0.0000 v18=0.0000 acc=1.0000 lr=1.27e-04 lambda=0.000 grl_lambda=0.993 v18_lambda=0.000 gpu=3.0/15.8GB
[17:02:13] [train] ep=57 step=020/40 ce=0.3030 sc=0.7634 mi=0.0586 dn=0.0000 v13=0.0005 grl=0.0786 v15=0.0000 v15r=0.0000 v16=0.0000 v17=0.0000 v18=0.0000 acc=0.9969 lr=1.26e-04 lambda=0.000 grl_lambda=0.993 v18_lambda=0.000 gpu=3.0/15.8GB
[17:02:15] [train] ep=57 step=030/40 ce=0.3061 sc=0.7832 mi=0.0585 dn=0.0000 v13=0.0005 grl=0.0784 v15=0.0000 v15r=0.0000 v16=0.0000 v17=0.0000 v18=0.0000 acc=0.9958 lr=1.25e-04 lambda=0.000 grl_lambda=0.993 v18_lambda=0.000 gpu=3.0/15.8GB
[17:02:16] [train] ep=57 step=040/40 ce=0.3177 sc=0.7773 mi=0.0588 dn=0.0000 v13=0.0005 grl=0.0795 v15=0.0000 v15r=0.0000 v16=0.0000 v17=0.0000 v18=0.0000 acc=0.9953 lr=1.24e-04 lambda=0.000 grl_lambda=0.993 v18_lambda=0.000 gpu=3.0/15.8GB
[17:02:19] [ep_summary] ep=57/100 val_live=0.9630/0.9626 val_ema=0.9691/0.9689 test77_live=0.8597/0.8566 test77_diag_ema=0.8058/0.7798 v13=0.0005 grl=0.0795 v15=0.0000 v15r=0.0000 v16=0.0000 v17=0.0000 v18=0.0000 das=fixed_narrow[10,30] p=1.00 ep_time=10.2s
[17:02:19] [save] best_sourcequalified77_ema ep=57 source_val_live=0.9630/0.9626 source_val_ema=0.9691/0.9689 test77_ema=0.8058/0.7798
[17:02:19] [train] epoch 58/100 steps=40 use_dann=0 das=fixed_narrow f=[10.0,30.0] p=1.00 gpu=3.0/15.8GB
[17:02:19] [train] ep=58 step=001/40 ce=0.2585 sc=0.9495 mi=0.0543 dn=0.0000 v13=0.0005 grl=0.0744 v15=0.0000 v15r=0.0000 v16=0.0000 v17=0.0000 v18=0.0000 acc=1.0000 lr=1.23e-04 lambda=0.000 grl_lambda=0.993 v18_lambda=0.000 gpu=3.0/15.8GB
[17:02:21] [train] ep=58 step=010/40 ce=0.3612 sc=0.7715 mi=0.0596 dn=0.0000 v13=0.0003 grl=0.0813 v15=0.0000 v15r=0.0000 v16=0.0000 v17=0.0000 v18=0.0000 acc=1.0000 lr=1.22e-04 lambda=0.000 grl_lambda=0.993 v18_lambda=0.000 gpu=3.0/15.8GB
[17:02:23] [train] ep=58 step=020/40 ce=0.3105 sc=0.7328 mi=0.0575 dn=0.0000 v13=0.0004 grl=0.0761 v15=0.0000 v15r=0.0000 v16=0.0000 v17=0.0000 v18=0.0000 acc=1.0000 lr=1.21e-04 lambda=0.000 grl_lambda=0.994 v18_lambda=0.000 gpu=3.0/15.8GB
[17:02:25] [train] ep=58 step=030/40 ce=0.3490 sc=0.7999 mi=0.0580 dn=0.0000 v13=0.0004 grl=0.0760 v15=0.0000 v15r=0.0000 v16=0.0000 v17=0.0000 v18=0.0000 acc=0.9958 lr=1.20e-04 lambda=0.000 grl_lambda=0.994 v18_lambda=0.000 gpu=3.0/15.8GB
[17:02:27] [train] ep=58 step=040/40 ce=0.3474 sc=0.7920 mi=0.0580 dn=0.0000 v13=0.0005 grl=0.0782 v15=0.0000 v15r=0.0000 v16=0.0000 v17=0.0000 v18=0.0000 acc=0.9953 lr=1.19e-04 lambda=0.000 grl_lambda=0.994 v18_lambda=0.000 gpu=3.0/15.8GB
[17:02:29] [ep_summary] ep=58/100 val_live=0.9568/0.9563 val_ema=0.9630/0.9627 test77_live=0.8741/0.8678 test77_diag_ema=0.8165/0.7925 v13=0.0005 grl=0.0782 v15=0.0000 v15r=0.0000 v16=0.0000 v17=0.0000 v18=0.0000 das=fixed_narrow[10,30] p=1.00 ep_time=10.2s
[17:02:29] [save] best_sourcequalified77_ema ep=58 source_val_live=0.9568/0.9563 source_val_ema=0.9630/0.9627 test77_ema=0.8165/0.7925
[17:02:29] [train] epoch 59/100 steps=40 use_dann=0 das=fixed_narrow f=[10.0,30.0] p=1.00 gpu=3.0/15.8GB
[17:02:30] [train] ep=59 step=001/40 ce=0.2588 sc=1.0905 mi=0.0544 dn=0.0000 v13=0.0007 grl=0.0723 v15=0.0000 v15r=0.0000 v16=0.0000 v17=0.0000 v18=0.0000 acc=1.0000 lr=1.19e-04 lambda=0.000 grl_lambda=0.994 v18_lambda=0.000 gpu=3.0/15.8GB
[17:02:31] [train] ep=59 step=010/40 ce=0.3190 sc=0.8012 mi=0.0560 dn=0.0000 v13=0.0005 grl=0.0815 v15=0.0000 v15r=0.0000 v16=0.0000 v17=0.0000 v18=0.0000 acc=1.0000 lr=1.18e-04 lambda=0.000 grl_lambda=0.994 v18_lambda=0.000 gpu=3.0/15.8GB
[17:02:33] [train] ep=59 step=020/40 ce=0.3253 sc=0.8429 mi=0.0563 dn=0.0000 v13=0.0005 grl=0.0833 v15=0.0000 v15r=0.0000 v16=0.0000 v17=0.0000 v18=0.0000 acc=0.9969 lr=1.16e-04 lambda=0.000 grl_lambda=0.994 v18_lambda=0.000 gpu=3.0/15.8GB
[17:02:35] [train] ep=59 step=030/40 ce=0.3299 sc=0.8363 mi=0.0566 dn=0.0000 v13=0.0005 grl=0.0846 v15=0.0000 v15r=0.0000 v16=0.0000 v17=0.0000 v18=0.0000 acc=0.9958 lr=1.15e-04 lambda=0.000 grl_lambda=0.994 v18_lambda=0.000 gpu=3.0/15.8GB
[17:02:37] [train] ep=59 step=040/40 ce=0.3382 sc=0.8397 mi=0.0573 dn=0.0000 v13=0.0005 grl=0.0827 v15=0.0000 v15r=0.0000 v16=0.0000 v17=0.0000 v18=0.0000 acc=0.9953 lr=1.14e-04 lambda=0.000 grl_lambda=0.995 v18_lambda=0.000 gpu=3.0/15.8GB
[17:02:39] [ep_summary] ep=59/100 val_live=0.9630/0.9628 val_ema=0.9630/0.9627 test77_live=0.8525/0.8365 test77_diag_ema=0.8201/0.7956 v13=0.0005 grl=0.0827 v15=0.0000 v15r=0.0000 v16=0.0000 v17=0.0000 v18=0.0000 das=fixed_narrow[10,30] p=1.00 ep_time=10.1s
[17:02:40] [save] best_sourcequalified77_ema ep=59 source_val_live=0.9630/0.9628 source_val_ema=0.9630/0.9627 test77_ema=0.8201/0.7956
[17:02:40] [train] epoch 60/100 steps=40 use_dann=0 das=fixed_narrow f=[10.0,30.0] p=1.00 gpu=3.0/15.8GB
[17:02:40] [train] ep=60 step=001/40 ce=0.2595 sc=0.4196 mi=0.0607 dn=0.0000 v13=0.0001 grl=0.1114 v15=0.0000 v15r=0.0000 v16=0.0000 v17=0.0000 v18=0.0000 acc=1.0000 lr=1.14e-04 lambda=0.000 grl_lambda=0.995 v18_lambda=0.000 gpu=3.0/15.8GB
[17:02:41] [train] ep=60 step=010/40 ce=0.3172 sc=0.7273 mi=0.0565 dn=0.0000 v13=0.0005 grl=0.0670 v15=0.0000 v15r=0.0000 v16=0.0000 v17=0.0000 v18=0.0000 acc=0.9938 lr=1.13e-04 lambda=0.000 grl_lambda=0.995 v18_lambda=0.000 gpu=3.0/15.8GB
[17:02:43] [train] ep=60 step=020/40 ce=0.3680 sc=0.8387 mi=0.0581 dn=0.0000 v13=0.0005 grl=0.0756 v15=0.0000 v15r=0.0000 v16=0.0000 v17=0.0000 v18=0.0000 acc=0.9938 lr=1.12e-04 lambda=0.000 grl_lambda=0.995 v18_lambda=0.000 gpu=3.0/15.8GB
[17:02:45] [train] ep=60 step=030/40 ce=0.3377 sc=0.8113 mi=0.0581 dn=0.0000 v13=0.0004 grl=0.0813 v15=0.0000 v15r=0.0000 v16=0.0000 v17=0.0000 v18=0.0000 acc=0.9958 lr=1.11e-04 lambda=0.000 grl_lambda=0.995 v18_lambda=0.000 gpu=3.0/15.8GB
[17:02:47] [train] ep=60 step=040/40 ce=0.3244 sc=0.7840 mi=0.0582 dn=0.0000 v13=0.0004 grl=0.0811 v15=0.0000 v15r=0.0000 v16=0.0000 v17=0.0000 v18=0.0000 acc=0.9969 lr=1.09e-04 lambda=0.000 grl_lambda=0.995 v18_lambda=0.000 gpu=3.0/15.8GB
[17:02:50] [pool] check ep=060/100 source_val_acc_ema=0.9753 threshold=0.90
[17:02:51] [pool] ep=060 ADDED src_val=0.9753/0.9757 dev77=0.8143/0.7980 final77=0.8201/0.7956
[17:02:51] [pool] running best ep=060 dev77_f1=0.7980 final77_f1=0.7956 (pool_size=3)
[17:02:51] [ep_summary] ep=60/100 val_live=0.9691/0.9700 val_ema=0.9753/0.9757 test77_live=0.8705/0.8615 test77_diag_ema=0.8201/0.7956 v13=0.0004 grl=0.0811 v15=0.0000 v15r=0.0000 v16=0.0000 v17=0.0000 v18=0.0000 das=fixed_narrow[10,30] p=1.00 ep_time=11.4s
[17:02:51] [save] best_sourceval_ema val_acc_ema=0.9753 source_val_live=0.9691/0.9700 source_val_ema=0.9753/0.9757 ep=60
[17:02:51] [strict77_monitor] ep=60 best_source_epoch=60 source_val_ema=0.9753/0.9757 test77_ema_diag=0.8201/0.7956 sourcequalified_count=60 best_sourcequalified77_epoch=59 source_val_ema=0.9630/0.9627 test77_ema=0.8201/0.7956
[17:02:51] [train] epoch 61/100 steps=40 use_dann=0 das=fixed_narrow f=[10.0,30.0] p=1.00 gpu=3.0/15.8GB
[17:02:51] [train] ep=61 step=001/40 ce=0.2582 sc=0.8779 mi=0.0537 dn=0.0000 v13=0.0005 grl=0.0716 v15=0.0000 v15r=0.0000 v16=0.0000 v17=0.0000 v18=0.0000 acc=1.0000 lr=1.09e-04 lambda=0.000 grl_lambda=0.995 v18_lambda=0.000 gpu=3.0/15.8GB
[17:02:53] [train] ep=61 step=010/40 ce=0.3691 sc=0.8816 mi=0.0575 dn=0.0000 v13=0.0006 grl=0.0749 v15=0.0000 v15r=0.0000 v16=0.0000 v17=0.0000 v18=0.0000 acc=0.9875 lr=1.08e-04 lambda=0.000 grl_lambda=0.995 v18_lambda=0.000 gpu=3.0/15.8GB
[17:02:55] [train] ep=61 step=020/40 ce=0.3195 sc=0.8102 mi=0.0581 dn=0.0000 v13=0.0005 grl=0.0719 v15=0.0000 v15r=0.0000 v16=0.0000 v17=0.0000 v18=0.0000 acc=0.9938 lr=1.07e-04 lambda=0.000 grl_lambda=0.995 v18_lambda=0.000 gpu=3.0/15.8GB
[17:02:57] [train] ep=61 step=030/40 ce=0.3183 sc=0.8080 mi=0.0579 dn=0.0000 v13=0.0005 grl=0.0716 v15=0.0000 v15r=0.0000 v16=0.0000 v17=0.0000 v18=0.0000 acc=0.9938 lr=1.06e-04 lambda=0.000 grl_lambda=0.995 v18_lambda=0.000 gpu=3.0/15.8GB
[17:02:58] [train] ep=61 step=040/40 ce=0.3433 sc=0.7986 mi=0.0578 dn=0.0000 v13=0.0005 grl=0.0755 v15=0.0000 v15r=0.0000 v16=0.0000 v17=0.0000 v18=0.0000 acc=0.9922 lr=1.05e-04 lambda=0.000 grl_lambda=0.996 v18_lambda=0.000 gpu=3.0/15.8GB
[17:03:01] [ep_summary] ep=61/100 val_live=0.9630/0.9634 val_ema=0.9691/0.9695 test77_live=0.8309/0.8168 test77_diag_ema=0.8273/0.8077 v13=0.0005 grl=0.0755 v15=0.0000 v15r=0.0000 v16=0.0000 v17=0.0000 v18=0.0000 das=fixed_narrow[10,30] p=1.00 ep_time=10.2s
[17:03:01] [save] best_sourcequalified77_ema ep=61 source_val_live=0.9630/0.9634 source_val_ema=0.9691/0.9695 test77_ema=0.8273/0.8077
[17:03:01] [train] epoch 62/100 steps=40 use_dann=0 das=fixed_narrow f=[10.0,30.0] p=1.00 gpu=3.0/15.8GB
[17:03:01] [train] ep=62 step=001/40 ce=1.3945 sc=1.6224 mi=0.0530 dn=0.0000 v13=0.0003 grl=0.0699 v15=0.0000 v15r=0.0000 v16=0.0000 v17=0.0000 v18=0.0000 acc=0.9375 lr=1.05e-04 lambda=0.000 grl_lambda=0.996 v18_lambda=0.000 gpu=3.0/15.8GB
[17:03:03] [train] ep=62 step=010/40 ce=0.4609 sc=1.0369 mi=0.0556 dn=0.0000 v13=0.0004 grl=0.0746 v15=0.0000 v15r=0.0000 v16=0.0000 v17=0.0000 v18=0.0000 acc=0.9875 lr=1.04e-04 lambda=0.000 grl_lambda=0.996 v18_lambda=0.000 gpu=3.0/15.8GB
[17:03:05] [train] ep=62 step=020/40 ce=0.4576 sc=0.9064 mi=0.0553 dn=0.0000 v13=0.0004 grl=0.0790 v15=0.0000 v15r=0.0000 v16=0.0000 v17=0.0000 v18=0.0000 acc=0.9875 lr=1.02e-04 lambda=0.000 grl_lambda=0.996 v18_lambda=0.000 gpu=3.0/15.8GB
[17:03:07] [train] ep=62 step=030/40 ce=0.3924 sc=0.8237 mi=0.0576 dn=0.0000 v13=0.0004 grl=0.0782 v15=0.0000 v15r=0.0000 v16=0.0000 v17=0.0000 v18=0.0000 acc=0.9917 lr=1.01e-04 lambda=0.000 grl_lambda=0.996 v18_lambda=0.000 gpu=3.0/15.8GB
[17:03:09] [train] ep=62 step=040/40 ce=0.3619 sc=0.7983 mi=0.0570 dn=0.0000 v13=0.0005 grl=0.0767 v15=0.0000 v15r=0.0000 v16=0.0000 v17=0.0000 v18=0.0000 acc=0.9938 lr=1.00e-04 lambda=0.000 grl_lambda=0.996 v18_lambda=0.000 gpu=3.0/15.8GB
[17:03:11] [ep_summary] ep=62/100 val_live=0.9691/0.9695 val_ema=0.9691/0.9695 test77_live=0.8237/0.7920 test77_diag_ema=0.8381/0.8223 v13=0.0005 grl=0.0767 v15=0.0000 v15r=0.0000 v16=0.0000 v17=0.0000 v18=0.0000 das=fixed_narrow[10,30] p=1.00 ep_time=10.1s
[17:03:11] [save] best_sourcequalified77_ema ep=62 source_val_live=0.9691/0.9695 source_val_ema=0.9691/0.9695 test77_ema=0.8381/0.8223
[17:03:11] [train] epoch 63/100 steps=40 use_dann=0 das=fixed_narrow f=[10.0,30.0] p=1.00 gpu=3.0/15.8GB
[17:03:12] [train] ep=63 step=001/40 ce=0.2580 sc=0.4198 mi=0.0553 dn=0.0000 v13=0.0005 grl=0.1013 v15=0.0000 v15r=0.0000 v16=0.0000 v17=0.0000 v18=0.0000 acc=1.0000 lr=1.00e-04 lambda=0.000 grl_lambda=0.996 v18_lambda=0.000 gpu=3.0/15.8GB
[17:03:13] [train] ep=63 step=010/40 ce=0.3128 sc=0.5765 mi=0.0563 dn=0.0000 v13=0.0004 grl=0.0737 v15=0.0000 v15r=0.0000 v16=0.0000 v17=0.0000 v18=0.0000 acc=0.9938 lr=9.89e-05 lambda=0.000 grl_lambda=0.996 v18_lambda=0.000 gpu=3.0/15.8GB
[17:03:15] [train] ep=63 step=020/40 ce=0.3336 sc=0.7328 mi=0.0555 dn=0.0000 v13=0.0004 grl=0.0759 v15=0.0000 v15r=0.0000 v16=0.0000 v17=0.0000 v18=0.0000 acc=0.9938 lr=9.78e-05 lambda=0.000 grl_lambda=0.996 v18_lambda=0.000 gpu=3.0/15.8GB
[17:03:17] [train] ep=63 step=030/40 ce=0.3326 sc=0.7627 mi=0.0564 dn=0.0000 v13=0.0004 grl=0.0741 v15=0.0000 v15r=0.0000 v16=0.0000 v17=0.0000 v18=0.0000 acc=0.9958 lr=9.67e-05 lambda=0.000 grl_lambda=0.996 v18_lambda=0.000 gpu=3.0/15.8GB
[17:03:19] [train] ep=63 step=040/40 ce=0.3152 sc=0.7487 mi=0.0566 dn=0.0000 v13=0.0004 grl=0.0738 v15=0.0000 v15r=0.0000 v16=0.0000 v17=0.0000 v18=0.0000 acc=0.9969 lr=9.55e-05 lambda=0.000 grl_lambda=0.996 v18_lambda=0.000 gpu=3.0/15.8GB
[17:03:21] [ep_summary] ep=63/100 val_live=0.9568/0.9567 val_ema=0.9691/0.9695 test77_live=0.8165/0.7868 test77_diag_ema=0.8381/0.8203 v13=0.0004 grl=0.0738 v15=0.0000 v15r=0.0000 v16=0.0000 v17=0.0000 v18=0.0000 das=fixed_narrow[10,30] p=1.00 ep_time=10.1s
[17:03:21] [train] epoch 64/100 steps=40 use_dann=0 das=fixed_narrow f=[10.0,30.0] p=1.00 gpu=3.0/15.8GB
[17:03:22] [train] ep=64 step=001/40 ce=0.2591 sc=0.6129 mi=0.0560 dn=0.0000 v13=0.0006 grl=0.0798 v15=0.0000 v15r=0.0000 v16=0.0000 v17=0.0000 v18=0.0000 acc=1.0000 lr=9.54e-05 lambda=0.000 grl_lambda=0.996 v18_lambda=0.000 gpu=3.0/15.8GB
[17:03:23] [train] ep=64 step=010/40 ce=0.3426 sc=0.8225 mi=0.0581 dn=0.0000 v13=0.0005 grl=0.0784 v15=0.0000 v15r=0.0000 v16=0.0000 v17=0.0000 v18=0.0000 acc=0.9938 lr=9.44e-05 lambda=0.000 grl_lambda=0.996 v18_lambda=0.000 gpu=3.0/15.8GB
[17:03:25] [train] ep=64 step=020/40 ce=0.3035 sc=0.8238 mi=0.0576 dn=0.0000 v13=0.0004 grl=0.0702 v15=0.0000 v15r=0.0000 v16=0.0000 v17=0.0000 v18=0.0000 acc=0.9969 lr=9.33e-05 lambda=0.000 grl_lambda=0.997 v18_lambda=0.000 gpu=3.0/15.8GB
[17:03:27] [train] ep=64 step=030/40 ce=0.3146 sc=0.8424 mi=0.0572 dn=0.0000 v13=0.0004 grl=0.0709 v15=0.0000 v15r=0.0000 v16=0.0000 v17=0.0000 v18=0.0000 acc=0.9958 lr=9.21e-05 lambda=0.000 grl_lambda=0.997 v18_lambda=0.000 gpu=3.0/15.8GB
[17:03:29] [train] ep=64 step=040/40 ce=0.3073 sc=0.8344 mi=0.0575 dn=0.0000 v13=0.0005 grl=0.0711 v15=0.0000 v15r=0.0000 v16=0.0000 v17=0.0000 v18=0.0000 acc=0.9969 lr=9.10e-05 lambda=0.000 grl_lambda=0.997 v18_lambda=0.000 gpu=3.0/15.8GB
[17:03:32] [ep_summary] ep=64/100 val_live=0.9630/0.9631 val_ema=0.9691/0.9695 test77_live=0.8345/0.8219 test77_diag_ema=0.8417/0.8258 v13=0.0005 grl=0.0711 v15=0.0000 v15r=0.0000 v16=0.0000 v17=0.0000 v18=0.0000 das=fixed_narrow[10,30] p=1.00 ep_time=10.1s
[17:03:32] [save] best_sourcequalified77_ema ep=64 source_val_live=0.9630/0.9631 source_val_ema=0.9691/0.9695 test77_ema=0.8417/0.8258
[17:03:32] [train] epoch 65/100 steps=40 use_dann=0 das=fixed_narrow f=[10.0,30.0] p=1.00 gpu=3.0/15.8GB
[17:03:32] [train] ep=65 step=001/40 ce=0.5789 sc=0.6187 mi=0.0708 dn=0.0000 v13=0.0003 grl=0.0772 v15=0.0000 v15r=0.0000 v16=0.0000 v17=0.0000 v18=0.0000 acc=1.0000 lr=9.09e-05 lambda=0.000 grl_lambda=0.997 v18_lambda=0.000 gpu=3.0/15.8GB
[17:03:33] [train] ep=65 step=010/40 ce=0.3153 sc=0.7776 mi=0.0591 dn=0.0000 v13=0.0004 grl=0.0745 v15=0.0000 v15r=0.0000 v16=0.0000 v17=0.0000 v18=0.0000 acc=1.0000 lr=8.99e-05 lambda=0.000 grl_lambda=0.997 v18_lambda=0.000 gpu=3.0/15.8GB
[17:03:35] [train] ep=65 step=020/40 ce=0.3002 sc=0.7828 mi=0.0599 dn=0.0000 v13=0.0004 grl=0.0729 v15=0.0000 v15r=0.0000 v16=0.0000 v17=0.0000 v18=0.0000 acc=1.0000 lr=8.88e-05 lambda=0.000 grl_lambda=0.997 v18_lambda=0.000 gpu=3.0/15.8GB
[17:03:37] [train] ep=65 step=030/40 ce=0.3139 sc=0.8051 mi=0.0591 dn=0.0000 v13=0.0005 grl=0.0701 v15=0.0000 v15r=0.0000 v16=0.0000 v17=0.0000 v18=0.0000 acc=0.9979 lr=8.77e-05 lambda=0.000 grl_lambda=0.997 v18_lambda=0.000 gpu=3.0/15.8GB
[17:03:39] [train] ep=65 step=040/40 ce=0.3013 sc=0.8048 mi=0.0583 dn=0.0000 v13=0.0005 grl=0.0716 v15=0.0000 v15r=0.0000 v16=0.0000 v17=0.0000 v18=0.0000 acc=0.9984 lr=8.66e-05 lambda=0.000 grl_lambda=0.997 v18_lambda=0.000 gpu=3.0/15.8GB
[17:03:42] [ep_summary] ep=65/100 val_live=0.9753/0.9754 val_ema=0.9691/0.9695 test77_live=0.8094/0.7770 test77_diag_ema=0.8417/0.8258 v13=0.0005 grl=0.0716 v15=0.0000 v15r=0.0000 v16=0.0000 v17=0.0000 v18=0.0000 das=fixed_narrow[10,30] p=1.00 ep_time=10.1s
[17:03:42] [train] epoch 66/100 steps=40 use_dann=0 das=fixed_narrow f=[10.0,30.0] p=1.00 gpu=3.0/15.8GB
[17:03:42] [train] ep=66 step=001/40 ce=0.2575 sc=0.6475 mi=0.0567 dn=0.0000 v13=0.0001 grl=0.0513 v15=0.0000 v15r=0.0000 v16=0.0000 v17=0.0000 v18=0.0000 acc=1.0000 lr=8.65e-05 lambda=0.000 grl_lambda=0.997 v18_lambda=0.000 gpu=3.0/15.8GB
[17:03:44] [train] ep=66 step=010/40 ce=0.2765 sc=0.7528 mi=0.0561 dn=0.0000 v13=0.0004 grl=0.0733 v15=0.0000 v15r=0.0000 v16=0.0000 v17=0.0000 v18=0.0000 acc=1.0000 lr=8.55e-05 lambda=0.000 grl_lambda=0.997 v18_lambda=0.000 gpu=3.0/15.8GB
[17:03:45] [train] ep=66 step=020/40 ce=0.2679 sc=0.7089 mi=0.0581 dn=0.0000 v13=0.0004 grl=0.0718 v15=0.0000 v15r=0.0000 v16=0.0000 v17=0.0000 v18=0.0000 acc=1.0000 lr=8.44e-05 lambda=0.000 grl_lambda=0.997 v18_lambda=0.000 gpu=3.0/15.8GB
[17:03:47] [train] ep=66 step=030/40 ce=0.2855 sc=0.7346 mi=0.0574 dn=0.0000 v13=0.0004 grl=0.0736 v15=0.0000 v15r=0.0000 v16=0.0000 v17=0.0000 v18=0.0000 acc=0.9979 lr=8.33e-05 lambda=0.000 grl_lambda=0.997 v18_lambda=0.000 gpu=3.0/15.8GB
[17:03:49] [train] ep=66 step=040/40 ce=0.2986 sc=0.7504 mi=0.0576 dn=0.0000 v13=0.0004 grl=0.0751 v15=0.0000 v15r=0.0000 v16=0.0000 v17=0.0000 v18=0.0000 acc=0.9969 lr=8.22e-05 lambda=0.000 grl_lambda=0.997 v18_lambda=0.000 gpu=3.0/15.8GB
[17:03:52] [ep_summary] ep=66/100 val_live=0.9877/0.9878 val_ema=0.9691/0.9695 test77_live=0.8669/0.8610 test77_diag_ema=0.8417/0.8258 v13=0.0004 grl=0.0751 v15=0.0000 v15r=0.0000 v16=0.0000 v17=0.0000 v18=0.0000 das=fixed_narrow[10,30] p=1.00 ep_time=10.1s
[17:03:52] [train] epoch 67/100 steps=40 use_dann=0 das=fixed_narrow f=[10.0,30.0] p=1.00 gpu=3.0/15.8GB
[17:03:52] [train] ep=67 step=001/40 ce=0.2642 sc=0.7300 mi=0.0498 dn=0.0000 v13=0.0003 grl=0.0780 v15=0.0000 v15r=0.0000 v16=0.0000 v17=0.0000 v18=0.0000 acc=1.0000 lr=8.21e-05 lambda=0.000 grl_lambda=0.997 v18_lambda=0.000 gpu=3.0/15.8GB
[17:03:54] [train] ep=67 step=010/40 ce=0.2606 sc=0.7101 mi=0.0575 dn=0.0000 v13=0.0004 grl=0.0851 v15=0.0000 v15r=0.0000 v16=0.0000 v17=0.0000 v18=0.0000 acc=1.0000 lr=8.11e-05 lambda=0.000 grl_lambda=0.997 v18_lambda=0.000 gpu=3.0/15.8GB
[17:03:56] [train] ep=67 step=020/40 ce=0.3261 sc=0.7572 mi=0.0564 dn=0.0000 v13=0.0005 grl=0.0808 v15=0.0000 v15r=0.0000 v16=0.0000 v17=0.0000 v18=0.0000 acc=0.9938 lr=8.01e-05 lambda=0.000 grl_lambda=0.997 v18_lambda=0.000 gpu=3.0/15.8GB
[17:03:57] [train] ep=67 step=030/40 ce=0.3498 sc=0.7766 mi=0.0569 dn=0.0000 v13=0.0005 grl=0.0828 v15=0.0000 v15r=0.0000 v16=0.0000 v17=0.0000 v18=0.0000 acc=0.9917 lr=7.90e-05 lambda=0.000 grl_lambda=0.997 v18_lambda=0.000 gpu=3.0/15.8GB
[17:03:59] [train] ep=67 step=040/40 ce=0.3270 sc=0.7902 mi=0.0566 dn=0.0000 v13=0.0005 grl=0.0798 v15=0.0000 v15r=0.0000 v16=0.0000 v17=0.0000 v18=0.0000 acc=0.9938 lr=7.79e-05 lambda=0.000 grl_lambda=0.998 v18_lambda=0.000 gpu=3.0/15.8GB
[17:04:02] [ep_summary] ep=67/100 val_live=0.9568/0.9567 val_ema=0.9691/0.9695 test77_live=0.8597/0.8500 test77_diag_ema=0.8417/0.8258 v13=0.0005 grl=0.0798 v15=0.0000 v15r=0.0000 v16=0.0000 v17=0.0000 v18=0.0000 das=fixed_narrow[10,30] p=1.00 ep_time=10.1s
[17:04:02] [save] best_sourcequalified77_ema ep=67 source_val_live=0.9568/0.9567 source_val_ema=0.9691/0.9695 test77_ema=0.8417/0.8258
[17:04:02] [train] epoch 68/100 steps=40 use_dann=0 das=fixed_narrow f=[10.0,30.0] p=1.00 gpu=3.0/15.8GB
[17:04:02] [train] ep=68 step=001/40 ce=0.2625 sc=0.4189 mi=0.0603 dn=0.0000 v13=0.0003 grl=0.0743 v15=0.0000 v15r=0.0000 v16=0.0000 v17=0.0000 v18=0.0000 acc=1.0000 lr=7.78e-05 lambda=0.000 grl_lambda=0.998 v18_lambda=0.000 gpu=3.0/15.8GB
[17:04:04] [train] ep=68 step=010/40 ce=0.2829 sc=0.7128 mi=0.0564 dn=0.0000 v13=0.0005 grl=0.0650 v15=0.0000 v15r=0.0000 v16=0.0000 v17=0.0000 v18=0.0000 acc=1.0000 lr=7.69e-05 lambda=0.000 grl_lambda=0.998 v18_lambda=0.000 gpu=3.0/15.8GB
[17:04:06] [train] ep=68 step=020/40 ce=0.2994 sc=0.7132 mi=0.0559 dn=0.0000 v13=0.0004 grl=0.0703 v15=0.0000 v15r=0.0000 v16=0.0000 v17=0.0000 v18=0.0000 acc=0.9969 lr=7.58e-05 lambda=0.000 grl_lambda=0.998 v18_lambda=0.000 gpu=3.0/15.8GB
[17:04:07] [train] ep=68 step=030/40 ce=0.3236 sc=0.7043 mi=0.0566 dn=0.0000 v13=0.0004 grl=0.0706 v15=0.0000 v15r=0.0000 v16=0.0000 v17=0.0000 v18=0.0000 acc=0.9938 lr=7.48e-05 lambda=0.000 grl_lambda=0.998 v18_lambda=0.000 gpu=3.0/15.8GB
[17:04:09] [train] ep=68 step=040/40 ce=0.3081 sc=0.7207 mi=0.0563 dn=0.0000 v13=0.0004 grl=0.0720 v15=0.0000 v15r=0.0000 v16=0.0000 v17=0.0000 v18=0.0000 acc=0.9953 lr=7.37e-05 lambda=0.000 grl_lambda=0.998 v18_lambda=0.000 gpu=3.0/15.8GB
[17:04:12] [ep_summary] ep=68/100 val_live=0.9630/0.9630 val_ema=0.9691/0.9695 test77_live=0.8813/0.8752 test77_diag_ema=0.8453/0.8292 v13=0.0004 grl=0.0720 v15=0.0000 v15r=0.0000 v16=0.0000 v17=0.0000 v18=0.0000 das=fixed_narrow[10,30] p=1.00 ep_time=10.1s
[17:04:12] [save] best_sourcequalified77_ema ep=68 source_val_live=0.9630/0.9630 source_val_ema=0.9691/0.9695 test77_ema=0.8453/0.8292
[17:04:12] [train] epoch 69/100 steps=40 use_dann=0 das=fixed_narrow f=[10.0,30.0] p=1.00 gpu=3.0/15.8GB
[17:04:12] [train] ep=69 step=001/40 ce=0.2596 sc=0.6523 mi=0.0545 dn=0.0000 v13=0.0004 grl=0.0713 v15=0.0000 v15r=0.0000 v16=0.0000 v17=0.0000 v18=0.0000 acc=1.0000 lr=7.36e-05 lambda=0.000 grl_lambda=0.998 v18_lambda=0.000 gpu=3.0/15.8GB
[17:04:14] [train] ep=69 step=010/40 ce=0.2619 sc=0.6656 mi=0.0574 dn=0.0000 v13=0.0005 grl=0.0815 v15=0.0000 v15r=0.0000 v16=0.0000 v17=0.0000 v18=0.0000 acc=1.0000 lr=7.27e-05 lambda=0.000 grl_lambda=0.998 v18_lambda=0.000 gpu=3.0/15.8GB
[17:04:16] [train] ep=69 step=020/40 ce=0.2607 sc=0.7097 mi=0.0576 dn=0.0000 v13=0.0004 grl=0.0757 v15=0.0000 v15r=0.0000 v16=0.0000 v17=0.0000 v18=0.0000 acc=1.0000 lr=7.16e-05 lambda=0.000 grl_lambda=0.998 v18_lambda=0.000 gpu=3.0/15.8GB
[17:04:18] [train] ep=69 step=030/40 ce=0.2618 sc=0.7176 mi=0.0580 dn=0.0000 v13=0.0004 grl=0.0725 v15=0.0000 v15r=0.0000 v16=0.0000 v17=0.0000 v18=0.0000 acc=1.0000 lr=7.06e-05 lambda=0.000 grl_lambda=0.998 v18_lambda=0.000 gpu=3.0/15.8GB
[17:04:19] [train] ep=69 step=040/40 ce=0.2863 sc=0.7407 mi=0.0578 dn=0.0000 v13=0.0004 grl=0.0741 v15=0.0000 v15r=0.0000 v16=0.0000 v17=0.0000 v18=0.0000 acc=0.9984 lr=6.96e-05 lambda=0.000 grl_lambda=0.998 v18_lambda=0.000 gpu=3.0/15.8GB
[17:04:22] [ep_summary] ep=69/100 val_live=0.9753/0.9757 val_ema=0.9691/0.9695 test77_live=0.8777/0.8719 test77_diag_ema=0.8453/0.8292 v13=0.0004 grl=0.0741 v15=0.0000 v15r=0.0000 v16=0.0000 v17=0.0000 v18=0.0000 das=fixed_narrow[10,30] p=1.00 ep_time=10.1s
[17:04:22] [train] epoch 70/100 steps=40 use_dann=0 das=fixed_narrow f=[10.0,30.0] p=1.00 gpu=3.0/15.8GB
[17:04:23] [train] ep=70 step=001/40 ce=0.8039 sc=1.0008 mi=0.0552 dn=0.0000 v13=0.0004 grl=0.0723 v15=0.0000 v15r=0.0000 v16=0.0000 v17=0.0000 v18=0.0000 acc=0.9375 lr=6.95e-05 lambda=0.000 grl_lambda=0.998 v18_lambda=0.000 gpu=3.0/15.8GB
[17:04:24] [train] ep=70 step=010/40 ce=0.3551 sc=0.8792 mi=0.0579 dn=0.0000 v13=0.0004 grl=0.0818 v15=0.0000 v15r=0.0000 v16=0.0000 v17=0.0000 v18=0.0000 acc=0.9875 lr=6.85e-05 lambda=0.000 grl_lambda=0.998 v18_lambda=0.000 gpu=3.0/15.8GB
[17:04:27] [train] ep=70 step=020/40 ce=0.3099 sc=0.8034 mi=0.0567 dn=0.0000 v13=0.0004 grl=0.0797 v15=0.0000 v15r=0.0000 v16=0.0000 v17=0.0000 v18=0.0000 acc=0.9938 lr=6.75e-05 lambda=0.000 grl_lambda=0.998 v18_lambda=0.000 gpu=3.0/15.8GB
[17:04:29] [train] ep=70 step=030/40 ce=0.3207 sc=0.8255 mi=0.0572 dn=0.0000 v13=0.0004 grl=0.0812 v15=0.0000 v15r=0.0000 v16=0.0000 v17=0.0000 v18=0.0000 acc=0.9938 lr=6.65e-05 lambda=0.000 grl_lambda=0.998 v18_lambda=0.000 gpu=3.0/15.8GB
[17:04:31] [train] ep=70 step=040/40 ce=0.3054 sc=0.8366 mi=0.0575 dn=0.0000 v13=0.0004 grl=0.0793 v15=0.0000 v15r=0.0000 v16=0.0000 v17=0.0000 v18=0.0000 acc=0.9953 lr=6.55e-05 lambda=0.000 grl_lambda=0.998 v18_lambda=0.000 gpu=3.0/15.8GB
[17:04:34] [pool] check ep=070/100 source_val_acc_ema=0.9691 threshold=0.90
[17:04:35] [pool] ep=070 ADDED src_val=0.9691/0.9695 dev77=0.8286/0.8189 final77=0.8489/0.8346
[17:04:35] [pool] running best ep=070 dev77_f1=0.8189 final77_f1=0.8346 (pool_size=4)
[17:04:35] [ep_summary] ep=70/100 val_live=0.9815/0.9820 val_ema=0.9691/0.9695 test77_live=0.8633/0.8557 test77_diag_ema=0.8489/0.8346 v13=0.0004 grl=0.0793 v15=0.0000 v15r=0.0000 v16=0.0000 v17=0.0000 v18=0.0000 das=fixed_narrow[10,30] p=1.00 ep_time=12.8s
[17:04:35] [save] best_sourcequalified77_ema ep=70 source_val_live=0.9815/0.9820 source_val_ema=0.9691/0.9695 test77_ema=0.8489/0.8346
[17:04:35] [strict77_monitor] ep=70 best_source_epoch=60 source_val_ema=0.9753/0.9757 test77_ema_diag=0.8201/0.7956 sourcequalified_count=70 best_sourcequalified77_epoch=70 source_val_ema=0.9691/0.9695 test77_ema=0.8489/0.8346
[17:04:35] [train] epoch 71/100 steps=40 use_dann=0 das=fixed_narrow f=[10.0,30.0] p=1.00 gpu=3.0/15.8GB
[17:04:35] [train] ep=71 step=001/40 ce=0.2600 sc=0.5396 mi=0.0551 dn=0.0000 v13=0.0003 grl=0.0515 v15=0.0000 v15r=0.0000 v16=0.0000 v17=0.0000 v18=0.0000 acc=1.0000 lr=6.54e-05 lambda=0.000 grl_lambda=0.998 v18_lambda=0.000 gpu=3.0/15.8GB
[17:04:37] [train] ep=71 step=010/40 ce=0.4550 sc=0.8493 mi=0.0532 dn=0.0000 v13=0.0004 grl=0.0698 v15=0.0000 v15r=0.0000 v16=0.0000 v17=0.0000 v18=0.0000 acc=0.9812 lr=6.45e-05 lambda=0.000 grl_lambda=0.998 v18_lambda=0.000 gpu=3.0/15.8GB
[17:04:39] [train] ep=71 step=020/40 ce=0.3761 sc=0.7889 mi=0.0523 dn=0.0000 v13=0.0004 grl=0.0721 v15=0.0000 v15r=0.0000 v16=0.0000 v17=0.0000 v18=0.0000 acc=0.9906 lr=6.35e-05 lambda=0.000 grl_lambda=0.998 v18_lambda=0.000 gpu=3.0/15.8GB
[17:04:41] [train] ep=71 step=030/40 ce=0.3537 sc=0.8195 mi=0.0538 dn=0.0000 v13=0.0004 grl=0.0762 v15=0.0000 v15r=0.0000 v16=0.0000 v17=0.0000 v18=0.0000 acc=0.9917 lr=6.25e-05 lambda=0.000 grl_lambda=0.998 v18_lambda=0.000 gpu=3.0/15.8GB
[17:04:42] [train] ep=71 step=040/40 ce=0.3536 sc=0.8338 mi=0.0546 dn=0.0000 v13=0.0004 grl=0.0758 v15=0.0000 v15r=0.0000 v16=0.0000 v17=0.0000 v18=0.0000 acc=0.9906 lr=6.15e-05 lambda=0.000 grl_lambda=0.998 v18_lambda=0.000 gpu=3.0/15.8GB
[17:04:45] [ep_summary] ep=71/100 val_live=0.9877/0.9878 val_ema=0.9753/0.9757 test77_live=0.8669/0.8544 test77_diag_ema=0.8453/0.8309 v13=0.0004 grl=0.0758 v15=0.0000 v15r=0.0000 v16=0.0000 v17=0.0000 v18=0.0000 das=fixed_narrow[10,30] p=1.00 ep_time=10.1s
[17:04:45] [train] epoch 72/100 steps=40 use_dann=0 das=fixed_narrow f=[10.0,30.0] p=1.00 gpu=3.0/15.8GB
[17:04:45] [train] ep=72 step=001/40 ce=0.2566 sc=0.4182 mi=0.0535 dn=0.0000 v13=0.0004 grl=0.0816 v15=0.0000 v15r=0.0000 v16=0.0000 v17=0.0000 v18=0.0000 acc=1.0000 lr=6.14e-05 lambda=0.000 grl_lambda=0.998 v18_lambda=0.000 gpu=3.0/15.8GB
[17:04:47] [train] ep=72 step=010/40 ce=0.3186 sc=0.9093 mi=0.0561 dn=0.0000 v13=0.0005 grl=0.0745 v15=0.0000 v15r=0.0000 v16=0.0000 v17=0.0000 v18=0.0000 acc=1.0000 lr=6.06e-05 lambda=0.000 grl_lambda=0.998 v18_lambda=0.000 gpu=3.0/15.8GB
[17:04:49] [train] ep=72 step=020/40 ce=0.2881 sc=0.7985 mi=0.0556 dn=0.0000 v13=0.0005 grl=0.0795 v15=0.0000 v15r=0.0000 v16=0.0000 v17=0.0000 v18=0.0000 acc=1.0000 lr=5.96e-05 lambda=0.000 grl_lambda=0.998 v18_lambda=0.000 gpu=3.0/15.8GB
[17:04:51] [train] ep=72 step=030/40 ce=0.3177 sc=0.8347 mi=0.0554 dn=0.0000 v13=0.0005 grl=0.0775 v15=0.0000 v15r=0.0000 v16=0.0000 v17=0.0000 v18=0.0000 acc=0.9979 lr=5.86e-05 lambda=0.000 grl_lambda=0.998 v18_lambda=0.000 gpu=3.0/15.8GB
[17:04:53] [train] ep=72 step=040/40 ce=0.3427 sc=0.8902 mi=0.0560 dn=0.0000 v13=0.0004 grl=0.0765 v15=0.0000 v15r=0.0000 v16=0.0000 v17=0.0000 v18=0.0000 acc=0.9953 lr=5.77e-05 lambda=0.000 grl_lambda=0.999 v18_lambda=0.000 gpu=3.0/15.8GB
[17:04:56] [ep_summary] ep=72/100 val_live=0.9815/0.9818 val_ema=0.9815/0.9818 test77_live=0.8849/0.8787 test77_diag_ema=0.8453/0.8307 v13=0.0004 grl=0.0765 v15=0.0000 v15r=0.0000 v16=0.0000 v17=0.0000 v18=0.0000 das=fixed_narrow[10,30] p=1.00 ep_time=11.0s
[17:04:56] [save] best_sourceval_ema val_acc_ema=0.9815 source_val_live=0.9815/0.9818 source_val_ema=0.9815/0.9818 ep=72
[17:04:56] [train] epoch 73/100 steps=40 use_dann=0 das=fixed_narrow f=[10.0,30.0] p=1.00 gpu=3.0/15.8GB
[17:04:56] [train] ep=73 step=001/40 ce=0.2590 sc=0.6151 mi=0.0575 dn=0.0000 v13=0.0003 grl=0.1038 v15=0.0000 v15r=0.0000 v16=0.0000 v17=0.0000 v18=0.0000 acc=1.0000 lr=5.76e-05 lambda=0.000 grl_lambda=0.999 v18_lambda=0.000 gpu=3.0/15.8GB
[17:04:58] [train] ep=73 step=010/40 ce=0.3575 sc=0.7232 mi=0.0573 dn=0.0000 v13=0.0004 grl=0.0772 v15=0.0000 v15r=0.0000 v16=0.0000 v17=0.0000 v18=0.0000 acc=0.9938 lr=5.67e-05 lambda=0.000 grl_lambda=0.999 v18_lambda=0.000 gpu=3.0/15.8GB
[17:05:00] [train] ep=73 step=020/40 ce=0.3081 sc=0.6782 mi=0.0562 dn=0.0000 v13=0.0004 grl=0.0833 v15=0.0000 v15r=0.0000 v16=0.0000 v17=0.0000 v18=0.0000 acc=0.9969 lr=5.58e-05 lambda=0.000 grl_lambda=0.999 v18_lambda=0.000 gpu=3.0/15.8GB
[17:05:02] [train] ep=73 step=030/40 ce=0.3170 sc=0.6824 mi=0.0558 dn=0.0000 v13=0.0004 grl=0.0799 v15=0.0000 v15r=0.0000 v16=0.0000 v17=0.0000 v18=0.0000 acc=0.9958 lr=5.48e-05 lambda=0.000 grl_lambda=0.999 v18_lambda=0.000 gpu=3.0/15.8GB
[17:05:05] [train] ep=73 step=040/40 ce=0.3023 sc=0.6983 mi=0.0563 dn=0.0000 v13=0.0004 grl=0.0795 v15=0.0000 v15r=0.0000 v16=0.0000 v17=0.0000 v18=0.0000 acc=0.9969 lr=5.39e-05 lambda=0.000 grl_lambda=0.999 v18_lambda=0.000 gpu=3.0/15.8GB
[17:05:07] [ep_summary] ep=73/100 val_live=0.9877/0.9878 val_ema=0.9815/0.9818 test77_live=0.8813/0.8783 test77_diag_ema=0.8417/0.8275 v13=0.0004 grl=0.0795 v15=0.0000 v15r=0.0000 v16=0.0000 v17=0.0000 v18=0.0000 das=fixed_narrow[10,30] p=1.00 ep_time=11.1s
[17:05:07] [train] epoch 74/100 steps=40 use_dann=0 das=fixed_narrow f=[10.0,30.0] p=1.00 gpu=3.0/15.8GB
[17:05:08] [train] ep=74 step=001/40 ce=0.2573 sc=0.8678 mi=0.0523 dn=0.0000 v13=0.0003 grl=0.1012 v15=0.0000 v15r=0.0000 v16=0.0000 v17=0.0000 v18=0.0000 acc=1.0000 lr=5.38e-05 lambda=0.000 grl_lambda=0.999 v18_lambda=0.000 gpu=3.0/15.8GB
[17:05:10] [train] ep=74 step=010/40 ce=0.2981 sc=0.7847 mi=0.0561 dn=0.0000 v13=0.0004 grl=0.0838 v15=0.0000 v15r=0.0000 v16=0.0000 v17=0.0000 v18=0.0000 acc=0.9938 lr=5.30e-05 lambda=0.000 grl_lambda=0.999 v18_lambda=0.000 gpu=3.0/15.8GB
[17:05:12] [train] ep=74 step=020/40 ce=0.2844 sc=0.7740 mi=0.0563 dn=0.0000 v13=0.0004 grl=0.0880 v15=0.0000 v15r=0.0000 v16=0.0000 v17=0.0000 v18=0.0000 acc=0.9969 lr=5.20e-05 lambda=0.000 grl_lambda=0.999 v18_lambda=0.000 gpu=3.0/15.8GB
[17:05:14] [train] ep=74 step=030/40 ce=0.2972 sc=0.7973 mi=0.0560 dn=0.0000 v13=0.0004 grl=0.0823 v15=0.0000 v15r=0.0000 v16=0.0000 v17=0.0000 v18=0.0000 acc=0.9958 lr=5.11e-05 lambda=0.000 grl_lambda=0.999 v18_lambda=0.000 gpu=3.0/15.8GB
[17:05:16] [train] ep=74 step=040/40 ce=0.3098 sc=0.8032 mi=0.0567 dn=0.0000 v13=0.0004 grl=0.0808 v15=0.0000 v15r=0.0000 v16=0.0000 v17=0.0000 v18=0.0000 acc=0.9953 lr=5.02e-05 lambda=0.000 grl_lambda=0.999 v18_lambda=0.000 gpu=3.0/15.8GB
[17:05:19] [ep_summary] ep=74/100 val_live=0.9877/0.9878 val_ema=0.9815/0.9818 test77_live=0.8813/0.8797 test77_diag_ema=0.8417/0.8275 v13=0.0004 grl=0.0808 v15=0.0000 v15r=0.0000 v16=0.0000 v17=0.0000 v18=0.0000 das=fixed_narrow[10,30] p=1.00 ep_time=11.4s
[17:05:19] [train] epoch 75/100 steps=40 use_dann=0 das=fixed_narrow f=[10.0,30.0] p=1.00 gpu=3.0/15.8GB
[17:05:19] [train] ep=75 step=001/40 ce=0.2579 sc=0.7447 mi=0.0583 dn=0.0000 v13=0.0003 grl=0.0711 v15=0.0000 v15r=0.0000 v16=0.0000 v17=0.0000 v18=0.0000 acc=1.0000 lr=5.01e-05 lambda=0.000 grl_lambda=0.999 v18_lambda=0.000 gpu=3.0/15.8GB
[17:05:21] [train] ep=75 step=010/40 ce=0.2911 sc=0.7580 mi=0.0541 dn=0.0000 v13=0.0003 grl=0.0692 v15=0.0000 v15r=0.0000 v16=0.0000 v17=0.0000 v18=0.0000 acc=1.0000 lr=4.93e-05 lambda=0.000 grl_lambda=0.999 v18_lambda=0.000 gpu=3.0/15.8GB
[17:05:23] [train] ep=75 step=020/40 ce=0.2781 sc=0.7679 mi=0.0553 dn=0.0000 v13=0.0003 grl=0.0676 v15=0.0000 v15r=0.0000 v16=0.0000 v17=0.0000 v18=0.0000 acc=1.0000 lr=4.84e-05 lambda=0.000 grl_lambda=0.999 v18_lambda=0.000 gpu=3.0/15.8GB
[17:05:24] [train] ep=75 step=030/40 ce=0.2759 sc=0.7596 mi=0.0551 dn=0.0000 v13=0.0003 grl=0.0686 v15=0.0000 v15r=0.0000 v16=0.0000 v17=0.0000 v18=0.0000 acc=1.0000 lr=4.75e-05 lambda=0.000 grl_lambda=0.999 v18_lambda=0.000 gpu=3.0/15.8GB
[17:05:27] [train] ep=75 step=040/40 ce=0.2718 sc=0.7397 mi=0.0563 dn=0.0000 v13=0.0003 grl=0.0737 v15=0.0000 v15r=0.0000 v16=0.0000 v17=0.0000 v18=0.0000 acc=1.0000 lr=4.66e-05 lambda=0.000 grl_lambda=0.999 v18_lambda=0.000 gpu=3.0/15.8GB
[17:05:29] [ep_summary] ep=75/100 val_live=0.9877/0.9878 val_ema=0.9815/0.9818 test77_live=0.8885/0.8876 test77_diag_ema=0.8417/0.8275 v13=0.0003 grl=0.0737 v15=0.0000 v15r=0.0000 v16=0.0000 v17=0.0000 v18=0.0000 das=fixed_narrow[10,30] p=1.00 ep_time=10.6s
[17:05:29] [train] epoch 76/100 steps=40 use_dann=0 das=fixed_narrow f=[10.0,30.0] p=1.00 gpu=3.0/15.8GB
[17:05:30] [train] ep=76 step=001/40 ce=0.2788 sc=0.7510 mi=0.0566 dn=0.0000 v13=0.0003 grl=0.0640 v15=0.0000 v15r=0.0000 v16=0.0000 v17=0.0000 v18=0.0000 acc=1.0000 lr=4.65e-05 lambda=0.000 grl_lambda=0.999 v18_lambda=0.000 gpu=3.0/15.8GB
[17:05:31] [train] ep=76 step=010/40 ce=0.3164 sc=0.7968 mi=0.0559 dn=0.0000 v13=0.0003 grl=0.0639 v15=0.0000 v15r=0.0000 v16=0.0000 v17=0.0000 v18=0.0000 acc=1.0000 lr=4.58e-05 lambda=0.000 grl_lambda=0.999 v18_lambda=0.000 gpu=3.0/15.8GB
[17:05:33] [train] ep=76 step=020/40 ce=0.2931 sc=0.7850 mi=0.0578 dn=0.0000 v13=0.0004 grl=0.0732 v15=0.0000 v15r=0.0000 v16=0.0000 v17=0.0000 v18=0.0000 acc=1.0000 lr=4.49e-05 lambda=0.000 grl_lambda=0.999 v18_lambda=0.000 gpu=3.0/15.8GB
[17:05:35] [train] ep=76 step=030/40 ce=0.3046 sc=0.7984 mi=0.0578 dn=0.0000 v13=0.0004 grl=0.0756 v15=0.0000 v15r=0.0000 v16=0.0000 v17=0.0000 v18=0.0000 acc=0.9979 lr=4.40e-05 lambda=0.000 grl_lambda=0.999 v18_lambda=0.000 gpu=3.0/15.8GB
[17:05:37] [train] ep=76 step=040/40 ce=0.2928 sc=0.7490 mi=0.0569 dn=0.0000 v13=0.0004 grl=0.0753 v15=0.0000 v15r=0.0000 v16=0.0000 v17=0.0000 v18=0.0000 acc=0.9984 lr=4.32e-05 lambda=0.000 grl_lambda=0.999 v18_lambda=0.000 gpu=3.0/15.8GB
[17:05:40] [ep_summary] ep=76/100 val_live=0.9877/0.9878 val_ema=0.9815/0.9818 test77_live=0.8777/0.8736 test77_diag_ema=0.8453/0.8327 v13=0.0004 grl=0.0753 v15=0.0000 v15r=0.0000 v16=0.0000 v17=0.0000 v18=0.0000 das=fixed_narrow[10,30] p=1.00 ep_time=10.3s
[17:05:40] [train] epoch 77/100 steps=40 use_dann=0 das=fixed_narrow f=[10.0,30.0] p=1.00 gpu=3.0/15.8GB
[17:05:40] [train] ep=77 step=001/40 ce=0.2578 sc=0.5388 mi=0.0522 dn=0.0000 v13=0.0008 grl=0.0652 v15=0.0000 v15r=0.0000 v16=0.0000 v17=0.0000 v18=0.0000 acc=1.0000 lr=4.31e-05 lambda=0.000 grl_lambda=0.999 v18_lambda=0.000 gpu=3.0/15.8GB
[17:05:42] [train] ep=77 step=010/40 ce=0.2895 sc=0.6580 mi=0.0560 dn=0.0000 v13=0.0004 grl=0.0683 v15=0.0000 v15r=0.0000 v16=0.0000 v17=0.0000 v18=0.0000 acc=1.0000 lr=4.23e-05 lambda=0.000 grl_lambda=0.999 v18_lambda=0.000 gpu=3.0/15.8GB
[17:05:44] [train] ep=77 step=020/40 ce=0.3076 sc=0.7720 mi=0.0573 dn=0.0000 v13=0.0004 grl=0.0759 v15=0.0000 v15r=0.0000 v16=0.0000 v17=0.0000 v18=0.0000 acc=0.9969 lr=4.15e-05 lambda=0.000 grl_lambda=0.999 v18_lambda=0.000 gpu=3.0/15.8GB
[17:05:46] [train] ep=77 step=030/40 ce=0.3196 sc=0.8126 mi=0.0572 dn=0.0000 v13=0.0004 grl=0.0779 v15=0.0000 v15r=0.0000 v16=0.0000 v17=0.0000 v18=0.0000 acc=0.9979 lr=4.06e-05 lambda=0.000 grl_lambda=0.999 v18_lambda=0.000 gpu=3.0/15.8GB
[17:05:48] [train] ep=77 step=040/40 ce=0.3065 sc=0.8219 mi=0.0568 dn=0.0000 v13=0.0004 grl=0.0761 v15=0.0000 v15r=0.0000 v16=0.0000 v17=0.0000 v18=0.0000 acc=0.9984 lr=3.98e-05 lambda=0.000 grl_lambda=0.999 v18_lambda=0.000 gpu=3.0/15.8GB
[17:05:51] [ep_summary] ep=77/100 val_live=0.9938/0.9939 val_ema=0.9815/0.9818 test77_live=0.8921/0.8888 test77_diag_ema=0.8525/0.8412 v13=0.0004 grl=0.0761 v15=0.0000 v15r=0.0000 v16=0.0000 v17=0.0000 v18=0.0000 das=fixed_narrow[10,30] p=1.00 ep_time=11.1s
[17:05:51] [save] best_sourcequalified77_ema ep=77 source_val_live=0.9938/0.9939 source_val_ema=0.9815/0.9818 test77_ema=0.8525/0.8412
[17:05:51] [train] epoch 78/100 steps=40 use_dann=0 das=fixed_narrow f=[10.0,30.0] p=1.00 gpu=3.0/15.8GB
[17:05:51] [train] ep=78 step=001/40 ce=0.2571 sc=0.9643 mi=0.0494 dn=0.0000 v13=0.0001 grl=0.0827 v15=0.0000 v15r=0.0000 v16=0.0000 v17=0.0000 v18=0.0000 acc=1.0000 lr=3.97e-05 lambda=0.000 grl_lambda=0.999 v18_lambda=0.000 gpu=3.0/15.8GB
[17:05:53] [train] ep=78 step=010/40 ce=0.2570 sc=0.7686 mi=0.0547 dn=0.0000 v13=0.0003 grl=0.0744 v15=0.0000 v15r=0.0000 v16=0.0000 v17=0.0000 v18=0.0000 acc=1.0000 lr=3.90e-05 lambda=0.000 grl_lambda=0.999 v18_lambda=0.000 gpu=3.0/15.8GB
[17:05:55] [train] ep=78 step=020/40 ce=0.2647 sc=0.6810 mi=0.0548 dn=0.0000 v13=0.0004 grl=0.0797 v15=0.0000 v15r=0.0000 v16=0.0000 v17=0.0000 v18=0.0000 acc=1.0000 lr=3.82e-05 lambda=0.000 grl_lambda=0.999 v18_lambda=0.000 gpu=3.0/15.8GB
[17:05:57] [train] ep=78 step=030/40 ce=0.2634 sc=0.6980 mi=0.0546 dn=0.0000 v13=0.0004 grl=0.0762 v15=0.0000 v15r=0.0000 v16=0.0000 v17=0.0000 v18=0.0000 acc=1.0000 lr=3.74e-05 lambda=0.000 grl_lambda=0.999 v18_lambda=0.000 gpu=3.0/15.8GB
[17:05:59] [train] ep=78 step=040/40 ce=0.2620 sc=0.7138 mi=0.0558 dn=0.0000 v13=0.0004 grl=0.0785 v15=0.0000 v15r=0.0000 v16=0.0000 v17=0.0000 v18=0.0000 acc=1.0000 lr=3.66e-05 lambda=0.000 grl_lambda=0.999 v18_lambda=0.000 gpu=3.0/15.8GB
[17:06:02] [ep_summary] ep=78/100 val_live=0.9938/0.9939 val_ema=0.9815/0.9818 test77_live=0.8885/0.8855 test77_diag_ema=0.8597/0.8511 v13=0.0004 grl=0.0785 v15=0.0000 v15r=0.0000 v16=0.0000 v17=0.0000 v18=0.0000 das=fixed_narrow[10,30] p=1.00 ep_time=11.4s
[17:06:02] [save] best_sourcequalified77_ema ep=78 source_val_live=0.9938/0.9939 source_val_ema=0.9815/0.9818 test77_ema=0.8597/0.8511
[17:06:02] [train] epoch 79/100 steps=40 use_dann=0 das=fixed_narrow f=[10.0,30.0] p=1.00 gpu=3.0/15.8GB
[17:06:02] [train] ep=79 step=001/40 ce=1.0168 sc=1.4606 mi=0.0615 dn=0.0000 v13=0.0003 grl=0.0521 v15=0.0000 v15r=0.0000 v16=0.0000 v17=0.0000 v18=0.0000 acc=0.9375 lr=3.65e-05 lambda=0.000 grl_lambda=0.999 v18_lambda=0.000 gpu=3.0/15.8GB
[17:06:04] [train] ep=79 step=010/40 ce=0.4412 sc=0.8820 mi=0.0571 dn=0.0000 v13=0.0004 grl=0.0664 v15=0.0000 v15r=0.0000 v16=0.0000 v17=0.0000 v18=0.0000 acc=0.9812 lr=3.58e-05 lambda=0.000 grl_lambda=0.999 v18_lambda=0.000 gpu=3.0/15.8GB
[17:06:07] [train] ep=79 step=020/40 ce=0.3817 sc=0.8127 mi=0.0565 dn=0.0000 v13=0.0004 grl=0.0728 v15=0.0000 v15r=0.0000 v16=0.0000 v17=0.0000 v18=0.0000 acc=0.9875 lr=3.50e-05 lambda=0.000 grl_lambda=0.999 v18_lambda=0.000 gpu=3.0/15.8GB
[17:06:09] [train] ep=79 step=030/40 ce=0.3753 sc=0.8209 mi=0.0555 dn=0.0000 v13=0.0004 grl=0.0751 v15=0.0000 v15r=0.0000 v16=0.0000 v17=0.0000 v18=0.0000 acc=0.9896 lr=3.42e-05 lambda=0.000 grl_lambda=0.999 v18_lambda=0.000 gpu=3.0/15.8GB
[17:06:11] [train] ep=79 step=040/40 ce=0.3740 sc=0.8408 mi=0.0556 dn=0.0000 v13=0.0004 grl=0.0760 v15=0.0000 v15r=0.0000 v16=0.0000 v17=0.0000 v18=0.0000 acc=0.9891 lr=3.35e-05 lambda=0.000 grl_lambda=0.999 v18_lambda=0.000 gpu=3.0/15.8GB
[17:06:14] [ep_summary] ep=79/100 val_live=0.9938/0.9939 val_ema=0.9815/0.9818 test77_live=0.8921/0.8899 test77_diag_ema=0.8669/0.8605 v13=0.0004 grl=0.0760 v15=0.0000 v15r=0.0000 v16=0.0000 v17=0.0000 v18=0.0000 das=fixed_narrow[10,30] p=1.00 ep_time=11.5s
[17:06:14] [save] best_sourcequalified77_ema ep=79 source_val_live=0.9938/0.9939 source_val_ema=0.9815/0.9818 test77_ema=0.8669/0.8605
[17:06:14] [train] epoch 80/100 steps=40 use_dann=0 das=fixed_narrow f=[10.0,30.0] p=1.00 gpu=3.0/15.8GB
[17:06:14] [train] ep=80 step=001/40 ce=0.2570 sc=0.5983 mi=0.0612 dn=0.0000 v13=0.0003 grl=0.0735 v15=0.0000 v15r=0.0000 v16=0.0000 v17=0.0000 v18=0.0000 acc=1.0000 lr=3.34e-05 lambda=0.000 grl_lambda=0.999 v18_lambda=0.000 gpu=3.0/15.8GB
[17:06:16] [train] ep=80 step=010/40 ce=0.2586 sc=0.7457 mi=0.0527 dn=0.0000 v13=0.0004 grl=0.0692 v15=0.0000 v15r=0.0000 v16=0.0000 v17=0.0000 v18=0.0000 acc=1.0000 lr=3.27e-05 lambda=0.000 grl_lambda=0.999 v18_lambda=0.000 gpu=3.0/15.8GB
[17:06:17] [train] ep=80 step=020/40 ce=0.2589 sc=0.7904 mi=0.0527 dn=0.0000 v13=0.0004 grl=0.0736 v15=0.0000 v15r=0.0000 v16=0.0000 v17=0.0000 v18=0.0000 acc=1.0000 lr=3.19e-05 lambda=0.000 grl_lambda=0.999 v18_lambda=0.000 gpu=3.0/15.8GB
[17:06:19] [train] ep=80 step=030/40 ce=0.2970 sc=0.8233 mi=0.0532 dn=0.0000 v13=0.0004 grl=0.0763 v15=0.0000 v15r=0.0000 v16=0.0000 v17=0.0000 v18=0.0000 acc=0.9979 lr=3.12e-05 lambda=0.000 grl_lambda=0.999 v18_lambda=0.000 gpu=3.0/15.8GB
[17:06:21] [train] ep=80 step=040/40 ce=0.2881 sc=0.8056 mi=0.0545 dn=0.0000 v13=0.0004 grl=0.0794 v15=0.0000 v15r=0.0000 v16=0.0000 v17=0.0000 v18=0.0000 acc=0.9984 lr=3.05e-05 lambda=0.000 grl_lambda=0.999 v18_lambda=0.000 gpu=3.0/15.8GB
[17:06:24] [pool] check ep=080/100 source_val_acc_ema=0.9815 threshold=0.90
[17:06:25] [pool] ep=080 ADDED src_val=0.9815/0.9818 dev77=0.8286/0.8248 final77=0.8705/0.8650
[17:06:25] [pool] running best ep=080 dev77_f1=0.8248 final77_f1=0.8650 (pool_size=5)
[17:06:25] [ep_summary] ep=80/100 val_live=0.9938/0.9939 val_ema=0.9815/0.9818 test77_live=0.8993/0.8975 test77_diag_ema=0.8705/0.8650 v13=0.0004 grl=0.0794 v15=0.0000 v15r=0.0000 v16=0.0000 v17=0.0000 v18=0.0000 das=fixed_narrow[10,30] p=1.00 ep_time=11.5s
[17:06:25] [save] best_sourcequalified77_ema ep=80 source_val_live=0.9938/0.9939 source_val_ema=0.9815/0.9818 test77_ema=0.8705/0.8650
[17:06:25] [strict77_monitor] ep=80 best_source_epoch=72 source_val_ema=0.9815/0.9818 test77_ema_diag=0.8453/0.8307 sourcequalified_count=80 best_sourcequalified77_epoch=80 source_val_ema=0.9815/0.9818 test77_ema=0.8705/0.8650
[17:06:25] [train] epoch 81/100 steps=40 use_dann=0 das=fixed_narrow f=[10.0,30.0] p=1.00 gpu=3.0/15.8GB
[17:06:25] [train] ep=81 step=001/40 ce=0.2565 sc=0.7315 mi=0.0496 dn=0.0000 v13=0.0003 grl=0.0738 v15=0.0000 v15r=0.0000 v16=0.0000 v17=0.0000 v18=0.0000 acc=1.0000 lr=3.04e-05 lambda=0.000 grl_lambda=0.999 v18_lambda=0.000 gpu=3.0/15.8GB
[17:06:27] [train] ep=81 step=010/40 ce=0.3116 sc=0.8513 mi=0.0547 dn=0.0000 v13=0.0003 grl=0.0608 v15=0.0000 v15r=0.0000 v16=0.0000 v17=0.0000 v18=0.0000 acc=0.9938 lr=2.97e-05 lambda=0.000 grl_lambda=0.999 v18_lambda=0.000 gpu=3.0/15.8GB
[17:06:29] [train] ep=81 step=020/40 ce=0.3158 sc=0.8483 mi=0.0537 dn=0.0000 v13=0.0004 grl=0.0738 v15=0.0000 v15r=0.0000 v16=0.0000 v17=0.0000 v18=0.0000 acc=0.9938 lr=2.90e-05 lambda=0.000 grl_lambda=0.999 v18_lambda=0.000 gpu=3.0/15.8GB
[17:06:31] [train] ep=81 step=030/40 ce=0.2972 sc=0.8201 mi=0.0549 dn=0.0000 v13=0.0004 grl=0.0755 v15=0.0000 v15r=0.0000 v16=0.0000 v17=0.0000 v18=0.0000 acc=0.9958 lr=2.83e-05 lambda=0.000 grl_lambda=0.999 v18_lambda=0.000 gpu=3.0/15.8GB
[17:06:33] [train] ep=81 step=040/40 ce=0.3006 sc=0.7782 mi=0.0546 dn=0.0000 v13=0.0004 grl=0.0734 v15=0.0000 v15r=0.0000 v16=0.0000 v17=0.0000 v18=0.0000 acc=0.9969 lr=2.76e-05 lambda=0.000 grl_lambda=0.999 v18_lambda=0.000 gpu=3.0/15.8GB
[17:06:35] [ep_summary] ep=81/100 val_live=0.9877/0.9878 val_ema=0.9815/0.9818 test77_live=0.8921/0.8902 test77_diag_ema=0.8669/0.8613 v13=0.0004 grl=0.0734 v15=0.0000 v15r=0.0000 v16=0.0000 v17=0.0000 v18=0.0000 das=fixed_narrow[10,30] p=1.00 ep_time=10.1s
[17:06:35] [train] epoch 82/100 steps=40 use_dann=0 das=fixed_narrow f=[10.0,30.0] p=1.00 gpu=3.0/15.8GB
[17:06:36] [train] ep=82 step=001/40 ce=0.2562 sc=0.5663 mi=0.0642 dn=0.0000 v13=0.0005 grl=0.0724 v15=0.0000 v15r=0.0000 v16=0.0000 v17=0.0000 v18=0.0000 acc=1.0000 lr=2.75e-05 lambda=0.000 grl_lambda=0.999 v18_lambda=0.000 gpu=3.0/15.8GB
[17:06:37] [train] ep=82 step=010/40 ce=0.3684 sc=0.7680 mi=0.0590 dn=0.0000 v13=0.0005 grl=0.0729 v15=0.0000 v15r=0.0000 v16=0.0000 v17=0.0000 v18=0.0000 acc=0.9875 lr=2.69e-05 lambda=0.000 grl_lambda=0.999 v18_lambda=0.000 gpu=3.0/15.8GB
[17:06:39] [train] ep=82 step=020/40 ce=0.3367 sc=0.7800 mi=0.0591 dn=0.0000 v13=0.0004 grl=0.0713 v15=0.0000 v15r=0.0000 v16=0.0000 v17=0.0000 v18=0.0000 acc=0.9906 lr=2.62e-05 lambda=0.000 grl_lambda=0.999 v18_lambda=0.000 gpu=3.0/15.8GB
[17:06:41] [train] ep=82 step=030/40 ce=0.3305 sc=0.8005 mi=0.0584 dn=0.0000 v13=0.0004 grl=0.0684 v15=0.0000 v15r=0.0000 v16=0.0000 v17=0.0000 v18=0.0000 acc=0.9917 lr=2.55e-05 lambda=0.000 grl_lambda=0.999 v18_lambda=0.000 gpu=3.0/15.8GB
[17:06:43] [train] ep=82 step=040/40 ce=0.3270 sc=0.8052 mi=0.0578 dn=0.0000 v13=0.0004 grl=0.0706 v15=0.0000 v15r=0.0000 v16=0.0000 v17=0.0000 v18=0.0000 acc=0.9922 lr=2.48e-05 lambda=0.000 grl_lambda=0.999 v18_lambda=0.000 gpu=3.0/15.8GB
[17:06:46] [ep_summary] ep=82/100 val_live=0.9938/0.9939 val_ema=0.9815/0.9818 test77_live=0.8921/0.8899 test77_diag_ema=0.8705/0.8648 v13=0.0004 grl=0.0706 v15=0.0000 v15r=0.0000 v16=0.0000 v17=0.0000 v18=0.0000 das=fixed_narrow[10,30] p=1.00 ep_time=10.2s
[17:06:46] [train] epoch 83/100 steps=40 use_dann=0 das=fixed_narrow f=[10.0,30.0] p=1.00 gpu=3.0/15.8GB
[17:06:46] [train] ep=83 step=001/40 ce=0.3106 sc=0.8647 mi=0.0514 dn=0.0000 v13=0.0005 grl=0.1060 v15=0.0000 v15r=0.0000 v16=0.0000 v17=0.0000 v18=0.0000 acc=1.0000 lr=2.48e-05 lambda=0.000 grl_lambda=0.999 v18_lambda=0.000 gpu=3.0/15.8GB
[17:06:47] [train] ep=83 step=010/40 ce=0.3980 sc=0.8519 mi=0.0548 dn=0.0000 v13=0.0003 grl=0.0841 v15=0.0000 v15r=0.0000 v16=0.0000 v17=0.0000 v18=0.0000 acc=0.9875 lr=2.42e-05 lambda=0.000 grl_lambda=0.999 v18_lambda=0.000 gpu=3.0/15.8GB
[17:06:50] [train] ep=83 step=020/40 ce=0.3277 sc=0.7774 mi=0.0544 dn=0.0000 v13=0.0003 grl=0.0722 v15=0.0000 v15r=0.0000 v16=0.0000 v17=0.0000 v18=0.0000 acc=0.9938 lr=2.35e-05 lambda=0.000 grl_lambda=0.999 v18_lambda=0.000 gpu=3.0/15.8GB
[17:06:52] [train] ep=83 step=030/40 ce=0.3166 sc=0.7821 mi=0.0555 dn=0.0000 v13=0.0003 grl=0.0763 v15=0.0000 v15r=0.0000 v16=0.0000 v17=0.0000 v18=0.0000 acc=0.9958 lr=2.29e-05 lambda=0.000 grl_lambda=0.999 v18_lambda=0.000 gpu=3.0/15.8GB
[17:06:54] [train] ep=83 step=040/40 ce=0.3036 sc=0.8033 mi=0.0558 dn=0.0000 v13=0.0003 grl=0.0785 v15=0.0000 v15r=0.0000 v16=0.0000 v17=0.0000 v18=0.0000 acc=0.9969 lr=2.22e-05 lambda=0.000 grl_lambda=1.000 v18_lambda=0.000 gpu=3.0/15.8GB
[17:06:57] [ep_summary] ep=83/100 val_live=0.9938/0.9939 val_ema=0.9815/0.9818 test77_live=0.8921/0.8902 test77_diag_ema=0.8705/0.8651 v13=0.0003 grl=0.0785 v15=0.0000 v15r=0.0000 v16=0.0000 v17=0.0000 v18=0.0000 das=fixed_narrow[10,30] p=1.00 ep_time=11.4s
[17:06:57] [save] best_sourcequalified77_ema ep=83 source_val_live=0.9938/0.9939 source_val_ema=0.9815/0.9818 test77_ema=0.8705/0.8651
[17:06:57] [train] epoch 84/100 steps=40 use_dann=0 das=fixed_narrow f=[10.0,30.0] p=1.00 gpu=3.0/15.8GB
[17:06:57] [train] ep=84 step=001/40 ce=0.4503 sc=1.0053 mi=0.0494 dn=0.0000 v13=0.0008 grl=0.0633 v15=0.0000 v15r=0.0000 v16=0.0000 v17=0.0000 v18=0.0000 acc=1.0000 lr=2.22e-05 lambda=0.000 grl_lambda=1.000 v18_lambda=0.000 gpu=3.0/15.8GB
[17:06:59] [train] ep=84 step=010/40 ce=0.2968 sc=0.8124 mi=0.0542 dn=0.0000 v13=0.0004 grl=0.0838 v15=0.0000 v15r=0.0000 v16=0.0000 v17=0.0000 v18=0.0000 acc=1.0000 lr=2.16e-05 lambda=0.000 grl_lambda=1.000 v18_lambda=0.000 gpu=3.0/15.8GB
[17:07:01] [train] ep=84 step=020/40 ce=0.2771 sc=0.7634 mi=0.0543 dn=0.0000 v13=0.0004 grl=0.0786 v15=0.0000 v15r=0.0000 v16=0.0000 v17=0.0000 v18=0.0000 acc=1.0000 lr=2.10e-05 lambda=0.000 grl_lambda=1.000 v18_lambda=0.000 gpu=3.0/15.8GB
[17:07:03] [train] ep=84 step=030/40 ce=0.3016 sc=0.7839 mi=0.0550 dn=0.0000 v13=0.0004 grl=0.0746 v15=0.0000 v15r=0.0000 v16=0.0000 v17=0.0000 v18=0.0000 acc=0.9958 lr=2.04e-05 lambda=0.000 grl_lambda=1.000 v18_lambda=0.000 gpu=3.0/15.8GB
[17:07:05] [train] ep=84 step=040/40 ce=0.3092 sc=0.7564 mi=0.0556 dn=0.0000 v13=0.0004 grl=0.0736 v15=0.0000 v15r=0.0000 v16=0.0000 v17=0.0000 v18=0.0000 acc=0.9953 lr=1.98e-05 lambda=0.000 grl_lambda=1.000 v18_lambda=0.000 gpu=3.0/15.8GB
[17:07:08] [ep_summary] ep=84/100 val_live=0.9815/0.9817 val_ema=0.9815/0.9818 test77_live=0.8885/0.8856 test77_diag_ema=0.8669/0.8614 v13=0.0004 grl=0.0736 v15=0.0000 v15r=0.0000 v16=0.0000 v17=0.0000 v18=0.0000 das=fixed_narrow[10,30] p=1.00 ep_time=10.6s
[17:07:08] [train] epoch 85/100 steps=40 use_dann=0 das=fixed_narrow f=[10.0,30.0] p=1.00 gpu=3.0/15.8GB
[17:07:08] [train] ep=85 step=001/40 ce=0.2569 sc=0.5513 mi=0.0507 dn=0.0000 v13=0.0003 grl=0.0567 v15=0.0000 v15r=0.0000 v16=0.0000 v17=0.0000 v18=0.0000 acc=1.0000 lr=1.97e-05 lambda=0.000 grl_lambda=1.000 v18_lambda=0.000 gpu=3.0/15.8GB
[17:07:09] [train] ep=85 step=010/40 ce=0.2847 sc=0.8939 mi=0.0566 dn=0.0000 v13=0.0004 grl=0.0694 v15=0.0000 v15r=0.0000 v16=0.0000 v17=0.0000 v18=0.0000 acc=1.0000 lr=1.92e-05 lambda=0.000 grl_lambda=1.000 v18_lambda=0.000 gpu=3.0/15.8GB
[17:07:11] [train] ep=85 step=020/40 ce=0.2803 sc=0.8072 mi=0.0563 dn=0.0000 v13=0.0004 grl=0.0780 v15=0.0000 v15r=0.0000 v16=0.0000 v17=0.0000 v18=0.0000 acc=1.0000 lr=1.86e-05 lambda=0.000 grl_lambda=1.000 v18_lambda=0.000 gpu=3.0/15.8GB
[17:07:14] [train] ep=85 step=030/40 ce=0.3379 sc=0.7948 mi=0.0566 dn=0.0000 v13=0.0004 grl=0.0773 v15=0.0000 v15r=0.0000 v16=0.0000 v17=0.0000 v18=0.0000 acc=0.9958 lr=1.80e-05 lambda=0.000 grl_lambda=1.000 v18_lambda=0.000 gpu=3.0/15.8GB
[17:07:16] [train] ep=85 step=040/40 ce=0.3406 sc=0.8037 mi=0.0558 dn=0.0000 v13=0.0004 grl=0.0746 v15=0.0000 v15r=0.0000 v16=0.0000 v17=0.0000 v18=0.0000 acc=0.9953 lr=1.74e-05 lambda=0.000 grl_lambda=1.000 v18_lambda=0.000 gpu=3.0/15.8GB
[17:07:18] [ep_summary] ep=85/100 val_live=0.9815/0.9817 val_ema=0.9815/0.9818 test77_live=0.8885/0.8855 test77_diag_ema=0.8705/0.8662 v13=0.0004 grl=0.0746 v15=0.0000 v15r=0.0000 v16=0.0000 v17=0.0000 v18=0.0000 das=fixed_narrow[10,30] p=1.00 ep_time=10.8s
[17:07:18] [save] best_sourcequalified77_ema ep=85 source_val_live=0.9815/0.9817 source_val_ema=0.9815/0.9818 test77_ema=0.8705/0.8662
[17:07:18] [train] epoch 86/100 steps=40 use_dann=0 das=fixed_narrow f=[10.0,30.0] p=1.00 gpu=3.0/15.8GB
[17:07:19] [train] ep=86 step=001/40 ce=0.2563 sc=0.7270 mi=0.0567 dn=0.0000 v13=0.0004 grl=0.0578 v15=0.0000 v15r=0.0000 v16=0.0000 v17=0.0000 v18=0.0000 acc=1.0000 lr=1.74e-05 lambda=0.000 grl_lambda=1.000 v18_lambda=0.000 gpu=3.0/15.8GB
[17:07:20] [train] ep=86 step=010/40 ce=0.2572 sc=0.8804 mi=0.0572 dn=0.0000 v13=0.0003 grl=0.0739 v15=0.0000 v15r=0.0000 v16=0.0000 v17=0.0000 v18=0.0000 acc=1.0000 lr=1.68e-05 lambda=0.000 grl_lambda=1.000 v18_lambda=0.000 gpu=3.0/15.8GB
[17:07:22] [train] ep=86 step=020/40 ce=0.2574 sc=0.8228 mi=0.0569 dn=0.0000 v13=0.0004 grl=0.0748 v15=0.0000 v15r=0.0000 v16=0.0000 v17=0.0000 v18=0.0000 acc=1.0000 lr=1.63e-05 lambda=0.000 grl_lambda=1.000 v18_lambda=0.000 gpu=3.0/15.8GB
[17:07:24] [train] ep=86 step=030/40 ce=0.2592 sc=0.8059 mi=0.0555 dn=0.0000 v13=0.0004 grl=0.0698 v15=0.0000 v15r=0.0000 v16=0.0000 v17=0.0000 v18=0.0000 acc=1.0000 lr=1.57e-05 lambda=0.000 grl_lambda=1.000 v18_lambda=0.000 gpu=3.0/15.8GB
[17:07:26] [train] ep=86 step=040/40 ce=0.2666 sc=0.7852 mi=0.0561 dn=0.0000 v13=0.0004 grl=0.0735 v15=0.0000 v15r=0.0000 v16=0.0000 v17=0.0000 v18=0.0000 acc=1.0000 lr=1.52e-05 lambda=0.000 grl_lambda=1.000 v18_lambda=0.000 gpu=3.0/15.8GB
[17:07:29] [ep_summary] ep=86/100 val_live=0.9815/0.9817 val_ema=0.9815/0.9818 test77_live=0.8885/0.8854 test77_diag_ema=0.8705/0.8660 v13=0.0004 grl=0.0735 v15=0.0000 v15r=0.0000 v16=0.0000 v17=0.0000 v18=0.0000 das=fixed_narrow[10,30] p=1.00 ep_time=10.5s
[17:07:29] [train] epoch 87/100 steps=40 use_dann=0 das=fixed_narrow f=[10.0,30.0] p=1.00 gpu=3.0/15.8GB
[17:07:29] [train] ep=87 step=001/40 ce=0.2560 sc=0.8762 mi=0.0565 dn=0.0000 v13=0.0003 grl=0.0951 v15=0.0000 v15r=0.0000 v16=0.0000 v17=0.0000 v18=0.0000 acc=1.0000 lr=1.52e-05 lambda=0.000 grl_lambda=1.000 v18_lambda=0.000 gpu=3.0/15.8GB
[17:07:31] [train] ep=87 step=010/40 ce=0.2586 sc=0.7950 mi=0.0537 dn=0.0000 v13=0.0004 grl=0.0710 v15=0.0000 v15r=0.0000 v16=0.0000 v17=0.0000 v18=0.0000 acc=1.0000 lr=1.47e-05 lambda=0.000 grl_lambda=1.000 v18_lambda=0.000 gpu=3.0/15.8GB
[17:07:33] [train] ep=87 step=020/40 ce=0.3133 sc=0.7813 mi=0.0545 dn=0.0000 v13=0.0004 grl=0.0652 v15=0.0000 v15r=0.0000 v16=0.0000 v17=0.0000 v18=0.0000 acc=0.9969 lr=1.42e-05 lambda=0.000 grl_lambda=1.000 v18_lambda=0.000 gpu=3.0/15.8GB
[17:07:35] [train] ep=87 step=030/40 ce=0.3154 sc=0.7982 mi=0.0552 dn=0.0000 v13=0.0004 grl=0.0662 v15=0.0000 v15r=0.0000 v16=0.0000 v17=0.0000 v18=0.0000 acc=0.9958 lr=1.37e-05 lambda=0.000 grl_lambda=1.000 v18_lambda=0.000 gpu=3.0/15.8GB
[17:07:37] [train] ep=87 step=040/40 ce=0.3151 sc=0.7679 mi=0.0556 dn=0.0000 v13=0.0004 grl=0.0701 v15=0.0000 v15r=0.0000 v16=0.0000 v17=0.0000 v18=0.0000 acc=0.9953 lr=1.31e-05 lambda=0.000 grl_lambda=1.000 v18_lambda=0.000 gpu=3.0/15.8GB
[17:07:40] [ep_summary] ep=87/100 val_live=0.9938/0.9939 val_ema=0.9815/0.9818 test77_live=0.8957/0.8930 test77_diag_ema=0.8741/0.8703 v13=0.0004 grl=0.0701 v15=0.0000 v15r=0.0000 v16=0.0000 v17=0.0000 v18=0.0000 das=fixed_narrow[10,30] p=1.00 ep_time=11.0s
[17:07:40] [save] best_sourcequalified77_ema ep=87 source_val_live=0.9938/0.9939 source_val_ema=0.9815/0.9818 test77_ema=0.8741/0.8703
[17:07:40] [train] epoch 88/100 steps=40 use_dann=0 das=fixed_narrow f=[10.0,30.0] p=1.00 gpu=3.0/15.8GB
[17:07:40] [train] ep=88 step=001/40 ce=0.2573 sc=0.6461 mi=0.0524 dn=0.0000 v13=0.0004 grl=0.0663 v15=0.0000 v15r=0.0000 v16=0.0000 v17=0.0000 v18=0.0000 acc=1.0000 lr=1.31e-05 lambda=0.000 grl_lambda=1.000 v18_lambda=0.000 gpu=3.0/15.8GB
[17:07:42] [train] ep=88 step=010/40 ce=0.2572 sc=0.6661 mi=0.0533 dn=0.0000 v13=0.0003 grl=0.0709 v15=0.0000 v15r=0.0000 v16=0.0000 v17=0.0000 v18=0.0000 acc=1.0000 lr=1.27e-05 lambda=0.000 grl_lambda=1.000 v18_lambda=0.000 gpu=3.0/15.8GB
[17:07:44] [train] ep=88 step=020/40 ce=0.2894 sc=0.7105 mi=0.0556 dn=0.0000 v13=0.0003 grl=0.0713 v15=0.0000 v15r=0.0000 v16=0.0000 v17=0.0000 v18=0.0000 acc=0.9969 lr=1.22e-05 lambda=0.000 grl_lambda=1.000 v18_lambda=0.000 gpu=3.0/15.8GB
[17:07:46] [train] ep=88 step=030/40 ce=0.3156 sc=0.7798 mi=0.0554 dn=0.0000 v13=0.0003 grl=0.0705 v15=0.0000 v15r=0.0000 v16=0.0000 v17=0.0000 v18=0.0000 acc=0.9938 lr=1.17e-05 lambda=0.000 grl_lambda=1.000 v18_lambda=0.000 gpu=3.0/15.8GB
[17:07:49] [train] ep=88 step=040/40 ce=0.3056 sc=0.7458 mi=0.0554 dn=0.0000 v13=0.0003 grl=0.0733 v15=0.0000 v15r=0.0000 v16=0.0000 v17=0.0000 v18=0.0000 acc=0.9953 lr=1.12e-05 lambda=0.000 grl_lambda=1.000 v18_lambda=0.000 gpu=3.0/15.8GB
[17:07:51] [ep_summary] ep=88/100 val_live=0.9938/0.9939 val_ema=0.9815/0.9818 test77_live=0.8957/0.8928 test77_diag_ema=0.8741/0.8703 v13=0.0003 grl=0.0733 v15=0.0000 v15r=0.0000 v16=0.0000 v17=0.0000 v18=0.0000 das=fixed_narrow[10,30] p=1.00 ep_time=11.3s
[17:07:51] [train] epoch 89/100 steps=40 use_dann=0 das=fixed_narrow f=[10.0,30.0] p=1.00 gpu=3.0/15.8GB
[17:07:52] [train] ep=89 step=001/40 ce=0.2577 sc=0.9512 mi=0.0497 dn=0.0000 v13=0.0002 grl=0.0793 v15=0.0000 v15r=0.0000 v16=0.0000 v17=0.0000 v18=0.0000 acc=1.0000 lr=1.12e-05 lambda=0.000 grl_lambda=1.000 v18_lambda=0.000 gpu=3.0/15.8GB
[17:07:53] [train] ep=89 step=010/40 ce=0.2573 sc=0.7273 mi=0.0560 dn=0.0000 v13=0.0003 grl=0.0766 v15=0.0000 v15r=0.0000 v16=0.0000 v17=0.0000 v18=0.0000 acc=1.0000 lr=1.08e-05 lambda=0.000 grl_lambda=1.000 v18_lambda=0.000 gpu=3.0/15.8GB
[17:07:55] [train] ep=89 step=020/40 ce=0.2677 sc=0.7091 mi=0.0544 dn=0.0000 v13=0.0003 grl=0.0716 v15=0.0000 v15r=0.0000 v16=0.0000 v17=0.0000 v18=0.0000 acc=1.0000 lr=1.03e-05 lambda=0.000 grl_lambda=1.000 v18_lambda=0.000 gpu=3.0/15.8GB
[17:07:57] [train] ep=89 step=030/40 ce=0.2963 sc=0.7488 mi=0.0550 dn=0.0000 v13=0.0003 grl=0.0749 v15=0.0000 v15r=0.0000 v16=0.0000 v17=0.0000 v18=0.0000 acc=0.9979 lr=9.89e-06 lambda=0.000 grl_lambda=1.000 v18_lambda=0.000 gpu=3.0/15.8GB
[17:07:59] [train] ep=89 step=040/40 ce=0.2885 sc=0.7748 mi=0.0552 dn=0.0000 v13=0.0004 grl=0.0763 v15=0.0000 v15r=0.0000 v16=0.0000 v17=0.0000 v18=0.0000 acc=0.9984 lr=9.46e-06 lambda=0.000 grl_lambda=1.000 v18_lambda=0.000 gpu=3.0/15.8GB
[17:08:02] [ep_summary] ep=89/100 val_live=0.9938/0.9939 val_ema=0.9815/0.9818 test77_live=0.8885/0.8857 test77_diag_ema=0.8741/0.8703 v13=0.0004 grl=0.0763 v15=0.0000 v15r=0.0000 v16=0.0000 v17=0.0000 v18=0.0000 das=fixed_narrow[10,30] p=1.00 ep_time=10.7s
[17:08:02] [train] epoch 90/100 steps=40 use_dann=0 das=fixed_narrow f=[10.0,30.0] p=1.00 gpu=3.0/15.8GB
[17:08:02] [train] ep=90 step=001/40 ce=0.2570 sc=0.4199 mi=0.0540 dn=0.0000 v13=0.0002 grl=0.0664 v15=0.0000 v15r=0.0000 v16=0.0000 v17=0.0000 v18=0.0000 acc=1.0000 lr=9.42e-06 lambda=0.000 grl_lambda=1.000 v18_lambda=0.000 gpu=3.0/15.8GB
[17:08:04] [train] ep=90 step=010/40 ce=0.2747 sc=0.6620 mi=0.0555 dn=0.0000 v13=0.0003 grl=0.0678 v15=0.0000 v15r=0.0000 v16=0.0000 v17=0.0000 v18=0.0000 acc=1.0000 lr=9.04e-06 lambda=0.000 grl_lambda=1.000 v18_lambda=0.000 gpu=3.0/15.8GB
[17:08:06] [train] ep=90 step=020/40 ce=0.3019 sc=0.7383 mi=0.0557 dn=0.0000 v13=0.0003 grl=0.0716 v15=0.0000 v15r=0.0000 v16=0.0000 v17=0.0000 v18=0.0000 acc=0.9969 lr=8.63e-06 lambda=0.000 grl_lambda=1.000 v18_lambda=0.000 gpu=3.0/15.8GB
[17:08:08] [train] ep=90 step=030/40 ce=0.2949 sc=0.7448 mi=0.0560 dn=0.0000 v13=0.0004 grl=0.0723 v15=0.0000 v15r=0.0000 v16=0.0000 v17=0.0000 v18=0.0000 acc=0.9979 lr=8.23e-06 lambda=0.000 grl_lambda=1.000 v18_lambda=0.000 gpu=3.0/15.8GB
[17:08:10] [train] ep=90 step=040/40 ce=0.3136 sc=0.7476 mi=0.0555 dn=0.0000 v13=0.0004 grl=0.0731 v15=0.0000 v15r=0.0000 v16=0.0000 v17=0.0000 v18=0.0000 acc=0.9969 lr=7.84e-06 lambda=0.000 grl_lambda=1.000 v18_lambda=0.000 gpu=3.0/15.8GB
[17:08:13] [pool] check ep=090/100 source_val_acc_ema=0.9815 threshold=0.90
[17:08:14] [pool] ep=090 ADDED src_val=0.9815/0.9818 dev77=0.8143/0.8086 final77=0.8741/0.8703
[17:08:14] [pool] running best ep=080 dev77_f1=0.8248 final77_f1=0.8650 (pool_size=6)
[17:08:14] [ep_summary] ep=90/100 val_live=0.9815/0.9817 val_ema=0.9815/0.9818 test77_live=0.8813/0.8780 test77_diag_ema=0.8741/0.8703 v13=0.0004 grl=0.0731 v15=0.0000 v15r=0.0000 v16=0.0000 v17=0.0000 v18=0.0000 das=fixed_narrow[10,30] p=1.00 ep_time=12.0s
[17:08:14] [strict77_monitor] ep=90 best_source_epoch=72 source_val_ema=0.9815/0.9818 test77_ema_diag=0.8453/0.8307 sourcequalified_count=90 best_sourcequalified77_epoch=87 source_val_ema=0.9815/0.9818 test77_ema=0.8741/0.8703
[17:08:14] [train] epoch 91/100 steps=40 use_dann=0 das=fixed_narrow f=[10.0,30.0] p=1.00 gpu=3.0/15.8GB
[17:08:14] [train] ep=91 step=001/40 ce=0.2582 sc=0.5375 mi=0.0625 dn=0.0000 v13=0.0003 grl=0.0524 v15=0.0000 v15r=0.0000 v16=0.0000 v17=0.0000 v18=0.0000 acc=1.0000 lr=7.80e-06 lambda=0.000 grl_lambda=1.000 v18_lambda=0.000 gpu=3.0/15.8GB
[17:08:16] [train] ep=91 step=010/40 ce=0.3133 sc=0.7593 mi=0.0538 dn=0.0000 v13=0.0003 grl=0.0812 v15=0.0000 v15r=0.0000 v16=0.0000 v17=0.0000 v18=0.0000 acc=0.9938 lr=7.45e-06 lambda=0.000 grl_lambda=1.000 v18_lambda=0.000 gpu=3.0/15.8GB
[17:08:18] [train] ep=91 step=020/40 ce=0.3422 sc=0.8071 mi=0.0549 dn=0.0000 v13=0.0003 grl=0.0788 v15=0.0000 v15r=0.0000 v16=0.0000 v17=0.0000 v18=0.0000 acc=0.9938 lr=7.08e-06 lambda=0.000 grl_lambda=1.000 v18_lambda=0.000 gpu=3.0/15.8GB
[17:08:20] [train] ep=91 step=030/40 ce=0.3145 sc=0.8221 mi=0.0550 dn=0.0000 v13=0.0003 grl=0.0731 v15=0.0000 v15r=0.0000 v16=0.0000 v17=0.0000 v18=0.0000 acc=0.9958 lr=6.72e-06 lambda=0.000 grl_lambda=1.000 v18_lambda=0.000 gpu=3.0/15.8GB
[17:08:21] [train] ep=91 step=040/40 ce=0.3163 sc=0.8186 mi=0.0553 dn=0.0000 v13=0.0003 grl=0.0725 v15=0.0000 v15r=0.0000 v16=0.0000 v17=0.0000 v18=0.0000 acc=0.9953 lr=6.36e-06 lambda=0.000 grl_lambda=1.000 v18_lambda=0.000 gpu=3.0/15.8GB
[17:08:24] [ep_summary] ep=91/100 val_live=0.9815/0.9817 val_ema=0.9815/0.9818 test77_live=0.8813/0.8780 test77_diag_ema=0.8777/0.8734 v13=0.0003 grl=0.0725 v15=0.0000 v15r=0.0000 v16=0.0000 v17=0.0000 v18=0.0000 das=fixed_narrow[10,30] p=1.00 ep_time=10.1s
[17:08:24] [save] best_sourcequalified77_ema ep=91 source_val_live=0.9815/0.9817 source_val_ema=0.9815/0.9818 test77_ema=0.8777/0.8734
[17:08:24] [train] epoch 92/100 steps=40 use_dann=0 das=fixed_narrow f=[10.0,30.0] p=1.00 gpu=3.0/15.8GB
[17:08:24] [train] ep=92 step=001/40 ce=0.2585 sc=0.6479 mi=0.0606 dn=0.0000 v13=0.0005 grl=0.0666 v15=0.0000 v15r=0.0000 v16=0.0000 v17=0.0000 v18=0.0000 acc=1.0000 lr=6.33e-06 lambda=0.000 grl_lambda=1.000 v18_lambda=0.000 gpu=3.0/15.8GB
[17:08:26] [train] ep=92 step=010/40 ce=0.2804 sc=0.7213 mi=0.0547 dn=0.0000 v13=0.0003 grl=0.0834 v15=0.0000 v15r=0.0000 v16=0.0000 v17=0.0000 v18=0.0000 acc=1.0000 lr=6.02e-06 lambda=0.000 grl_lambda=1.000 v18_lambda=0.000 gpu=3.0/15.8GB
[17:08:28] [train] ep=92 step=020/40 ce=0.3437 sc=0.7903 mi=0.0552 dn=0.0000 v13=0.0003 grl=0.0782 v15=0.0000 v15r=0.0000 v16=0.0000 v17=0.0000 v18=0.0000 acc=0.9938 lr=5.68e-06 lambda=0.000 grl_lambda=1.000 v18_lambda=0.000 gpu=3.0/15.8GB
[17:08:30] [train] ep=92 step=030/40 ce=0.3163 sc=0.7692 mi=0.0552 dn=0.0000 v13=0.0004 grl=0.0787 v15=0.0000 v15r=0.0000 v16=0.0000 v17=0.0000 v18=0.0000 acc=0.9958 lr=5.35e-06 lambda=0.000 grl_lambda=1.000 v18_lambda=0.000 gpu=3.0/15.8GB
[17:08:32] [train] ep=92 step=040/40 ce=0.3034 sc=0.7391 mi=0.0553 dn=0.0000 v13=0.0004 grl=0.0768 v15=0.0000 v15r=0.0000 v16=0.0000 v17=0.0000 v18=0.0000 acc=0.9969 lr=5.04e-06 lambda=0.000 grl_lambda=1.000 v18_lambda=0.000 gpu=3.0/15.8GB
[17:08:34] [ep_summary] ep=92/100 val_live=0.9877/0.9878 val_ema=0.9815/0.9818 test77_live=0.8813/0.8780 test77_diag_ema=0.8777/0.8746 v13=0.0004 grl=0.0768 v15=0.0000 v15r=0.0000 v16=0.0000 v17=0.0000 v18=0.0000 das=fixed_narrow[10,30] p=1.00 ep_time=10.1s
[17:08:34] [save] best_sourcequalified77_ema ep=92 source_val_live=0.9877/0.9878 source_val_ema=0.9815/0.9818 test77_ema=0.8777/0.8746
[17:08:34] [train] epoch 93/100 steps=40 use_dann=0 das=fixed_narrow f=[10.0,30.0] p=1.00 gpu=3.0/15.8GB
[17:08:35] [train] ep=93 step=001/40 ce=0.7803 sc=0.8446 mi=0.0592 dn=0.0000 v13=0.0004 grl=0.0459 v15=0.0000 v15r=0.0000 v16=0.0000 v17=0.0000 v18=0.0000 acc=0.9375 lr=5.01e-06 lambda=0.000 grl_lambda=1.000 v18_lambda=0.000 gpu=3.0/15.8GB
[17:08:36] [train] ep=93 step=010/40 ce=0.3442 sc=0.7796 mi=0.0547 dn=0.0000 v13=0.0004 grl=0.0764 v15=0.0000 v15r=0.0000 v16=0.0000 v17=0.0000 v18=0.0000 acc=0.9938 lr=4.73e-06 lambda=0.000 grl_lambda=1.000 v18_lambda=0.000 gpu=3.0/15.8GB
[17:08:38] [train] ep=93 step=020/40 ce=0.3213 sc=0.7412 mi=0.0543 dn=0.0000 v13=0.0004 grl=0.0755 v15=0.0000 v15r=0.0000 v16=0.0000 v17=0.0000 v18=0.0000 acc=0.9938 lr=4.43e-06 lambda=0.000 grl_lambda=1.000 v18_lambda=0.000 gpu=3.0/15.8GB
[17:08:40] [train] ep=93 step=030/40 ce=0.3014 sc=0.7408 mi=0.0541 dn=0.0000 v13=0.0004 grl=0.0757 v15=0.0000 v15r=0.0000 v16=0.0000 v17=0.0000 v18=0.0000 acc=0.9958 lr=4.14e-06 lambda=0.000 grl_lambda=1.000 v18_lambda=0.000 gpu=3.0/15.8GB
[17:08:42] [train] ep=93 step=040/40 ce=0.2938 sc=0.7349 mi=0.0549 dn=0.0000 v13=0.0004 grl=0.0767 v15=0.0000 v15r=0.0000 v16=0.0000 v17=0.0000 v18=0.0000 acc=0.9969 lr=3.87e-06 lambda=0.000 grl_lambda=1.000 v18_lambda=0.000 gpu=3.0/15.8GB
[17:08:44] [ep_summary] ep=93/100 val_live=0.9938/0.9939 val_ema=0.9815/0.9818 test77_live=0.8885/0.8855 test77_diag_ema=0.8813/0.8777 v13=0.0004 grl=0.0767 v15=0.0000 v15r=0.0000 v16=0.0000 v17=0.0000 v18=0.0000 das=fixed_narrow[10,30] p=1.00 ep_time=10.1s
[17:08:44] [save] best_sourcequalified77_ema ep=93 source_val_live=0.9938/0.9939 source_val_ema=0.9815/0.9818 test77_ema=0.8813/0.8777
[17:08:44] [train] epoch 94/100 steps=40 use_dann=0 das=fixed_narrow f=[10.0,30.0] p=1.00 gpu=3.0/15.8GB
[17:08:45] [train] ep=94 step=001/40 ce=0.2574 sc=0.9323 mi=0.0534 dn=0.0000 v13=0.0002 grl=0.0529 v15=0.0000 v15r=0.0000 v16=0.0000 v17=0.0000 v18=0.0000 acc=1.0000 lr=3.84e-06 lambda=0.000 grl_lambda=1.000 v18_lambda=0.000 gpu=3.0/15.8GB
[17:08:46] [train] ep=94 step=010/40 ce=0.2582 sc=0.6800 mi=0.0546 dn=0.0000 v13=0.0003 grl=0.0663 v15=0.0000 v15r=0.0000 v16=0.0000 v17=0.0000 v18=0.0000 acc=1.0000 lr=3.60e-06 lambda=0.000 grl_lambda=1.000 v18_lambda=0.000 gpu=3.0/15.8GB
[17:08:48] [train] ep=94 step=020/40 ce=0.2866 sc=0.7522 mi=0.0534 dn=0.0000 v13=0.0004 grl=0.0738 v15=0.0000 v15r=0.0000 v16=0.0000 v17=0.0000 v18=0.0000 acc=0.9969 lr=3.34e-06 lambda=0.000 grl_lambda=1.000 v18_lambda=0.000 gpu=3.0/15.8GB
[17:08:50] [train] ep=94 step=030/40 ce=0.2774 sc=0.7775 mi=0.0546 dn=0.0000 v13=0.0004 grl=0.0757 v15=0.0000 v15r=0.0000 v16=0.0000 v17=0.0000 v18=0.0000 acc=0.9979 lr=3.09e-06 lambda=0.000 grl_lambda=1.000 v18_lambda=0.000 gpu=3.0/15.8GB
[17:08:52] [train] ep=94 step=040/40 ce=0.2723 sc=0.7919 mi=0.0556 dn=0.0000 v13=0.0004 grl=0.0740 v15=0.0000 v15r=0.0000 v16=0.0000 v17=0.0000 v18=0.0000 acc=0.9984 lr=2.85e-06 lambda=0.000 grl_lambda=1.000 v18_lambda=0.000 gpu=3.0/15.8GB
[17:08:55] [ep_summary] ep=94/100 val_live=0.9938/0.9939 val_ema=0.9815/0.9818 test77_live=0.8921/0.8888 test77_diag_ema=0.8777/0.8741 v13=0.0004 grl=0.0740 v15=0.0000 v15r=0.0000 v16=0.0000 v17=0.0000 v18=0.0000 das=fixed_narrow[10,30] p=1.00 ep_time=10.1s
[17:08:55] [train] epoch 95/100 steps=40 use_dann=0 das=fixed_narrow f=[10.0,30.0] p=1.00 gpu=3.0/15.8GB
[17:08:55] [train] ep=95 step=001/40 ce=0.2566 sc=0.6487 mi=0.0487 dn=0.0000 v13=0.0006 grl=0.0694 v15=0.0000 v15r=0.0000 v16=0.0000 v17=0.0000 v18=0.0000 acc=1.0000 lr=2.82e-06 lambda=0.000 grl_lambda=1.000 v18_lambda=0.000 gpu=3.0/15.8GB
[17:08:56] [train] ep=95 step=010/40 ce=0.2645 sc=0.7855 mi=0.0549 dn=0.0000 v13=0.0004 grl=0.0693 v15=0.0000 v15r=0.0000 v16=0.0000 v17=0.0000 v18=0.0000 acc=1.0000 lr=2.62e-06 lambda=0.000 grl_lambda=1.000 v18_lambda=0.000 gpu=3.0/15.8GB
[17:08:58] [train] ep=95 step=020/40 ce=0.2868 sc=0.8598 mi=0.0545 dn=0.0000 v13=0.0003 grl=0.0714 v15=0.0000 v15r=0.0000 v16=0.0000 v17=0.0000 v18=0.0000 acc=0.9969 lr=2.40e-06 lambda=0.000 grl_lambda=1.000 v18_lambda=0.000 gpu=3.0/15.8GB
[17:09:00] [train] ep=95 step=030/40 ce=0.2966 sc=0.8011 mi=0.0546 dn=0.0000 v13=0.0003 grl=0.0745 v15=0.0000 v15r=0.0000 v16=0.0000 v17=0.0000 v18=0.0000 acc=0.9958 lr=2.18e-06 lambda=0.000 grl_lambda=1.000 v18_lambda=0.000 gpu=3.0/15.8GB
[17:09:02] [train] ep=95 step=040/40 ce=0.2869 sc=0.7998 mi=0.0554 dn=0.0000 v13=0.0003 grl=0.0736 v15=0.0000 v15r=0.0000 v16=0.0000 v17=0.0000 v18=0.0000 acc=0.9969 lr=1.98e-06 lambda=0.000 grl_lambda=1.000 v18_lambda=0.000 gpu=3.0/15.8GB
[17:09:05] [ep_summary] ep=95/100 val_live=0.9877/0.9878 val_ema=0.9815/0.9818 test77_live=0.8885/0.8852 test77_diag_ema=0.8813/0.8775 v13=0.0003 grl=0.0736 v15=0.0000 v15r=0.0000 v16=0.0000 v17=0.0000 v18=0.0000 das=fixed_narrow[10,30] p=1.00 ep_time=10.2s
[17:09:05] [train] epoch 96/100 steps=40 use_dann=0 das=fixed_narrow f=[10.0,30.0] p=1.00 gpu=3.0/15.8GB
[17:09:05] [train] ep=96 step=001/40 ce=0.2608 sc=0.7287 mi=0.0542 dn=0.0000 v13=0.0003 grl=0.0671 v15=0.0000 v15r=0.0000 v16=0.0000 v17=0.0000 v18=0.0000 acc=1.0000 lr=1.96e-06 lambda=0.000 grl_lambda=1.000 v18_lambda=0.000 gpu=3.0/15.8GB
[17:09:07] [train] ep=96 step=010/40 ce=0.4031 sc=0.8715 mi=0.0540 dn=0.0000 v13=0.0003 grl=0.0768 v15=0.0000 v15r=0.0000 v16=0.0000 v17=0.0000 v18=0.0000 acc=0.9812 lr=1.79e-06 lambda=0.000 grl_lambda=1.000 v18_lambda=0.000 gpu=3.0/15.8GB
[17:09:08] [train] ep=96 step=020/40 ce=0.3374 sc=0.8263 mi=0.0540 dn=0.0000 v13=0.0004 grl=0.0739 v15=0.0000 v15r=0.0000 v16=0.0000 v17=0.0000 v18=0.0000 acc=0.9906 lr=1.61e-06 lambda=0.000 grl_lambda=1.000 v18_lambda=0.000 gpu=3.0/15.8GB
[17:09:10] [train] ep=96 step=030/40 ce=0.3306 sc=0.8238 mi=0.0545 dn=0.0000 v13=0.0004 grl=0.0765 v15=0.0000 v15r=0.0000 v16=0.0000 v17=0.0000 v18=0.0000 acc=0.9917 lr=1.44e-06 lambda=0.000 grl_lambda=1.000 v18_lambda=0.000 gpu=3.0/15.8GB
[17:09:12] [train] ep=96 step=040/40 ce=0.3168 sc=0.7863 mi=0.0541 dn=0.0000 v13=0.0004 grl=0.0774 v15=0.0000 v15r=0.0000 v16=0.0000 v17=0.0000 v18=0.0000 acc=0.9938 lr=1.27e-06 lambda=0.000 grl_lambda=1.000 v18_lambda=0.000 gpu=3.0/15.8GB
[17:09:15] [ep_summary] ep=96/100 val_live=0.9877/0.9878 val_ema=0.9815/0.9818 test77_live=0.8885/0.8852 test77_diag_ema=0.8849/0.8816 v13=0.0004 grl=0.0774 v15=0.0000 v15r=0.0000 v16=0.0000 v17=0.0000 v18=0.0000 das=fixed_narrow[10,30] p=1.00 ep_time=10.1s
[17:09:15] [save] best_sourcequalified77_ema ep=96 source_val_live=0.9877/0.9878 source_val_ema=0.9815/0.9818 test77_ema=0.8849/0.8816
[17:09:15] [train] epoch 97/100 steps=40 use_dann=0 das=fixed_narrow f=[10.0,30.0] p=1.00 gpu=3.0/15.8GB
[17:09:15] [train] ep=97 step=001/40 ce=1.2262 sc=1.9013 mi=0.0541 dn=0.0000 v13=0.0003 grl=0.0892 v15=0.0000 v15r=0.0000 v16=0.0000 v17=0.0000 v18=0.0000 acc=0.9375 lr=1.26e-06 lambda=0.000 grl_lambda=1.000 v18_lambda=0.000 gpu=3.0/15.8GB
[17:09:17] [train] ep=97 step=010/40 ce=0.3537 sc=0.8857 mi=0.0560 dn=0.0000 v13=0.0003 grl=0.0675 v15=0.0000 v15r=0.0000 v16=0.0000 v17=0.0000 v18=0.0000 acc=0.9938 lr=1.12e-06 lambda=0.000 grl_lambda=1.000 v18_lambda=0.000 gpu=3.0/15.8GB
[17:09:19] [train] ep=97 step=020/40 ce=0.3178 sc=0.8001 mi=0.0560 dn=0.0000 v13=0.0003 grl=0.0667 v15=0.0000 v15r=0.0000 v16=0.0000 v17=0.0000 v18=0.0000 acc=0.9969 lr=9.76e-07 lambda=0.000 grl_lambda=1.000 v18_lambda=0.000 gpu=3.0/15.8GB
[17:09:20] [train] ep=97 step=030/40 ce=0.3832 sc=0.8337 mi=0.0551 dn=0.0000 v13=0.0003 grl=0.0673 v15=0.0000 v15r=0.0000 v16=0.0000 v17=0.0000 v18=0.0000 acc=0.9896 lr=8.43e-07 lambda=0.000 grl_lambda=1.000 v18_lambda=0.000 gpu=3.0/15.8GB
[17:09:22] [train] ep=97 step=040/40 ce=0.3525 sc=0.7899 mi=0.0545 dn=0.0000 v13=0.0003 grl=0.0672 v15=0.0000 v15r=0.0000 v16=0.0000 v17=0.0000 v18=0.0000 acc=0.9922 lr=7.19e-07 lambda=0.000 grl_lambda=1.000 v18_lambda=0.000 gpu=3.0/15.8GB
[17:09:25] [ep_summary] ep=97/100 val_live=0.9938/0.9939 val_ema=0.9815/0.9818 test77_live=0.8885/0.8852 test77_diag_ema=0.8849/0.8816 v13=0.0003 grl=0.0672 v15=0.0000 v15r=0.0000 v16=0.0000 v17=0.0000 v18=0.0000 das=fixed_narrow[10,30] p=1.00 ep_time=10.1s
[17:09:25] [train] epoch 98/100 steps=40 use_dann=0 das=fixed_narrow f=[10.0,30.0] p=1.00 gpu=3.0/15.8GB
[17:09:25] [train] ep=98 step=001/40 ce=0.2559 sc=0.9622 mi=0.0560 dn=0.0000 v13=0.0002 grl=0.0794 v15=0.0000 v15r=0.0000 v16=0.0000 v17=0.0000 v18=0.0000 acc=1.0000 lr=7.07e-07 lambda=0.000 grl_lambda=1.000 v18_lambda=0.000 gpu=3.0/15.8GB
[17:09:27] [train] ep=98 step=010/40 ce=0.3592 sc=0.8134 mi=0.0575 dn=0.0000 v13=0.0004 grl=0.0843 v15=0.0000 v15r=0.0000 v16=0.0000 v17=0.0000 v18=0.0000 acc=0.9938 lr=6.05e-07 lambda=0.000 grl_lambda=1.000 v18_lambda=0.000 gpu=3.0/15.8GB
[17:09:29] [train] ep=98 step=020/40 ce=0.3391 sc=0.8139 mi=0.0568 dn=0.0000 v13=0.0004 grl=0.0780 v15=0.0000 v15r=0.0000 v16=0.0000 v17=0.0000 v18=0.0000 acc=0.9938 lr=5.01e-07 lambda=0.000 grl_lambda=1.000 v18_lambda=0.000 gpu=3.0/15.8GB
[17:09:31] [train] ep=98 step=030/40 ce=0.3423 sc=0.7973 mi=0.0567 dn=0.0000 v13=0.0004 grl=0.0787 v15=0.0000 v15r=0.0000 v16=0.0000 v17=0.0000 v18=0.0000 acc=0.9938 lr=4.07e-07 lambda=0.000 grl_lambda=1.000 v18_lambda=0.000 gpu=3.0/15.8GB
[17:09:32] [train] ep=98 step=040/40 ce=0.3269 sc=0.7972 mi=0.0563 dn=0.0000 v13=0.0004 grl=0.0787 v15=0.0000 v15r=0.0000 v16=0.0000 v17=0.0000 v18=0.0000 acc=0.9953 lr=3.22e-07 lambda=0.000 grl_lambda=1.000 v18_lambda=0.000 gpu=3.0/15.8GB
[17:09:35] [ep_summary] ep=98/100 val_live=0.9938/0.9939 val_ema=0.9815/0.9818 test77_live=0.8849/0.8819 test77_diag_ema=0.8885/0.8851 v13=0.0004 grl=0.0787 v15=0.0000 v15r=0.0000 v16=0.0000 v17=0.0000 v18=0.0000 das=fixed_narrow[10,30] p=1.00 ep_time=10.1s
[17:09:35] [save] best_sourcequalified77_ema ep=98 source_val_live=0.9938/0.9939 source_val_ema=0.9815/0.9818 test77_ema=0.8885/0.8851
[17:09:35] [train] epoch 99/100 steps=40 use_dann=0 das=fixed_narrow f=[10.0,30.0] p=1.00 gpu=3.0/15.8GB
[17:09:35] [train] ep=99 step=001/40 ce=0.8513 sc=0.8645 mi=0.0452 dn=0.0000 v13=0.0002 grl=0.0720 v15=0.0000 v15r=0.0000 v16=0.0000 v17=0.0000 v18=0.0000 acc=0.9375 lr=3.15e-07 lambda=0.000 grl_lambda=1.000 v18_lambda=0.000 gpu=3.0/15.8GB
[17:09:37] [train] ep=99 step=010/40 ce=0.3164 sc=0.7938 mi=0.0551 dn=0.0000 v13=0.0003 grl=0.0767 v15=0.0000 v15r=0.0000 v16=0.0000 v17=0.0000 v18=0.0000 acc=0.9938 lr=2.48e-07 lambda=0.000 grl_lambda=1.000 v18_lambda=0.000 gpu=3.0/15.8GB
[17:09:39] [train] ep=99 step=020/40 ce=0.2875 sc=0.7283 mi=0.0550 dn=0.0000 v13=0.0004 grl=0.0776 v15=0.0000 v15r=0.0000 v16=0.0000 v17=0.0000 v18=0.0000 acc=0.9969 lr=1.83e-07 lambda=0.000 grl_lambda=1.000 v18_lambda=0.000 gpu=3.0/15.8GB
[17:09:41] [train] ep=99 step=030/40 ce=0.3149 sc=0.7735 mi=0.0546 dn=0.0000 v13=0.0004 grl=0.0779 v15=0.0000 v15r=0.0000 v16=0.0000 v17=0.0000 v18=0.0000 acc=0.9938 lr=1.28e-07 lambda=0.000 grl_lambda=1.000 v18_lambda=0.000 gpu=3.0/15.8GB
[17:09:43] [train] ep=99 step=040/40 ce=0.3005 sc=0.7909 mi=0.0550 dn=0.0000 v13=0.0003 grl=0.0768 v15=0.0000 v15r=0.0000 v16=0.0000 v17=0.0000 v18=0.0000 acc=0.9953 lr=8.26e-08 lambda=0.000 grl_lambda=1.000 v18_lambda=0.000 gpu=3.0/15.8GB
[17:09:45] [ep_summary] ep=99/100 val_live=0.9938/0.9939 val_ema=0.9815/0.9818 test77_live=0.8885/0.8852 test77_diag_ema=0.8885/0.8851 v13=0.0003 grl=0.0768 v15=0.0000 v15r=0.0000 v16=0.0000 v17=0.0000 v18=0.0000 das=fixed_narrow[10,30] p=1.00 ep_time=10.1s
[17:09:45] [train] epoch 100/100 steps=40 use_dann=0 das=fixed_narrow f=[10.0,30.0] p=1.00 gpu=3.0/15.8GB
[17:09:46] [train] ep=100 step=001/40 ce=0.2565 sc=0.9913 mi=0.0591 dn=0.0000 v13=0.0002 grl=0.0827 v15=0.0000 v15r=0.0000 v16=0.0000 v17=0.0000 v18=0.0000 acc=1.0000 lr=7.87e-08 lambda=0.000 grl_lambda=1.000 v18_lambda=0.000 gpu=3.0/15.8GB
[17:09:47] [train] ep=100 step=010/40 ce=0.3314 sc=0.8686 mi=0.0561 dn=0.0000 v13=0.0003 grl=0.0713 v15=0.0000 v15r=0.0000 v16=0.0000 v17=0.0000 v18=0.0000 acc=0.9938 lr=4.72e-08 lambda=0.000 grl_lambda=1.000 v18_lambda=0.000 gpu=3.0/15.8GB
[17:09:49] [train] ep=100 step=020/40 ce=0.2943 sc=0.8273 mi=0.0567 dn=0.0000 v13=0.0003 grl=0.0701 v15=0.0000 v15r=0.0000 v16=0.0000 v17=0.0000 v18=0.0000 acc=0.9969 lr=2.17e-08 lambda=0.000 grl_lambda=1.000 v18_lambda=0.000 gpu=3.0/15.8GB
[17:09:51] [train] ep=100 step=030/40 ce=0.2845 sc=0.7820 mi=0.0556 dn=0.0000 v13=0.0003 grl=0.0721 v15=0.0000 v15r=0.0000 v16=0.0000 v17=0.0000 v18=0.0000 acc=0.9979 lr=5.95e-09 lambda=0.000 grl_lambda=1.000 v18_lambda=0.000 gpu=3.0/15.8GB
[17:09:53] [train] ep=100 step=040/40 ce=0.2777 sc=0.7674 mi=0.0554 dn=0.0000 v13=0.0003 grl=0.0727 v15=0.0000 v15r=0.0000 v16=0.0000 v17=0.0000 v18=0.0000 acc=0.9984 lr=4.92e-11 lambda=0.000 grl_lambda=1.000 v18_lambda=0.000 gpu=3.0/15.8GB
[17:09:55] [pool] check ep=100/100 source_val_acc_ema=0.9877 threshold=0.90
[17:09:57] [pool] ep=100 ADDED src_val=0.9877/0.9878 dev77=0.8143/0.8089 final77=0.8885/0.8851
[17:09:57] [pool] running best ep=080 dev77_f1=0.8248 final77_f1=0.8650 (pool_size=7)
[17:09:57] [ep_summary] ep=100/100 val_live=0.9938/0.9939 val_ema=0.9877/0.9878 test77_live=0.8849/0.8819 test77_diag_ema=0.8885/0.8851 v13=0.0003 grl=0.0727 v15=0.0000 v15r=0.0000 v16=0.0000 v17=0.0000 v18=0.0000 das=fixed_narrow[10,30] p=1.00 ep_time=11.4s
[17:09:57] [save] best_sourceval_ema val_acc_ema=0.9877 source_val_live=0.9938/0.9939 source_val_ema=0.9877/0.9878 ep=100
[17:09:57] [strict77_monitor] ep=100 best_source_epoch=100 source_val_ema=0.9877/0.9878 test77_ema_diag=0.8885/0.8851 sourcequalified_count=100 best_sourcequalified77_epoch=98 source_val_ema=0.9815/0.9818 test77_ema=0.8885/0.8851
[17:09:57] [pool] FINAL pool_size=7 best ep=080 dev77_f1=0.8248 final77_f1=0.8650 -> EXPERIMENTSRESULT\REVISION_5090\SUPP_ABLATION\SCHED_fixednarrow_ACR\seed1234\checkpoints\best_pool_ema.pt
[17:09:57] [train] done best_sourceval_acc_ema=0.9877
[17:10:02] [eval] loaded vit_large_patch16_dinov3_lvd1689m_best_sourceval_ema.pt (sourceval)
[17:10:02] [eval] strict source-val selected by ema acc; heldout77_unused=140 final_test77=278 imgs, seed=42 dev_per_class=20
[17:10:04] [eval] 77GHz final-test acc=0.8885 f1=0.8849
[17:10:04] [eval] 77GHz final-test per-class={'Away': 1.0, 'Bend': 0.7948717948717948, 'Kneel': 0.9523809523809523, 'Pick': 0.875, 'SStep': 1.0, 'Sit': 0.6756756756756757, 'Towards': 0.9}
[17:10:05] [eval] val_all acc=0.9815 f1=0.9818
[17:10:06] [freq_scan:val10] f_virt=15GHz acc=0.9744 f1=0.9760
[17:10:06] [freq_scan:val10] f_virt=30GHz acc=0.9615 f1=0.9637
[17:10:07] [freq_scan:val10] f_virt=50GHz acc=0.9487 f1=0.9510
[17:10:07] [freq_scan:val10] f_virt=77GHz acc=0.9231 f1=0.9228
[17:10:08] [freq_scan:val10] f_virt=99GHz acc=0.8590 f1=0.8616
[17:10:09] [freq_scan:val10] f_virt=120GHz acc=0.8077 f1=0.8034
[17:10:10] [freq_scan:val10] f_virt=140GHz acc=0.7949 f1=0.7934
[17:10:10] [freq_scan:val24] f_virt=15GHz acc=1.0000 f1=1.0000
[17:10:11] [freq_scan:val24] f_virt=30GHz acc=0.9762 f1=0.9751
[17:10:12] [freq_scan:val24] f_virt=50GHz acc=0.9881 f1=0.9875
[17:10:13] [freq_scan:val24] f_virt=77GHz acc=0.9048 f1=0.9040
[17:10:13] [freq_scan:val24] f_virt=99GHz acc=0.8214 f1=0.8063
[17:10:14] [freq_scan:val24] f_virt=120GHz acc=0.7500 f1=0.7315
[17:10:15] [freq_scan:val24] f_virt=140GHz acc=0.7262 f1=0.6992
[17:10:15] [eval] saved eval_sourceval.json
[17:10:20] [eval] loaded vit_large_patch16_dinov3_lvd1689m_best_sourcequalified77_ema.pt (sourcequalified)
[17:10:20] [eval] source-qualified diagnostic selected (source-val ema acc >= 0.00, then best 77GHz ema macro-F1); heldout77_unused=140 final_test77=278 imgs, seed=42 dev_per_class=20
[17:10:22] [eval] 77GHz final-test acc=0.8885 f1=0.8851
[17:10:22] [eval] 77GHz final-test per-class={'Away': 1.0, 'Bend': 0.7948717948717948, 'Kneel': 0.9523809523809523, 'Pick': 0.875, 'SStep': 1.0, 'Sit': 0.6756756756756757, 'Towards': 0.9}
[17:10:23] [eval] val_all acc=0.9815 f1=0.9818
[17:10:23] [freq_scan:val10] f_virt=15GHz acc=0.9744 f1=0.9760
[17:10:24] [freq_scan:val10] f_virt=30GHz acc=0.9615 f1=0.9637
[17:10:25] [freq_scan:val10] f_virt=50GHz acc=0.9487 f1=0.9510
[17:10:25] [freq_scan:val10] f_virt=77GHz acc=0.9231 f1=0.9228
[17:10:26] [freq_scan:val10] f_virt=99GHz acc=0.8590 f1=0.8616
[17:10:27] [freq_scan:val10] f_virt=120GHz acc=0.7949 f1=0.7862
[17:10:27] [freq_scan:val10] f_virt=140GHz acc=0.7949 f1=0.7934
[17:10:28] [freq_scan:val24] f_virt=15GHz acc=1.0000 f1=1.0000
[17:10:29] [freq_scan:val24] f_virt=30GHz acc=0.9762 f1=0.9751
[17:10:30] [freq_scan:val24] f_virt=50GHz acc=0.9881 f1=0.9875
[17:10:30] [freq_scan:val24] f_virt=77GHz acc=0.9048 f1=0.9040
[17:10:31] [freq_scan:val24] f_virt=99GHz acc=0.8214 f1=0.8063
[17:10:32] [freq_scan:val24] f_virt=120GHz acc=0.7500 f1=0.7315
[17:10:32] [freq_scan:val24] f_virt=140GHz acc=0.7262 f1=0.6992
[17:10:32] [eval] saved eval_sourcequalified.json
