[21:08:23] run_dir=G:\zhanghe\Letter journal\EXPERIMENTSRESULT\REVISION_5090\A_V15\seed90954
[21:08:23] device=cuda
[21:08:23] backbone=vit_large_patch16_dinov3.lvd1689m
[21:08:23] env: manifest_dir=G:\zhanghe\Letter journal\tasks\known_people_unknown_freq\manifest dataset_root=G:\zhanghe\Letter journal use_dann=False selection=source_val_acc_ema adapter_mode=lora
[21:08:23] set_seed(90954)
[21:08:24] [fast_gpu] source cache 644 imgs (0.39GB) on cuda
[21:08:24] train_source=644 train_src_rows=10:302 24:342 source_steps/epoch=40 val_all=162 heldout77_unused=140 test77_final=278
[21:08:24] [test77_split] seed=42 dev_per_class=20
[21:08:32] trainable params=2378753 (encoder_lora+neck+head + miro_proj+v15_falsification)
[21:08:32] logit_prior=[-1.9678890705108643, -1.913821816444397, -1.8427258729934692, -1.9678890705108643, -2.0133514404296875, -1.8929877281188965, -2.036881923675537]
[21:08:32] use_dann=False
[21:08:32] use_das=True
[21:08:32] das_mode=curriculum initial_stage={'name': 'stage1', 'p': 0.35, 'f_low': 10.0, 'f_high': 24.0}
[21:08:32] adapter_mode=lora
[21:08:32] schedule: epochs=100 steps/epoch=40 imgs/step=16 total_steps=4000 total_imgs=64000 warmup_steps=120
[21:08:32] source_qualified_policy: val_acc_ema>=0.00 candidates are recorded; best candidate by 77GHz F1 is saved as diagnostic
[21:08:32] [pool] init threshold=0.90 period=10 selection=dev77_f1
[21:08:32] [train] epoch 1/100 steps=40 use_dann=0 das=stage1 f=[10.0,24.0] p=0.35 gpu=3.0/3.0GB
[21:08:33] [train] ep=01 step=001/40 ce=8.5404 sc=2.7902 mi=0.9841 dn=0.0000 v13=0.0000 v15=4.4479 v16=0.0000 v17=0.0000 v18=0.0000 acc=0.0000 lr=2.50e-06 lambda=0.000 v18_lambda=0.000 gpu=3.0/11.8GB
[21:08:34] [train] ep=01 step=010/40 ce=8.0565 sc=2.7837 mi=0.9689 dn=0.0000 v13=0.0000 v15=4.3643 v16=0.0000 v17=0.0000 v18=0.0000 acc=0.1688 lr=2.50e-05 lambda=0.000 v18_lambda=0.000 gpu=3.0/11.8GB
[21:08:36] [train] ep=01 step=020/40 ce=8.0217 sc=2.7856 mi=0.9256 dn=0.0000 v13=0.0000 v15=4.3654 v16=0.0000 v17=0.0000 v18=0.0000 acc=0.1562 lr=5.00e-05 lambda=0.000 v18_lambda=0.000 gpu=3.0/11.8GB
[21:08:38] [train] ep=01 step=030/40 ce=7.8983 sc=2.7574 mi=0.8564 dn=0.0000 v13=0.0000 v15=4.3251 v16=0.0000 v17=0.0000 v18=0.0000 acc=0.1729 lr=7.50e-05 lambda=0.000 v18_lambda=0.000 gpu=3.0/11.8GB
[21:08:40] [train] ep=01 step=040/40 ce=7.8403 sc=2.7597 mi=0.7712 dn=0.0000 v13=0.0000 v15=4.2943 v16=0.0000 v17=0.0000 v18=0.0000 acc=0.1750 lr=1.00e-04 lambda=0.000 v18_lambda=0.000 gpu=3.0/11.8GB
[21:08:41] [ep_summary] ep=01/100 val_live=0.2593/0.1859 val_ema=0.0000/0.0000 test77_live=0.1439/0.0359 test77_diag_ema=0.0000/0.0000 v13=0.0000 v15=4.2943 v16=0.0000 v17=0.0000 v18=0.0000 das=stage1[10,24] p=0.35 ep_time=9.4s
[21:08:41] [train] epoch 2/100 steps=40 use_dann=0 das=stage1 f=[10.0,24.0] p=0.35 gpu=3.0/15.8GB
[21:08:42] [train] ep=02 step=001/40 ce=7.4215 sc=2.8353 mi=0.4115 dn=0.0000 v13=0.0000 v15=3.9883 v16=0.0000 v17=0.0000 v18=0.0000 acc=0.3125 lr=1.02e-04 lambda=0.000 v18_lambda=0.000 gpu=3.0/15.8GB
[21:08:43] [train] ep=02 step=010/40 ce=7.5466 sc=2.7659 mi=0.3555 dn=0.0000 v13=0.0000 v15=4.1663 v16=0.0000 v17=0.0000 v18=0.0000 acc=0.2125 lr=1.25e-04 lambda=0.000 v18_lambda=0.000 gpu=3.0/15.8GB
[21:08:45] [train] ep=02 step=020/40 ce=7.5044 sc=2.7438 mi=0.3006 dn=0.0000 v13=0.0000 v15=4.1641 v16=0.0000 v17=0.0000 v18=0.0000 acc=0.2375 lr=1.50e-04 lambda=0.000 v18_lambda=0.000 gpu=3.0/15.8GB
[21:08:47] [train] ep=02 step=030/40 ce=7.3762 sc=2.7306 mi=0.2627 dn=0.0000 v13=0.0000 v15=4.1388 v16=0.0000 v17=0.0000 v18=0.0000 acc=0.2938 lr=1.75e-04 lambda=0.000 v18_lambda=0.000 gpu=3.0/15.8GB
[21:08:49] [train] ep=02 step=040/40 ce=7.1775 sc=2.7108 mi=0.2398 dn=0.0000 v13=0.0000 v15=4.0809 v16=0.0000 v17=0.0000 v18=0.0000 acc=0.3438 lr=2.00e-04 lambda=0.000 v18_lambda=0.000 gpu=3.0/15.8GB
[21:08:51] [ep_summary] ep=02/100 val_live=0.6852/0.6502 val_ema=0.0000/0.0000 test77_live=0.2806/0.1885 test77_diag_ema=0.0000/0.0000 v13=0.0000 v15=4.0809 v16=0.0000 v17=0.0000 v18=0.0000 das=stage1[10,24] p=0.35 ep_time=9.3s
[21:08:51] [train] epoch 3/100 steps=40 use_dann=0 das=stage1 f=[10.0,24.0] p=0.35 gpu=3.0/15.8GB
[21:08:51] [train] ep=03 step=001/40 ce=5.8120 sc=2.4449 mi=0.1840 dn=0.0000 v13=0.0000 v15=3.6044 v16=0.0000 v17=0.0000 v18=0.0000 acc=0.5000 lr=2.02e-04 lambda=0.000 v18_lambda=0.000 gpu=3.0/15.8GB
[21:08:53] [train] ep=03 step=010/40 ce=5.7225 sc=2.3203 mi=0.2072 dn=0.0000 v13=0.0000 v15=3.6220 v16=0.0000 v17=0.0000 v18=0.0000 acc=0.5375 lr=2.25e-04 lambda=0.000 v18_lambda=0.000 gpu=3.0/15.8GB
[21:08:54] [train] ep=03 step=020/40 ce=5.3168 sc=2.1837 mi=0.2218 dn=0.0000 v13=0.0000 v15=3.5092 v16=0.0000 v17=0.0000 v18=0.0000 acc=0.6094 lr=2.50e-04 lambda=0.000 v18_lambda=0.000 gpu=3.0/15.8GB
[21:08:56] [train] ep=03 step=030/40 ce=5.0680 sc=2.0974 mi=0.2179 dn=0.0000 v13=0.0000 v15=3.3955 v16=0.0000 v17=0.0000 v18=0.0000 acc=0.6292 lr=2.75e-04 lambda=0.000 v18_lambda=0.000 gpu=3.0/15.8GB
[21:08:58] [train] ep=03 step=040/40 ce=4.7252 sc=2.0448 mi=0.2083 dn=0.0000 v13=0.0000 v15=3.2298 v16=0.0000 v17=0.0000 v18=0.0000 acc=0.6656 lr=3.00e-04 lambda=0.000 v18_lambda=0.000 gpu=3.0/15.8GB
[21:08:59] [ep_summary] ep=03/100 val_live=0.8086/0.7635 val_ema=0.0000/0.0000 test77_live=0.5863/0.5093 test77_diag_ema=0.0000/0.0000 v13=0.0000 v15=3.2298 v16=0.0000 v17=0.0000 v18=0.0000 das=stage1[10,24] p=0.35 ep_time=8.6s
[21:08:59] [train] epoch 4/100 steps=40 use_dann=0 das=stage1 f=[10.0,24.0] p=0.35 gpu=3.0/15.8GB
[21:09:00] [train] ep=04 step=001/40 ce=2.8520 sc=1.5818 mi=0.1748 dn=0.0000 v13=0.0000 v15=2.8170 v16=0.0000 v17=0.0000 v18=0.0000 acc=0.8750 lr=3.00e-04 lambda=0.000 v18_lambda=0.000 gpu=3.0/15.8GB
[21:09:01] [train] ep=04 step=010/40 ce=3.2587 sc=1.6089 mi=0.1733 dn=0.0000 v13=0.0000 v15=2.5294 v16=0.0000 v17=0.0000 v18=0.0000 acc=0.8000 lr=3.00e-04 lambda=0.000 v18_lambda=0.000 gpu=3.0/15.8GB
[21:09:03] [train] ep=04 step=020/40 ce=3.4502 sc=1.5810 mi=0.1637 dn=0.0000 v13=0.0000 v15=2.4878 v16=0.0000 v17=0.0000 v18=0.0000 acc=0.7812 lr=3.00e-04 lambda=0.000 v18_lambda=0.000 gpu=3.0/15.8GB
[21:09:05] [train] ep=04 step=030/40 ce=3.8588 sc=1.7333 mi=0.1533 dn=0.0000 v13=0.0000 v15=2.6031 v16=0.0000 v17=0.0000 v18=0.0000 acc=0.7562 lr=3.00e-04 lambda=0.000 v18_lambda=0.000 gpu=3.0/15.8GB
[21:09:06] [train] ep=04 step=040/40 ce=3.6903 sc=1.6771 mi=0.1424 dn=0.0000 v13=0.0000 v15=2.4682 v16=0.0000 v17=0.0000 v18=0.0000 acc=0.7562 lr=3.00e-04 lambda=0.000 v18_lambda=0.000 gpu=3.0/15.8GB
[21:09:08] [ep_summary] ep=04/100 val_live=0.8704/0.8625 val_ema=0.0000/0.0000 test77_live=0.6583/0.5782 test77_diag_ema=0.0000/0.0000 v13=0.0000 v15=2.4682 v16=0.0000 v17=0.0000 v18=0.0000 das=stage1[10,24] p=0.35 ep_time=8.5s
[21:09:08] [train] epoch 5/100 steps=40 use_dann=0 das=stage1 f=[10.0,24.0] p=0.35 gpu=3.0/15.8GB
[21:09:08] [train] ep=05 step=001/40 ce=2.8991 sc=1.8306 mi=0.0916 dn=0.0000 v13=0.0000 v15=2.2344 v16=0.0000 v17=0.0000 v18=0.0000 acc=0.8750 lr=3.00e-04 lambda=0.000 v18_lambda=0.000 gpu=3.0/15.8GB
[21:09:10] [train] ep=05 step=010/40 ce=2.8639 sc=1.4035 mi=0.1092 dn=0.0000 v13=0.0000 v15=2.0463 v16=0.0000 v17=0.0000 v18=0.0000 acc=0.8125 lr=3.00e-04 lambda=0.000 v18_lambda=0.000 gpu=3.0/15.8GB
[21:09:12] [train] ep=05 step=020/40 ce=2.4861 sc=1.4158 mi=0.1079 dn=0.0000 v13=0.0000 v15=1.8434 v16=0.0000 v17=0.0000 v18=0.0000 acc=0.8594 lr=3.00e-04 lambda=0.000 v18_lambda=0.000 gpu=3.0/15.8GB
[21:09:13] [train] ep=05 step=030/40 ce=2.4423 sc=1.4080 mi=0.1102 dn=0.0000 v13=0.0000 v15=1.7664 v16=0.0000 v17=0.0000 v18=0.0000 acc=0.8562 lr=3.00e-04 lambda=0.000 v18_lambda=0.000 gpu=3.0/15.8GB
[21:09:15] [train] ep=05 step=040/40 ce=2.3218 sc=1.4378 mi=0.1099 dn=0.0000 v13=0.0000 v15=1.6899 v16=0.0000 v17=0.0000 v18=0.0000 acc=0.8625 lr=3.00e-04 lambda=0.000 v18_lambda=0.000 gpu=3.0/15.8GB
[21:09:18] [ep_summary] ep=05/100 val_live=0.9198/0.9214 val_ema=0.1605/0.1079 test77_live=0.6583/0.6310 test77_diag_ema=0.2626/0.1404 v13=0.0000 v15=1.6899 v16=0.0000 v17=0.0000 v18=0.0000 das=stage1[10,24] p=0.35 ep_time=10.1s
[21:09:18] [save] best_sourceval_ema val_acc_ema=0.1605 source_val_live=0.9198/0.9214 source_val_ema=0.1605/0.1079 ep=5
[21:09:18] [save] best_sourcequalified77_ema ep=5 source_val_live=0.9198/0.9214 source_val_ema=0.1605/0.1079 test77_ema=0.2626/0.1404
[21:09:18] [train] epoch 6/100 steps=40 use_dann=0 das=stage1 f=[10.0,24.0] p=0.35 gpu=3.0/15.8GB
[21:09:18] [train] ep=06 step=001/40 ce=2.2577 sc=1.1271 mi=0.0959 dn=0.0000 v13=0.0000 v15=1.2783 v16=0.0000 v17=0.0000 v18=0.0000 acc=0.8750 lr=3.00e-04 lambda=0.000 v18_lambda=0.000 gpu=3.0/15.8GB
[21:09:20] [train] ep=06 step=010/40 ce=2.2856 sc=1.4573 mi=0.0963 dn=0.0000 v13=0.0000 v15=1.5545 v16=0.0000 v17=0.0000 v18=0.0000 acc=0.8812 lr=3.00e-04 lambda=0.000 v18_lambda=0.000 gpu=3.0/15.8GB
[21:09:22] [train] ep=06 step=020/40 ce=2.0617 sc=1.4943 mi=0.0964 dn=0.0000 v13=0.0000 v15=1.4663 v16=0.0000 v17=0.0000 v18=0.0000 acc=0.8844 lr=3.00e-04 lambda=0.000 v18_lambda=0.000 gpu=3.0/15.8GB
[21:09:23] [train] ep=06 step=030/40 ce=2.0824 sc=1.4256 mi=0.0948 dn=0.0000 v13=0.0000 v15=1.4120 v16=0.0000 v17=0.0000 v18=0.0000 acc=0.8812 lr=2.99e-04 lambda=0.000 v18_lambda=0.000 gpu=3.0/15.8GB
[21:09:25] [train] ep=06 step=040/40 ce=2.0331 sc=1.4013 mi=0.0931 dn=0.0000 v13=0.0000 v15=1.4085 v16=0.0000 v17=0.0000 v18=0.0000 acc=0.8750 lr=2.99e-04 lambda=0.000 v18_lambda=0.000 gpu=3.0/15.8GB
[21:09:28] [ep_summary] ep=06/100 val_live=0.9259/0.9252 val_ema=0.2222/0.1675 test77_live=0.7878/0.7876 test77_diag_ema=0.2626/0.1173 v13=0.0000 v15=1.4085 v16=0.0000 v17=0.0000 v18=0.0000 das=stage1[10,24] p=0.35 ep_time=10.0s
[21:09:28] [save] best_sourceval_ema val_acc_ema=0.2222 source_val_live=0.9259/0.9252 source_val_ema=0.2222/0.1675 ep=6
[21:09:28] [train] epoch 7/100 steps=40 use_dann=0 das=stage1 f=[10.0,24.0] p=0.35 gpu=3.0/15.8GB
[21:09:28] [train] ep=07 step=001/40 ce=2.4915 sc=1.6900 mi=0.0961 dn=0.0000 v13=0.0000 v15=1.5955 v16=0.0000 v17=0.0000 v18=0.0000 acc=0.8750 lr=2.99e-04 lambda=0.000 v18_lambda=0.000 gpu=3.0/15.8GB
[21:09:30] [train] ep=07 step=010/40 ce=1.3405 sc=1.2246 mi=0.0884 dn=0.0000 v13=0.0000 v15=1.1394 v16=0.0000 v17=0.0000 v18=0.0000 acc=0.9437 lr=2.99e-04 lambda=0.000 v18_lambda=0.000 gpu=3.0/15.8GB
[21:09:32] [train] ep=07 step=020/40 ce=1.4433 sc=1.2253 mi=0.0880 dn=0.0000 v13=0.0000 v15=1.1312 v16=0.0000 v17=0.0000 v18=0.0000 acc=0.9281 lr=2.99e-04 lambda=0.000 v18_lambda=0.000 gpu=3.0/15.8GB
[21:09:33] [train] ep=07 step=030/40 ce=1.3946 sc=1.1868 mi=0.0880 dn=0.0000 v13=0.0000 v15=1.0685 v16=0.0000 v17=0.0000 v18=0.0000 acc=0.9271 lr=2.99e-04 lambda=0.000 v18_lambda=0.000 gpu=3.0/15.8GB
[21:09:35] [train] ep=07 step=040/40 ce=1.3619 sc=1.1551 mi=0.0882 dn=0.0000 v13=0.0000 v15=1.0366 v16=0.0000 v17=0.0000 v18=0.0000 acc=0.9313 lr=2.99e-04 lambda=0.000 v18_lambda=0.000 gpu=3.0/15.8GB
[21:09:38] [ep_summary] ep=07/100 val_live=0.9198/0.9187 val_ema=0.2654/0.1885 test77_live=0.7986/0.7913 test77_diag_ema=0.2554/0.1200 v13=0.0000 v15=1.0366 v16=0.0000 v17=0.0000 v18=0.0000 das=stage1[10,24] p=0.35 ep_time=9.8s
[21:09:38] [save] best_sourceval_ema val_acc_ema=0.2654 source_val_live=0.9198/0.9187 source_val_ema=0.2654/0.1885 ep=7
[21:09:38] [train] epoch 8/100 steps=40 use_dann=0 das=stage1 f=[10.0,24.0] p=0.35 gpu=3.0/15.8GB
[21:09:38] [train] ep=08 step=001/40 ce=2.1810 sc=0.9501 mi=0.0858 dn=0.0000 v13=0.0000 v15=1.5806 v16=0.0000 v17=0.0000 v18=0.0000 acc=0.8125 lr=2.99e-04 lambda=0.000 v18_lambda=0.000 gpu=3.0/15.8GB
[21:09:40] [train] ep=08 step=010/40 ce=1.7225 sc=1.3359 mi=0.0811 dn=0.0000 v13=0.0000 v15=1.2536 v16=0.0000 v17=0.0000 v18=0.0000 acc=0.8938 lr=2.99e-04 lambda=0.000 v18_lambda=0.000 gpu=3.0/15.8GB
[21:09:41] [train] ep=08 step=020/40 ce=1.4254 sc=1.1581 mi=0.0808 dn=0.0000 v13=0.0000 v15=1.0620 v16=0.0000 v17=0.0000 v18=0.0000 acc=0.9219 lr=2.98e-04 lambda=0.000 v18_lambda=0.000 gpu=3.0/15.8GB
[21:09:43] [train] ep=08 step=030/40 ce=1.2880 sc=1.1644 mi=0.0819 dn=0.0000 v13=0.0000 v15=0.9924 v16=0.0000 v17=0.0000 v18=0.0000 acc=0.9292 lr=2.98e-04 lambda=0.000 v18_lambda=0.000 gpu=3.0/15.8GB
[21:09:45] [train] ep=08 step=040/40 ce=1.3101 sc=1.1618 mi=0.0817 dn=0.0000 v13=0.0000 v15=0.9931 v16=0.0000 v17=0.0000 v18=0.0000 acc=0.9281 lr=2.98e-04 lambda=0.000 v18_lambda=0.000 gpu=3.0/15.8GB
[21:09:48] [ep_summary] ep=08/100 val_live=0.9259/0.9247 val_ema=0.3704/0.2878 test77_live=0.7554/0.7485 test77_diag_ema=0.2482/0.1319 v13=0.0000 v15=0.9931 v16=0.0000 v17=0.0000 v18=0.0000 das=stage1[10,24] p=0.35 ep_time=9.8s
[21:09:48] [save] best_sourceval_ema val_acc_ema=0.3704 source_val_live=0.9259/0.9247 source_val_ema=0.3704/0.2878 ep=8
[21:09:48] [train] epoch 9/100 steps=40 use_dann=0 das=stage2 f=[10.0,50.0] p=0.70 gpu=3.0/15.8GB
[21:09:48] [train] ep=09 step=001/40 ce=1.1876 sc=1.1188 mi=0.0880 dn=0.0000 v13=0.0000 v15=0.6514 v16=0.0000 v17=0.0000 v18=0.0000 acc=0.9375 lr=2.98e-04 lambda=0.000 v18_lambda=0.000 gpu=3.0/15.8GB
[21:09:50] [train] ep=09 step=010/40 ce=1.5276 sc=1.1623 mi=0.0916 dn=0.0000 v13=0.0000 v15=1.0228 v16=0.0000 v17=0.0000 v18=0.0000 acc=0.9125 lr=2.98e-04 lambda=0.000 v18_lambda=0.000 gpu=3.0/15.8GB
[21:09:51] [train] ep=09 step=020/40 ce=1.6974 sc=1.1164 mi=0.0866 dn=0.0000 v13=0.0000 v15=1.0353 v16=0.0000 v17=0.0000 v18=0.0000 acc=0.9062 lr=2.98e-04 lambda=0.000 v18_lambda=0.000 gpu=3.0/15.8GB
[21:09:53] [train] ep=09 step=030/40 ce=1.5852 sc=1.1166 mi=0.0853 dn=0.0000 v13=0.0000 v15=1.0107 v16=0.0000 v17=0.0000 v18=0.0000 acc=0.9125 lr=2.97e-04 lambda=0.000 v18_lambda=0.000 gpu=3.0/15.8GB
[21:09:55] [train] ep=09 step=040/40 ce=1.4900 sc=1.1006 mi=0.0839 dn=0.0000 v13=0.0000 v15=1.0080 v16=0.0000 v17=0.0000 v18=0.0000 acc=0.9187 lr=2.97e-04 lambda=0.000 v18_lambda=0.000 gpu=3.0/15.8GB
[21:09:58] [ep_summary] ep=09/100 val_live=0.9444/0.9438 val_ema=0.4074/0.3116 test77_live=0.7518/0.7386 test77_diag_ema=0.2338/0.1336 v13=0.0000 v15=1.0080 v16=0.0000 v17=0.0000 v18=0.0000 das=stage2[10,50] p=0.70 ep_time=9.8s
[21:09:58] [save] best_sourceval_ema val_acc_ema=0.4074 source_val_live=0.9444/0.9438 source_val_ema=0.4074/0.3116 ep=9
[21:09:58] [train] epoch 10/100 steps=40 use_dann=0 das=stage2 f=[10.0,50.0] p=0.70 gpu=3.0/15.8GB
[21:09:58] [train] ep=10 step=001/40 ce=0.3160 sc=0.6135 mi=0.0816 dn=0.0000 v13=0.0000 v15=0.7013 v16=0.0000 v17=0.0000 v18=0.0000 acc=1.0000 lr=2.97e-04 lambda=0.000 v18_lambda=0.000 gpu=3.0/15.8GB
[21:09:59] [train] ep=10 step=010/40 ce=0.7466 sc=0.9729 mi=0.0808 dn=0.0000 v13=0.0000 v15=0.7458 v16=0.0000 v17=0.0000 v18=0.0000 acc=0.9750 lr=2.97e-04 lambda=0.000 v18_lambda=0.000 gpu=3.0/15.8GB
[21:10:01] [train] ep=10 step=020/40 ce=0.8735 sc=0.9678 mi=0.0781 dn=0.0000 v13=0.0000 v15=0.7065 v16=0.0000 v17=0.0000 v18=0.0000 acc=0.9625 lr=2.97e-04 lambda=0.000 v18_lambda=0.000 gpu=3.0/15.8GB
[21:10:03] [train] ep=10 step=030/40 ce=0.8146 sc=0.9232 mi=0.0790 dn=0.0000 v13=0.0000 v15=0.6588 v16=0.0000 v17=0.0000 v18=0.0000 acc=0.9667 lr=2.96e-04 lambda=0.000 v18_lambda=0.000 gpu=3.0/15.8GB
[21:10:05] [train] ep=10 step=040/40 ce=0.8635 sc=0.9461 mi=0.0794 dn=0.0000 v13=0.0000 v15=0.6980 v16=0.0000 v17=0.0000 v18=0.0000 acc=0.9609 lr=2.96e-04 lambda=0.000 v18_lambda=0.000 gpu=3.0/15.8GB
[21:10:07] [pool] check ep=010/100 source_val_acc_ema=0.4383 threshold=0.90
[21:10:07] [pool] ep=010 SKIP (source_val_acc_ema=0.4383 < 0.90)
[21:10:07] [ep_summary] ep=10/100 val_live=0.9383/0.9393 val_ema=0.4383/0.3456 test77_live=0.7374/0.7270 test77_diag_ema=0.1978/0.1182 v13=0.0000 v15=0.6980 v16=0.0000 v17=0.0000 v18=0.0000 das=stage2[10,50] p=0.70 ep_time=9.9s
[21:10:07] [save] best_sourceval_ema val_acc_ema=0.4383 source_val_live=0.9383/0.9393 source_val_ema=0.4383/0.3456 ep=10
[21:10:07] [strict77_monitor] ep=10 best_source_epoch=10 source_val_ema=0.4383/0.3456 test77_ema_diag=0.1978/0.1182 sourcequalified_count=10 best_sourcequalified77_epoch=5 source_val_ema=0.1605/0.1079 test77_ema=0.2626/0.1404
[21:10:07] [train] epoch 11/100 steps=40 use_dann=0 das=stage2 f=[10.0,50.0] p=0.70 gpu=3.0/15.8GB
[21:10:08] [train] ep=11 step=001/40 ce=1.1020 sc=1.6737 mi=0.0781 dn=0.0000 v13=0.0000 v15=0.8669 v16=0.0000 v17=0.0000 v18=0.0000 acc=0.9375 lr=2.96e-04 lambda=0.000 v18_lambda=0.000 gpu=3.0/15.8GB
[21:10:09] [train] ep=11 step=010/40 ce=1.1624 sc=1.2217 mi=0.0915 dn=0.0000 v13=0.0000 v15=0.7960 v16=0.0000 v17=0.0000 v18=0.0000 acc=0.9500 lr=2.96e-04 lambda=0.000 v18_lambda=0.000 gpu=3.0/15.8GB
[21:10:11] [train] ep=11 step=020/40 ce=1.2466 sc=1.1756 mi=0.0849 dn=0.0000 v13=0.0000 v15=0.8929 v16=0.0000 v17=0.0000 v18=0.0000 acc=0.9375 lr=2.96e-04 lambda=0.000 v18_lambda=0.000 gpu=3.0/15.8GB
[21:10:13] [train] ep=11 step=030/40 ce=1.0418 sc=1.0416 mi=0.0817 dn=0.0000 v13=0.0000 v15=0.7722 v16=0.0000 v17=0.0000 v18=0.0000 acc=0.9479 lr=2.95e-04 lambda=0.000 v18_lambda=0.000 gpu=3.0/15.8GB
[21:10:15] [train] ep=11 step=040/40 ce=0.9535 sc=1.0207 mi=0.0791 dn=0.0000 v13=0.0000 v15=0.7276 v16=0.0000 v17=0.0000 v18=0.0000 acc=0.9547 lr=2.95e-04 lambda=0.000 v18_lambda=0.000 gpu=3.0/15.8GB
[21:10:17] [ep_summary] ep=11/100 val_live=0.9691/0.9700 val_ema=0.4630/0.3725 test77_live=0.8345/0.8319 test77_diag_ema=0.1978/0.1191 v13=0.0000 v15=0.7276 v16=0.0000 v17=0.0000 v18=0.0000 das=stage2[10,50] p=0.70 ep_time=9.9s
[21:10:17] [save] best_sourceval_ema val_acc_ema=0.4630 source_val_live=0.9691/0.9700 source_val_ema=0.4630/0.3725 ep=11
[21:10:17] [train] epoch 12/100 steps=40 use_dann=0 das=stage2 f=[10.0,50.0] p=0.70 gpu=3.0/15.8GB
[21:10:18] [train] ep=12 step=001/40 ce=0.6999 sc=0.8929 mi=0.0787 dn=0.0000 v13=0.0000 v15=0.3329 v16=0.0000 v17=0.0000 v18=0.0000 acc=0.9375 lr=2.95e-04 lambda=0.000 v18_lambda=0.000 gpu=3.0/15.8GB
[21:10:19] [train] ep=12 step=010/40 ce=0.7869 sc=0.8969 mi=0.0743 dn=0.0000 v13=0.0000 v15=0.5948 v16=0.0000 v17=0.0000 v18=0.0000 acc=0.9750 lr=2.95e-04 lambda=0.000 v18_lambda=0.000 gpu=3.0/15.8GB
[21:10:21] [train] ep=12 step=020/40 ce=0.6989 sc=0.9378 mi=0.0736 dn=0.0000 v13=0.0000 v15=0.5779 v16=0.0000 v17=0.0000 v18=0.0000 acc=0.9781 lr=2.94e-04 lambda=0.000 v18_lambda=0.000 gpu=3.0/15.8GB
[21:10:23] [train] ep=12 step=030/40 ce=0.6019 sc=0.8433 mi=0.0727 dn=0.0000 v13=0.0000 v15=0.5075 v16=0.0000 v17=0.0000 v18=0.0000 acc=0.9854 lr=2.94e-04 lambda=0.000 v18_lambda=0.000 gpu=3.0/15.8GB
[21:10:25] [train] ep=12 step=040/40 ce=0.6462 sc=0.8936 mi=0.0735 dn=0.0000 v13=0.0000 v15=0.5095 v16=0.0000 v17=0.0000 v18=0.0000 acc=0.9828 lr=2.94e-04 lambda=0.000 v18_lambda=0.000 gpu=3.0/15.8GB
[21:10:27] [ep_summary] ep=12/100 val_live=0.9383/0.9361 val_ema=0.4877/0.3950 test77_live=0.7410/0.7027 test77_diag_ema=0.1942/0.1059 v13=0.0000 v15=0.5095 v16=0.0000 v17=0.0000 v18=0.0000 das=stage2[10,50] p=0.70 ep_time=9.9s
[21:10:27] [save] best_sourceval_ema val_acc_ema=0.4877 source_val_live=0.9383/0.9361 source_val_ema=0.4877/0.3950 ep=12
[21:10:27] [train] epoch 13/100 steps=40 use_dann=0 das=stage2 f=[10.0,50.0] p=0.70 gpu=3.0/15.8GB
[21:10:27] [train] ep=13 step=001/40 ce=0.3392 sc=0.5956 mi=0.0715 dn=0.0000 v13=0.0000 v15=0.2176 v16=0.0000 v17=0.0000 v18=0.0000 acc=1.0000 lr=2.94e-04 lambda=0.000 v18_lambda=0.000 gpu=3.0/15.8GB
[21:10:29] [train] ep=13 step=010/40 ce=0.8850 sc=0.9161 mi=0.0727 dn=0.0000 v13=0.0000 v15=0.5220 v16=0.0000 v17=0.0000 v18=0.0000 acc=0.9688 lr=2.93e-04 lambda=0.000 v18_lambda=0.000 gpu=3.0/15.8GB
[21:10:31] [train] ep=13 step=020/40 ce=0.6614 sc=0.7795 mi=0.0722 dn=0.0000 v13=0.0000 v15=0.4454 v16=0.0000 v17=0.0000 v18=0.0000 acc=0.9812 lr=2.93e-04 lambda=0.000 v18_lambda=0.000 gpu=3.0/15.8GB
[21:10:33] [train] ep=13 step=030/40 ce=0.7138 sc=0.8667 mi=0.0726 dn=0.0000 v13=0.0000 v15=0.4748 v16=0.0000 v17=0.0000 v18=0.0000 acc=0.9750 lr=2.93e-04 lambda=0.000 v18_lambda=0.000 gpu=3.0/15.8GB
[21:10:34] [train] ep=13 step=040/40 ce=0.7228 sc=0.9013 mi=0.0731 dn=0.0000 v13=0.0000 v15=0.4944 v16=0.0000 v17=0.0000 v18=0.0000 acc=0.9734 lr=2.92e-04 lambda=0.000 v18_lambda=0.000 gpu=3.0/15.8GB
[21:10:37] [ep_summary] ep=13/100 val_live=0.9630/0.9630 val_ema=0.5247/0.4419 test77_live=0.7770/0.7541 test77_diag_ema=0.2302/0.1318 v13=0.0000 v15=0.4944 v16=0.0000 v17=0.0000 v18=0.0000 das=stage2[10,50] p=0.70 ep_time=9.9s
[21:10:37] [save] best_sourceval_ema val_acc_ema=0.5247 source_val_live=0.9630/0.9630 source_val_ema=0.5247/0.4419 ep=13
[21:10:37] [train] epoch 14/100 steps=40 use_dann=0 das=stage2 f=[10.0,50.0] p=0.70 gpu=3.0/15.8GB
[21:10:37] [train] ep=14 step=001/40 ce=0.6100 sc=0.9245 mi=0.0639 dn=0.0000 v13=0.0000 v15=0.5697 v16=0.0000 v17=0.0000 v18=0.0000 acc=1.0000 lr=2.92e-04 lambda=0.000 v18_lambda=0.000 gpu=3.0/15.8GB
[21:10:39] [train] ep=14 step=010/40 ce=0.5696 sc=0.8836 mi=0.0691 dn=0.0000 v13=0.0000 v15=0.4577 v16=0.0000 v17=0.0000 v18=0.0000 acc=0.9875 lr=2.92e-04 lambda=0.000 v18_lambda=0.000 gpu=3.0/15.8GB
[21:10:41] [train] ep=14 step=020/40 ce=0.5676 sc=0.8513 mi=0.0695 dn=0.0000 v13=0.0000 v15=0.4343 v16=0.0000 v17=0.0000 v18=0.0000 acc=0.9875 lr=2.91e-04 lambda=0.000 v18_lambda=0.000 gpu=3.0/15.8GB
[21:10:43] [train] ep=14 step=030/40 ce=0.5836 sc=0.8906 mi=0.0707 dn=0.0000 v13=0.0000 v15=0.4647 v16=0.0000 v17=0.0000 v18=0.0000 acc=0.9875 lr=2.91e-04 lambda=0.000 v18_lambda=0.000 gpu=3.0/15.8GB
[21:10:44] [train] ep=14 step=040/40 ce=0.5995 sc=0.9262 mi=0.0703 dn=0.0000 v13=0.0000 v15=0.4819 v16=0.0000 v17=0.0000 v18=0.0000 acc=0.9844 lr=2.91e-04 lambda=0.000 v18_lambda=0.000 gpu=3.0/15.8GB
[21:10:47] [ep_summary] ep=14/100 val_live=0.9630/0.9640 val_ema=0.5494/0.4783 test77_live=0.6439/0.6018 test77_diag_ema=0.2410/0.1308 v13=0.0000 v15=0.4819 v16=0.0000 v17=0.0000 v18=0.0000 das=stage2[10,50] p=0.70 ep_time=9.8s
[21:10:47] [save] best_sourceval_ema val_acc_ema=0.5494 source_val_live=0.9630/0.9640 source_val_ema=0.5494/0.4783 ep=14
[21:10:47] [train] epoch 15/100 steps=40 use_dann=0 das=stage2 f=[10.0,50.0] p=0.70 gpu=3.0/15.8GB
[21:10:47] [train] ep=15 step=001/40 ce=0.4455 sc=1.1480 mi=0.0681 dn=0.0000 v13=0.0000 v15=0.7705 v16=0.0000 v17=0.0000 v18=0.0000 acc=1.0000 lr=2.91e-04 lambda=0.000 v18_lambda=0.000 gpu=3.0/15.8GB
[21:10:49] [train] ep=15 step=010/40 ce=0.7707 sc=1.0810 mi=0.0698 dn=0.0000 v13=0.0000 v15=0.5807 v16=0.0000 v17=0.0000 v18=0.0000 acc=0.9625 lr=2.90e-04 lambda=0.000 v18_lambda=0.000 gpu=3.0/15.8GB
[21:10:51] [train] ep=15 step=020/40 ce=0.7438 sc=1.0438 mi=0.0692 dn=0.0000 v13=0.0000 v15=0.5170 v16=0.0000 v17=0.0000 v18=0.0000 acc=0.9656 lr=2.90e-04 lambda=0.000 v18_lambda=0.000 gpu=3.0/15.8GB
[21:10:53] [train] ep=15 step=030/40 ce=0.6296 sc=0.9876 mi=0.0686 dn=0.0000 v13=0.0000 v15=0.4527 v16=0.0000 v17=0.0000 v18=0.0000 acc=0.9771 lr=2.89e-04 lambda=0.000 v18_lambda=0.000 gpu=3.0/15.8GB
[21:10:54] [train] ep=15 step=040/40 ce=0.5773 sc=0.9691 mi=0.0688 dn=0.0000 v13=0.0000 v15=0.4208 v16=0.0000 v17=0.0000 v18=0.0000 acc=0.9797 lr=2.89e-04 lambda=0.000 v18_lambda=0.000 gpu=3.0/15.8GB
[21:10:57] [ep_summary] ep=15/100 val_live=0.9691/0.9690 val_ema=0.5617/0.4962 test77_live=0.7950/0.7853 test77_diag_ema=0.2518/0.1406 v13=0.0000 v15=0.4208 v16=0.0000 v17=0.0000 v18=0.0000 das=stage2[10,50] p=0.70 ep_time=10.0s
[21:10:57] [save] best_sourceval_ema val_acc_ema=0.5617 source_val_live=0.9691/0.9690 source_val_ema=0.5617/0.4962 ep=15
[21:10:57] [save] best_sourcequalified77_ema ep=15 source_val_live=0.9691/0.9690 source_val_ema=0.5617/0.4962 test77_ema=0.2518/0.1406
[21:10:57] [train] epoch 16/100 steps=40 use_dann=0 das=stage2 f=[10.0,50.0] p=0.70 gpu=3.0/15.8GB
[21:10:57] [train] ep=16 step=001/40 ce=0.2804 sc=0.9953 mi=0.0613 dn=0.0000 v13=0.0000 v15=0.4815 v16=0.0000 v17=0.0000 v18=0.0000 acc=1.0000 lr=2.89e-04 lambda=0.000 v18_lambda=0.000 gpu=3.0/15.8GB
[21:10:59] [train] ep=16 step=010/40 ce=0.7321 sc=0.8504 mi=0.0664 dn=0.0000 v13=0.0000 v15=0.4512 v16=0.0000 v17=0.0000 v18=0.0000 acc=0.9688 lr=2.88e-04 lambda=0.000 v18_lambda=0.000 gpu=3.0/15.8GB
[21:11:01] [train] ep=16 step=020/40 ce=0.6376 sc=0.8490 mi=0.0680 dn=0.0000 v13=0.0000 v15=0.3925 v16=0.0000 v17=0.0000 v18=0.0000 acc=0.9812 lr=2.88e-04 lambda=0.000 v18_lambda=0.000 gpu=3.0/15.8GB
[21:11:02] [train] ep=16 step=030/40 ce=0.5593 sc=0.8576 mi=0.0677 dn=0.0000 v13=0.0000 v15=0.3695 v16=0.0000 v17=0.0000 v18=0.0000 acc=0.9854 lr=2.87e-04 lambda=0.000 v18_lambda=0.000 gpu=3.0/15.8GB
[21:11:04] [train] ep=16 step=040/40 ce=0.5045 sc=0.8513 mi=0.0682 dn=0.0000 v13=0.0000 v15=0.3459 v16=0.0000 v17=0.0000 v18=0.0000 acc=0.9891 lr=2.87e-04 lambda=0.000 v18_lambda=0.000 gpu=3.0/15.8GB
[21:11:07] [ep_summary] ep=16/100 val_live=0.9568/0.9583 val_ema=0.5864/0.5279 test77_live=0.7950/0.7902 test77_diag_ema=0.2626/0.1527 v13=0.0000 v15=0.3459 v16=0.0000 v17=0.0000 v18=0.0000 das=stage2[10,50] p=0.70 ep_time=9.9s
[21:11:07] [save] best_sourceval_ema val_acc_ema=0.5864 source_val_live=0.9568/0.9583 source_val_ema=0.5864/0.5279 ep=16
[21:11:07] [save] best_sourcequalified77_ema ep=16 source_val_live=0.9568/0.9583 source_val_ema=0.5864/0.5279 test77_ema=0.2626/0.1527
[21:11:07] [train] epoch 17/100 steps=40 use_dann=0 das=stage2 f=[10.0,50.0] p=0.70 gpu=3.0/15.8GB
[21:11:07] [train] ep=17 step=001/40 ce=0.6573 sc=0.7538 mi=0.0620 dn=0.0000 v13=0.0000 v15=0.4188 v16=0.0000 v17=0.0000 v18=0.0000 acc=0.9375 lr=2.87e-04 lambda=0.000 v18_lambda=0.000 gpu=3.0/15.8GB
[21:11:09] [train] ep=17 step=010/40 ce=0.4603 sc=0.9080 mi=0.0658 dn=0.0000 v13=0.0000 v15=0.3182 v16=0.0000 v17=0.0000 v18=0.0000 acc=0.9875 lr=2.86e-04 lambda=0.000 v18_lambda=0.000 gpu=3.0/15.8GB
[21:11:11] [train] ep=17 step=020/40 ce=0.4298 sc=0.8916 mi=0.0664 dn=0.0000 v13=0.0000 v15=0.2849 v16=0.0000 v17=0.0000 v18=0.0000 acc=0.9906 lr=2.86e-04 lambda=0.000 v18_lambda=0.000 gpu=3.0/15.8GB
[21:11:12] [train] ep=17 step=030/40 ce=0.4314 sc=0.8854 mi=0.0673 dn=0.0000 v13=0.0000 v15=0.2928 v16=0.0000 v17=0.0000 v18=0.0000 acc=0.9917 lr=2.85e-04 lambda=0.000 v18_lambda=0.000 gpu=3.0/15.8GB
[21:11:14] [train] ep=17 step=040/40 ce=0.4583 sc=0.8943 mi=0.0674 dn=0.0000 v13=0.0000 v15=0.3293 v16=0.0000 v17=0.0000 v18=0.0000 acc=0.9891 lr=2.85e-04 lambda=0.000 v18_lambda=0.000 gpu=3.0/15.8GB
[21:11:17] [ep_summary] ep=17/100 val_live=0.9691/0.9698 val_ema=0.5988/0.5422 test77_live=0.7806/0.7752 test77_diag_ema=0.2734/0.1616 v13=0.0000 v15=0.3293 v16=0.0000 v17=0.0000 v18=0.0000 das=stage2[10,50] p=0.70 ep_time=9.9s
[21:11:17] [save] best_sourceval_ema val_acc_ema=0.5988 source_val_live=0.9691/0.9698 source_val_ema=0.5988/0.5422 ep=17
[21:11:17] [save] best_sourcequalified77_ema ep=17 source_val_live=0.9691/0.9698 source_val_ema=0.5988/0.5422 test77_ema=0.2734/0.1616
[21:11:17] [train] epoch 18/100 steps=40 use_dann=0 das=stage2 f=[10.0,50.0] p=0.70 gpu=3.0/15.8GB
[21:11:17] [train] ep=18 step=001/40 ce=0.2875 sc=0.2660 mi=0.0652 dn=0.0000 v13=0.0000 v15=0.1573 v16=0.0000 v17=0.0000 v18=0.0000 acc=1.0000 lr=2.85e-04 lambda=0.000 v18_lambda=0.000 gpu=3.0/15.8GB
[21:11:19] [train] ep=18 step=010/40 ce=0.3603 sc=0.7563 mi=0.0701 dn=0.0000 v13=0.0000 v15=0.2520 v16=0.0000 v17=0.0000 v18=0.0000 acc=0.9938 lr=2.84e-04 lambda=0.000 v18_lambda=0.000 gpu=3.0/15.8GB
[21:11:20] [train] ep=18 step=020/40 ce=0.3361 sc=0.7913 mi=0.0694 dn=0.0000 v13=0.0000 v15=0.2606 v16=0.0000 v17=0.0000 v18=0.0000 acc=0.9969 lr=2.84e-04 lambda=0.000 v18_lambda=0.000 gpu=3.0/15.8GB
[21:11:22] [train] ep=18 step=030/40 ce=0.3734 sc=0.7592 mi=0.0693 dn=0.0000 v13=0.0000 v15=0.2780 v16=0.0000 v17=0.0000 v18=0.0000 acc=0.9917 lr=2.83e-04 lambda=0.000 v18_lambda=0.000 gpu=3.0/15.8GB
[21:11:24] [train] ep=18 step=040/40 ce=0.3543 sc=0.7606 mi=0.0690 dn=0.0000 v13=0.0000 v15=0.2967 v16=0.0000 v17=0.0000 v18=0.0000 acc=0.9938 lr=2.83e-04 lambda=0.000 v18_lambda=0.000 gpu=3.0/15.8GB
[21:11:27] [ep_summary] ep=18/100 val_live=0.9691/0.9698 val_ema=0.5988/0.5434 test77_live=0.8022/0.8005 test77_diag_ema=0.2734/0.1630 v13=0.0000 v15=0.2967 v16=0.0000 v17=0.0000 v18=0.0000 das=stage2[10,50] p=0.70 ep_time=9.8s
[21:11:27] [save] best_sourcequalified77_ema ep=18 source_val_live=0.9691/0.9698 source_val_ema=0.5988/0.5434 test77_ema=0.2734/0.1630
[21:11:27] [train] epoch 19/100 steps=40 use_dann=0 das=stage2 f=[10.0,50.0] p=0.70 gpu=3.0/15.8GB
[21:11:27] [train] ep=19 step=001/40 ce=0.9929 sc=1.3583 mi=0.0587 dn=0.0000 v13=0.0000 v15=0.5035 v16=0.0000 v17=0.0000 v18=0.0000 acc=0.9375 lr=2.83e-04 lambda=0.000 v18_lambda=0.000 gpu=3.0/15.8GB
[21:11:29] [train] ep=19 step=010/40 ce=0.9326 sc=1.1093 mi=0.0698 dn=0.0000 v13=0.0000 v15=0.5872 v16=0.0000 v17=0.0000 v18=0.0000 acc=0.9500 lr=2.82e-04 lambda=0.000 v18_lambda=0.000 gpu=3.0/15.8GB
[21:11:30] [train] ep=19 step=020/40 ce=0.7904 sc=0.9557 mi=0.0699 dn=0.0000 v13=0.0000 v15=0.4957 v16=0.0000 v17=0.0000 v18=0.0000 acc=0.9625 lr=2.82e-04 lambda=0.000 v18_lambda=0.000 gpu=3.0/15.8GB
[21:11:32] [train] ep=19 step=030/40 ce=0.7561 sc=1.0004 mi=0.0683 dn=0.0000 v13=0.0000 v15=0.4765 v16=0.0000 v17=0.0000 v18=0.0000 acc=0.9667 lr=2.81e-04 lambda=0.000 v18_lambda=0.000 gpu=3.0/15.8GB
[21:11:34] [train] ep=19 step=040/40 ce=0.6757 sc=0.9489 mi=0.0682 dn=0.0000 v13=0.0000 v15=0.4306 v16=0.0000 v17=0.0000 v18=0.0000 acc=0.9734 lr=2.80e-04 lambda=0.000 v18_lambda=0.000 gpu=3.0/15.8GB
[21:11:37] [ep_summary] ep=19/100 val_live=0.9630/0.9640 val_ema=0.6235/0.5772 test77_live=0.7878/0.7798 test77_diag_ema=0.2770/0.1677 v13=0.0000 v15=0.4306 v16=0.0000 v17=0.0000 v18=0.0000 das=stage2[10,50] p=0.70 ep_time=9.9s
[21:11:37] [save] best_sourceval_ema val_acc_ema=0.6235 source_val_live=0.9630/0.9640 source_val_ema=0.6235/0.5772 ep=19
[21:11:37] [save] best_sourcequalified77_ema ep=19 source_val_live=0.9630/0.9640 source_val_ema=0.6235/0.5772 test77_ema=0.2770/0.1677
[21:11:37] [train] epoch 20/100 steps=40 use_dann=0 das=stage2 f=[10.0,50.0] p=0.70 gpu=3.0/15.8GB
[21:11:37] [train] ep=20 step=001/40 ce=0.7596 sc=1.1231 mi=0.0687 dn=0.0000 v13=0.0000 v15=0.3861 v16=0.0000 v17=0.0000 v18=0.0000 acc=0.9375 lr=2.80e-04 lambda=0.000 v18_lambda=0.000 gpu=3.0/15.8GB
[21:11:38] [train] ep=20 step=010/40 ce=0.4603 sc=0.9304 mi=0.0678 dn=0.0000 v13=0.0000 v15=0.3547 v16=0.0000 v17=0.0000 v18=0.0000 acc=0.9875 lr=2.80e-04 lambda=0.000 v18_lambda=0.000 gpu=3.0/15.8GB
[21:11:40] [train] ep=20 step=020/40 ce=0.4531 sc=0.8348 mi=0.0684 dn=0.0000 v13=0.0000 v15=0.3552 v16=0.0000 v17=0.0000 v18=0.0000 acc=0.9875 lr=2.79e-04 lambda=0.000 v18_lambda=0.000 gpu=3.0/15.8GB
[21:11:42] [train] ep=20 step=030/40 ce=0.4494 sc=0.8379 mi=0.0668 dn=0.0000 v13=0.0000 v15=0.3391 v16=0.0000 v17=0.0000 v18=0.0000 acc=0.9854 lr=2.79e-04 lambda=0.000 v18_lambda=0.000 gpu=3.0/15.8GB
[21:11:44] [train] ep=20 step=040/40 ce=0.4419 sc=0.8313 mi=0.0661 dn=0.0000 v13=0.0000 v15=0.3377 v16=0.0000 v17=0.0000 v18=0.0000 acc=0.9859 lr=2.78e-04 lambda=0.000 v18_lambda=0.000 gpu=3.0/15.8GB
[21:11:47] [pool] check ep=020/100 source_val_acc_ema=0.6358 threshold=0.90
[21:11:47] [pool] ep=020 SKIP (source_val_acc_ema=0.6358 < 0.90)
[21:11:47] [ep_summary] ep=20/100 val_live=0.9691/0.9703 val_ema=0.6358/0.5945 test77_live=0.7626/0.7551 test77_diag_ema=0.2842/0.1796 v13=0.0000 v15=0.3377 v16=0.0000 v17=0.0000 v18=0.0000 das=stage2[10,50] p=0.70 ep_time=9.9s
[21:11:47] [save] best_sourceval_ema val_acc_ema=0.6358 source_val_live=0.9691/0.9703 source_val_ema=0.6358/0.5945 ep=20
[21:11:47] [save] best_sourcequalified77_ema ep=20 source_val_live=0.9691/0.9703 source_val_ema=0.6358/0.5945 test77_ema=0.2842/0.1796
[21:11:47] [strict77_monitor] ep=20 best_source_epoch=20 source_val_ema=0.6358/0.5945 test77_ema_diag=0.2842/0.1796 sourcequalified_count=20 best_sourcequalified77_epoch=20 source_val_ema=0.6358/0.5945 test77_ema=0.2842/0.1796
[21:11:47] [train] epoch 21/100 steps=40 use_dann=0 das=stage2 f=[10.0,50.0] p=0.70 gpu=3.0/15.8GB
[21:11:47] [train] ep=21 step=001/40 ce=0.2865 sc=0.6357 mi=0.0640 dn=0.0000 v13=0.0000 v15=0.1657 v16=0.0000 v17=0.0000 v18=0.0000 acc=1.0000 lr=2.78e-04 lambda=0.000 v18_lambda=0.000 gpu=3.0/15.8GB
[21:11:48] [train] ep=21 step=010/40 ce=0.4944 sc=0.6965 mi=0.0625 dn=0.0000 v13=0.0000 v15=0.3062 v16=0.0000 v17=0.0000 v18=0.0000 acc=0.9875 lr=2.77e-04 lambda=0.000 v18_lambda=0.000 gpu=3.0/15.8GB
[21:11:50] [train] ep=21 step=020/40 ce=0.5078 sc=0.7292 mi=0.0630 dn=0.0000 v13=0.0000 v15=0.3166 v16=0.0000 v17=0.0000 v18=0.0000 acc=0.9844 lr=2.77e-04 lambda=0.000 v18_lambda=0.000 gpu=3.0/15.8GB
[21:11:52] [train] ep=21 step=030/40 ce=0.5142 sc=0.7421 mi=0.0641 dn=0.0000 v13=0.0000 v15=0.3324 v16=0.0000 v17=0.0000 v18=0.0000 acc=0.9833 lr=2.76e-04 lambda=0.000 v18_lambda=0.000 gpu=3.0/15.8GB
[21:11:54] [train] ep=21 step=040/40 ce=0.5385 sc=0.8097 mi=0.0639 dn=0.0000 v13=0.0000 v15=0.3674 v16=0.0000 v17=0.0000 v18=0.0000 acc=0.9797 lr=2.75e-04 lambda=0.000 v18_lambda=0.000 gpu=3.0/15.8GB
[21:11:57] [ep_summary] ep=21/100 val_live=0.9753/0.9758 val_ema=0.6543/0.6196 test77_live=0.7554/0.7549 test77_diag_ema=0.2914/0.1925 v13=0.0000 v15=0.3674 v16=0.0000 v17=0.0000 v18=0.0000 das=stage2[10,50] p=0.70 ep_time=10.0s
[21:11:57] [save] best_sourceval_ema val_acc_ema=0.6543 source_val_live=0.9753/0.9758 source_val_ema=0.6543/0.6196 ep=21
[21:11:57] [save] best_sourcequalified77_ema ep=21 source_val_live=0.9753/0.9758 source_val_ema=0.6543/0.6196 test77_ema=0.2914/0.1925
[21:11:57] [train] epoch 22/100 steps=40 use_dann=0 das=stage2 f=[10.0,50.0] p=0.70 gpu=3.0/15.8GB
[21:11:57] [train] ep=22 step=001/40 ce=0.3086 sc=0.6754 mi=0.0670 dn=0.0000 v13=0.0000 v15=0.2348 v16=0.0000 v17=0.0000 v18=0.0000 acc=1.0000 lr=2.75e-04 lambda=0.000 v18_lambda=0.000 gpu=3.0/15.8GB
[21:11:59] [train] ep=22 step=010/40 ce=0.3525 sc=0.8086 mi=0.0632 dn=0.0000 v13=0.0000 v15=0.2440 v16=0.0000 v17=0.0000 v18=0.0000 acc=0.9938 lr=2.75e-04 lambda=0.000 v18_lambda=0.000 gpu=3.0/15.8GB
[21:12:01] [train] ep=22 step=020/40 ce=0.3898 sc=0.7636 mi=0.0627 dn=0.0000 v13=0.0000 v15=0.2763 v16=0.0000 v17=0.0000 v18=0.0000 acc=0.9938 lr=2.74e-04 lambda=0.000 v18_lambda=0.000 gpu=3.0/15.8GB
[21:12:03] [train] ep=22 step=030/40 ce=0.4352 sc=0.8252 mi=0.0646 dn=0.0000 v13=0.0000 v15=0.2765 v16=0.0000 v17=0.0000 v18=0.0000 acc=0.9917 lr=2.73e-04 lambda=0.000 v18_lambda=0.000 gpu=3.0/15.8GB
[21:12:05] [train] ep=22 step=040/40 ce=0.4112 sc=0.8467 mi=0.0646 dn=0.0000 v13=0.0000 v15=0.2647 v16=0.0000 v17=0.0000 v18=0.0000 acc=0.9922 lr=2.73e-04 lambda=0.000 v18_lambda=0.000 gpu=3.0/15.8GB
[21:12:08] [ep_summary] ep=22/100 val_live=0.9691/0.9699 val_ema=0.6790/0.6576 test77_live=0.7338/0.7170 test77_diag_ema=0.2950/0.1984 v13=0.0000 v15=0.2647 v16=0.0000 v17=0.0000 v18=0.0000 das=stage2[10,50] p=0.70 ep_time=11.0s
[21:12:08] [save] best_sourceval_ema val_acc_ema=0.6790 source_val_live=0.9691/0.9699 source_val_ema=0.6790/0.6576 ep=22
[21:12:08] [save] best_sourcequalified77_ema ep=22 source_val_live=0.9691/0.9699 source_val_ema=0.6790/0.6576 test77_ema=0.2950/0.1984
[21:12:08] [train] epoch 23/100 steps=40 use_dann=0 das=stage2 f=[10.0,50.0] p=0.70 gpu=3.0/15.8GB
[21:12:08] [train] ep=23 step=001/40 ce=0.2688 sc=0.9849 mi=0.0624 dn=0.0000 v13=0.0000 v15=0.2408 v16=0.0000 v17=0.0000 v18=0.0000 acc=1.0000 lr=2.72e-04 lambda=0.000 v18_lambda=0.000 gpu=3.0/15.8GB
[21:12:10] [train] ep=23 step=010/40 ce=0.4043 sc=0.9124 mi=0.0650 dn=0.0000 v13=0.0000 v15=0.3189 v16=0.0000 v17=0.0000 v18=0.0000 acc=0.9875 lr=2.72e-04 lambda=0.000 v18_lambda=0.000 gpu=3.0/15.8GB
[21:12:12] [train] ep=23 step=020/40 ce=0.4141 sc=0.8782 mi=0.0672 dn=0.0000 v13=0.0000 v15=0.2990 v16=0.0000 v17=0.0000 v18=0.0000 acc=0.9906 lr=2.71e-04 lambda=0.000 v18_lambda=0.000 gpu=3.0/15.8GB
[21:12:14] [train] ep=23 step=030/40 ce=0.3884 sc=0.8470 mi=0.0664 dn=0.0000 v13=0.0000 v15=0.2848 v16=0.0000 v17=0.0000 v18=0.0000 acc=0.9917 lr=2.70e-04 lambda=0.000 v18_lambda=0.000 gpu=3.0/15.8GB
[21:12:16] [train] ep=23 step=040/40 ce=0.3816 sc=0.8698 mi=0.0657 dn=0.0000 v13=0.0000 v15=0.2751 v16=0.0000 v17=0.0000 v18=0.0000 acc=0.9938 lr=2.70e-04 lambda=0.000 v18_lambda=0.000 gpu=3.0/15.8GB
[21:12:19] [ep_summary] ep=23/100 val_live=0.9506/0.9510 val_ema=0.7037/0.6880 test77_live=0.7446/0.7361 test77_diag_ema=0.3058/0.2144 v13=0.0000 v15=0.2751 v16=0.0000 v17=0.0000 v18=0.0000 das=stage2[10,50] p=0.70 ep_time=11.4s
[21:12:19] [save] best_sourceval_ema val_acc_ema=0.7037 source_val_live=0.9506/0.9510 source_val_ema=0.7037/0.6880 ep=23
[21:12:19] [save] best_sourcequalified77_ema ep=23 source_val_live=0.9506/0.9510 source_val_ema=0.7037/0.6880 test77_ema=0.3058/0.2144
[21:12:19] [train] epoch 24/100 steps=40 use_dann=0 das=stage2 f=[10.0,50.0] p=0.70 gpu=3.0/15.8GB
[21:12:19] [train] ep=24 step=001/40 ce=0.2703 sc=0.6332 mi=0.0655 dn=0.0000 v13=0.0000 v15=0.1517 v16=0.0000 v17=0.0000 v18=0.0000 acc=1.0000 lr=2.70e-04 lambda=0.000 v18_lambda=0.000 gpu=3.0/15.8GB
[21:12:21] [train] ep=24 step=010/40 ce=0.4370 sc=0.7229 mi=0.0624 dn=0.0000 v13=0.0000 v15=0.2808 v16=0.0000 v17=0.0000 v18=0.0000 acc=0.9875 lr=2.69e-04 lambda=0.000 v18_lambda=0.000 gpu=3.0/15.8GB
[21:12:23] [train] ep=24 step=020/40 ce=0.4327 sc=0.8076 mi=0.0625 dn=0.0000 v13=0.0000 v15=0.2661 v16=0.0000 v17=0.0000 v18=0.0000 acc=0.9875 lr=2.68e-04 lambda=0.000 v18_lambda=0.000 gpu=3.0/15.8GB
[21:12:25] [train] ep=24 step=030/40 ce=0.4569 sc=0.8385 mi=0.0635 dn=0.0000 v13=0.0000 v15=0.2795 v16=0.0000 v17=0.0000 v18=0.0000 acc=0.9875 lr=2.67e-04 lambda=0.000 v18_lambda=0.000 gpu=3.0/15.8GB
[21:12:26] [train] ep=24 step=040/40 ce=0.4264 sc=0.8317 mi=0.0628 dn=0.0000 v13=0.0000 v15=0.2746 v16=0.0000 v17=0.0000 v18=0.0000 acc=0.9891 lr=2.67e-04 lambda=0.000 v18_lambda=0.000 gpu=3.0/15.8GB
[21:12:29] [ep_summary] ep=24/100 val_live=0.9815/0.9817 val_ema=0.7160/0.7025 test77_live=0.7410/0.7377 test77_diag_ema=0.3094/0.2228 v13=0.0000 v15=0.2746 v16=0.0000 v17=0.0000 v18=0.0000 das=stage2[10,50] p=0.70 ep_time=10.2s
[21:12:29] [save] best_sourceval_ema val_acc_ema=0.7160 source_val_live=0.9815/0.9817 source_val_ema=0.7160/0.7025 ep=24
[21:12:29] [save] best_sourcequalified77_ema ep=24 source_val_live=0.9815/0.9817 source_val_ema=0.7160/0.7025 test77_ema=0.3094/0.2228
[21:12:29] [train] epoch 25/100 steps=40 use_dann=0 das=stage3 f=[12.0,95.0] p=1.00 gpu=3.0/15.8GB
[21:12:29] [train] ep=25 step=001/40 ce=0.2702 sc=0.4375 mi=0.0693 dn=0.0000 v13=0.0000 v15=0.1498 v16=0.0000 v17=0.0000 v18=0.0000 acc=1.0000 lr=2.67e-04 lambda=0.000 v18_lambda=0.000 gpu=3.0/15.8GB
[21:12:31] [train] ep=25 step=010/40 ce=0.3462 sc=0.8314 mi=0.0697 dn=0.0000 v13=0.0000 v15=0.2085 v16=0.0000 v17=0.0000 v18=0.0000 acc=0.9875 lr=2.66e-04 lambda=0.000 v18_lambda=0.000 gpu=3.0/15.8GB
[21:12:33] [train] ep=25 step=020/40 ce=0.4805 sc=0.8678 mi=0.0682 dn=0.0000 v13=0.0000 v15=0.2797 v16=0.0000 v17=0.0000 v18=0.0000 acc=0.9812 lr=2.65e-04 lambda=0.000 v18_lambda=0.000 gpu=3.0/15.8GB
[21:12:35] [train] ep=25 step=030/40 ce=0.5394 sc=0.9061 mi=0.0665 dn=0.0000 v13=0.0000 v15=0.3407 v16=0.0000 v17=0.0000 v18=0.0000 acc=0.9792 lr=2.64e-04 lambda=0.000 v18_lambda=0.000 gpu=3.0/15.8GB
[21:12:36] [train] ep=25 step=040/40 ce=0.6028 sc=0.8795 mi=0.0667 dn=0.0000 v13=0.0000 v15=0.3686 v16=0.0000 v17=0.0000 v18=0.0000 acc=0.9750 lr=2.64e-04 lambda=0.000 v18_lambda=0.000 gpu=3.0/15.8GB
[21:12:39] [ep_summary] ep=25/100 val_live=0.9383/0.9377 val_ema=0.7531/0.7433 test77_live=0.6547/0.6487 test77_diag_ema=0.3201/0.2412 v13=0.0000 v15=0.3686 v16=0.0000 v17=0.0000 v18=0.0000 das=stage3[12,95] p=1.00 ep_time=9.8s
[21:12:39] [save] best_sourceval_ema val_acc_ema=0.7531 source_val_live=0.9383/0.9377 source_val_ema=0.7531/0.7433 ep=25
[21:12:39] [save] best_sourcequalified77_ema ep=25 source_val_live=0.9383/0.9377 source_val_ema=0.7531/0.7433 test77_ema=0.3201/0.2412
[21:12:39] [train] epoch 26/100 steps=40 use_dann=0 das=stage3 f=[12.0,95.0] p=1.00 gpu=3.0/15.8GB
[21:12:39] [train] ep=26 step=001/40 ce=0.2823 sc=0.9584 mi=0.0682 dn=0.0000 v13=0.0000 v15=0.3117 v16=0.0000 v17=0.0000 v18=0.0000 acc=1.0000 lr=2.64e-04 lambda=0.000 v18_lambda=0.000 gpu=3.0/15.8GB
[21:12:41] [train] ep=26 step=010/40 ce=0.3725 sc=0.8705 mi=0.0676 dn=0.0000 v13=0.0000 v15=0.3495 v16=0.0000 v17=0.0000 v18=0.0000 acc=1.0000 lr=2.63e-04 lambda=0.000 v18_lambda=0.000 gpu=3.0/15.8GB
[21:12:43] [train] ep=26 step=020/40 ce=0.4247 sc=0.7898 mi=0.0655 dn=0.0000 v13=0.0000 v15=0.3359 v16=0.0000 v17=0.0000 v18=0.0000 acc=0.9938 lr=2.62e-04 lambda=0.000 v18_lambda=0.000 gpu=3.0/15.8GB
[21:12:45] [train] ep=26 step=030/40 ce=0.4619 sc=0.8169 mi=0.0648 dn=0.0000 v13=0.0000 v15=0.3270 v16=0.0000 v17=0.0000 v18=0.0000 acc=0.9896 lr=2.61e-04 lambda=0.000 v18_lambda=0.000 gpu=3.0/15.8GB
[21:12:46] [train] ep=26 step=040/40 ce=0.4394 sc=0.8092 mi=0.0648 dn=0.0000 v13=0.0000 v15=0.3098 v16=0.0000 v17=0.0000 v18=0.0000 acc=0.9922 lr=2.60e-04 lambda=0.000 v18_lambda=0.000 gpu=3.0/15.8GB
[21:12:49] [ep_summary] ep=26/100 val_live=0.9691/0.9689 val_ema=0.7840/0.7798 test77_live=0.8165/0.8161 test77_diag_ema=0.3453/0.2674 v13=0.0000 v15=0.3098 v16=0.0000 v17=0.0000 v18=0.0000 das=stage3[12,95] p=1.00 ep_time=9.9s
[21:12:49] [save] best_sourceval_ema val_acc_ema=0.7840 source_val_live=0.9691/0.9689 source_val_ema=0.7840/0.7798 ep=26
[21:12:49] [save] best_sourcequalified77_ema ep=26 source_val_live=0.9691/0.9689 source_val_ema=0.7840/0.7798 test77_ema=0.3453/0.2674
[21:12:49] [train] epoch 27/100 steps=40 use_dann=0 das=stage3 f=[12.0,95.0] p=1.00 gpu=3.0/15.8GB
[21:12:49] [train] ep=27 step=001/40 ce=0.2900 sc=0.7248 mi=0.0673 dn=0.0000 v13=0.0000 v15=0.1784 v16=0.0000 v17=0.0000 v18=0.0000 acc=1.0000 lr=2.60e-04 lambda=0.000 v18_lambda=0.000 gpu=3.0/15.8GB
[21:12:51] [train] ep=27 step=010/40 ce=0.3269 sc=0.8060 mi=0.0600 dn=0.0000 v13=0.0000 v15=0.2471 v16=0.0000 v17=0.0000 v18=0.0000 acc=1.0000 lr=2.60e-04 lambda=0.000 v18_lambda=0.000 gpu=3.0/15.8GB
[21:12:53] [train] ep=27 step=020/40 ce=0.3344 sc=0.8402 mi=0.0607 dn=0.0000 v13=0.0000 v15=0.2327 v16=0.0000 v17=0.0000 v18=0.0000 acc=0.9969 lr=2.59e-04 lambda=0.000 v18_lambda=0.000 gpu=3.0/15.8GB
[21:12:55] [train] ep=27 step=030/40 ce=0.3240 sc=0.7894 mi=0.0616 dn=0.0000 v13=0.0000 v15=0.2407 v16=0.0000 v17=0.0000 v18=0.0000 acc=0.9979 lr=2.58e-04 lambda=0.000 v18_lambda=0.000 gpu=3.0/15.8GB
[21:12:57] [train] ep=27 step=040/40 ce=0.3391 sc=0.8190 mi=0.0626 dn=0.0000 v13=0.0000 v15=0.2513 v16=0.0000 v17=0.0000 v18=0.0000 acc=0.9953 lr=2.57e-04 lambda=0.000 v18_lambda=0.000 gpu=3.0/15.8GB
[21:12:59] [ep_summary] ep=27/100 val_live=0.9753/0.9749 val_ema=0.8148/0.8172 test77_live=0.7950/0.7958 test77_diag_ema=0.3813/0.3150 v13=0.0000 v15=0.2513 v16=0.0000 v17=0.0000 v18=0.0000 das=stage3[12,95] p=1.00 ep_time=10.3s
[21:12:59] [save] best_sourceval_ema val_acc_ema=0.8148 source_val_live=0.9753/0.9749 source_val_ema=0.8148/0.8172 ep=27
[21:12:59] [save] best_sourcequalified77_ema ep=27 source_val_live=0.9753/0.9749 source_val_ema=0.8148/0.8172 test77_ema=0.3813/0.3150
[21:12:59] [train] epoch 28/100 steps=40 use_dann=0 das=stage3 f=[12.0,95.0] p=1.00 gpu=3.0/15.8GB
[21:13:00] [train] ep=28 step=001/40 ce=0.2716 sc=0.6937 mi=0.0645 dn=0.0000 v13=0.0000 v15=0.1517 v16=0.0000 v17=0.0000 v18=0.0000 acc=1.0000 lr=2.57e-04 lambda=0.000 v18_lambda=0.000 gpu=3.0/15.8GB
[21:13:01] [train] ep=28 step=010/40 ce=0.5394 sc=0.8727 mi=0.0625 dn=0.0000 v13=0.0000 v15=0.3808 v16=0.0000 v17=0.0000 v18=0.0000 acc=0.9812 lr=2.56e-04 lambda=0.000 v18_lambda=0.000 gpu=3.0/15.8GB
[21:13:04] [train] ep=28 step=020/40 ce=0.5367 sc=0.9184 mi=0.0635 dn=0.0000 v13=0.0000 v15=0.3458 v16=0.0000 v17=0.0000 v18=0.0000 acc=0.9812 lr=2.55e-04 lambda=0.000 v18_lambda=0.000 gpu=3.0/15.8GB
[21:13:06] [train] ep=28 step=030/40 ce=0.4946 sc=0.8588 mi=0.0632 dn=0.0000 v13=0.0000 v15=0.3117 v16=0.0000 v17=0.0000 v18=0.0000 acc=0.9854 lr=2.54e-04 lambda=0.000 v18_lambda=0.000 gpu=3.0/15.8GB
[21:13:08] [train] ep=28 step=040/40 ce=0.5228 sc=0.9086 mi=0.0629 dn=0.0000 v13=0.0000 v15=0.3254 v16=0.0000 v17=0.0000 v18=0.0000 acc=0.9828 lr=2.54e-04 lambda=0.000 v18_lambda=0.000 gpu=3.0/15.8GB
[21:13:10] [ep_summary] ep=28/100 val_live=0.9630/0.9629 val_ema=0.8333/0.8373 test77_live=0.8165/0.8058 test77_diag_ema=0.4281/0.3654 v13=0.0000 v15=0.3254 v16=0.0000 v17=0.0000 v18=0.0000 das=stage3[12,95] p=1.00 ep_time=10.9s
[21:13:10] [save] best_sourceval_ema val_acc_ema=0.8333 source_val_live=0.9630/0.9629 source_val_ema=0.8333/0.8373 ep=28
[21:13:10] [save] best_sourcequalified77_ema ep=28 source_val_live=0.9630/0.9629 source_val_ema=0.8333/0.8373 test77_ema=0.4281/0.3654
[21:13:10] [train] epoch 29/100 steps=40 use_dann=0 das=stage3 f=[12.0,95.0] p=1.00 gpu=3.0/15.8GB
[21:13:11] [train] ep=29 step=001/40 ce=0.2691 sc=0.4358 mi=0.0576 dn=0.0000 v13=0.0000 v15=0.1579 v16=0.0000 v17=0.0000 v18=0.0000 acc=1.0000 lr=2.53e-04 lambda=0.000 v18_lambda=0.000 gpu=3.0/15.8GB
[21:13:12] [train] ep=29 step=010/40 ce=0.6719 sc=0.8863 mi=0.0607 dn=0.0000 v13=0.0000 v15=0.4609 v16=0.0000 v17=0.0000 v18=0.0000 acc=0.9750 lr=2.53e-04 lambda=0.000 v18_lambda=0.000 gpu=3.0/15.8GB
[21:13:14] [train] ep=29 step=020/40 ce=0.5498 sc=0.8756 mi=0.0613 dn=0.0000 v13=0.0000 v15=0.3419 v16=0.0000 v17=0.0000 v18=0.0000 acc=0.9812 lr=2.52e-04 lambda=0.000 v18_lambda=0.000 gpu=3.0/15.8GB
[21:13:16] [train] ep=29 step=030/40 ce=0.4725 sc=0.8576 mi=0.0609 dn=0.0000 v13=0.0000 v15=0.3066 v16=0.0000 v17=0.0000 v18=0.0000 acc=0.9854 lr=2.51e-04 lambda=0.000 v18_lambda=0.000 gpu=3.0/15.8GB
[21:13:18] [train] ep=29 step=040/40 ce=0.4931 sc=0.8810 mi=0.0613 dn=0.0000 v13=0.0000 v15=0.3094 v16=0.0000 v17=0.0000 v18=0.0000 acc=0.9859 lr=2.50e-04 lambda=0.000 v18_lambda=0.000 gpu=3.0/15.8GB
[21:13:21] [ep_summary] ep=29/100 val_live=0.9691/0.9690 val_ema=0.8519/0.8551 test77_live=0.7878/0.7718 test77_diag_ema=0.4460/0.3836 v13=0.0000 v15=0.3094 v16=0.0000 v17=0.0000 v18=0.0000 das=stage3[12,95] p=1.00 ep_time=10.6s
[21:13:21] [save] best_sourceval_ema val_acc_ema=0.8519 source_val_live=0.9691/0.9690 source_val_ema=0.8519/0.8551 ep=29
[21:13:21] [save] best_sourcequalified77_ema ep=29 source_val_live=0.9691/0.9690 source_val_ema=0.8519/0.8551 test77_ema=0.4460/0.3836
[21:13:21] [train] epoch 30/100 steps=40 use_dann=0 das=stage3 f=[12.0,95.0] p=1.00 gpu=3.0/15.8GB
[21:13:21] [train] ep=30 step=001/40 ce=0.3411 sc=0.4724 mi=0.0541 dn=0.0000 v13=0.0000 v15=0.1800 v16=0.0000 v17=0.0000 v18=0.0000 acc=1.0000 lr=2.50e-04 lambda=0.000 v18_lambda=0.000 gpu=3.0/15.8GB
[21:13:23] [train] ep=30 step=010/40 ce=0.3824 sc=0.7945 mi=0.0569 dn=0.0000 v13=0.0000 v15=0.2572 v16=0.0000 v17=0.0000 v18=0.0000 acc=0.9875 lr=2.49e-04 lambda=0.000 v18_lambda=0.000 gpu=3.0/15.8GB
[21:13:25] [train] ep=30 step=020/40 ce=0.4377 sc=0.8615 mi=0.0601 dn=0.0000 v13=0.0000 v15=0.2681 v16=0.0000 v17=0.0000 v18=0.0000 acc=0.9844 lr=2.48e-04 lambda=0.000 v18_lambda=0.000 gpu=3.0/15.8GB
[21:13:28] [train] ep=30 step=030/40 ce=0.4361 sc=0.8469 mi=0.0615 dn=0.0000 v13=0.0000 v15=0.2649 v16=0.0000 v17=0.0000 v18=0.0000 acc=0.9854 lr=2.47e-04 lambda=0.000 v18_lambda=0.000 gpu=3.0/15.8GB
[21:13:30] [train] ep=30 step=040/40 ce=0.3953 sc=0.8244 mi=0.0620 dn=0.0000 v13=0.0000 v15=0.2470 v16=0.0000 v17=0.0000 v18=0.0000 acc=0.9891 lr=2.46e-04 lambda=0.000 v18_lambda=0.000 gpu=3.0/15.8GB
[21:13:33] [pool] check ep=030/100 source_val_acc_ema=0.8765 threshold=0.90
[21:13:33] [pool] ep=030 SKIP (source_val_acc_ema=0.8765 < 0.90)
[21:13:33] [ep_summary] ep=30/100 val_live=0.9753/0.9754 val_ema=0.8765/0.8794 test77_live=0.7590/0.7430 test77_diag_ema=0.4568/0.3941 v13=0.0000 v15=0.2470 v16=0.0000 v17=0.0000 v18=0.0000 das=stage3[12,95] p=1.00 ep_time=11.5s
[21:13:33] [save] best_sourceval_ema val_acc_ema=0.8765 source_val_live=0.9753/0.9754 source_val_ema=0.8765/0.8794 ep=30
[21:13:33] [save] best_sourcequalified77_ema ep=30 source_val_live=0.9753/0.9754 source_val_ema=0.8765/0.8794 test77_ema=0.4568/0.3941
[21:13:33] [strict77_monitor] ep=30 best_source_epoch=30 source_val_ema=0.8765/0.8794 test77_ema_diag=0.4568/0.3941 sourcequalified_count=30 best_sourcequalified77_epoch=30 source_val_ema=0.8765/0.8794 test77_ema=0.4568/0.3941
[21:13:33] [train] epoch 31/100 steps=40 use_dann=0 das=stage3 f=[12.0,95.0] p=1.00 gpu=3.0/15.8GB
[21:13:33] [train] ep=31 step=001/40 ce=0.2682 sc=0.8362 mi=0.0703 dn=0.0000 v13=0.0000 v15=0.1693 v16=0.0000 v17=0.0000 v18=0.0000 acc=1.0000 lr=2.46e-04 lambda=0.000 v18_lambda=0.000 gpu=3.0/15.8GB
[21:13:34] [train] ep=31 step=010/40 ce=0.4060 sc=0.7762 mi=0.0642 dn=0.0000 v13=0.0000 v15=0.2503 v16=0.0000 v17=0.0000 v18=0.0000 acc=0.9875 lr=2.45e-04 lambda=0.000 v18_lambda=0.000 gpu=3.0/15.8GB
[21:13:36] [train] ep=31 step=020/40 ce=0.3545 sc=0.7395 mi=0.0624 dn=0.0000 v13=0.0000 v15=0.2308 v16=0.0000 v17=0.0000 v18=0.0000 acc=0.9938 lr=2.44e-04 lambda=0.000 v18_lambda=0.000 gpu=3.0/15.8GB
[21:13:38] [train] ep=31 step=030/40 ce=0.3901 sc=0.8006 mi=0.0624 dn=0.0000 v13=0.0000 v15=0.2564 v16=0.0000 v17=0.0000 v18=0.0000 acc=0.9917 lr=2.43e-04 lambda=0.000 v18_lambda=0.000 gpu=3.0/15.8GB
[21:13:40] [train] ep=31 step=040/40 ce=0.3813 sc=0.8090 mi=0.0620 dn=0.0000 v13=0.0000 v15=0.2512 v16=0.0000 v17=0.0000 v18=0.0000 acc=0.9922 lr=2.43e-04 lambda=0.000 v18_lambda=0.000 gpu=3.0/15.8GB
[21:13:42] [ep_summary] ep=31/100 val_live=0.9753/0.9754 val_ema=0.8889/0.8922 test77_live=0.7590/0.7331 test77_diag_ema=0.4676/0.4081 v13=0.0000 v15=0.2512 v16=0.0000 v17=0.0000 v18=0.0000 das=stage3[12,95] p=1.00 ep_time=9.8s
[21:13:42] [save] best_sourceval_ema val_acc_ema=0.8889 source_val_live=0.9753/0.9754 source_val_ema=0.8889/0.8922 ep=31
[21:13:43] [save] best_sourcequalified77_ema ep=31 source_val_live=0.9753/0.9754 source_val_ema=0.8889/0.8922 test77_ema=0.4676/0.4081
[21:13:43] [train] epoch 32/100 steps=40 use_dann=0 das=stage3 f=[12.0,95.0] p=1.00 gpu=3.0/15.8GB
[21:13:43] [train] ep=32 step=001/40 ce=0.2632 sc=0.8489 mi=0.0676 dn=0.0000 v13=0.0000 v15=0.1484 v16=0.0000 v17=0.0000 v18=0.0000 acc=1.0000 lr=2.42e-04 lambda=0.000 v18_lambda=0.000 gpu=3.0/15.8GB
[21:13:44] [train] ep=32 step=010/40 ce=0.3863 sc=0.8415 mi=0.0642 dn=0.0000 v13=0.0000 v15=0.2326 v16=0.0000 v17=0.0000 v18=0.0000 acc=0.9938 lr=2.42e-04 lambda=0.000 v18_lambda=0.000 gpu=3.0/15.8GB
[21:13:46] [train] ep=32 step=020/40 ce=0.4355 sc=0.8114 mi=0.0623 dn=0.0000 v13=0.0000 v15=0.2465 v16=0.0000 v17=0.0000 v18=0.0000 acc=0.9875 lr=2.41e-04 lambda=0.000 v18_lambda=0.000 gpu=3.0/15.8GB
[21:13:48] [train] ep=32 step=030/40 ce=0.4047 sc=0.8445 mi=0.0618 dn=0.0000 v13=0.0000 v15=0.2543 v16=0.0000 v17=0.0000 v18=0.0000 acc=0.9896 lr=2.40e-04 lambda=0.000 v18_lambda=0.000 gpu=3.0/15.8GB
[21:13:50] [train] ep=32 step=040/40 ce=0.4092 sc=0.8514 mi=0.0627 dn=0.0000 v13=0.0000 v15=0.2518 v16=0.0000 v17=0.0000 v18=0.0000 acc=0.9891 lr=2.39e-04 lambda=0.000 v18_lambda=0.000 gpu=3.0/15.8GB
[21:13:52] [ep_summary] ep=32/100 val_live=0.9691/0.9697 val_ema=0.9012/0.9040 test77_live=0.7302/0.7033 test77_diag_ema=0.4892/0.4336 v13=0.0000 v15=0.2518 v16=0.0000 v17=0.0000 v18=0.0000 das=stage3[12,95] p=1.00 ep_time=9.9s
[21:13:52] [save] best_sourceval_ema val_acc_ema=0.9012 source_val_live=0.9691/0.9697 source_val_ema=0.9012/0.9040 ep=32
[21:13:52] [save] best_sourcequalified77_ema ep=32 source_val_live=0.9691/0.9697 source_val_ema=0.9012/0.9040 test77_ema=0.4892/0.4336
[21:13:52] [train] epoch 33/100 steps=40 use_dann=0 das=stage3 f=[12.0,95.0] p=1.00 gpu=3.0/15.8GB
[21:13:53] [train] ep=33 step=001/40 ce=0.6733 sc=1.5325 mi=0.0580 dn=0.0000 v13=0.0000 v15=0.3242 v16=0.0000 v17=0.0000 v18=0.0000 acc=1.0000 lr=2.39e-04 lambda=0.000 v18_lambda=0.000 gpu=3.0/15.8GB
[21:13:54] [train] ep=33 step=010/40 ce=0.3528 sc=0.9002 mi=0.0566 dn=0.0000 v13=0.0000 v15=0.2385 v16=0.0000 v17=0.0000 v18=0.0000 acc=1.0000 lr=2.38e-04 lambda=0.000 v18_lambda=0.000 gpu=3.0/15.8GB
[21:13:56] [train] ep=33 step=020/40 ce=0.3469 sc=0.8605 mi=0.0577 dn=0.0000 v13=0.0000 v15=0.2315 v16=0.0000 v17=0.0000 v18=0.0000 acc=0.9969 lr=2.37e-04 lambda=0.000 v18_lambda=0.000 gpu=3.0/15.8GB
[21:13:58] [train] ep=33 step=030/40 ce=0.3862 sc=0.8750 mi=0.0589 dn=0.0000 v13=0.0000 v15=0.2564 v16=0.0000 v17=0.0000 v18=0.0000 acc=0.9938 lr=2.36e-04 lambda=0.000 v18_lambda=0.000 gpu=3.0/15.8GB
[21:14:00] [train] ep=33 step=040/40 ce=0.3630 sc=0.8339 mi=0.0596 dn=0.0000 v13=0.0000 v15=0.2452 v16=0.0000 v17=0.0000 v18=0.0000 acc=0.9953 lr=2.35e-04 lambda=0.000 v18_lambda=0.000 gpu=3.0/15.8GB
[21:14:03] [ep_summary] ep=33/100 val_live=0.9568/0.9567 val_ema=0.9074/0.9096 test77_live=0.7950/0.7874 test77_diag_ema=0.5036/0.4551 v13=0.0000 v15=0.2452 v16=0.0000 v17=0.0000 v18=0.0000 das=stage3[12,95] p=1.00 ep_time=10.6s
[21:14:03] [save] best_sourceval_ema val_acc_ema=0.9074 source_val_live=0.9568/0.9567 source_val_ema=0.9074/0.9096 ep=33
[21:14:03] [save] best_sourcequalified77_ema ep=33 source_val_live=0.9568/0.9567 source_val_ema=0.9074/0.9096 test77_ema=0.5036/0.4551
[21:14:03] [train] epoch 34/100 steps=40 use_dann=0 das=stage3 f=[12.0,95.0] p=1.00 gpu=3.0/15.8GB
[21:14:03] [train] ep=34 step=001/40 ce=0.2656 sc=0.7426 mi=0.0565 dn=0.0000 v13=0.0000 v15=0.1461 v16=0.0000 v17=0.0000 v18=0.0000 acc=1.0000 lr=2.35e-04 lambda=0.000 v18_lambda=0.000 gpu=3.0/15.8GB
[21:14:05] [train] ep=34 step=010/40 ce=0.2763 sc=0.8353 mi=0.0583 dn=0.0000 v13=0.0000 v15=0.1867 v16=0.0000 v17=0.0000 v18=0.0000 acc=1.0000 lr=2.34e-04 lambda=0.000 v18_lambda=0.000 gpu=3.0/15.8GB
[21:14:07] [train] ep=34 step=020/40 ce=0.2706 sc=0.7771 mi=0.0590 dn=0.0000 v13=0.0000 v15=0.1744 v16=0.0000 v17=0.0000 v18=0.0000 acc=1.0000 lr=2.33e-04 lambda=0.000 v18_lambda=0.000 gpu=3.0/15.8GB
[21:14:09] [train] ep=34 step=030/40 ce=0.3341 sc=0.7983 mi=0.0595 dn=0.0000 v13=0.0000 v15=0.2074 v16=0.0000 v17=0.0000 v18=0.0000 acc=0.9958 lr=2.32e-04 lambda=0.000 v18_lambda=0.000 gpu=3.0/15.8GB
[21:14:11] [train] ep=34 step=040/40 ce=0.3404 sc=0.8303 mi=0.0598 dn=0.0000 v13=0.0000 v15=0.2211 v16=0.0000 v17=0.0000 v18=0.0000 acc=0.9953 lr=2.31e-04 lambda=0.000 v18_lambda=0.000 gpu=3.0/15.8GB
[21:14:14] [ep_summary] ep=34/100 val_live=0.9630/0.9631 val_ema=0.9198/0.9218 test77_live=0.7662/0.7486 test77_diag_ema=0.5072/0.4668 v13=0.0000 v15=0.2211 v16=0.0000 v17=0.0000 v18=0.0000 das=stage3[12,95] p=1.00 ep_time=10.8s
[21:14:14] [save] best_sourceval_ema val_acc_ema=0.9198 source_val_live=0.9630/0.9631 source_val_ema=0.9198/0.9218 ep=34
[21:14:14] [save] best_sourcequalified77_ema ep=34 source_val_live=0.9630/0.9631 source_val_ema=0.9198/0.9218 test77_ema=0.5072/0.4668
[21:14:14] [train] epoch 35/100 steps=40 use_dann=0 das=stage3 f=[12.0,95.0] p=1.00 gpu=3.0/15.8GB
[21:14:14] [train] ep=35 step=001/40 ce=0.2634 sc=0.7023 mi=0.0520 dn=0.0000 v13=0.0000 v15=0.1787 v16=0.0000 v17=0.0000 v18=0.0000 acc=1.0000 lr=2.31e-04 lambda=0.000 v18_lambda=0.000 gpu=3.0/15.8GB
[21:14:16] [train] ep=35 step=010/40 ce=0.3957 sc=0.8844 mi=0.0574 dn=0.0000 v13=0.0000 v15=0.2391 v16=0.0000 v17=0.0000 v18=0.0000 acc=0.9875 lr=2.30e-04 lambda=0.000 v18_lambda=0.000 gpu=3.0/15.8GB
[21:14:18] [train] ep=35 step=020/40 ce=0.4858 sc=0.8917 mi=0.0590 dn=0.0000 v13=0.0000 v15=0.2769 v16=0.0000 v17=0.0000 v18=0.0000 acc=0.9781 lr=2.29e-04 lambda=0.000 v18_lambda=0.000 gpu=3.0/15.8GB
[21:14:20] [train] ep=35 step=030/40 ce=0.4528 sc=0.8863 mi=0.0596 dn=0.0000 v13=0.0000 v15=0.2598 v16=0.0000 v17=0.0000 v18=0.0000 acc=0.9812 lr=2.28e-04 lambda=0.000 v18_lambda=0.000 gpu=3.0/15.8GB
[21:14:22] [train] ep=35 step=040/40 ce=0.4234 sc=0.8552 mi=0.0593 dn=0.0000 v13=0.0000 v15=0.2514 v16=0.0000 v17=0.0000 v18=0.0000 acc=0.9844 lr=2.27e-04 lambda=0.000 v18_lambda=0.000 gpu=3.0/15.8GB
[21:14:25] [ep_summary] ep=35/100 val_live=0.9815/0.9816 val_ema=0.9321/0.9346 test77_live=0.7806/0.7511 test77_diag_ema=0.5216/0.4886 v13=0.0000 v15=0.2514 v16=0.0000 v17=0.0000 v18=0.0000 das=stage3[12,95] p=1.00 ep_time=10.6s
[21:14:25] [save] best_sourceval_ema val_acc_ema=0.9321 source_val_live=0.9815/0.9816 source_val_ema=0.9321/0.9346 ep=35
[21:14:25] [save] best_sourcequalified77_ema ep=35 source_val_live=0.9815/0.9816 source_val_ema=0.9321/0.9346 test77_ema=0.5216/0.4886
[21:14:25] [train] epoch 36/100 steps=40 use_dann=0 das=stage3 f=[12.0,95.0] p=1.00 gpu=3.0/15.8GB
[21:14:25] [train] ep=36 step=001/40 ce=0.2624 sc=0.8500 mi=0.0680 dn=0.0000 v13=0.0000 v15=0.2364 v16=0.0000 v17=0.0000 v18=0.0000 acc=1.0000 lr=2.26e-04 lambda=0.000 v18_lambda=0.000 gpu=3.0/15.8GB
[21:14:27] [train] ep=36 step=010/40 ce=0.3832 sc=0.7388 mi=0.0614 dn=0.0000 v13=0.0000 v15=0.2611 v16=0.0000 v17=0.0000 v18=0.0000 acc=0.9938 lr=2.25e-04 lambda=0.000 v18_lambda=0.000 gpu=3.0/15.8GB
[21:14:28] [train] ep=36 step=020/40 ce=0.3594 sc=0.7812 mi=0.0605 dn=0.0000 v13=0.0000 v15=0.2255 v16=0.0000 v17=0.0000 v18=0.0000 acc=0.9938 lr=2.24e-04 lambda=0.000 v18_lambda=0.000 gpu=3.0/15.8GB
[21:14:30] [train] ep=36 step=030/40 ce=0.3700 sc=0.7449 mi=0.0599 dn=0.0000 v13=0.0000 v15=0.2296 v16=0.0000 v17=0.0000 v18=0.0000 acc=0.9938 lr=2.23e-04 lambda=0.000 v18_lambda=0.000 gpu=3.0/15.8GB
[21:14:32] [train] ep=36 step=040/40 ce=0.3651 sc=0.7623 mi=0.0608 dn=0.0000 v13=0.0000 v15=0.2199 v16=0.0000 v17=0.0000 v18=0.0000 acc=0.9953 lr=2.22e-04 lambda=0.000 v18_lambda=0.000 gpu=3.0/15.8GB
[21:14:35] [ep_summary] ep=36/100 val_live=0.9877/0.9878 val_ema=0.9321/0.9346 test77_live=0.7734/0.7445 test77_diag_ema=0.5360/0.5063 v13=0.0000 v15=0.2199 v16=0.0000 v17=0.0000 v18=0.0000 das=stage3[12,95] p=1.00 ep_time=10.5s
[21:14:35] [save] best_sourcequalified77_ema ep=36 source_val_live=0.9877/0.9878 source_val_ema=0.9321/0.9346 test77_ema=0.5360/0.5063
[21:14:35] [train] epoch 37/100 steps=40 use_dann=0 das=stage3 f=[12.0,95.0] p=1.00 gpu=3.0/15.8GB
[21:14:35] [train] ep=37 step=001/40 ce=0.5030 sc=0.8959 mi=0.0667 dn=0.0000 v13=0.0000 v15=0.2736 v16=0.0000 v17=0.0000 v18=0.0000 acc=1.0000 lr=2.22e-04 lambda=0.000 v18_lambda=0.000 gpu=3.0/15.8GB
[21:14:37] [train] ep=37 step=010/40 ce=0.2960 sc=0.8727 mi=0.0605 dn=0.0000 v13=0.0000 v15=0.2054 v16=0.0000 v17=0.0000 v18=0.0000 acc=1.0000 lr=2.21e-04 lambda=0.000 v18_lambda=0.000 gpu=3.0/15.8GB
[21:14:39] [train] ep=37 step=020/40 ce=0.3170 sc=0.8158 mi=0.0613 dn=0.0000 v13=0.0000 v15=0.2126 v16=0.0000 v17=0.0000 v18=0.0000 acc=0.9969 lr=2.20e-04 lambda=0.000 v18_lambda=0.000 gpu=3.0/15.8GB
[21:14:42] [train] ep=37 step=030/40 ce=0.3313 sc=0.8011 mi=0.0598 dn=0.0000 v13=0.0000 v15=0.2159 v16=0.0000 v17=0.0000 v18=0.0000 acc=0.9958 lr=2.19e-04 lambda=0.000 v18_lambda=0.000 gpu=3.0/15.8GB
[21:14:44] [train] ep=37 step=040/40 ce=0.3390 sc=0.7881 mi=0.0597 dn=0.0000 v13=0.0000 v15=0.2140 v16=0.0000 v17=0.0000 v18=0.0000 acc=0.9953 lr=2.18e-04 lambda=0.000 v18_lambda=0.000 gpu=3.0/15.8GB
[21:14:46] [ep_summary] ep=37/100 val_live=0.9753/0.9756 val_ema=0.9383/0.9408 test77_live=0.7986/0.7894 test77_diag_ema=0.6007/0.5890 v13=0.0000 v15=0.2140 v16=0.0000 v17=0.0000 v18=0.0000 das=stage3[12,95] p=1.00 ep_time=11.2s
[21:14:46] [save] best_sourceval_ema val_acc_ema=0.9383 source_val_live=0.9753/0.9756 source_val_ema=0.9383/0.9408 ep=37
[21:14:46] [save] best_sourcequalified77_ema ep=37 source_val_live=0.9753/0.9756 source_val_ema=0.9383/0.9408 test77_ema=0.6007/0.5890
[21:14:46] [train] epoch 38/100 steps=40 use_dann=0 das=stage3 f=[12.0,95.0] p=1.00 gpu=3.0/15.8GB
[21:14:47] [train] ep=38 step=001/40 ce=0.2651 sc=0.4658 mi=0.0559 dn=0.0000 v13=0.0000 v15=0.1481 v16=0.0000 v17=0.0000 v18=0.0000 acc=1.0000 lr=2.18e-04 lambda=0.000 v18_lambda=0.000 gpu=3.0/15.8GB
[21:14:48] [train] ep=38 step=010/40 ce=0.3464 sc=0.7898 mi=0.0577 dn=0.0000 v13=0.0000 v15=0.1973 v16=0.0000 v17=0.0000 v18=0.0000 acc=0.9938 lr=2.17e-04 lambda=0.000 v18_lambda=0.000 gpu=3.0/15.8GB
[21:14:50] [train] ep=38 step=020/40 ce=0.3726 sc=0.8637 mi=0.0607 dn=0.0000 v13=0.0000 v15=0.2394 v16=0.0000 v17=0.0000 v18=0.0000 acc=0.9906 lr=2.16e-04 lambda=0.000 v18_lambda=0.000 gpu=3.0/15.8GB
[21:14:52] [train] ep=38 step=030/40 ce=0.4090 sc=0.8625 mi=0.0613 dn=0.0000 v13=0.0000 v15=0.2468 v16=0.0000 v17=0.0000 v18=0.0000 acc=0.9896 lr=2.15e-04 lambda=0.000 v18_lambda=0.000 gpu=3.0/15.8GB
[21:14:54] [train] ep=38 step=040/40 ce=0.3918 sc=0.8526 mi=0.0612 dn=0.0000 v13=0.0000 v15=0.2424 v16=0.0000 v17=0.0000 v18=0.0000 acc=0.9922 lr=2.14e-04 lambda=0.000 v18_lambda=0.000 gpu=3.0/15.8GB
[21:14:57] [ep_summary] ep=38/100 val_live=0.9568/0.9563 val_ema=0.9506/0.9521 test77_live=0.6835/0.6488 test77_diag_ema=0.6259/0.6214 v13=0.0000 v15=0.2424 v16=0.0000 v17=0.0000 v18=0.0000 das=stage3[12,95] p=1.00 ep_time=10.6s
[21:14:57] [save] best_sourceval_ema val_acc_ema=0.9506 source_val_live=0.9568/0.9563 source_val_ema=0.9506/0.9521 ep=38
[21:14:57] [save] best_sourcequalified77_ema ep=38 source_val_live=0.9568/0.9563 source_val_ema=0.9506/0.9521 test77_ema=0.6259/0.6214
[21:14:57] [train] epoch 39/100 steps=40 use_dann=0 das=stage3 f=[12.0,95.0] p=1.00 gpu=3.0/15.8GB
[21:14:57] [train] ep=39 step=001/40 ce=0.2623 sc=0.4198 mi=0.0633 dn=0.0000 v13=0.0000 v15=0.1462 v16=0.0000 v17=0.0000 v18=0.0000 acc=1.0000 lr=2.14e-04 lambda=0.000 v18_lambda=0.000 gpu=3.0/15.8GB
[21:14:59] [train] ep=39 step=010/40 ce=0.4229 sc=0.8124 mi=0.0604 dn=0.0000 v13=0.0000 v15=0.2876 v16=0.0000 v17=0.0000 v18=0.0000 acc=0.9875 lr=2.13e-04 lambda=0.000 v18_lambda=0.000 gpu=3.0/15.8GB
[21:15:01] [train] ep=39 step=020/40 ce=0.4223 sc=0.8277 mi=0.0617 dn=0.0000 v13=0.0000 v15=0.2671 v16=0.0000 v17=0.0000 v18=0.0000 acc=0.9906 lr=2.11e-04 lambda=0.000 v18_lambda=0.000 gpu=3.0/15.8GB
[21:15:03] [train] ep=39 step=030/40 ce=0.4238 sc=0.8242 mi=0.0610 dn=0.0000 v13=0.0000 v15=0.2639 v16=0.0000 v17=0.0000 v18=0.0000 acc=0.9896 lr=2.10e-04 lambda=0.000 v18_lambda=0.000 gpu=3.0/15.8GB
[21:15:04] [train] ep=39 step=040/40 ce=0.3872 sc=0.8404 mi=0.0600 dn=0.0000 v13=0.0000 v15=0.2616 v16=0.0000 v17=0.0000 v18=0.0000 acc=0.9922 lr=2.09e-04 lambda=0.000 v18_lambda=0.000 gpu=3.0/15.8GB
[21:15:07] [ep_summary] ep=39/100 val_live=0.9877/0.9878 val_ema=0.9506/0.9521 test77_live=0.7806/0.7695 test77_diag_ema=0.6439/0.6416 v13=0.0000 v15=0.2616 v16=0.0000 v17=0.0000 v18=0.0000 das=stage3[12,95] p=1.00 ep_time=10.1s
[21:15:07] [save] best_sourcequalified77_ema ep=39 source_val_live=0.9877/0.9878 source_val_ema=0.9506/0.9521 test77_ema=0.6439/0.6416
[21:15:07] [train] epoch 40/100 steps=40 use_dann=0 das=stage3 f=[12.0,95.0] p=1.00 gpu=3.0/15.8GB
[21:15:07] [train] ep=40 step=001/40 ce=0.9650 sc=1.4832 mi=0.0680 dn=0.0000 v13=0.0000 v15=0.4303 v16=0.0000 v17=0.0000 v18=0.0000 acc=0.9375 lr=2.09e-04 lambda=0.000 v18_lambda=0.000 gpu=3.0/15.8GB
[21:15:09] [train] ep=40 step=010/40 ce=0.4194 sc=0.9145 mi=0.0574 dn=0.0000 v13=0.0000 v15=0.2875 v16=0.0000 v17=0.0000 v18=0.0000 acc=0.9875 lr=2.08e-04 lambda=0.000 v18_lambda=0.000 gpu=3.0/15.8GB
[21:15:11] [train] ep=40 step=020/40 ce=0.4382 sc=0.8175 mi=0.0585 dn=0.0000 v13=0.0000 v15=0.2770 v16=0.0000 v17=0.0000 v18=0.0000 acc=0.9875 lr=2.07e-04 lambda=0.000 v18_lambda=0.000 gpu=3.0/15.8GB
[21:15:13] [train] ep=40 step=030/40 ce=0.3813 sc=0.7819 mi=0.0585 dn=0.0000 v13=0.0000 v15=0.2349 v16=0.0000 v17=0.0000 v18=0.0000 acc=0.9917 lr=2.06e-04 lambda=0.000 v18_lambda=0.000 gpu=3.0/15.8GB
[21:15:14] [train] ep=40 step=040/40 ce=0.3519 sc=0.7718 mi=0.0585 dn=0.0000 v13=0.0000 v15=0.2141 v16=0.0000 v17=0.0000 v18=0.0000 acc=0.9938 lr=2.05e-04 lambda=0.000 v18_lambda=0.000 gpu=3.0/15.8GB
[21:15:17] [pool] check ep=040/100 source_val_acc_ema=0.9506 threshold=0.90
[21:15:19] [pool] ep=040 ADDED src_val=0.9506/0.9521 dev77=0.5857/0.5715 final77=0.6619/0.6597
[21:15:19] [pool] running best ep=040 dev77_f1=0.5715 final77_f1=0.6597 (pool_size=1)
[21:15:19] [ep_summary] ep=40/100 val_live=0.9753/0.9756 val_ema=0.9506/0.9521 test77_live=0.8094/0.8080 test77_diag_ema=0.6619/0.6597 v13=0.0000 v15=0.2141 v16=0.0000 v17=0.0000 v18=0.0000 das=stage3[12,95] p=1.00 ep_time=11.4s
[21:15:19] [save] best_sourcequalified77_ema ep=40 source_val_live=0.9753/0.9756 source_val_ema=0.9506/0.9521 test77_ema=0.6619/0.6597
[21:15:19] [strict77_monitor] ep=40 best_source_epoch=38 source_val_ema=0.9506/0.9521 test77_ema_diag=0.6259/0.6214 sourcequalified_count=40 best_sourcequalified77_epoch=40 source_val_ema=0.9506/0.9521 test77_ema=0.6619/0.6597
[21:15:19] [train] epoch 41/100 steps=40 use_dann=0 das=stage3 f=[12.0,95.0] p=1.00 gpu=3.0/15.8GB
[21:15:19] [train] ep=41 step=001/40 ce=0.2725 sc=1.0120 mi=0.0635 dn=0.0000 v13=0.0000 v15=0.1486 v16=0.0000 v17=0.0000 v18=0.0000 acc=1.0000 lr=2.05e-04 lambda=0.000 v18_lambda=0.000 gpu=3.0/15.8GB
[21:15:20] [train] ep=41 step=010/40 ce=0.2637 sc=0.7396 mi=0.0576 dn=0.0000 v13=0.0000 v15=0.1770 v16=0.0000 v17=0.0000 v18=0.0000 acc=1.0000 lr=2.04e-04 lambda=0.000 v18_lambda=0.000 gpu=3.0/15.8GB
[21:15:22] [train] ep=41 step=020/40 ce=0.2785 sc=0.7032 mi=0.0579 dn=0.0000 v13=0.0000 v15=0.1938 v16=0.0000 v17=0.0000 v18=0.0000 acc=1.0000 lr=2.02e-04 lambda=0.000 v18_lambda=0.000 gpu=3.0/15.8GB
[21:15:24] [train] ep=41 step=030/40 ce=0.3198 sc=0.7551 mi=0.0579 dn=0.0000 v13=0.0000 v15=0.2093 v16=0.0000 v17=0.0000 v18=0.0000 acc=0.9979 lr=2.01e-04 lambda=0.000 v18_lambda=0.000 gpu=3.0/15.8GB
[21:15:26] [train] ep=41 step=040/40 ce=0.3197 sc=0.7794 mi=0.0580 dn=0.0000 v13=0.0000 v15=0.2044 v16=0.0000 v17=0.0000 v18=0.0000 acc=0.9969 lr=2.00e-04 lambda=0.000 v18_lambda=0.000 gpu=3.0/15.8GB
[21:15:28] [ep_summary] ep=41/100 val_live=0.9815/0.9817 val_ema=0.9506/0.9521 test77_live=0.8561/0.8565 test77_diag_ema=0.6835/0.6818 v13=0.0000 v15=0.2044 v16=0.0000 v17=0.0000 v18=0.0000 das=stage3[12,95] p=1.00 ep_time=9.9s
[21:15:28] [save] best_sourcequalified77_ema ep=41 source_val_live=0.9815/0.9817 source_val_ema=0.9506/0.9521 test77_ema=0.6835/0.6818
[21:15:28] [train] epoch 42/100 steps=40 use_dann=0 das=stage3 f=[12.0,95.0] p=1.00 gpu=3.0/15.8GB
[21:15:29] [train] ep=42 step=001/40 ce=0.2623 sc=0.9460 mi=0.0564 dn=0.0000 v13=0.0000 v15=0.1447 v16=0.0000 v17=0.0000 v18=0.0000 acc=1.0000 lr=2.00e-04 lambda=0.000 v18_lambda=0.000 gpu=3.0/15.8GB
[21:15:30] [train] ep=42 step=010/40 ce=0.4366 sc=0.7552 mi=0.0582 dn=0.0000 v13=0.0000 v15=0.2659 v16=0.0000 v17=0.0000 v18=0.0000 acc=0.9812 lr=1.99e-04 lambda=0.000 v18_lambda=0.000 gpu=3.0/15.8GB
[21:15:32] [train] ep=42 step=020/40 ce=0.3762 sc=0.7183 mi=0.0592 dn=0.0000 v13=0.0000 v15=0.2426 v16=0.0000 v17=0.0000 v18=0.0000 acc=0.9875 lr=1.98e-04 lambda=0.000 v18_lambda=0.000 gpu=3.0/15.8GB
[21:15:34] [train] ep=42 step=030/40 ce=0.4020 sc=0.7876 mi=0.0589 dn=0.0000 v13=0.0000 v15=0.2515 v16=0.0000 v17=0.0000 v18=0.0000 acc=0.9854 lr=1.97e-04 lambda=0.000 v18_lambda=0.000 gpu=3.0/15.8GB
[21:15:36] [train] ep=42 step=040/40 ce=0.3950 sc=0.7784 mi=0.0596 dn=0.0000 v13=0.0000 v15=0.2428 v16=0.0000 v17=0.0000 v18=0.0000 acc=0.9875 lr=1.96e-04 lambda=0.000 v18_lambda=0.000 gpu=3.0/15.8GB
[21:15:38] [ep_summary] ep=42/100 val_live=0.9753/0.9756 val_ema=0.9568/0.9579 test77_live=0.7878/0.7694 test77_diag_ema=0.7014/0.7016 v13=0.0000 v15=0.2428 v16=0.0000 v17=0.0000 v18=0.0000 das=stage3[12,95] p=1.00 ep_time=9.9s
[21:15:38] [save] best_sourceval_ema val_acc_ema=0.9568 source_val_live=0.9753/0.9756 source_val_ema=0.9568/0.9579 ep=42
[21:15:38] [save] best_sourcequalified77_ema ep=42 source_val_live=0.9753/0.9756 source_val_ema=0.9568/0.9579 test77_ema=0.7014/0.7016
[21:15:38] [train] epoch 43/100 steps=40 use_dann=0 das=stage3 f=[12.0,95.0] p=1.00 gpu=3.0/15.8GB
[21:15:39] [train] ep=43 step=001/40 ce=0.2637 sc=0.4359 mi=0.0625 dn=0.0000 v13=0.0000 v15=0.1441 v16=0.0000 v17=0.0000 v18=0.0000 acc=1.0000 lr=1.95e-04 lambda=0.000 v18_lambda=0.000 gpu=3.0/15.8GB
[21:15:40] [train] ep=43 step=010/40 ce=0.3019 sc=0.8031 mi=0.0574 dn=0.0000 v13=0.0000 v15=0.1767 v16=0.0000 v17=0.0000 v18=0.0000 acc=1.0000 lr=1.94e-04 lambda=0.000 v18_lambda=0.000 gpu=3.0/15.8GB
[21:15:42] [train] ep=43 step=020/40 ce=0.2829 sc=0.7437 mi=0.0585 dn=0.0000 v13=0.0000 v15=0.1739 v16=0.0000 v17=0.0000 v18=0.0000 acc=1.0000 lr=1.93e-04 lambda=0.000 v18_lambda=0.000 gpu=3.0/15.8GB
[21:15:44] [train] ep=43 step=030/40 ce=0.2942 sc=0.7681 mi=0.0579 dn=0.0000 v13=0.0000 v15=0.1903 v16=0.0000 v17=0.0000 v18=0.0000 acc=0.9979 lr=1.92e-04 lambda=0.000 v18_lambda=0.000 gpu=3.0/15.8GB
[21:15:46] [train] ep=43 step=040/40 ce=0.2861 sc=0.7821 mi=0.0575 dn=0.0000 v13=0.0000 v15=0.1849 v16=0.0000 v17=0.0000 v18=0.0000 acc=0.9984 lr=1.91e-04 lambda=0.000 v18_lambda=0.000 gpu=3.0/15.8GB
[21:15:48] [ep_summary] ep=43/100 val_live=0.9691/0.9697 val_ema=0.9630/0.9637 test77_live=0.7662/0.7388 test77_diag_ema=0.7050/0.7042 v13=0.0000 v15=0.1849 v16=0.0000 v17=0.0000 v18=0.0000 das=stage3[12,95] p=1.00 ep_time=9.9s
[21:15:48] [save] best_sourceval_ema val_acc_ema=0.9630 source_val_live=0.9691/0.9697 source_val_ema=0.9630/0.9637 ep=43
[21:15:48] [save] best_sourcequalified77_ema ep=43 source_val_live=0.9691/0.9697 source_val_ema=0.9630/0.9637 test77_ema=0.7050/0.7042
[21:15:48] [train] epoch 44/100 steps=40 use_dann=0 das=stage3 f=[12.0,95.0] p=1.00 gpu=3.0/15.8GB
[21:15:49] [train] ep=44 step=001/40 ce=0.2617 sc=0.9545 mi=0.0543 dn=0.0000 v13=0.0000 v15=0.1435 v16=0.0000 v17=0.0000 v18=0.0000 acc=1.0000 lr=1.91e-04 lambda=0.000 v18_lambda=0.000 gpu=3.0/15.8GB
[21:15:50] [train] ep=44 step=010/40 ce=0.2899 sc=0.7667 mi=0.0581 dn=0.0000 v13=0.0000 v15=0.1637 v16=0.0000 v17=0.0000 v18=0.0000 acc=1.0000 lr=1.90e-04 lambda=0.000 v18_lambda=0.000 gpu=3.0/15.8GB
[21:15:52] [train] ep=44 step=020/40 ce=0.2775 sc=0.8021 mi=0.0575 dn=0.0000 v13=0.0000 v15=0.1734 v16=0.0000 v17=0.0000 v18=0.0000 acc=1.0000 lr=1.89e-04 lambda=0.000 v18_lambda=0.000 gpu=3.0/15.8GB
[21:15:54] [train] ep=44 step=030/40 ce=0.3028 sc=0.8056 mi=0.0578 dn=0.0000 v13=0.0000 v15=0.1825 v16=0.0000 v17=0.0000 v18=0.0000 acc=0.9979 lr=1.87e-04 lambda=0.000 v18_lambda=0.000 gpu=3.0/15.8GB
[21:15:55] [train] ep=44 step=040/40 ce=0.3139 sc=0.7920 mi=0.0579 dn=0.0000 v13=0.0000 v15=0.1852 v16=0.0000 v17=0.0000 v18=0.0000 acc=0.9969 lr=1.86e-04 lambda=0.000 v18_lambda=0.000 gpu=3.0/15.8GB
[21:15:58] [ep_summary] ep=44/100 val_live=0.9630/0.9637 val_ema=0.9630/0.9637 test77_live=0.7806/0.7413 test77_diag_ema=0.7086/0.7071 v13=0.0000 v15=0.1852 v16=0.0000 v17=0.0000 v18=0.0000 das=stage3[12,95] p=1.00 ep_time=9.9s
[21:15:58] [save] best_sourcequalified77_ema ep=44 source_val_live=0.9630/0.9637 source_val_ema=0.9630/0.9637 test77_ema=0.7086/0.7071
[21:15:58] [train] epoch 45/100 steps=40 use_dann=0 das=stage3 f=[12.0,95.0] p=1.00 gpu=3.0/15.8GB
[21:15:58] [train] ep=45 step=001/40 ce=0.2593 sc=0.8421 mi=0.0491 dn=0.0000 v13=0.0000 v15=0.1432 v16=0.0000 v17=0.0000 v18=0.0000 acc=1.0000 lr=1.86e-04 lambda=0.000 v18_lambda=0.000 gpu=3.0/15.8GB
[21:16:00] [train] ep=45 step=010/40 ce=0.3243 sc=0.8741 mi=0.0560 dn=0.0000 v13=0.0000 v15=0.2125 v16=0.0000 v17=0.0000 v18=0.0000 acc=1.0000 lr=1.85e-04 lambda=0.000 v18_lambda=0.000 gpu=3.0/15.8GB
[21:16:02] [train] ep=45 step=020/40 ce=0.2925 sc=0.7863 mi=0.0579 dn=0.0000 v13=0.0000 v15=0.1997 v16=0.0000 v17=0.0000 v18=0.0000 acc=1.0000 lr=1.84e-04 lambda=0.000 v18_lambda=0.000 gpu=3.0/15.8GB
[21:16:04] [train] ep=45 step=030/40 ce=0.2828 sc=0.7778 mi=0.0577 dn=0.0000 v13=0.0000 v15=0.1871 v16=0.0000 v17=0.0000 v18=0.0000 acc=1.0000 lr=1.83e-04 lambda=0.000 v18_lambda=0.000 gpu=3.0/15.8GB
[21:16:05] [train] ep=45 step=040/40 ce=0.2814 sc=0.7559 mi=0.0585 dn=0.0000 v13=0.0000 v15=0.1845 v16=0.0000 v17=0.0000 v18=0.0000 acc=1.0000 lr=1.81e-04 lambda=0.000 v18_lambda=0.000 gpu=3.0/15.8GB
[21:16:08] [ep_summary] ep=45/100 val_live=0.9753/0.9756 val_ema=0.9630/0.9637 test77_live=0.8094/0.7917 test77_diag_ema=0.7194/0.7170 v13=0.0000 v15=0.1845 v16=0.0000 v17=0.0000 v18=0.0000 das=stage3[12,95] p=1.00 ep_time=9.9s
[21:16:08] [save] best_sourcequalified77_ema ep=45 source_val_live=0.9753/0.9756 source_val_ema=0.9630/0.9637 test77_ema=0.7194/0.7170
[21:16:08] [train] epoch 46/100 steps=40 use_dann=0 das=stage3 f=[12.0,95.0] p=1.00 gpu=3.0/15.8GB
[21:16:08] [train] ep=46 step=001/40 ce=0.2600 sc=0.9439 mi=0.0549 dn=0.0000 v13=0.0000 v15=0.1439 v16=0.0000 v17=0.0000 v18=0.0000 acc=1.0000 lr=1.81e-04 lambda=0.000 v18_lambda=0.000 gpu=3.0/15.8GB
[21:16:10] [train] ep=46 step=010/40 ce=0.2763 sc=0.8410 mi=0.0566 dn=0.0000 v13=0.0000 v15=0.1743 v16=0.0000 v17=0.0000 v18=0.0000 acc=1.0000 lr=1.80e-04 lambda=0.000 v18_lambda=0.000 gpu=3.0/15.8GB
[21:16:12] [train] ep=46 step=020/40 ce=0.3305 sc=0.8754 mi=0.0571 dn=0.0000 v13=0.0000 v15=0.1909 v16=0.0000 v17=0.0000 v18=0.0000 acc=0.9969 lr=1.79e-04 lambda=0.000 v18_lambda=0.000 gpu=3.0/15.8GB
[21:16:14] [train] ep=46 step=030/40 ce=0.3135 sc=0.8333 mi=0.0576 dn=0.0000 v13=0.0000 v15=0.1952 v16=0.0000 v17=0.0000 v18=0.0000 acc=0.9979 lr=1.78e-04 lambda=0.000 v18_lambda=0.000 gpu=3.0/15.8GB
[21:16:15] [train] ep=46 step=040/40 ce=0.3068 sc=0.8427 mi=0.0588 dn=0.0000 v13=0.0000 v15=0.1928 v16=0.0000 v17=0.0000 v18=0.0000 acc=0.9984 lr=1.77e-04 lambda=0.000 v18_lambda=0.000 gpu=3.0/15.8GB
[21:16:18] [ep_summary] ep=46/100 val_live=0.9815/0.9817 val_ema=0.9630/0.9637 test77_live=0.8058/0.7992 test77_diag_ema=0.7230/0.7198 v13=0.0000 v15=0.1928 v16=0.0000 v17=0.0000 v18=0.0000 das=stage3[12,95] p=1.00 ep_time=9.9s
[21:16:18] [save] best_sourcequalified77_ema ep=46 source_val_live=0.9815/0.9817 source_val_ema=0.9630/0.9637 test77_ema=0.7230/0.7198
[21:16:18] [train] epoch 47/100 steps=40 use_dann=0 das=stage3 f=[12.0,95.0] p=1.00 gpu=3.0/15.8GB
[21:16:18] [train] ep=47 step=001/40 ce=0.2590 sc=0.7121 mi=0.0468 dn=0.0000 v13=0.0000 v15=0.2185 v16=0.0000 v17=0.0000 v18=0.0000 acc=1.0000 lr=1.77e-04 lambda=0.000 v18_lambda=0.000 gpu=3.0/15.8GB
[21:16:20] [train] ep=47 step=010/40 ce=0.3063 sc=0.7384 mi=0.0593 dn=0.0000 v13=0.0000 v15=0.2259 v16=0.0000 v17=0.0000 v18=0.0000 acc=0.9938 lr=1.76e-04 lambda=0.000 v18_lambda=0.000 gpu=3.0/15.8GB
[21:16:22] [train] ep=47 step=020/40 ce=0.3268 sc=0.7717 mi=0.0583 dn=0.0000 v13=0.0000 v15=0.2439 v16=0.0000 v17=0.0000 v18=0.0000 acc=0.9938 lr=1.74e-04 lambda=0.000 v18_lambda=0.000 gpu=3.0/15.8GB
[21:16:24] [train] ep=47 step=030/40 ce=0.3046 sc=0.7365 mi=0.0575 dn=0.0000 v13=0.0000 v15=0.2356 v16=0.0000 v17=0.0000 v18=0.0000 acc=0.9958 lr=1.73e-04 lambda=0.000 v18_lambda=0.000 gpu=3.0/15.8GB
[21:16:25] [train] ep=47 step=040/40 ce=0.2954 sc=0.7306 mi=0.0575 dn=0.0000 v13=0.0000 v15=0.2327 v16=0.0000 v17=0.0000 v18=0.0000 acc=0.9969 lr=1.72e-04 lambda=0.000 v18_lambda=0.000 gpu=3.0/15.8GB
[21:16:28] [ep_summary] ep=47/100 val_live=0.9691/0.9698 val_ema=0.9630/0.9637 test77_live=0.8345/0.8332 test77_diag_ema=0.7374/0.7362 v13=0.0000 v15=0.2327 v16=0.0000 v17=0.0000 v18=0.0000 das=stage3[12,95] p=1.00 ep_time=9.9s
[21:16:28] [save] best_sourcequalified77_ema ep=47 source_val_live=0.9691/0.9698 source_val_ema=0.9630/0.9637 test77_ema=0.7374/0.7362
[21:16:28] [train] epoch 48/100 steps=40 use_dann=0 das=stage3 f=[12.0,95.0] p=1.00 gpu=3.0/15.8GB
[21:16:28] [train] ep=48 step=001/40 ce=0.2584 sc=0.5992 mi=0.0538 dn=0.0000 v13=0.0000 v15=0.1483 v16=0.0000 v17=0.0000 v18=0.0000 acc=1.0000 lr=1.72e-04 lambda=0.000 v18_lambda=0.000 gpu=3.0/15.8GB
[21:16:30] [train] ep=48 step=010/40 ce=0.3449 sc=0.9215 mi=0.0600 dn=0.0000 v13=0.0000 v15=0.2059 v16=0.0000 v17=0.0000 v18=0.0000 acc=0.9875 lr=1.71e-04 lambda=0.000 v18_lambda=0.000 gpu=3.0/15.8GB
[21:16:32] [train] ep=48 step=020/40 ce=0.3398 sc=0.8749 mi=0.0591 dn=0.0000 v13=0.0000 v15=0.1992 v16=0.0000 v17=0.0000 v18=0.0000 acc=0.9906 lr=1.69e-04 lambda=0.000 v18_lambda=0.000 gpu=3.0/15.8GB
[21:16:33] [train] ep=48 step=030/40 ce=0.3244 sc=0.8122 mi=0.0588 dn=0.0000 v13=0.0000 v15=0.1978 v16=0.0000 v17=0.0000 v18=0.0000 acc=0.9938 lr=1.68e-04 lambda=0.000 v18_lambda=0.000 gpu=3.0/15.8GB
[21:16:35] [train] ep=48 step=040/40 ce=0.3138 sc=0.7695 mi=0.0585 dn=0.0000 v13=0.0000 v15=0.1869 v16=0.0000 v17=0.0000 v18=0.0000 acc=0.9953 lr=1.67e-04 lambda=0.000 v18_lambda=0.000 gpu=3.0/15.8GB
[21:16:38] [ep_summary] ep=48/100 val_live=0.9815/0.9817 val_ema=0.9630/0.9637 test77_live=0.7950/0.7848 test77_diag_ema=0.7518/0.7503 v13=0.0000 v15=0.1869 v16=0.0000 v17=0.0000 v18=0.0000 das=stage3[12,95] p=1.00 ep_time=9.9s
[21:16:38] [save] best_sourcequalified77_ema ep=48 source_val_live=0.9815/0.9817 source_val_ema=0.9630/0.9637 test77_ema=0.7518/0.7503
[21:16:38] [train] epoch 49/100 steps=40 use_dann=0 das=stage3 f=[12.0,95.0] p=1.00 gpu=3.0/15.8GB
[21:16:38] [train] ep=49 step=001/40 ce=0.2584 sc=1.1208 mi=0.0650 dn=0.0000 v13=0.0000 v15=0.1885 v16=0.0000 v17=0.0000 v18=0.0000 acc=1.0000 lr=1.67e-04 lambda=0.000 v18_lambda=0.000 gpu=3.0/15.8GB
[21:16:40] [train] ep=49 step=010/40 ce=0.3495 sc=0.8497 mi=0.0594 dn=0.0000 v13=0.0000 v15=0.1906 v16=0.0000 v17=0.0000 v18=0.0000 acc=0.9938 lr=1.66e-04 lambda=0.000 v18_lambda=0.000 gpu=3.0/15.8GB
[21:16:42] [train] ep=49 step=020/40 ce=0.3489 sc=0.8276 mi=0.0586 dn=0.0000 v13=0.0000 v15=0.2009 v16=0.0000 v17=0.0000 v18=0.0000 acc=0.9938 lr=1.65e-04 lambda=0.000 v18_lambda=0.000 gpu=3.0/15.8GB
[21:16:43] [train] ep=49 step=030/40 ce=0.3976 sc=0.8727 mi=0.0586 dn=0.0000 v13=0.0000 v15=0.2279 v16=0.0000 v17=0.0000 v18=0.0000 acc=0.9917 lr=1.63e-04 lambda=0.000 v18_lambda=0.000 gpu=3.0/15.8GB
[21:16:45] [train] ep=49 step=040/40 ce=0.3729 sc=0.8333 mi=0.0589 dn=0.0000 v13=0.0000 v15=0.2167 v16=0.0000 v17=0.0000 v18=0.0000 acc=0.9938 lr=1.62e-04 lambda=0.000 v18_lambda=0.000 gpu=3.0/15.8GB
[21:16:48] [ep_summary] ep=49/100 val_live=0.9568/0.9559 val_ema=0.9630/0.9637 test77_live=0.8417/0.8368 test77_diag_ema=0.7518/0.7506 v13=0.0000 v15=0.2167 v16=0.0000 v17=0.0000 v18=0.0000 das=stage3[12,95] p=1.00 ep_time=9.9s
[21:16:48] [save] best_sourcequalified77_ema ep=49 source_val_live=0.9568/0.9559 source_val_ema=0.9630/0.9637 test77_ema=0.7518/0.7506
[21:16:48] [train] epoch 50/100 steps=40 use_dann=0 das=stage3 f=[12.0,95.0] p=1.00 gpu=3.0/15.8GB
[21:16:48] [train] ep=50 step=001/40 ce=0.2744 sc=0.3016 mi=0.0560 dn=0.0000 v13=0.0000 v15=0.1587 v16=0.0000 v17=0.0000 v18=0.0000 acc=1.0000 lr=1.62e-04 lambda=0.000 v18_lambda=0.000 gpu=3.0/15.8GB
[21:16:50] [train] ep=50 step=010/40 ce=0.3945 sc=0.8549 mi=0.0564 dn=0.0000 v13=0.0000 v15=0.2374 v16=0.0000 v17=0.0000 v18=0.0000 acc=0.9938 lr=1.61e-04 lambda=0.000 v18_lambda=0.000 gpu=3.0/15.8GB
[21:16:52] [train] ep=50 step=020/40 ce=0.3283 sc=0.8343 mi=0.0565 dn=0.0000 v13=0.0000 v15=0.2120 v16=0.0000 v17=0.0000 v18=0.0000 acc=0.9969 lr=1.60e-04 lambda=0.000 v18_lambda=0.000 gpu=3.0/15.8GB
[21:16:53] [train] ep=50 step=030/40 ce=0.3079 sc=0.8210 mi=0.0568 dn=0.0000 v13=0.0000 v15=0.2092 v16=0.0000 v17=0.0000 v18=0.0000 acc=0.9979 lr=1.59e-04 lambda=0.000 v18_lambda=0.000 gpu=3.0/15.8GB
[21:16:55] [train] ep=50 step=040/40 ce=0.2969 sc=0.8138 mi=0.0574 dn=0.0000 v13=0.0000 v15=0.1980 v16=0.0000 v17=0.0000 v18=0.0000 acc=0.9984 lr=1.57e-04 lambda=0.000 v18_lambda=0.000 gpu=3.0/15.8GB
[21:16:58] [pool] check ep=050/100 source_val_acc_ema=0.9630 threshold=0.90
[21:16:59] [pool] ep=050 ADDED src_val=0.9630/0.9637 dev77=0.7071/0.7038 final77=0.7518/0.7506
[21:16:59] [pool] running best ep=050 dev77_f1=0.7038 final77_f1=0.7506 (pool_size=2)
[21:16:59] [ep_summary] ep=50/100 val_live=0.9815/0.9810 val_ema=0.9630/0.9637 test77_live=0.7914/0.7770 test77_diag_ema=0.7518/0.7506 v13=0.0000 v15=0.1980 v16=0.0000 v17=0.0000 v18=0.0000 das=stage3[12,95] p=1.00 ep_time=11.2s
[21:16:59] [strict77_monitor] ep=50 best_source_epoch=43 source_val_ema=0.9630/0.9637 test77_ema_diag=0.7050/0.7042 sourcequalified_count=50 best_sourcequalified77_epoch=49 source_val_ema=0.9630/0.9637 test77_ema=0.7518/0.7506
[21:16:59] [train] epoch 51/100 steps=40 use_dann=0 das=stage3 f=[12.0,95.0] p=1.00 gpu=3.0/15.8GB
[21:16:59] [train] ep=51 step=001/40 ce=0.2591 sc=0.7415 mi=0.0571 dn=0.0000 v13=0.0000 v15=0.3428 v16=0.0000 v17=0.0000 v18=0.0000 acc=1.0000 lr=1.57e-04 lambda=0.000 v18_lambda=0.000 gpu=3.0/15.8GB
[21:17:01] [train] ep=51 step=010/40 ce=0.3510 sc=0.8739 mi=0.0576 dn=0.0000 v13=0.0000 v15=0.2197 v16=0.0000 v17=0.0000 v18=0.0000 acc=0.9938 lr=1.56e-04 lambda=0.000 v18_lambda=0.000 gpu=3.0/15.8GB
[21:17:03] [train] ep=51 step=020/40 ce=0.3227 sc=0.8502 mi=0.0561 dn=0.0000 v13=0.0000 v15=0.2077 v16=0.0000 v17=0.0000 v18=0.0000 acc=0.9969 lr=1.55e-04 lambda=0.000 v18_lambda=0.000 gpu=3.0/15.8GB
[21:17:05] [train] ep=51 step=030/40 ce=0.3018 sc=0.8022 mi=0.0563 dn=0.0000 v13=0.0000 v15=0.1922 v16=0.0000 v17=0.0000 v18=0.0000 acc=0.9979 lr=1.54e-04 lambda=0.000 v18_lambda=0.000 gpu=3.0/15.8GB
[21:17:06] [train] ep=51 step=040/40 ce=0.3072 sc=0.7864 mi=0.0564 dn=0.0000 v13=0.0000 v15=0.1912 v16=0.0000 v17=0.0000 v18=0.0000 acc=0.9969 lr=1.53e-04 lambda=0.000 v18_lambda=0.000 gpu=3.0/15.8GB
[21:17:09] [ep_summary] ep=51/100 val_live=0.9877/0.9878 val_ema=0.9630/0.9637 test77_live=0.7950/0.7878 test77_diag_ema=0.7626/0.7613 v13=0.0000 v15=0.1912 v16=0.0000 v17=0.0000 v18=0.0000 das=stage3[12,95] p=1.00 ep_time=9.9s
[21:17:09] [save] best_sourcequalified77_ema ep=51 source_val_live=0.9877/0.9878 source_val_ema=0.9630/0.9637 test77_ema=0.7626/0.7613
[21:17:09] [train] epoch 52/100 steps=40 use_dann=0 das=stage3 f=[12.0,95.0] p=1.00 gpu=3.0/15.8GB
[21:17:09] [train] ep=52 step=001/40 ce=0.2669 sc=0.6613 mi=0.0512 dn=0.0000 v13=0.0000 v15=0.1478 v16=0.0000 v17=0.0000 v18=0.0000 acc=1.0000 lr=1.52e-04 lambda=0.000 v18_lambda=0.000 gpu=3.0/15.8GB
[21:17:11] [train] ep=52 step=010/40 ce=0.3592 sc=0.7537 mi=0.0531 dn=0.0000 v13=0.0000 v15=0.2191 v16=0.0000 v17=0.0000 v18=0.0000 acc=0.9875 lr=1.51e-04 lambda=0.000 v18_lambda=0.000 gpu=3.0/15.8GB
[21:17:13] [train] ep=52 step=020/40 ce=0.3512 sc=0.8025 mi=0.0548 dn=0.0000 v13=0.0000 v15=0.2131 v16=0.0000 v17=0.0000 v18=0.0000 acc=0.9906 lr=1.50e-04 lambda=0.000 v18_lambda=0.000 gpu=3.0/15.8GB
[21:17:14] [train] ep=52 step=030/40 ce=0.3242 sc=0.7664 mi=0.0558 dn=0.0000 v13=0.0000 v15=0.2044 v16=0.0000 v17=0.0000 v18=0.0000 acc=0.9938 lr=1.49e-04 lambda=0.000 v18_lambda=0.000 gpu=3.0/15.8GB
[21:17:16] [train] ep=52 step=040/40 ce=0.3084 sc=0.7772 mi=0.0555 dn=0.0000 v13=0.0000 v15=0.1957 v16=0.0000 v17=0.0000 v18=0.0000 acc=0.9953 lr=1.48e-04 lambda=0.000 v18_lambda=0.000 gpu=3.0/15.8GB
[21:17:19] [ep_summary] ep=52/100 val_live=0.9630/0.9633 val_ema=0.9630/0.9637 test77_live=0.8561/0.8529 test77_diag_ema=0.7734/0.7726 v13=0.0000 v15=0.1957 v16=0.0000 v17=0.0000 v18=0.0000 das=stage3[12,95] p=1.00 ep_time=9.9s
[21:17:19] [save] best_sourcequalified77_ema ep=52 source_val_live=0.9630/0.9633 source_val_ema=0.9630/0.9637 test77_ema=0.7734/0.7726
[21:17:19] [train] epoch 53/100 steps=40 use_dann=0 das=stage3 f=[12.0,95.0] p=1.00 gpu=3.0/15.8GB
[21:17:19] [train] ep=53 step=001/40 ce=0.2607 sc=0.5373 mi=0.0559 dn=0.0000 v13=0.0000 v15=0.1451 v16=0.0000 v17=0.0000 v18=0.0000 acc=1.0000 lr=1.48e-04 lambda=0.000 v18_lambda=0.000 gpu=3.0/15.8GB
[21:17:21] [train] ep=53 step=010/40 ce=0.3528 sc=0.7656 mi=0.0567 dn=0.0000 v13=0.0000 v15=0.2046 v16=0.0000 v17=0.0000 v18=0.0000 acc=0.9938 lr=1.46e-04 lambda=0.000 v18_lambda=0.000 gpu=3.0/15.8GB
[21:17:23] [train] ep=53 step=020/40 ce=0.3066 sc=0.7709 mi=0.0558 dn=0.0000 v13=0.0000 v15=0.1794 v16=0.0000 v17=0.0000 v18=0.0000 acc=0.9969 lr=1.45e-04 lambda=0.000 v18_lambda=0.000 gpu=3.0/15.8GB
[21:17:24] [train] ep=53 step=030/40 ce=0.2947 sc=0.7895 mi=0.0562 dn=0.0000 v13=0.0000 v15=0.1725 v16=0.0000 v17=0.0000 v18=0.0000 acc=0.9979 lr=1.44e-04 lambda=0.000 v18_lambda=0.000 gpu=3.0/15.8GB
[21:17:26] [train] ep=53 step=040/40 ce=0.2858 sc=0.7605 mi=0.0557 dn=0.0000 v13=0.0000 v15=0.1768 v16=0.0000 v17=0.0000 v18=0.0000 acc=0.9984 lr=1.43e-04 lambda=0.000 v18_lambda=0.000 gpu=3.0/15.8GB
[21:17:29] [ep_summary] ep=53/100 val_live=0.9815/0.9817 val_ema=0.9630/0.9637 test77_live=0.8309/0.8255 test77_diag_ema=0.7770/0.7758 v13=0.0000 v15=0.1768 v16=0.0000 v17=0.0000 v18=0.0000 das=stage3[12,95] p=1.00 ep_time=9.9s
[21:17:29] [save] best_sourcequalified77_ema ep=53 source_val_live=0.9815/0.9817 source_val_ema=0.9630/0.9637 test77_ema=0.7770/0.7758
[21:17:29] [train] epoch 54/100 steps=40 use_dann=0 das=stage3 f=[12.0,95.0] p=1.00 gpu=3.0/15.8GB
[21:17:29] [train] ep=54 step=001/40 ce=0.2569 sc=0.6135 mi=0.0542 dn=0.0000 v13=0.0000 v15=0.1422 v16=0.0000 v17=0.0000 v18=0.0000 acc=1.0000 lr=1.43e-04 lambda=0.000 v18_lambda=0.000 gpu=3.0/15.8GB
[21:17:31] [train] ep=54 step=010/40 ce=0.2593 sc=0.5947 mi=0.0564 dn=0.0000 v13=0.0000 v15=0.1550 v16=0.0000 v17=0.0000 v18=0.0000 acc=1.0000 lr=1.42e-04 lambda=0.000 v18_lambda=0.000 gpu=3.0/15.8GB
[21:17:32] [train] ep=54 step=020/40 ce=0.2605 sc=0.7404 mi=0.0558 dn=0.0000 v13=0.0000 v15=0.1706 v16=0.0000 v17=0.0000 v18=0.0000 acc=1.0000 lr=1.40e-04 lambda=0.000 v18_lambda=0.000 gpu=3.0/15.8GB
[21:17:34] [train] ep=54 step=030/40 ce=0.2716 sc=0.7189 mi=0.0561 dn=0.0000 v13=0.0000 v15=0.1660 v16=0.0000 v17=0.0000 v18=0.0000 acc=1.0000 lr=1.39e-04 lambda=0.000 v18_lambda=0.000 gpu=3.0/15.8GB
[21:17:36] [train] ep=54 step=040/40 ce=0.2683 sc=0.7387 mi=0.0556 dn=0.0000 v13=0.0000 v15=0.1661 v16=0.0000 v17=0.0000 v18=0.0000 acc=1.0000 lr=1.38e-04 lambda=0.000 v18_lambda=0.000 gpu=3.0/15.8GB
[21:17:39] [ep_summary] ep=54/100 val_live=0.9691/0.9698 val_ema=0.9630/0.9637 test77_live=0.8381/0.8355 test77_diag_ema=0.7806/0.7790 v13=0.0000 v15=0.1661 v16=0.0000 v17=0.0000 v18=0.0000 das=stage3[12,95] p=1.00 ep_time=9.9s
[21:17:39] [save] best_sourcequalified77_ema ep=54 source_val_live=0.9691/0.9698 source_val_ema=0.9630/0.9637 test77_ema=0.7806/0.7790
[21:17:39] [train] epoch 55/100 steps=40 use_dann=0 das=stage3 f=[12.0,95.0] p=1.00 gpu=3.0/15.8GB
[21:17:39] [train] ep=55 step=001/40 ce=0.3267 sc=0.7908 mi=0.0455 dn=0.0000 v13=0.0000 v15=0.1678 v16=0.0000 v17=0.0000 v18=0.0000 acc=1.0000 lr=1.38e-04 lambda=0.000 v18_lambda=0.000 gpu=3.0/15.8GB
[21:17:41] [train] ep=55 step=010/40 ce=0.3728 sc=0.7674 mi=0.0555 dn=0.0000 v13=0.0000 v15=0.2487 v16=0.0000 v17=0.0000 v18=0.0000 acc=0.9938 lr=1.37e-04 lambda=0.000 v18_lambda=0.000 gpu=3.0/15.8GB
[21:17:42] [train] ep=55 step=020/40 ce=0.3168 sc=0.6868 mi=0.0560 dn=0.0000 v13=0.0000 v15=0.2046 v16=0.0000 v17=0.0000 v18=0.0000 acc=0.9969 lr=1.36e-04 lambda=0.000 v18_lambda=0.000 gpu=3.0/15.8GB
[21:17:44] [train] ep=55 step=030/40 ce=0.3045 sc=0.7086 mi=0.0563 dn=0.0000 v13=0.0000 v15=0.2098 v16=0.0000 v17=0.0000 v18=0.0000 acc=0.9979 lr=1.34e-04 lambda=0.000 v18_lambda=0.000 gpu=3.0/15.8GB
[21:17:46] [train] ep=55 step=040/40 ce=0.2929 sc=0.7072 mi=0.0565 dn=0.0000 v13=0.0000 v15=0.1945 v16=0.0000 v17=0.0000 v18=0.0000 acc=0.9984 lr=1.33e-04 lambda=0.000 v18_lambda=0.000 gpu=3.0/15.8GB
[21:17:49] [ep_summary] ep=55/100 val_live=0.9877/0.9878 val_ema=0.9630/0.9637 test77_live=0.8201/0.8087 test77_diag_ema=0.7806/0.7790 v13=0.0000 v15=0.1945 v16=0.0000 v17=0.0000 v18=0.0000 das=stage3[12,95] p=1.00 ep_time=9.8s
[21:17:49] [train] epoch 56/100 steps=40 use_dann=0 das=stage3 f=[12.0,95.0] p=1.00 gpu=3.0/15.8GB
[21:17:49] [train] ep=56 step=001/40 ce=0.2575 sc=0.6127 mi=0.0554 dn=0.0000 v13=0.0000 v15=0.1420 v16=0.0000 v17=0.0000 v18=0.0000 acc=1.0000 lr=1.33e-04 lambda=0.000 v18_lambda=0.000 gpu=3.0/15.8GB
[21:17:50] [train] ep=56 step=010/40 ce=0.3752 sc=0.6534 mi=0.0540 dn=0.0000 v13=0.0000 v15=0.1879 v16=0.0000 v17=0.0000 v18=0.0000 acc=0.9875 lr=1.32e-04 lambda=0.000 v18_lambda=0.000 gpu=3.0/15.8GB
[21:17:52] [train] ep=56 step=020/40 ce=0.3365 sc=0.7003 mi=0.0554 dn=0.0000 v13=0.0000 v15=0.1824 v16=0.0000 v17=0.0000 v18=0.0000 acc=0.9938 lr=1.31e-04 lambda=0.000 v18_lambda=0.000 gpu=3.0/15.8GB
[21:17:54] [train] ep=56 step=030/40 ce=0.3330 sc=0.7026 mi=0.0559 dn=0.0000 v13=0.0000 v15=0.2094 v16=0.0000 v17=0.0000 v18=0.0000 acc=0.9938 lr=1.30e-04 lambda=0.000 v18_lambda=0.000 gpu=3.0/15.8GB
[21:17:56] [train] ep=56 step=040/40 ce=0.3277 sc=0.7176 mi=0.0561 dn=0.0000 v13=0.0000 v15=0.2082 v16=0.0000 v17=0.0000 v18=0.0000 acc=0.9938 lr=1.28e-04 lambda=0.000 v18_lambda=0.000 gpu=3.0/15.8GB
[21:17:59] [ep_summary] ep=56/100 val_live=0.9815/0.9819 val_ema=0.9753/0.9758 test77_live=0.8453/0.8430 test77_diag_ema=0.7806/0.7787 v13=0.0000 v15=0.2082 v16=0.0000 v17=0.0000 v18=0.0000 das=stage3[12,95] p=1.00 ep_time=10.4s
[21:17:59] [save] best_sourceval_ema val_acc_ema=0.9753 source_val_live=0.9815/0.9819 source_val_ema=0.9753/0.9758 ep=56
[21:17:59] [train] epoch 57/100 steps=40 use_dann=0 das=stage3 f=[12.0,95.0] p=1.00 gpu=3.0/15.8GB
[21:17:59] [train] ep=57 step=001/40 ce=0.2609 sc=0.8289 mi=0.0526 dn=0.0000 v13=0.0000 v15=0.1455 v16=0.0000 v17=0.0000 v18=0.0000 acc=1.0000 lr=1.28e-04 lambda=0.000 v18_lambda=0.000 gpu=3.0/15.8GB
[21:18:01] [train] ep=57 step=010/40 ce=0.3505 sc=0.9108 mi=0.0546 dn=0.0000 v13=0.0000 v15=0.1913 v16=0.0000 v17=0.0000 v18=0.0000 acc=0.9938 lr=1.27e-04 lambda=0.000 v18_lambda=0.000 gpu=3.0/15.8GB
[21:18:04] [train] ep=57 step=020/40 ce=0.3459 sc=0.8336 mi=0.0551 dn=0.0000 v13=0.0000 v15=0.1857 v16=0.0000 v17=0.0000 v18=0.0000 acc=0.9938 lr=1.26e-04 lambda=0.000 v18_lambda=0.000 gpu=3.0/15.8GB
[21:18:06] [train] ep=57 step=030/40 ce=0.3532 sc=0.8777 mi=0.0553 dn=0.0000 v13=0.0000 v15=0.1975 v16=0.0000 v17=0.0000 v18=0.0000 acc=0.9938 lr=1.25e-04 lambda=0.000 v18_lambda=0.000 gpu=3.0/15.8GB
[21:18:08] [train] ep=57 step=040/40 ce=0.3370 sc=0.8712 mi=0.0559 dn=0.0000 v13=0.0000 v15=0.1953 v16=0.0000 v17=0.0000 v18=0.0000 acc=0.9953 lr=1.24e-04 lambda=0.000 v18_lambda=0.000 gpu=3.0/15.8GB
[21:18:11] [ep_summary] ep=57/100 val_live=0.9753/0.9757 val_ema=0.9753/0.9758 test77_live=0.7986/0.7884 test77_diag_ema=0.7770/0.7752 v13=0.0000 v15=0.1953 v16=0.0000 v17=0.0000 v18=0.0000 das=stage3[12,95] p=1.00 ep_time=11.6s
[21:18:11] [train] epoch 58/100 steps=40 use_dann=0 das=stage3 f=[12.0,95.0] p=1.00 gpu=3.0/15.8GB
[21:18:11] [train] ep=58 step=001/40 ce=0.2728 sc=0.4527 mi=0.0594 dn=0.0000 v13=0.0000 v15=0.1520 v16=0.0000 v17=0.0000 v18=0.0000 acc=1.0000 lr=1.23e-04 lambda=0.000 v18_lambda=0.000 gpu=3.0/15.8GB
[21:18:13] [train] ep=58 step=010/40 ce=0.3295 sc=0.8004 mi=0.0560 dn=0.0000 v13=0.0000 v15=0.1976 v16=0.0000 v17=0.0000 v18=0.0000 acc=0.9938 lr=1.22e-04 lambda=0.000 v18_lambda=0.000 gpu=3.0/15.8GB
[21:18:15] [train] ep=58 step=020/40 ce=0.3642 sc=0.8434 mi=0.0531 dn=0.0000 v13=0.0000 v15=0.2150 v16=0.0000 v17=0.0000 v18=0.0000 acc=0.9906 lr=1.21e-04 lambda=0.000 v18_lambda=0.000 gpu=3.0/15.8GB
[21:18:17] [train] ep=58 step=030/40 ce=0.3512 sc=0.8360 mi=0.0541 dn=0.0000 v13=0.0000 v15=0.2034 v16=0.0000 v17=0.0000 v18=0.0000 acc=0.9917 lr=1.20e-04 lambda=0.000 v18_lambda=0.000 gpu=3.0/15.8GB
[21:18:19] [train] ep=58 step=040/40 ce=0.3281 sc=0.8061 mi=0.0535 dn=0.0000 v13=0.0000 v15=0.1950 v16=0.0000 v17=0.0000 v18=0.0000 acc=0.9938 lr=1.19e-04 lambda=0.000 v18_lambda=0.000 gpu=3.0/15.8GB
[21:18:22] [ep_summary] ep=58/100 val_live=0.9815/0.9819 val_ema=0.9753/0.9758 test77_live=0.8165/0.8121 test77_diag_ema=0.7734/0.7710 v13=0.0000 v15=0.1950 v16=0.0000 v17=0.0000 v18=0.0000 das=stage3[12,95] p=1.00 ep_time=11.2s
[21:18:22] [train] epoch 59/100 steps=40 use_dann=0 das=stage3 f=[12.0,95.0] p=1.00 gpu=3.0/15.8GB
[21:18:22] [train] ep=59 step=001/40 ce=0.2574 sc=0.5249 mi=0.0551 dn=0.0000 v13=0.0000 v15=0.2008 v16=0.0000 v17=0.0000 v18=0.0000 acc=1.0000 lr=1.19e-04 lambda=0.000 v18_lambda=0.000 gpu=3.0/15.8GB
[21:18:24] [train] ep=59 step=010/40 ce=0.2592 sc=0.6280 mi=0.0584 dn=0.0000 v13=0.0000 v15=0.1610 v16=0.0000 v17=0.0000 v18=0.0000 acc=1.0000 lr=1.18e-04 lambda=0.000 v18_lambda=0.000 gpu=3.0/15.8GB
[21:18:25] [train] ep=59 step=020/40 ce=0.3098 sc=0.7468 mi=0.0565 dn=0.0000 v13=0.0000 v15=0.1825 v16=0.0000 v17=0.0000 v18=0.0000 acc=0.9969 lr=1.16e-04 lambda=0.000 v18_lambda=0.000 gpu=3.0/15.8GB
[21:18:27] [train] ep=59 step=030/40 ce=0.2941 sc=0.7567 mi=0.0555 dn=0.0000 v13=0.0000 v15=0.1782 v16=0.0000 v17=0.0000 v18=0.0000 acc=0.9979 lr=1.15e-04 lambda=0.000 v18_lambda=0.000 gpu=3.0/15.8GB
[21:18:29] [train] ep=59 step=040/40 ce=0.2870 sc=0.7506 mi=0.0549 dn=0.0000 v13=0.0000 v15=0.1744 v16=0.0000 v17=0.0000 v18=0.0000 acc=0.9984 lr=1.14e-04 lambda=0.000 v18_lambda=0.000 gpu=3.0/15.8GB
[21:18:32] [ep_summary] ep=59/100 val_live=0.9753/0.9749 val_ema=0.9753/0.9758 test77_live=0.8273/0.8209 test77_diag_ema=0.7770/0.7741 v13=0.0000 v15=0.1744 v16=0.0000 v17=0.0000 v18=0.0000 das=stage3[12,95] p=1.00 ep_time=10.0s
[21:18:32] [train] epoch 60/100 steps=40 use_dann=0 das=stage3 f=[12.0,95.0] p=1.00 gpu=3.0/15.8GB
[21:18:32] [train] ep=60 step=001/40 ce=0.2600 sc=0.7883 mi=0.0587 dn=0.0000 v13=0.0000 v15=0.1437 v16=0.0000 v17=0.0000 v18=0.0000 acc=1.0000 lr=1.14e-04 lambda=0.000 v18_lambda=0.000 gpu=3.0/15.8GB
[21:18:34] [train] ep=60 step=010/40 ce=0.2684 sc=0.8515 mi=0.0558 dn=0.0000 v13=0.0000 v15=0.1625 v16=0.0000 v17=0.0000 v18=0.0000 acc=1.0000 lr=1.13e-04 lambda=0.000 v18_lambda=0.000 gpu=3.0/15.8GB
[21:18:35] [train] ep=60 step=020/40 ce=0.2847 sc=0.7826 mi=0.0561 dn=0.0000 v13=0.0000 v15=0.1637 v16=0.0000 v17=0.0000 v18=0.0000 acc=0.9969 lr=1.12e-04 lambda=0.000 v18_lambda=0.000 gpu=3.0/15.8GB
[21:18:37] [train] ep=60 step=030/40 ce=0.2848 sc=0.7935 mi=0.0552 dn=0.0000 v13=0.0000 v15=0.1654 v16=0.0000 v17=0.0000 v18=0.0000 acc=0.9979 lr=1.11e-04 lambda=0.000 v18_lambda=0.000 gpu=3.0/15.8GB
[21:18:39] [train] ep=60 step=040/40 ce=0.2790 sc=0.7902 mi=0.0549 dn=0.0000 v13=0.0000 v15=0.1604 v16=0.0000 v17=0.0000 v18=0.0000 acc=0.9984 lr=1.09e-04 lambda=0.000 v18_lambda=0.000 gpu=3.0/15.8GB
[21:18:42] [pool] check ep=060/100 source_val_acc_ema=0.9815 threshold=0.90
[21:18:43] [pool] ep=060 ADDED src_val=0.9815/0.9819 dev77=0.7714/0.7694 final77=0.7878/0.7837
[21:18:43] [pool] running best ep=060 dev77_f1=0.7694 final77_f1=0.7837 (pool_size=3)
[21:18:43] [ep_summary] ep=60/100 val_live=0.9691/0.9686 val_ema=0.9815/0.9819 test77_live=0.8417/0.8384 test77_diag_ema=0.7878/0.7837 v13=0.0000 v15=0.1604 v16=0.0000 v17=0.0000 v18=0.0000 das=stage3[12,95] p=1.00 ep_time=11.2s
[21:18:43] [save] best_sourceval_ema val_acc_ema=0.9815 source_val_live=0.9691/0.9686 source_val_ema=0.9815/0.9819 ep=60
[21:18:43] [save] best_sourcequalified77_ema ep=60 source_val_live=0.9691/0.9686 source_val_ema=0.9815/0.9819 test77_ema=0.7878/0.7837
[21:18:43] [strict77_monitor] ep=60 best_source_epoch=60 source_val_ema=0.9815/0.9819 test77_ema_diag=0.7878/0.7837 sourcequalified_count=60 best_sourcequalified77_epoch=60 source_val_ema=0.9815/0.9819 test77_ema=0.7878/0.7837
[21:18:43] [train] epoch 61/100 steps=40 use_dann=0 das=stage3 f=[12.0,95.0] p=1.00 gpu=3.0/15.8GB
[21:18:43] [train] ep=61 step=001/40 ce=0.2570 sc=0.5512 mi=0.0501 dn=0.0000 v13=0.0000 v15=0.1415 v16=0.0000 v17=0.0000 v18=0.0000 acc=1.0000 lr=1.09e-04 lambda=0.000 v18_lambda=0.000 gpu=3.0/15.8GB
[21:18:45] [train] ep=61 step=010/40 ce=0.3569 sc=0.8698 mi=0.0543 dn=0.0000 v13=0.0000 v15=0.2166 v16=0.0000 v17=0.0000 v18=0.0000 acc=0.9938 lr=1.08e-04 lambda=0.000 v18_lambda=0.000 gpu=3.0/15.8GB
[21:18:47] [train] ep=61 step=020/40 ce=0.3255 sc=0.8225 mi=0.0538 dn=0.0000 v13=0.0000 v15=0.2031 v16=0.0000 v17=0.0000 v18=0.0000 acc=0.9969 lr=1.07e-04 lambda=0.000 v18_lambda=0.000 gpu=3.0/15.8GB
[21:18:48] [train] ep=61 step=030/40 ce=0.3091 sc=0.8029 mi=0.0545 dn=0.0000 v13=0.0000 v15=0.1948 v16=0.0000 v17=0.0000 v18=0.0000 acc=0.9979 lr=1.06e-04 lambda=0.000 v18_lambda=0.000 gpu=3.0/15.8GB
[21:18:50] [train] ep=61 step=040/40 ce=0.3039 sc=0.8142 mi=0.0546 dn=0.0000 v13=0.0000 v15=0.1917 v16=0.0000 v17=0.0000 v18=0.0000 acc=0.9984 lr=1.05e-04 lambda=0.000 v18_lambda=0.000 gpu=3.0/15.8GB
[21:18:53] [ep_summary] ep=61/100 val_live=0.9815/0.9817 val_ema=0.9815/0.9819 test77_live=0.8165/0.8096 test77_diag_ema=0.7878/0.7837 v13=0.0000 v15=0.1917 v16=0.0000 v17=0.0000 v18=0.0000 das=stage3[12,95] p=1.00 ep_time=9.9s
[21:18:53] [train] epoch 62/100 steps=40 use_dann=0 das=stage3 f=[12.0,95.0] p=1.00 gpu=3.0/15.8GB
[21:18:53] [train] ep=62 step=001/40 ce=0.2613 sc=0.8512 mi=0.0532 dn=0.0000 v13=0.0000 v15=0.1432 v16=0.0000 v17=0.0000 v18=0.0000 acc=1.0000 lr=1.05e-04 lambda=0.000 v18_lambda=0.000 gpu=3.0/15.8GB
[21:18:55] [train] ep=62 step=010/40 ce=0.2778 sc=0.6628 mi=0.0569 dn=0.0000 v13=0.0000 v15=0.1879 v16=0.0000 v17=0.0000 v18=0.0000 acc=1.0000 lr=1.04e-04 lambda=0.000 v18_lambda=0.000 gpu=3.0/15.8GB
[21:18:57] [train] ep=62 step=020/40 ce=0.3027 sc=0.7146 mi=0.0554 dn=0.0000 v13=0.0000 v15=0.1982 v16=0.0000 v17=0.0000 v18=0.0000 acc=0.9969 lr=1.02e-04 lambda=0.000 v18_lambda=0.000 gpu=3.0/15.8GB
[21:18:59] [train] ep=62 step=030/40 ce=0.3304 sc=0.7710 mi=0.0551 dn=0.0000 v13=0.0000 v15=0.2032 v16=0.0000 v17=0.0000 v18=0.0000 acc=0.9958 lr=1.01e-04 lambda=0.000 v18_lambda=0.000 gpu=3.0/15.8GB
[21:19:01] [train] ep=62 step=040/40 ce=0.3123 sc=0.7632 mi=0.0549 dn=0.0000 v13=0.0000 v15=0.1944 v16=0.0000 v17=0.0000 v18=0.0000 acc=0.9969 lr=1.00e-04 lambda=0.000 v18_lambda=0.000 gpu=3.0/15.8GB
[21:19:04] [ep_summary] ep=62/100 val_live=0.9691/0.9688 val_ema=0.9815/0.9819 test77_live=0.8058/0.8020 test77_diag_ema=0.7950/0.7913 v13=0.0000 v15=0.1944 v16=0.0000 v17=0.0000 v18=0.0000 das=stage3[12,95] p=1.00 ep_time=10.8s
[21:19:04] [save] best_sourcequalified77_ema ep=62 source_val_live=0.9691/0.9688 source_val_ema=0.9815/0.9819 test77_ema=0.7950/0.7913
[21:19:04] [train] epoch 63/100 steps=40 use_dann=0 das=stage3 f=[12.0,95.0] p=1.00 gpu=3.0/15.8GB
[21:19:04] [train] ep=63 step=001/40 ce=0.2571 sc=0.5371 mi=0.0502 dn=0.0000 v13=0.0000 v15=0.1431 v16=0.0000 v17=0.0000 v18=0.0000 acc=1.0000 lr=1.00e-04 lambda=0.000 v18_lambda=0.000 gpu=3.0/15.8GB
[21:19:06] [train] ep=63 step=010/40 ce=0.2579 sc=0.6231 mi=0.0525 dn=0.0000 v13=0.0000 v15=0.1578 v16=0.0000 v17=0.0000 v18=0.0000 acc=1.0000 lr=9.89e-05 lambda=0.000 v18_lambda=0.000 gpu=3.0/15.8GB
[21:19:08] [train] ep=63 step=020/40 ce=0.2647 sc=0.7200 mi=0.0536 dn=0.0000 v13=0.0000 v15=0.1531 v16=0.0000 v17=0.0000 v18=0.0000 acc=1.0000 lr=9.78e-05 lambda=0.000 v18_lambda=0.000 gpu=3.0/15.8GB
[21:19:10] [train] ep=63 step=030/40 ce=0.2727 sc=0.7325 mi=0.0547 dn=0.0000 v13=0.0000 v15=0.1545 v16=0.0000 v17=0.0000 v18=0.0000 acc=1.0000 lr=9.67e-05 lambda=0.000 v18_lambda=0.000 gpu=3.0/15.8GB
[21:19:12] [train] ep=63 step=040/40 ce=0.2694 sc=0.7389 mi=0.0544 dn=0.0000 v13=0.0000 v15=0.1564 v16=0.0000 v17=0.0000 v18=0.0000 acc=1.0000 lr=9.55e-05 lambda=0.000 v18_lambda=0.000 gpu=3.0/15.8GB
[21:19:15] [ep_summary] ep=63/100 val_live=0.9691/0.9700 val_ema=0.9815/0.9819 test77_live=0.8129/0.8110 test77_diag_ema=0.8022/0.7986 v13=0.0000 v15=0.1564 v16=0.0000 v17=0.0000 v18=0.0000 das=stage3[12,95] p=1.00 ep_time=10.9s
[21:19:15] [save] best_sourcequalified77_ema ep=63 source_val_live=0.9691/0.9700 source_val_ema=0.9815/0.9819 test77_ema=0.8022/0.7986
[21:19:15] [train] epoch 64/100 steps=40 use_dann=0 das=stage3 f=[12.0,95.0] p=1.00 gpu=3.0/15.8GB
[21:19:15] [train] ep=64 step=001/40 ce=0.2578 sc=0.9271 mi=0.0648 dn=0.0000 v13=0.0000 v15=0.1451 v16=0.0000 v17=0.0000 v18=0.0000 acc=1.0000 lr=9.54e-05 lambda=0.000 v18_lambda=0.000 gpu=3.0/15.8GB
[21:19:17] [train] ep=64 step=010/40 ce=0.3490 sc=0.8794 mi=0.0566 dn=0.0000 v13=0.0000 v15=0.1869 v16=0.0000 v17=0.0000 v18=0.0000 acc=0.9938 lr=9.44e-05 lambda=0.000 v18_lambda=0.000 gpu=3.0/15.8GB
[21:19:19] [train] ep=64 step=020/40 ce=0.3394 sc=0.8222 mi=0.0556 dn=0.0000 v13=0.0000 v15=0.1823 v16=0.0000 v17=0.0000 v18=0.0000 acc=0.9938 lr=9.33e-05 lambda=0.000 v18_lambda=0.000 gpu=3.0/15.8GB
[21:19:21] [train] ep=64 step=030/40 ce=0.3133 sc=0.7919 mi=0.0553 dn=0.0000 v13=0.0000 v15=0.1773 v16=0.0000 v17=0.0000 v18=0.0000 acc=0.9958 lr=9.21e-05 lambda=0.000 v18_lambda=0.000 gpu=3.0/15.8GB
[21:19:23] [train] ep=64 step=040/40 ce=0.2997 sc=0.7593 mi=0.0549 dn=0.0000 v13=0.0000 v15=0.1810 v16=0.0000 v17=0.0000 v18=0.0000 acc=0.9969 lr=9.10e-05 lambda=0.000 v18_lambda=0.000 gpu=3.0/15.8GB
[21:19:25] [ep_summary] ep=64/100 val_live=0.9753/0.9760 val_ema=0.9815/0.9819 test77_live=0.8022/0.7913 test77_diag_ema=0.8094/0.8053 v13=0.0000 v15=0.1810 v16=0.0000 v17=0.0000 v18=0.0000 das=stage3[12,95] p=1.00 ep_time=10.9s
[21:19:25] [save] best_sourcequalified77_ema ep=64 source_val_live=0.9753/0.9760 source_val_ema=0.9815/0.9819 test77_ema=0.8094/0.8053
[21:19:26] [train] epoch 65/100 steps=40 use_dann=0 das=stage3 f=[12.0,95.0] p=1.00 gpu=3.0/15.8GB
[21:19:26] [train] ep=65 step=001/40 ce=0.2583 sc=0.8750 mi=0.0499 dn=0.0000 v13=0.0000 v15=0.1473 v16=0.0000 v17=0.0000 v18=0.0000 acc=1.0000 lr=9.09e-05 lambda=0.000 v18_lambda=0.000 gpu=3.0/15.8GB
[21:19:28] [train] ep=65 step=010/40 ce=0.3359 sc=0.8689 mi=0.0544 dn=0.0000 v13=0.0000 v15=0.1802 v16=0.0000 v17=0.0000 v18=0.0000 acc=0.9938 lr=8.99e-05 lambda=0.000 v18_lambda=0.000 gpu=3.0/15.8GB
[21:19:30] [train] ep=65 step=020/40 ce=0.3009 sc=0.8116 mi=0.0541 dn=0.0000 v13=0.0000 v15=0.1635 v16=0.0000 v17=0.0000 v18=0.0000 acc=0.9969 lr=8.88e-05 lambda=0.000 v18_lambda=0.000 gpu=3.0/15.8GB
[21:19:32] [train] ep=65 step=030/40 ce=0.2869 sc=0.7729 mi=0.0531 dn=0.0000 v13=0.0000 v15=0.1651 v16=0.0000 v17=0.0000 v18=0.0000 acc=0.9979 lr=8.77e-05 lambda=0.000 v18_lambda=0.000 gpu=3.0/15.8GB
[21:19:34] [train] ep=65 step=040/40 ce=0.3140 sc=0.7958 mi=0.0533 dn=0.0000 v13=0.0000 v15=0.1741 v16=0.0000 v17=0.0000 v18=0.0000 acc=0.9953 lr=8.66e-05 lambda=0.000 v18_lambda=0.000 gpu=3.0/15.8GB
[21:19:37] [ep_summary] ep=65/100 val_live=0.9691/0.9688 val_ema=0.9815/0.9819 test77_live=0.7950/0.7671 test77_diag_ema=0.8129/0.8089 v13=0.0000 v15=0.1741 v16=0.0000 v17=0.0000 v18=0.0000 das=stage3[12,95] p=1.00 ep_time=11.3s
[21:19:37] [save] best_sourcequalified77_ema ep=65 source_val_live=0.9691/0.9688 source_val_ema=0.9815/0.9819 test77_ema=0.8129/0.8089
[21:19:37] [train] epoch 66/100 steps=40 use_dann=0 das=stage3 f=[12.0,95.0] p=1.00 gpu=3.0/15.8GB
[21:19:37] [train] ep=66 step=001/40 ce=0.2570 sc=0.7419 mi=0.0478 dn=0.0000 v13=0.0000 v15=0.1425 v16=0.0000 v17=0.0000 v18=0.0000 acc=1.0000 lr=8.65e-05 lambda=0.000 v18_lambda=0.000 gpu=3.0/15.8GB
[21:19:39] [train] ep=66 step=010/40 ce=0.2581 sc=0.7335 mi=0.0577 dn=0.0000 v13=0.0000 v15=0.1836 v16=0.0000 v17=0.0000 v18=0.0000 acc=1.0000 lr=8.55e-05 lambda=0.000 v18_lambda=0.000 gpu=3.0/15.8GB
[21:19:41] [train] ep=66 step=020/40 ce=0.3011 sc=0.7801 mi=0.0573 dn=0.0000 v13=0.0000 v15=0.1855 v16=0.0000 v17=0.0000 v18=0.0000 acc=0.9969 lr=8.44e-05 lambda=0.000 v18_lambda=0.000 gpu=3.0/15.8GB
[21:19:42] [train] ep=66 step=030/40 ce=0.2877 sc=0.7359 mi=0.0572 dn=0.0000 v13=0.0000 v15=0.1870 v16=0.0000 v17=0.0000 v18=0.0000 acc=0.9979 lr=8.33e-05 lambda=0.000 v18_lambda=0.000 gpu=3.0/15.8GB
[21:19:44] [train] ep=66 step=040/40 ce=0.3482 sc=0.8016 mi=0.0562 dn=0.0000 v13=0.0000 v15=0.2084 v16=0.0000 v17=0.0000 v18=0.0000 acc=0.9938 lr=8.22e-05 lambda=0.000 v18_lambda=0.000 gpu=3.0/15.8GB
[21:19:47] [ep_summary] ep=66/100 val_live=0.9630/0.9628 val_ema=0.9877/0.9878 test77_live=0.8094/0.8031 test77_diag_ema=0.8129/0.8089 v13=0.0000 v15=0.2084 v16=0.0000 v17=0.0000 v18=0.0000 das=stage3[12,95] p=1.00 ep_time=10.2s
[21:19:47] [save] best_sourceval_ema val_acc_ema=0.9877 source_val_live=0.9630/0.9628 source_val_ema=0.9877/0.9878 ep=66
[21:19:47] [train] epoch 67/100 steps=40 use_dann=0 das=stage3 f=[12.0,95.0] p=1.00 gpu=3.0/15.8GB
[21:19:47] [train] ep=67 step=001/40 ce=0.4014 sc=0.6372 mi=0.0623 dn=0.0000 v13=0.0000 v15=0.1959 v16=0.0000 v17=0.0000 v18=0.0000 acc=1.0000 lr=8.21e-05 lambda=0.000 v18_lambda=0.000 gpu=3.0/15.8GB
[21:19:49] [train] ep=67 step=010/40 ce=0.2746 sc=0.6952 mi=0.0566 dn=0.0000 v13=0.0000 v15=0.1748 v16=0.0000 v17=0.0000 v18=0.0000 acc=1.0000 lr=8.11e-05 lambda=0.000 v18_lambda=0.000 gpu=3.0/15.8GB
[21:19:51] [train] ep=67 step=020/40 ce=0.2671 sc=0.7164 mi=0.0551 dn=0.0000 v13=0.0000 v15=0.1719 v16=0.0000 v17=0.0000 v18=0.0000 acc=1.0000 lr=8.01e-05 lambda=0.000 v18_lambda=0.000 gpu=3.0/15.8GB
[21:19:53] [train] ep=67 step=030/40 ce=0.2639 sc=0.7352 mi=0.0540 dn=0.0000 v13=0.0000 v15=0.1676 v16=0.0000 v17=0.0000 v18=0.0000 acc=1.0000 lr=7.90e-05 lambda=0.000 v18_lambda=0.000 gpu=3.0/15.8GB
[21:19:55] [train] ep=67 step=040/40 ce=0.2662 sc=0.7744 mi=0.0538 dn=0.0000 v13=0.0000 v15=0.1730 v16=0.0000 v17=0.0000 v18=0.0000 acc=1.0000 lr=7.79e-05 lambda=0.000 v18_lambda=0.000 gpu=3.0/15.8GB
[21:19:58] [ep_summary] ep=67/100 val_live=0.9568/0.9577 val_ema=0.9877/0.9878 test77_live=0.8417/0.8391 test77_diag_ema=0.8165/0.8125 v13=0.0000 v15=0.1730 v16=0.0000 v17=0.0000 v18=0.0000 das=stage3[12,95] p=1.00 ep_time=11.0s
[21:19:58] [save] best_sourcequalified77_ema ep=67 source_val_live=0.9568/0.9577 source_val_ema=0.9877/0.9878 test77_ema=0.8165/0.8125
[21:19:58] [train] epoch 68/100 steps=40 use_dann=0 das=stage3 f=[12.0,95.0] p=1.00 gpu=3.0/15.8GB
[21:19:58] [train] ep=68 step=001/40 ce=0.2580 sc=0.9286 mi=0.0475 dn=0.0000 v13=0.0000 v15=0.1417 v16=0.0000 v17=0.0000 v18=0.0000 acc=1.0000 lr=7.78e-05 lambda=0.000 v18_lambda=0.000 gpu=3.0/15.8GB
[21:20:00] [train] ep=68 step=010/40 ce=0.2573 sc=0.7517 mi=0.0519 dn=0.0000 v13=0.0000 v15=0.1686 v16=0.0000 v17=0.0000 v18=0.0000 acc=1.0000 lr=7.69e-05 lambda=0.000 v18_lambda=0.000 gpu=3.0/15.8GB
[21:20:02] [train] ep=68 step=020/40 ce=0.3076 sc=0.7821 mi=0.0515 dn=0.0000 v13=0.0000 v15=0.1930 v16=0.0000 v17=0.0000 v18=0.0000 acc=0.9969 lr=7.58e-05 lambda=0.000 v18_lambda=0.000 gpu=3.0/15.8GB
[21:20:04] [train] ep=68 step=030/40 ce=0.2929 sc=0.7775 mi=0.0530 dn=0.0000 v13=0.0000 v15=0.1896 v16=0.0000 v17=0.0000 v18=0.0000 acc=0.9979 lr=7.48e-05 lambda=0.000 v18_lambda=0.000 gpu=3.0/15.8GB
[21:20:06] [train] ep=68 step=040/40 ce=0.2848 sc=0.7646 mi=0.0536 dn=0.0000 v13=0.0000 v15=0.1879 v16=0.0000 v17=0.0000 v18=0.0000 acc=0.9984 lr=7.37e-05 lambda=0.000 v18_lambda=0.000 gpu=3.0/15.8GB
[21:20:09] [ep_summary] ep=68/100 val_live=0.9691/0.9696 val_ema=0.9815/0.9817 test77_live=0.8489/0.8471 test77_diag_ema=0.8129/0.8085 v13=0.0000 v15=0.1879 v16=0.0000 v17=0.0000 v18=0.0000 das=stage3[12,95] p=1.00 ep_time=11.0s
[21:20:09] [train] epoch 69/100 steps=40 use_dann=0 das=stage3 f=[12.0,95.0] p=1.00 gpu=3.0/15.8GB
[21:20:09] [train] ep=69 step=001/40 ce=0.3611 sc=0.6717 mi=0.0539 dn=0.0000 v13=0.0000 v15=0.1718 v16=0.0000 v17=0.0000 v18=0.0000 acc=1.0000 lr=7.36e-05 lambda=0.000 v18_lambda=0.000 gpu=3.0/15.8GB
[21:20:11] [train] ep=69 step=010/40 ce=0.3351 sc=0.7813 mi=0.0558 dn=0.0000 v13=0.0000 v15=0.1898 v16=0.0000 v17=0.0000 v18=0.0000 acc=0.9938 lr=7.27e-05 lambda=0.000 v18_lambda=0.000 gpu=3.0/15.8GB
[21:20:13] [train] ep=69 step=020/40 ce=0.2987 sc=0.7898 mi=0.0543 dn=0.0000 v13=0.0000 v15=0.1807 v16=0.0000 v17=0.0000 v18=0.0000 acc=0.9969 lr=7.16e-05 lambda=0.000 v18_lambda=0.000 gpu=3.0/15.8GB
[21:20:15] [train] ep=69 step=030/40 ce=0.2900 sc=0.7550 mi=0.0542 dn=0.0000 v13=0.0000 v15=0.1700 v16=0.0000 v17=0.0000 v18=0.0000 acc=0.9979 lr=7.06e-05 lambda=0.000 v18_lambda=0.000 gpu=3.0/15.8GB
[21:20:17] [train] ep=69 step=040/40 ce=0.2983 sc=0.7955 mi=0.0535 dn=0.0000 v13=0.0000 v15=0.1824 v16=0.0000 v17=0.0000 v18=0.0000 acc=0.9969 lr=6.96e-05 lambda=0.000 v18_lambda=0.000 gpu=3.0/15.8GB
[21:20:19] [ep_summary] ep=69/100 val_live=0.9568/0.9563 val_ema=0.9815/0.9817 test77_live=0.8022/0.7978 test77_diag_ema=0.8201/0.8159 v13=0.0000 v15=0.1824 v16=0.0000 v17=0.0000 v18=0.0000 das=stage3[12,95] p=1.00 ep_time=10.3s
[21:20:19] [save] best_sourcequalified77_ema ep=69 source_val_live=0.9568/0.9563 source_val_ema=0.9815/0.9817 test77_ema=0.8201/0.8159
[21:20:19] [train] epoch 70/100 steps=40 use_dann=0 das=stage3 f=[12.0,95.0] p=1.00 gpu=3.0/15.8GB
[21:20:20] [train] ep=70 step=001/40 ce=0.2570 sc=0.8394 mi=0.0551 dn=0.0000 v13=0.0000 v15=0.1416 v16=0.0000 v17=0.0000 v18=0.0000 acc=1.0000 lr=6.95e-05 lambda=0.000 v18_lambda=0.000 gpu=3.0/15.8GB
[21:20:21] [train] ep=70 step=010/40 ce=0.3331 sc=0.7258 mi=0.0548 dn=0.0000 v13=0.0000 v15=0.1895 v16=0.0000 v17=0.0000 v18=0.0000 acc=0.9938 lr=6.85e-05 lambda=0.000 v18_lambda=0.000 gpu=3.0/15.8GB
[21:20:23] [train] ep=70 step=020/40 ce=0.3327 sc=0.7864 mi=0.0535 dn=0.0000 v13=0.0000 v15=0.1932 v16=0.0000 v17=0.0000 v18=0.0000 acc=0.9938 lr=6.75e-05 lambda=0.000 v18_lambda=0.000 gpu=3.0/15.8GB
[21:20:26] [train] ep=70 step=030/40 ce=0.3078 sc=0.7669 mi=0.0543 dn=0.0000 v13=0.0000 v15=0.1873 v16=0.0000 v17=0.0000 v18=0.0000 acc=0.9958 lr=6.65e-05 lambda=0.000 v18_lambda=0.000 gpu=3.0/15.8GB
[21:20:28] [train] ep=70 step=040/40 ce=0.3394 sc=0.8088 mi=0.0547 dn=0.0000 v13=0.0000 v15=0.2003 v16=0.0000 v17=0.0000 v18=0.0000 acc=0.9938 lr=6.55e-05 lambda=0.000 v18_lambda=0.000 gpu=3.0/15.8GB
[21:20:30] [pool] check ep=070/100 source_val_acc_ema=0.9815 threshold=0.90
[21:20:32] [pool] ep=070 ADDED src_val=0.9815/0.9817 dev77=0.8071/0.8042 final77=0.8273/0.8239
[21:20:32] [pool] running best ep=070 dev77_f1=0.8042 final77_f1=0.8239 (pool_size=4)
[21:20:32] [ep_summary] ep=70/100 val_live=0.9630/0.9631 val_ema=0.9815/0.9817 test77_live=0.8165/0.8140 test77_diag_ema=0.8273/0.8239 v13=0.0000 v15=0.2003 v16=0.0000 v17=0.0000 v18=0.0000 das=stage3[12,95] p=1.00 ep_time=12.4s
[21:20:32] [save] best_sourcequalified77_ema ep=70 source_val_live=0.9630/0.9631 source_val_ema=0.9815/0.9817 test77_ema=0.8273/0.8239
[21:20:32] [strict77_monitor] ep=70 best_source_epoch=66 source_val_ema=0.9877/0.9878 test77_ema_diag=0.8129/0.8089 sourcequalified_count=70 best_sourcequalified77_epoch=70 source_val_ema=0.9815/0.9817 test77_ema=0.8273/0.8239
[21:20:32] [train] epoch 71/100 steps=40 use_dann=0 das=stage3 f=[12.0,95.0] p=1.00 gpu=3.0/15.8GB
[21:20:32] [train] ep=71 step=001/40 ce=0.2571 sc=0.5958 mi=0.0596 dn=0.0000 v13=0.0000 v15=0.1415 v16=0.0000 v17=0.0000 v18=0.0000 acc=1.0000 lr=6.54e-05 lambda=0.000 v18_lambda=0.000 gpu=3.0/15.8GB
[21:20:34] [train] ep=71 step=010/40 ce=0.3512 sc=0.7356 mi=0.0567 dn=0.0000 v13=0.0000 v15=0.2018 v16=0.0000 v17=0.0000 v18=0.0000 acc=0.9938 lr=6.45e-05 lambda=0.000 v18_lambda=0.000 gpu=3.0/15.8GB
[21:20:35] [train] ep=71 step=020/40 ce=0.3133 sc=0.7276 mi=0.0558 dn=0.0000 v13=0.0000 v15=0.1751 v16=0.0000 v17=0.0000 v18=0.0000 acc=0.9969 lr=6.35e-05 lambda=0.000 v18_lambda=0.000 gpu=3.0/15.8GB
[21:20:37] [train] ep=71 step=030/40 ce=0.2952 sc=0.7628 mi=0.0550 dn=0.0000 v13=0.0000 v15=0.1746 v16=0.0000 v17=0.0000 v18=0.0000 acc=0.9979 lr=6.25e-05 lambda=0.000 v18_lambda=0.000 gpu=3.0/15.8GB
[21:20:39] [train] ep=71 step=040/40 ce=0.2957 sc=0.7643 mi=0.0548 dn=0.0000 v13=0.0000 v15=0.1772 v16=0.0000 v17=0.0000 v18=0.0000 acc=0.9969 lr=6.15e-05 lambda=0.000 v18_lambda=0.000 gpu=3.0/15.8GB
[21:20:42] [ep_summary] ep=71/100 val_live=0.9691/0.9696 val_ema=0.9815/0.9817 test77_live=0.7950/0.7913 test77_diag_ema=0.8273/0.8239 v13=0.0000 v15=0.1772 v16=0.0000 v17=0.0000 v18=0.0000 das=stage3[12,95] p=1.00 ep_time=10.1s
[21:20:42] [train] epoch 72/100 steps=40 use_dann=0 das=stage3 f=[12.0,95.0] p=1.00 gpu=3.0/15.8GB
[21:20:42] [train] ep=72 step=001/40 ce=0.2569 sc=0.8213 mi=0.0515 dn=0.0000 v13=0.0000 v15=0.1423 v16=0.0000 v17=0.0000 v18=0.0000 acc=1.0000 lr=6.14e-05 lambda=0.000 v18_lambda=0.000 gpu=3.0/15.8GB
[21:20:44] [train] ep=72 step=010/40 ce=0.2663 sc=0.7559 mi=0.0527 dn=0.0000 v13=0.0000 v15=0.1457 v16=0.0000 v17=0.0000 v18=0.0000 acc=1.0000 lr=6.06e-05 lambda=0.000 v18_lambda=0.000 gpu=3.0/15.8GB
[21:20:46] [train] ep=72 step=020/40 ce=0.3365 sc=0.8618 mi=0.0530 dn=0.0000 v13=0.0000 v15=0.1798 v16=0.0000 v17=0.0000 v18=0.0000 acc=0.9938 lr=5.96e-05 lambda=0.000 v18_lambda=0.000 gpu=3.0/15.8GB
[21:20:48] [train] ep=72 step=030/40 ce=0.3103 sc=0.8269 mi=0.0529 dn=0.0000 v13=0.0000 v15=0.1676 v16=0.0000 v17=0.0000 v18=0.0000 acc=0.9958 lr=5.86e-05 lambda=0.000 v18_lambda=0.000 gpu=3.0/15.8GB
[21:20:50] [train] ep=72 step=040/40 ce=0.2984 sc=0.8077 mi=0.0525 dn=0.0000 v13=0.0000 v15=0.1631 v16=0.0000 v17=0.0000 v18=0.0000 acc=0.9969 lr=5.77e-05 lambda=0.000 v18_lambda=0.000 gpu=3.0/15.8GB
[21:20:53] [ep_summary] ep=72/100 val_live=0.9815/0.9817 val_ema=0.9815/0.9817 test77_live=0.7590/0.7468 test77_diag_ema=0.8273/0.8239 v13=0.0000 v15=0.1631 v16=0.0000 v17=0.0000 v18=0.0000 das=stage3[12,95] p=1.00 ep_time=11.1s
[21:20:53] [train] epoch 73/100 steps=40 use_dann=0 das=stage3 f=[12.0,95.0] p=1.00 gpu=3.0/15.8GB
[21:20:53] [train] ep=73 step=001/40 ce=0.2576 sc=0.6464 mi=0.0471 dn=0.0000 v13=0.0000 v15=0.2314 v16=0.0000 v17=0.0000 v18=0.0000 acc=1.0000 lr=5.76e-05 lambda=0.000 v18_lambda=0.000 gpu=3.0/15.8GB
[21:20:55] [train] ep=73 step=010/40 ce=0.2596 sc=0.6932 mi=0.0533 dn=0.0000 v13=0.0000 v15=0.1768 v16=0.0000 v17=0.0000 v18=0.0000 acc=1.0000 lr=5.67e-05 lambda=0.000 v18_lambda=0.000 gpu=3.0/15.8GB
[21:20:57] [train] ep=73 step=020/40 ce=0.3414 sc=0.8194 mi=0.0522 dn=0.0000 v13=0.0000 v15=0.2010 v16=0.0000 v17=0.0000 v18=0.0000 acc=0.9938 lr=5.58e-05 lambda=0.000 v18_lambda=0.000 gpu=3.0/15.8GB
[21:20:58] [train] ep=73 step=030/40 ce=0.3422 sc=0.8180 mi=0.0527 dn=0.0000 v13=0.0000 v15=0.2038 v16=0.0000 v17=0.0000 v18=0.0000 acc=0.9938 lr=5.48e-05 lambda=0.000 v18_lambda=0.000 gpu=3.0/15.8GB
[21:21:00] [train] ep=73 step=040/40 ce=0.3209 sc=0.7586 mi=0.0537 dn=0.0000 v13=0.0000 v15=0.1971 v16=0.0000 v17=0.0000 v18=0.0000 acc=0.9953 lr=5.39e-05 lambda=0.000 v18_lambda=0.000 gpu=3.0/15.8GB
[21:21:03] [ep_summary] ep=73/100 val_live=0.9753/0.9757 val_ema=0.9815/0.9817 test77_live=0.7626/0.7532 test77_diag_ema=0.8237/0.8199 v13=0.0000 v15=0.1971 v16=0.0000 v17=0.0000 v18=0.0000 das=stage3[12,95] p=1.00 ep_time=9.9s
[21:21:03] [train] epoch 74/100 steps=40 use_dann=0 das=stage3 f=[12.0,95.0] p=1.00 gpu=3.0/15.8GB
[21:21:03] [train] ep=74 step=001/40 ce=0.2567 sc=0.7134 mi=0.0506 dn=0.0000 v13=0.0000 v15=0.1422 v16=0.0000 v17=0.0000 v18=0.0000 acc=1.0000 lr=5.38e-05 lambda=0.000 v18_lambda=0.000 gpu=3.0/15.8GB
[21:21:05] [train] ep=74 step=010/40 ce=0.2577 sc=0.7013 mi=0.0525 dn=0.0000 v13=0.0000 v15=0.1483 v16=0.0000 v17=0.0000 v18=0.0000 acc=1.0000 lr=5.30e-05 lambda=0.000 v18_lambda=0.000 gpu=3.0/15.8GB
[21:21:07] [train] ep=74 step=020/40 ce=0.2960 sc=0.7641 mi=0.0530 dn=0.0000 v13=0.0000 v15=0.1652 v16=0.0000 v17=0.0000 v18=0.0000 acc=0.9969 lr=5.20e-05 lambda=0.000 v18_lambda=0.000 gpu=3.0/15.8GB
[21:21:08] [train] ep=74 step=030/40 ce=0.2834 sc=0.7652 mi=0.0535 dn=0.0000 v13=0.0000 v15=0.1577 v16=0.0000 v17=0.0000 v18=0.0000 acc=0.9979 lr=5.11e-05 lambda=0.000 v18_lambda=0.000 gpu=3.0/15.8GB
[21:21:10] [train] ep=74 step=040/40 ce=0.2959 sc=0.7621 mi=0.0535 dn=0.0000 v13=0.0000 v15=0.1621 v16=0.0000 v17=0.0000 v18=0.0000 acc=0.9969 lr=5.02e-05 lambda=0.000 v18_lambda=0.000 gpu=3.0/15.8GB
[21:21:13] [ep_summary] ep=74/100 val_live=0.9753/0.9756 val_ema=0.9815/0.9817 test77_live=0.7626/0.7536 test77_diag_ema=0.8237/0.8191 v13=0.0000 v15=0.1621 v16=0.0000 v17=0.0000 v18=0.0000 das=stage3[12,95] p=1.00 ep_time=10.2s
[21:21:13] [train] epoch 75/100 steps=40 use_dann=0 das=stage3 f=[12.0,95.0] p=1.00 gpu=3.0/15.8GB
[21:21:13] [train] ep=75 step=001/40 ce=0.2590 sc=1.2469 mi=0.0434 dn=0.0000 v13=0.0000 v15=0.1427 v16=0.0000 v17=0.0000 v18=0.0000 acc=1.0000 lr=5.01e-05 lambda=0.000 v18_lambda=0.000 gpu=3.0/15.8GB
[21:21:15] [train] ep=75 step=010/40 ce=0.2582 sc=0.8142 mi=0.0499 dn=0.0000 v13=0.0000 v15=0.1458 v16=0.0000 v17=0.0000 v18=0.0000 acc=1.0000 lr=4.93e-05 lambda=0.000 v18_lambda=0.000 gpu=3.0/15.8GB
[21:21:17] [train] ep=75 step=020/40 ce=0.2575 sc=0.7950 mi=0.0513 dn=0.0000 v13=0.0000 v15=0.1447 v16=0.0000 v17=0.0000 v18=0.0000 acc=1.0000 lr=4.84e-05 lambda=0.000 v18_lambda=0.000 gpu=3.0/15.8GB
[21:21:19] [train] ep=75 step=030/40 ce=0.2691 sc=0.7896 mi=0.0525 dn=0.0000 v13=0.0000 v15=0.1503 v16=0.0000 v17=0.0000 v18=0.0000 acc=1.0000 lr=4.75e-05 lambda=0.000 v18_lambda=0.000 gpu=3.0/15.8GB
[21:21:21] [train] ep=75 step=040/40 ce=0.2662 sc=0.7597 mi=0.0524 dn=0.0000 v13=0.0000 v15=0.1534 v16=0.0000 v17=0.0000 v18=0.0000 acc=1.0000 lr=4.66e-05 lambda=0.000 v18_lambda=0.000 gpu=3.0/15.8GB
[21:21:23] [ep_summary] ep=75/100 val_live=0.9753/0.9756 val_ema=0.9815/0.9817 test77_live=0.7662/0.7578 test77_diag_ema=0.8237/0.8191 v13=0.0000 v15=0.1534 v16=0.0000 v17=0.0000 v18=0.0000 das=stage3[12,95] p=1.00 ep_time=10.3s
[21:21:23] [train] epoch 76/100 steps=40 use_dann=0 das=stage3 f=[12.0,95.0] p=1.00 gpu=3.0/15.8GB
[21:21:24] [train] ep=76 step=001/40 ce=0.2562 sc=0.4171 mi=0.0528 dn=0.0000 v13=0.0000 v15=0.1414 v16=0.0000 v17=0.0000 v18=0.0000 acc=1.0000 lr=4.65e-05 lambda=0.000 v18_lambda=0.000 gpu=3.0/15.8GB
[21:21:25] [train] ep=76 step=010/40 ce=0.2568 sc=0.7575 mi=0.0516 dn=0.0000 v13=0.0000 v15=0.1865 v16=0.0000 v17=0.0000 v18=0.0000 acc=1.0000 lr=4.58e-05 lambda=0.000 v18_lambda=0.000 gpu=3.0/15.8GB
[21:21:27] [train] ep=76 step=020/40 ce=0.2568 sc=0.7178 mi=0.0546 dn=0.0000 v13=0.0000 v15=0.1676 v16=0.0000 v17=0.0000 v18=0.0000 acc=1.0000 lr=4.49e-05 lambda=0.000 v18_lambda=0.000 gpu=3.0/15.8GB
[21:21:29] [train] ep=76 step=030/40 ce=0.2571 sc=0.7342 mi=0.0532 dn=0.0000 v13=0.0000 v15=0.1675 v16=0.0000 v17=0.0000 v18=0.0000 acc=1.0000 lr=4.40e-05 lambda=0.000 v18_lambda=0.000 gpu=3.0/15.8GB
[21:21:31] [train] ep=76 step=040/40 ce=0.2571 sc=0.7328 mi=0.0534 dn=0.0000 v13=0.0000 v15=0.1751 v16=0.0000 v17=0.0000 v18=0.0000 acc=1.0000 lr=4.32e-05 lambda=0.000 v18_lambda=0.000 gpu=3.0/15.8GB
[21:21:33] [ep_summary] ep=76/100 val_live=0.9753/0.9756 val_ema=0.9815/0.9817 test77_live=0.7626/0.7540 test77_diag_ema=0.8237/0.8191 v13=0.0000 v15=0.1751 v16=0.0000 v17=0.0000 v18=0.0000 das=stage3[12,95] p=1.00 ep_time=9.9s
[21:21:33] [train] epoch 77/100 steps=40 use_dann=0 das=stage3 f=[12.0,95.0] p=1.00 gpu=3.0/15.8GB
[21:21:34] [train] ep=77 step=001/40 ce=0.2562 sc=0.6450 mi=0.0568 dn=0.0000 v13=0.0000 v15=0.1435 v16=0.0000 v17=0.0000 v18=0.0000 acc=1.0000 lr=4.31e-05 lambda=0.000 v18_lambda=0.000 gpu=3.0/15.8GB
[21:21:35] [train] ep=77 step=010/40 ce=0.2766 sc=0.7823 mi=0.0536 dn=0.0000 v13=0.0000 v15=0.1845 v16=0.0000 v17=0.0000 v18=0.0000 acc=1.0000 lr=4.23e-05 lambda=0.000 v18_lambda=0.000 gpu=3.0/15.8GB
[21:21:37] [train] ep=77 step=020/40 ce=0.2767 sc=0.7460 mi=0.0541 dn=0.0000 v13=0.0000 v15=0.1866 v16=0.0000 v17=0.0000 v18=0.0000 acc=1.0000 lr=4.15e-05 lambda=0.000 v18_lambda=0.000 gpu=3.0/15.8GB
[21:21:39] [train] ep=77 step=030/40 ce=0.3233 sc=0.8595 mi=0.0536 dn=0.0000 v13=0.0000 v15=0.2041 v16=0.0000 v17=0.0000 v18=0.0000 acc=0.9958 lr=4.06e-05 lambda=0.000 v18_lambda=0.000 gpu=3.0/15.8GB
[21:21:40] [train] ep=77 step=040/40 ce=0.3229 sc=0.8625 mi=0.0531 dn=0.0000 v13=0.0000 v15=0.2024 v16=0.0000 v17=0.0000 v18=0.0000 acc=0.9953 lr=3.98e-05 lambda=0.000 v18_lambda=0.000 gpu=3.0/15.8GB
[21:21:43] [ep_summary] ep=77/100 val_live=0.9753/0.9756 val_ema=0.9815/0.9817 test77_live=0.7986/0.7939 test77_diag_ema=0.8201/0.8151 v13=0.0000 v15=0.2024 v16=0.0000 v17=0.0000 v18=0.0000 das=stage3[12,95] p=1.00 ep_time=9.9s
[21:21:43] [train] epoch 78/100 steps=40 use_dann=0 das=stage3 f=[12.0,95.0] p=1.00 gpu=3.0/15.8GB
[21:21:43] [train] ep=78 step=001/40 ce=0.2565 sc=0.8400 mi=0.0530 dn=0.0000 v13=0.0000 v15=0.1415 v16=0.0000 v17=0.0000 v18=0.0000 acc=1.0000 lr=3.97e-05 lambda=0.000 v18_lambda=0.000 gpu=3.0/15.8GB
[21:21:45] [train] ep=78 step=010/40 ce=0.2570 sc=0.7203 mi=0.0517 dn=0.0000 v13=0.0000 v15=0.1727 v16=0.0000 v17=0.0000 v18=0.0000 acc=1.0000 lr=3.90e-05 lambda=0.000 v18_lambda=0.000 gpu=3.0/15.8GB
[21:21:47] [train] ep=78 step=020/40 ce=0.2577 sc=0.7659 mi=0.0519 dn=0.0000 v13=0.0000 v15=0.1589 v16=0.0000 v17=0.0000 v18=0.0000 acc=1.0000 lr=3.82e-05 lambda=0.000 v18_lambda=0.000 gpu=3.0/15.8GB
[21:21:49] [train] ep=78 step=030/40 ce=0.2577 sc=0.7656 mi=0.0518 dn=0.0000 v13=0.0000 v15=0.1588 v16=0.0000 v17=0.0000 v18=0.0000 acc=1.0000 lr=3.74e-05 lambda=0.000 v18_lambda=0.000 gpu=3.0/15.8GB
[21:21:50] [train] ep=78 step=040/40 ce=0.2580 sc=0.7703 mi=0.0522 dn=0.0000 v13=0.0000 v15=0.1628 v16=0.0000 v17=0.0000 v18=0.0000 acc=1.0000 lr=3.66e-05 lambda=0.000 v18_lambda=0.000 gpu=3.0/15.8GB
[21:21:53] [ep_summary] ep=78/100 val_live=0.9753/0.9756 val_ema=0.9815/0.9817 test77_live=0.7842/0.7779 test77_diag_ema=0.8201/0.8151 v13=0.0000 v15=0.1628 v16=0.0000 v17=0.0000 v18=0.0000 das=stage3[12,95] p=1.00 ep_time=9.9s
[21:21:53] [train] epoch 79/100 steps=40 use_dann=0 das=stage3 f=[12.0,95.0] p=1.00 gpu=3.0/15.8GB
[21:21:53] [train] ep=79 step=001/40 ce=0.9164 sc=1.1358 mi=0.0567 dn=0.0000 v13=0.0000 v15=0.5034 v16=0.0000 v17=0.0000 v18=0.0000 acc=0.9375 lr=3.65e-05 lambda=0.000 v18_lambda=0.000 gpu=3.0/15.8GB
[21:21:55] [train] ep=79 step=010/40 ce=0.3231 sc=0.8473 mi=0.0539 dn=0.0000 v13=0.0000 v15=0.2202 v16=0.0000 v17=0.0000 v18=0.0000 acc=0.9938 lr=3.58e-05 lambda=0.000 v18_lambda=0.000 gpu=3.0/15.8GB
[21:21:57] [train] ep=79 step=020/40 ce=0.3027 sc=0.8147 mi=0.0538 dn=0.0000 v13=0.0000 v15=0.1937 v16=0.0000 v17=0.0000 v18=0.0000 acc=0.9969 lr=3.50e-05 lambda=0.000 v18_lambda=0.000 gpu=3.0/15.8GB
[21:21:59] [train] ep=79 step=030/40 ce=0.3080 sc=0.8598 mi=0.0531 dn=0.0000 v13=0.0000 v15=0.1885 v16=0.0000 v17=0.0000 v18=0.0000 acc=0.9958 lr=3.42e-05 lambda=0.000 v18_lambda=0.000 gpu=3.0/15.8GB
[21:22:00] [train] ep=79 step=040/40 ce=0.3479 sc=0.8882 mi=0.0533 dn=0.0000 v13=0.0000 v15=0.2100 v16=0.0000 v17=0.0000 v18=0.0000 acc=0.9922 lr=3.35e-05 lambda=0.000 v18_lambda=0.000 gpu=3.0/15.8GB
[21:22:03] [ep_summary] ep=79/100 val_live=0.9753/0.9756 val_ema=0.9815/0.9817 test77_live=0.7842/0.7781 test77_diag_ema=0.8237/0.8185 v13=0.0000 v15=0.2100 v16=0.0000 v17=0.0000 v18=0.0000 das=stage3[12,95] p=1.00 ep_time=9.9s
[21:22:03] [train] epoch 80/100 steps=40 use_dann=0 das=stage3 f=[12.0,95.0] p=1.00 gpu=3.0/15.8GB
[21:22:03] [train] ep=80 step=001/40 ce=0.2576 sc=0.4334 mi=0.0633 dn=0.0000 v13=0.0000 v15=0.1418 v16=0.0000 v17=0.0000 v18=0.0000 acc=1.0000 lr=3.34e-05 lambda=0.000 v18_lambda=0.000 gpu=3.0/15.8GB
[21:22:05] [train] ep=80 step=010/40 ce=0.2598 sc=0.6483 mi=0.0553 dn=0.0000 v13=0.0000 v15=0.1791 v16=0.0000 v17=0.0000 v18=0.0000 acc=1.0000 lr=3.27e-05 lambda=0.000 v18_lambda=0.000 gpu=3.0/15.8GB
[21:22:07] [train] ep=80 step=020/40 ce=0.2583 sc=0.7184 mi=0.0540 dn=0.0000 v13=0.0000 v15=0.1801 v16=0.0000 v17=0.0000 v18=0.0000 acc=1.0000 lr=3.19e-05 lambda=0.000 v18_lambda=0.000 gpu=3.0/15.8GB
[21:22:08] [train] ep=80 step=030/40 ce=0.2661 sc=0.7167 mi=0.0537 dn=0.0000 v13=0.0000 v15=0.1801 v16=0.0000 v17=0.0000 v18=0.0000 acc=1.0000 lr=3.12e-05 lambda=0.000 v18_lambda=0.000 gpu=3.0/15.8GB
[21:22:10] [train] ep=80 step=040/40 ce=0.2916 sc=0.7801 mi=0.0544 dn=0.0000 v13=0.0000 v15=0.1930 v16=0.0000 v17=0.0000 v18=0.0000 acc=0.9969 lr=3.05e-05 lambda=0.000 v18_lambda=0.000 gpu=3.0/15.8GB
[21:22:13] [pool] check ep=080/100 source_val_acc_ema=0.9815 threshold=0.90
[21:22:14] [pool] ep=080 ADDED src_val=0.9815/0.9817 dev77=0.8071/0.8025 final77=0.8201/0.8150
[21:22:14] [pool] running best ep=070 dev77_f1=0.8042 final77_f1=0.8239 (pool_size=5)
[21:22:14] [ep_summary] ep=80/100 val_live=0.9753/0.9756 val_ema=0.9815/0.9817 test77_live=0.7734/0.7652 test77_diag_ema=0.8201/0.8150 v13=0.0000 v15=0.1930 v16=0.0000 v17=0.0000 v18=0.0000 das=stage3[12,95] p=1.00 ep_time=11.2s
[21:22:14] [strict77_monitor] ep=80 best_source_epoch=66 source_val_ema=0.9877/0.9878 test77_ema_diag=0.8129/0.8089 sourcequalified_count=80 best_sourcequalified77_epoch=70 source_val_ema=0.9815/0.9817 test77_ema=0.8273/0.8239
[21:22:14] [train] epoch 81/100 steps=40 use_dann=0 das=stage3 f=[12.0,95.0] p=1.00 gpu=3.0/15.8GB
[21:22:14] [train] ep=81 step=001/40 ce=0.2641 sc=0.8395 mi=0.0544 dn=0.0000 v13=0.0000 v15=0.2027 v16=0.0000 v17=0.0000 v18=0.0000 acc=1.0000 lr=3.04e-05 lambda=0.000 v18_lambda=0.000 gpu=3.0/15.8GB
[21:22:16] [train] ep=81 step=010/40 ce=0.2804 sc=0.7387 mi=0.0544 dn=0.0000 v13=0.0000 v15=0.1591 v16=0.0000 v17=0.0000 v18=0.0000 acc=1.0000 lr=2.97e-05 lambda=0.000 v18_lambda=0.000 gpu=3.0/15.8GB
[21:22:18] [train] ep=81 step=020/40 ce=0.2956 sc=0.8247 mi=0.0544 dn=0.0000 v13=0.0000 v15=0.1641 v16=0.0000 v17=0.0000 v18=0.0000 acc=0.9969 lr=2.90e-05 lambda=0.000 v18_lambda=0.000 gpu=3.0/15.8GB
[21:22:20] [train] ep=81 step=030/40 ce=0.3088 sc=0.8355 mi=0.0532 dn=0.0000 v13=0.0000 v15=0.1826 v16=0.0000 v17=0.0000 v18=0.0000 acc=0.9958 lr=2.83e-05 lambda=0.000 v18_lambda=0.000 gpu=3.0/15.8GB
[21:22:21] [train] ep=81 step=040/40 ce=0.2958 sc=0.7716 mi=0.0527 dn=0.0000 v13=0.0000 v15=0.1725 v16=0.0000 v17=0.0000 v18=0.0000 acc=0.9969 lr=2.76e-05 lambda=0.000 v18_lambda=0.000 gpu=3.0/15.8GB
[21:22:24] [ep_summary] ep=81/100 val_live=0.9815/0.9817 val_ema=0.9815/0.9817 test77_live=0.7518/0.7348 test77_diag_ema=0.8201/0.8150 v13=0.0000 v15=0.1725 v16=0.0000 v17=0.0000 v18=0.0000 das=stage3[12,95] p=1.00 ep_time=9.9s
[21:22:24] [train] epoch 82/100 steps=40 use_dann=0 das=stage3 f=[12.0,95.0] p=1.00 gpu=3.0/15.8GB
[21:22:24] [train] ep=82 step=001/40 ce=0.2556 sc=0.7418 mi=0.0432 dn=0.0000 v13=0.0000 v15=0.1414 v16=0.0000 v17=0.0000 v18=0.0000 acc=1.0000 lr=2.75e-05 lambda=0.000 v18_lambda=0.000 gpu=3.0/15.8GB
[21:22:26] [train] ep=82 step=010/40 ce=0.2575 sc=0.8016 mi=0.0507 dn=0.0000 v13=0.0000 v15=0.1655 v16=0.0000 v17=0.0000 v18=0.0000 acc=1.0000 lr=2.69e-05 lambda=0.000 v18_lambda=0.000 gpu=3.0/15.8GB
[21:22:28] [train] ep=82 step=020/40 ce=0.2574 sc=0.7743 mi=0.0529 dn=0.0000 v13=0.0000 v15=0.1549 v16=0.0000 v17=0.0000 v18=0.0000 acc=1.0000 lr=2.62e-05 lambda=0.000 v18_lambda=0.000 gpu=3.0/15.8GB
[21:22:29] [train] ep=82 step=030/40 ce=0.2838 sc=0.7805 mi=0.0532 dn=0.0000 v13=0.0000 v15=0.1664 v16=0.0000 v17=0.0000 v18=0.0000 acc=0.9979 lr=2.55e-05 lambda=0.000 v18_lambda=0.000 gpu=3.0/15.8GB
[21:22:31] [train] ep=82 step=040/40 ce=0.2772 sc=0.7440 mi=0.0531 dn=0.0000 v13=0.0000 v15=0.1603 v16=0.0000 v17=0.0000 v18=0.0000 acc=0.9984 lr=2.48e-05 lambda=0.000 v18_lambda=0.000 gpu=3.0/15.8GB
[21:22:34] [ep_summary] ep=82/100 val_live=0.9815/0.9817 val_ema=0.9815/0.9817 test77_live=0.7734/0.7597 test77_diag_ema=0.8201/0.8150 v13=0.0000 v15=0.1603 v16=0.0000 v17=0.0000 v18=0.0000 das=stage3[12,95] p=1.00 ep_time=9.9s
[21:22:34] [train] epoch 83/100 steps=40 use_dann=0 das=stage3 f=[12.0,95.0] p=1.00 gpu=3.0/15.8GB
[21:22:34] [train] ep=83 step=001/40 ce=0.2559 sc=0.5967 mi=0.0536 dn=0.0000 v13=0.0000 v15=0.1418 v16=0.0000 v17=0.0000 v18=0.0000 acc=1.0000 lr=2.48e-05 lambda=0.000 v18_lambda=0.000 gpu=3.0/15.8GB
[21:22:36] [train] ep=83 step=010/40 ce=0.3263 sc=0.8033 mi=0.0529 dn=0.0000 v13=0.0000 v15=0.2030 v16=0.0000 v17=0.0000 v18=0.0000 acc=0.9938 lr=2.42e-05 lambda=0.000 v18_lambda=0.000 gpu=3.0/15.8GB
[21:22:38] [train] ep=83 step=020/40 ce=0.3601 sc=0.7703 mi=0.0522 dn=0.0000 v13=0.0000 v15=0.2192 v16=0.0000 v17=0.0000 v18=0.0000 acc=0.9906 lr=2.35e-05 lambda=0.000 v18_lambda=0.000 gpu=3.0/15.8GB
[21:22:39] [train] ep=83 step=030/40 ce=0.3361 sc=0.7740 mi=0.0527 dn=0.0000 v13=0.0000 v15=0.1984 v16=0.0000 v17=0.0000 v18=0.0000 acc=0.9938 lr=2.29e-05 lambda=0.000 v18_lambda=0.000 gpu=3.0/15.8GB
[21:22:41] [train] ep=83 step=040/40 ce=0.3196 sc=0.7719 mi=0.0528 dn=0.0000 v13=0.0000 v15=0.1902 v16=0.0000 v17=0.0000 v18=0.0000 acc=0.9953 lr=2.22e-05 lambda=0.000 v18_lambda=0.000 gpu=3.0/15.8GB
[21:22:44] [ep_summary] ep=83/100 val_live=0.9877/0.9878 val_ema=0.9815/0.9817 test77_live=0.7554/0.7287 test77_diag_ema=0.8201/0.8150 v13=0.0000 v15=0.1902 v16=0.0000 v17=0.0000 v18=0.0000 das=stage3[12,95] p=1.00 ep_time=9.9s
[21:22:44] [train] epoch 84/100 steps=40 use_dann=0 das=stage3 f=[12.0,95.0] p=1.00 gpu=3.0/15.8GB
[21:22:44] [train] ep=84 step=001/40 ce=0.2647 sc=0.9689 mi=0.0556 dn=0.0000 v13=0.0000 v15=0.1443 v16=0.0000 v17=0.0000 v18=0.0000 acc=1.0000 lr=2.22e-05 lambda=0.000 v18_lambda=0.000 gpu=3.0/15.8GB
[21:22:46] [train] ep=84 step=010/40 ce=0.2576 sc=0.7196 mi=0.0492 dn=0.0000 v13=0.0000 v15=0.1420 v16=0.0000 v17=0.0000 v18=0.0000 acc=1.0000 lr=2.16e-05 lambda=0.000 v18_lambda=0.000 gpu=3.0/15.8GB
[21:22:48] [train] ep=84 step=020/40 ce=0.2573 sc=0.7132 mi=0.0498 dn=0.0000 v13=0.0000 v15=0.1459 v16=0.0000 v17=0.0000 v18=0.0000 acc=1.0000 lr=2.10e-05 lambda=0.000 v18_lambda=0.000 gpu=3.0/15.8GB
[21:22:49] [train] ep=84 step=030/40 ce=0.2573 sc=0.7633 mi=0.0506 dn=0.0000 v13=0.0000 v15=0.1537 v16=0.0000 v17=0.0000 v18=0.0000 acc=1.0000 lr=2.04e-05 lambda=0.000 v18_lambda=0.000 gpu=3.0/15.8GB
[21:22:51] [train] ep=84 step=040/40 ce=0.2572 sc=0.7624 mi=0.0516 dn=0.0000 v13=0.0000 v15=0.1556 v16=0.0000 v17=0.0000 v18=0.0000 acc=1.0000 lr=1.98e-05 lambda=0.000 v18_lambda=0.000 gpu=3.0/15.8GB
[21:22:54] [ep_summary] ep=84/100 val_live=0.9877/0.9878 val_ema=0.9815/0.9817 test77_live=0.7590/0.7346 test77_diag_ema=0.8201/0.8141 v13=0.0000 v15=0.1556 v16=0.0000 v17=0.0000 v18=0.0000 das=stage3[12,95] p=1.00 ep_time=9.9s
[21:22:54] [train] epoch 85/100 steps=40 use_dann=0 das=stage3 f=[12.0,95.0] p=1.00 gpu=3.0/15.8GB
[21:22:54] [train] ep=85 step=001/40 ce=0.2565 sc=0.5365 mi=0.0510 dn=0.0000 v13=0.0000 v15=0.1418 v16=0.0000 v17=0.0000 v18=0.0000 acc=1.0000 lr=1.97e-05 lambda=0.000 v18_lambda=0.000 gpu=3.0/15.8GB
[21:22:56] [train] ep=85 step=010/40 ce=0.2574 sc=0.7172 mi=0.0515 dn=0.0000 v13=0.0000 v15=0.1677 v16=0.0000 v17=0.0000 v18=0.0000 acc=1.0000 lr=1.92e-05 lambda=0.000 v18_lambda=0.000 gpu=3.0/15.8GB
[21:22:57] [train] ep=85 step=020/40 ce=0.2582 sc=0.7144 mi=0.0505 dn=0.0000 v13=0.0000 v15=0.1554 v16=0.0000 v17=0.0000 v18=0.0000 acc=1.0000 lr=1.86e-05 lambda=0.000 v18_lambda=0.000 gpu=3.0/15.8GB
[21:22:59] [train] ep=85 step=030/40 ce=0.2715 sc=0.7120 mi=0.0518 dn=0.0000 v13=0.0000 v15=0.1617 v16=0.0000 v17=0.0000 v18=0.0000 acc=0.9979 lr=1.80e-05 lambda=0.000 v18_lambda=0.000 gpu=3.0/15.8GB
[21:23:01] [train] ep=85 step=040/40 ce=0.3004 sc=0.7254 mi=0.0517 dn=0.0000 v13=0.0000 v15=0.1757 v16=0.0000 v17=0.0000 v18=0.0000 acc=0.9953 lr=1.74e-05 lambda=0.000 v18_lambda=0.000 gpu=3.0/15.8GB
[21:23:04] [ep_summary] ep=85/100 val_live=0.9877/0.9878 val_ema=0.9815/0.9817 test77_live=0.7770/0.7653 test77_diag_ema=0.8165/0.8113 v13=0.0000 v15=0.1757 v16=0.0000 v17=0.0000 v18=0.0000 das=stage3[12,95] p=1.00 ep_time=9.9s
[21:23:04] [train] epoch 86/100 steps=40 use_dann=0 das=stage3 f=[12.0,95.0] p=1.00 gpu=3.0/15.8GB
[21:23:04] [train] ep=86 step=001/40 ce=0.2568 sc=0.2757 mi=0.0476 dn=0.0000 v13=0.0000 v15=0.1414 v16=0.0000 v17=0.0000 v18=0.0000 acc=1.0000 lr=1.74e-05 lambda=0.000 v18_lambda=0.000 gpu=3.0/15.8GB
[21:23:06] [train] ep=86 step=010/40 ce=0.2567 sc=0.5686 mi=0.0520 dn=0.0000 v13=0.0000 v15=0.1595 v16=0.0000 v17=0.0000 v18=0.0000 acc=1.0000 lr=1.68e-05 lambda=0.000 v18_lambda=0.000 gpu=3.0/15.8GB
[21:23:07] [train] ep=86 step=020/40 ce=0.2957 sc=0.7530 mi=0.0526 dn=0.0000 v13=0.0000 v15=0.1698 v16=0.0000 v17=0.0000 v18=0.0000 acc=0.9969 lr=1.63e-05 lambda=0.000 v18_lambda=0.000 gpu=3.0/15.8GB
[21:23:09] [train] ep=86 step=030/40 ce=0.2828 sc=0.7541 mi=0.0528 dn=0.0000 v13=0.0000 v15=0.1668 v16=0.0000 v17=0.0000 v18=0.0000 acc=0.9979 lr=1.57e-05 lambda=0.000 v18_lambda=0.000 gpu=3.0/15.8GB
[21:23:11] [train] ep=86 step=040/40 ce=0.2765 sc=0.7441 mi=0.0528 dn=0.0000 v13=0.0000 v15=0.1608 v16=0.0000 v17=0.0000 v18=0.0000 acc=0.9984 lr=1.52e-05 lambda=0.000 v18_lambda=0.000 gpu=3.0/15.8GB
[21:23:14] [ep_summary] ep=86/100 val_live=0.9877/0.9878 val_ema=0.9815/0.9817 test77_live=0.7842/0.7740 test77_diag_ema=0.8094/0.8038 v13=0.0000 v15=0.1608 v16=0.0000 v17=0.0000 v18=0.0000 das=stage3[12,95] p=1.00 ep_time=9.9s
[21:23:14] [train] epoch 87/100 steps=40 use_dann=0 das=stage3 f=[12.0,95.0] p=1.00 gpu=3.0/15.8GB
[21:23:14] [train] ep=87 step=001/40 ce=0.2576 sc=0.7499 mi=0.0443 dn=0.0000 v13=0.0000 v15=0.1425 v16=0.0000 v17=0.0000 v18=0.0000 acc=1.0000 lr=1.52e-05 lambda=0.000 v18_lambda=0.000 gpu=3.0/15.8GB
[21:23:15] [train] ep=87 step=010/40 ce=0.2563 sc=0.7880 mi=0.0535 dn=0.0000 v13=0.0000 v15=0.1469 v16=0.0000 v17=0.0000 v18=0.0000 acc=1.0000 lr=1.47e-05 lambda=0.000 v18_lambda=0.000 gpu=3.0/15.8GB
[21:23:17] [train] ep=87 step=020/40 ce=0.2579 sc=0.7500 mi=0.0523 dn=0.0000 v13=0.0000 v15=0.1477 v16=0.0000 v17=0.0000 v18=0.0000 acc=1.0000 lr=1.42e-05 lambda=0.000 v18_lambda=0.000 gpu=3.0/15.8GB
[21:23:19] [train] ep=87 step=030/40 ce=0.2596 sc=0.7490 mi=0.0523 dn=0.0000 v13=0.0000 v15=0.1554 v16=0.0000 v17=0.0000 v18=0.0000 acc=1.0000 lr=1.37e-05 lambda=0.000 v18_lambda=0.000 gpu=3.0/15.8GB
[21:23:21] [train] ep=87 step=040/40 ce=0.2811 sc=0.7902 mi=0.0524 dn=0.0000 v13=0.0000 v15=0.1649 v16=0.0000 v17=0.0000 v18=0.0000 acc=0.9984 lr=1.31e-05 lambda=0.000 v18_lambda=0.000 gpu=3.0/15.8GB
[21:23:23] [ep_summary] ep=87/100 val_live=0.9877/0.9878 val_ema=0.9815/0.9817 test77_live=0.7878/0.7774 test77_diag_ema=0.8165/0.8113 v13=0.0000 v15=0.1649 v16=0.0000 v17=0.0000 v18=0.0000 das=stage3[12,95] p=1.00 ep_time=9.9s
[21:23:23] [train] epoch 88/100 steps=40 use_dann=0 das=stage3 f=[12.0,95.0] p=1.00 gpu=3.0/15.8GB
[21:23:24] [train] ep=88 step=001/40 ce=0.2563 sc=1.0690 mi=0.0530 dn=0.0000 v13=0.0000 v15=0.1449 v16=0.0000 v17=0.0000 v18=0.0000 acc=1.0000 lr=1.31e-05 lambda=0.000 v18_lambda=0.000 gpu=3.0/15.8GB
[21:23:25] [train] ep=88 step=010/40 ce=0.2571 sc=0.7439 mi=0.0548 dn=0.0000 v13=0.0000 v15=0.1473 v16=0.0000 v17=0.0000 v18=0.0000 acc=1.0000 lr=1.27e-05 lambda=0.000 v18_lambda=0.000 gpu=3.0/15.8GB
[21:23:27] [train] ep=88 step=020/40 ce=0.2570 sc=0.7671 mi=0.0527 dn=0.0000 v13=0.0000 v15=0.1485 v16=0.0000 v17=0.0000 v18=0.0000 acc=1.0000 lr=1.22e-05 lambda=0.000 v18_lambda=0.000 gpu=3.0/15.8GB
[21:23:29] [train] ep=88 step=030/40 ce=0.2579 sc=0.7460 mi=0.0526 dn=0.0000 v13=0.0000 v15=0.1487 v16=0.0000 v17=0.0000 v18=0.0000 acc=1.0000 lr=1.17e-05 lambda=0.000 v18_lambda=0.000 gpu=3.0/15.8GB
[21:23:31] [train] ep=88 step=040/40 ce=0.2575 sc=0.7406 mi=0.0523 dn=0.0000 v13=0.0000 v15=0.1496 v16=0.0000 v17=0.0000 v18=0.0000 acc=1.0000 lr=1.12e-05 lambda=0.000 v18_lambda=0.000 gpu=3.0/15.8GB
[21:23:33] [ep_summary] ep=88/100 val_live=0.9877/0.9878 val_ema=0.9815/0.9817 test77_live=0.7914/0.7821 test77_diag_ema=0.8129/0.8077 v13=0.0000 v15=0.1496 v16=0.0000 v17=0.0000 v18=0.0000 das=stage3[12,95] p=1.00 ep_time=9.9s
[21:23:33] [train] epoch 89/100 steps=40 use_dann=0 das=stage3 f=[12.0,95.0] p=1.00 gpu=3.0/15.8GB
[21:23:34] [train] ep=89 step=001/40 ce=0.2598 sc=0.7634 mi=0.0460 dn=0.0000 v13=0.0000 v15=0.2781 v16=0.0000 v17=0.0000 v18=0.0000 acc=1.0000 lr=1.12e-05 lambda=0.000 v18_lambda=0.000 gpu=3.0/15.8GB
[21:23:35] [train] ep=89 step=010/40 ce=0.2788 sc=0.7778 mi=0.0521 dn=0.0000 v13=0.0000 v15=0.1726 v16=0.0000 v17=0.0000 v18=0.0000 acc=1.0000 lr=1.08e-05 lambda=0.000 v18_lambda=0.000 gpu=3.0/15.8GB
[21:23:37] [train] ep=89 step=020/40 ce=0.2679 sc=0.7700 mi=0.0531 dn=0.0000 v13=0.0000 v15=0.1713 v16=0.0000 v17=0.0000 v18=0.0000 acc=1.0000 lr=1.03e-05 lambda=0.000 v18_lambda=0.000 gpu=3.0/15.8GB
[21:23:39] [train] ep=89 step=030/40 ce=0.2648 sc=0.7704 mi=0.0533 dn=0.0000 v13=0.0000 v15=0.1671 v16=0.0000 v17=0.0000 v18=0.0000 acc=1.0000 lr=9.89e-06 lambda=0.000 v18_lambda=0.000 gpu=3.0/15.8GB
[21:23:41] [train] ep=89 step=040/40 ce=0.2687 sc=0.7762 mi=0.0535 dn=0.0000 v13=0.0000 v15=0.1635 v16=0.0000 v17=0.0000 v18=0.0000 acc=1.0000 lr=9.46e-06 lambda=0.000 v18_lambda=0.000 gpu=3.0/15.8GB
[21:23:44] [ep_summary] ep=89/100 val_live=0.9877/0.9878 val_ema=0.9815/0.9817 test77_live=0.7950/0.7873 test77_diag_ema=0.8129/0.8077 v13=0.0000 v15=0.1635 v16=0.0000 v17=0.0000 v18=0.0000 das=stage3[12,95] p=1.00 ep_time=10.4s
[21:23:44] [train] epoch 90/100 steps=40 use_dann=0 das=stage3 f=[12.0,95.0] p=1.00 gpu=3.0/15.8GB
[21:23:44] [train] ep=90 step=001/40 ce=0.2563 sc=0.9279 mi=0.0560 dn=0.0000 v13=0.0000 v15=0.1416 v16=0.0000 v17=0.0000 v18=0.0000 acc=1.0000 lr=9.42e-06 lambda=0.000 v18_lambda=0.000 gpu=3.0/15.8GB
[21:23:46] [train] ep=90 step=010/40 ce=0.2888 sc=0.8048 mi=0.0531 dn=0.0000 v13=0.0000 v15=0.1743 v16=0.0000 v17=0.0000 v18=0.0000 acc=1.0000 lr=9.04e-06 lambda=0.000 v18_lambda=0.000 gpu=3.0/15.8GB
[21:23:48] [train] ep=90 step=020/40 ce=0.2728 sc=0.7882 mi=0.0537 dn=0.0000 v13=0.0000 v15=0.1582 v16=0.0000 v17=0.0000 v18=0.0000 acc=1.0000 lr=8.63e-06 lambda=0.000 v18_lambda=0.000 gpu=3.0/15.8GB
[21:23:50] [train] ep=90 step=030/40 ce=0.3025 sc=0.7970 mi=0.0543 dn=0.0000 v13=0.0000 v15=0.1695 v16=0.0000 v17=0.0000 v18=0.0000 acc=0.9979 lr=8.23e-06 lambda=0.000 v18_lambda=0.000 gpu=3.0/15.8GB
[21:23:52] [train] ep=90 step=040/40 ce=0.2922 sc=0.7942 mi=0.0539 dn=0.0000 v13=0.0000 v15=0.1677 v16=0.0000 v17=0.0000 v18=0.0000 acc=0.9984 lr=7.84e-06 lambda=0.000 v18_lambda=0.000 gpu=3.0/15.8GB
[21:23:54] [pool] check ep=090/100 source_val_acc_ema=0.9815 threshold=0.90
[21:23:56] [pool] ep=090 ADDED src_val=0.9815/0.9817 dev77=0.7929/0.7860 final77=0.8058/0.7993
[21:23:56] [pool] running best ep=070 dev77_f1=0.8042 final77_f1=0.8239 (pool_size=6)
[21:23:56] [ep_summary] ep=90/100 val_live=0.9877/0.9878 val_ema=0.9815/0.9817 test77_live=0.7914/0.7839 test77_diag_ema=0.8058/0.7993 v13=0.0000 v15=0.1677 v16=0.0000 v17=0.0000 v18=0.0000 das=stage3[12,95] p=1.00 ep_time=12.0s
[21:23:56] [strict77_monitor] ep=90 best_source_epoch=66 source_val_ema=0.9877/0.9878 test77_ema_diag=0.8129/0.8089 sourcequalified_count=90 best_sourcequalified77_epoch=70 source_val_ema=0.9815/0.9817 test77_ema=0.8273/0.8239
[21:23:56] [train] epoch 91/100 steps=40 use_dann=0 das=stage3 f=[12.0,95.0] p=1.00 gpu=3.0/15.8GB
[21:23:56] [train] ep=91 step=001/40 ce=0.2570 sc=1.3141 mi=0.0526 dn=0.0000 v13=0.0000 v15=0.1441 v16=0.0000 v17=0.0000 v18=0.0000 acc=1.0000 lr=7.80e-06 lambda=0.000 v18_lambda=0.000 gpu=3.0/15.8GB
[21:23:58] [train] ep=91 step=010/40 ce=0.3148 sc=0.8772 mi=0.0531 dn=0.0000 v13=0.0000 v15=0.1692 v16=0.0000 v17=0.0000 v18=0.0000 acc=0.9938 lr=7.45e-06 lambda=0.000 v18_lambda=0.000 gpu=3.0/15.8GB
[21:24:00] [train] ep=91 step=020/40 ce=0.2886 sc=0.8124 mi=0.0529 dn=0.0000 v13=0.0000 v15=0.1569 v16=0.0000 v17=0.0000 v18=0.0000 acc=0.9969 lr=7.08e-06 lambda=0.000 v18_lambda=0.000 gpu=3.0/15.8GB
[21:24:02] [train] ep=91 step=030/40 ce=0.2846 sc=0.8105 mi=0.0509 dn=0.0000 v13=0.0000 v15=0.1615 v16=0.0000 v17=0.0000 v18=0.0000 acc=0.9979 lr=6.72e-06 lambda=0.000 v18_lambda=0.000 gpu=3.0/15.8GB
[21:24:05] [train] ep=91 step=040/40 ce=0.2776 sc=0.8001 mi=0.0516 dn=0.0000 v13=0.0000 v15=0.1596 v16=0.0000 v17=0.0000 v18=0.0000 acc=0.9984 lr=6.36e-06 lambda=0.000 v18_lambda=0.000 gpu=3.0/15.8GB
[21:24:07] [ep_summary] ep=91/100 val_live=0.9877/0.9878 val_ema=0.9815/0.9817 test77_live=0.7878/0.7800 test77_diag_ema=0.8129/0.8067 v13=0.0000 v15=0.1596 v16=0.0000 v17=0.0000 v18=0.0000 das=stage3[12,95] p=1.00 ep_time=11.8s
[21:24:08] [train] epoch 92/100 steps=40 use_dann=0 das=stage3 f=[12.0,95.0] p=1.00 gpu=3.0/15.8GB
[21:24:08] [train] ep=92 step=001/40 ce=0.2558 sc=1.0615 mi=0.0554 dn=0.0000 v13=0.0000 v15=0.1413 v16=0.0000 v17=0.0000 v18=0.0000 acc=1.0000 lr=6.33e-06 lambda=0.000 v18_lambda=0.000 gpu=3.0/15.8GB
[21:24:13] [train] ep=92 step=010/40 ce=0.2574 sc=0.7824 mi=0.0553 dn=0.0000 v13=0.0000 v15=0.1489 v16=0.0000 v17=0.0000 v18=0.0000 acc=1.0000 lr=6.02e-06 lambda=0.000 v18_lambda=0.000 gpu=3.0/15.8GB
[21:24:17] [train] ep=92 step=020/40 ce=0.2738 sc=0.7369 mi=0.0535 dn=0.0000 v13=0.0000 v15=0.1592 v16=0.0000 v17=0.0000 v18=0.0000 acc=1.0000 lr=5.68e-06 lambda=0.000 v18_lambda=0.000 gpu=3.0/15.8GB
[21:24:22] [train] ep=92 step=030/40 ce=0.2680 sc=0.7500 mi=0.0535 dn=0.0000 v13=0.0000 v15=0.1546 v16=0.0000 v17=0.0000 v18=0.0000 acc=1.0000 lr=5.35e-06 lambda=0.000 v18_lambda=0.000 gpu=3.0/15.8GB
[21:24:27] [train] ep=92 step=040/40 ce=0.2655 sc=0.7498 mi=0.0529 dn=0.0000 v13=0.0000 v15=0.1565 v16=0.0000 v17=0.0000 v18=0.0000 acc=1.0000 lr=5.04e-06 lambda=0.000 v18_lambda=0.000 gpu=3.0/15.8GB
[21:24:30] [ep_summary] ep=92/100 val_live=0.9877/0.9878 val_ema=0.9815/0.9817 test77_live=0.7878/0.7800 test77_diag_ema=0.8058/0.7992 v13=0.0000 v15=0.1565 v16=0.0000 v17=0.0000 v18=0.0000 das=stage3[12,95] p=1.00 ep_time=22.7s
[21:24:30] [train] epoch 93/100 steps=40 use_dann=0 das=stage3 f=[12.0,95.0] p=1.00 gpu=3.0/15.8GB
[21:24:31] [train] ep=93 step=001/40 ce=0.2560 sc=0.9923 mi=0.0551 dn=0.0000 v13=0.0000 v15=0.1415 v16=0.0000 v17=0.0000 v18=0.0000 acc=1.0000 lr=5.01e-06 lambda=0.000 v18_lambda=0.000 gpu=3.0/15.8GB
[21:24:35] [train] ep=93 step=010/40 ce=0.2568 sc=0.8985 mi=0.0557 dn=0.0000 v13=0.0000 v15=0.1545 v16=0.0000 v17=0.0000 v18=0.0000 acc=1.0000 lr=4.73e-06 lambda=0.000 v18_lambda=0.000 gpu=3.0/15.8GB
[21:24:41] [train] ep=93 step=020/40 ce=0.2565 sc=0.8411 mi=0.0538 dn=0.0000 v13=0.0000 v15=0.1641 v16=0.0000 v17=0.0000 v18=0.0000 acc=1.0000 lr=4.43e-06 lambda=0.000 v18_lambda=0.000 gpu=3.0/15.8GB
[21:24:46] [train] ep=93 step=030/40 ce=0.2564 sc=0.7967 mi=0.0528 dn=0.0000 v13=0.0000 v15=0.1566 v16=0.0000 v17=0.0000 v18=0.0000 acc=1.0000 lr=4.14e-06 lambda=0.000 v18_lambda=0.000 gpu=3.0/15.8GB
[21:24:51] [train] ep=93 step=040/40 ce=0.2814 sc=0.8046 mi=0.0527 dn=0.0000 v13=0.0000 v15=0.1663 v16=0.0000 v17=0.0000 v18=0.0000 acc=0.9984 lr=3.87e-06 lambda=0.000 v18_lambda=0.000 gpu=3.0/15.8GB
[21:24:54] [ep_summary] ep=93/100 val_live=0.9815/0.9817 val_ema=0.9815/0.9817 test77_live=0.7914/0.7834 test77_diag_ema=0.8094/0.8027 v13=0.0000 v15=0.1663 v16=0.0000 v17=0.0000 v18=0.0000 das=stage3[12,95] p=1.00 ep_time=23.4s
[21:24:54] [train] epoch 94/100 steps=40 use_dann=0 das=stage3 f=[12.0,95.0] p=1.00 gpu=3.0/15.8GB
[21:24:54] [train] ep=94 step=001/40 ce=0.2560 sc=0.8553 mi=0.0507 dn=0.0000 v13=0.0000 v15=0.3147 v16=0.0000 v17=0.0000 v18=0.0000 acc=1.0000 lr=3.84e-06 lambda=0.000 v18_lambda=0.000 gpu=3.0/15.8GB
[21:24:59] [train] ep=94 step=010/40 ce=0.2988 sc=0.7498 mi=0.0524 dn=0.0000 v13=0.0000 v15=0.1980 v16=0.0000 v17=0.0000 v18=0.0000 acc=0.9938 lr=3.60e-06 lambda=0.000 v18_lambda=0.000 gpu=3.0/15.8GB
[21:25:04] [train] ep=94 step=020/40 ce=0.3143 sc=0.7900 mi=0.0527 dn=0.0000 v13=0.0000 v15=0.1938 v16=0.0000 v17=0.0000 v18=0.0000 acc=0.9938 lr=3.34e-06 lambda=0.000 v18_lambda=0.000 gpu=3.0/15.8GB
[21:25:09] [train] ep=94 step=030/40 ce=0.3194 sc=0.7600 mi=0.0525 dn=0.0000 v13=0.0000 v15=0.1918 v16=0.0000 v17=0.0000 v18=0.0000 acc=0.9938 lr=3.09e-06 lambda=0.000 v18_lambda=0.000 gpu=3.0/15.8GB
[21:25:14] [train] ep=94 step=040/40 ce=0.3039 sc=0.7794 mi=0.0529 dn=0.0000 v13=0.0000 v15=0.1836 v16=0.0000 v17=0.0000 v18=0.0000 acc=0.9953 lr=2.85e-06 lambda=0.000 v18_lambda=0.000 gpu=3.0/15.8GB
[21:25:17] [ep_summary] ep=94/100 val_live=0.9877/0.9878 val_ema=0.9815/0.9817 test77_live=0.7914/0.7831 test77_diag_ema=0.8058/0.7992 v13=0.0000 v15=0.1836 v16=0.0000 v17=0.0000 v18=0.0000 das=stage3[12,95] p=1.00 ep_time=23.1s
[21:25:17] [train] epoch 95/100 steps=40 use_dann=0 das=stage3 f=[12.0,95.0] p=1.00 gpu=3.0/15.8GB
[21:25:17] [train] ep=95 step=001/40 ce=0.2561 sc=0.8575 mi=0.0436 dn=0.0000 v13=0.0000 v15=0.1416 v16=0.0000 v17=0.0000 v18=0.0000 acc=1.0000 lr=2.82e-06 lambda=0.000 v18_lambda=0.000 gpu=3.0/15.8GB
[21:25:19] [train] ep=95 step=010/40 ce=0.2567 sc=0.7600 mi=0.0513 dn=0.0000 v13=0.0000 v15=0.1614 v16=0.0000 v17=0.0000 v18=0.0000 acc=1.0000 lr=2.62e-06 lambda=0.000 v18_lambda=0.000 gpu=3.0/15.8GB
[21:25:21] [train] ep=95 step=020/40 ce=0.2569 sc=0.7344 mi=0.0515 dn=0.0000 v13=0.0000 v15=0.1553 v16=0.0000 v17=0.0000 v18=0.0000 acc=1.0000 lr=2.40e-06 lambda=0.000 v18_lambda=0.000 gpu=3.0/15.8GB
[21:25:22] [train] ep=95 step=030/40 ce=0.2809 sc=0.7191 mi=0.0517 dn=0.0000 v13=0.0000 v15=0.1653 v16=0.0000 v17=0.0000 v18=0.0000 acc=0.9979 lr=2.18e-06 lambda=0.000 v18_lambda=0.000 gpu=3.0/15.8GB
[21:25:24] [train] ep=95 step=040/40 ce=0.3007 sc=0.7732 mi=0.0520 dn=0.0000 v13=0.0000 v15=0.1715 v16=0.0000 v17=0.0000 v18=0.0000 acc=0.9969 lr=1.98e-06 lambda=0.000 v18_lambda=0.000 gpu=3.0/15.8GB
[21:25:27] [ep_summary] ep=95/100 val_live=0.9877/0.9878 val_ema=0.9815/0.9817 test77_live=0.7914/0.7836 test77_diag_ema=0.8022/0.7957 v13=0.0000 v15=0.1715 v16=0.0000 v17=0.0000 v18=0.0000 das=stage3[12,95] p=1.00 ep_time=10.2s
[21:25:27] [train] epoch 96/100 steps=40 use_dann=0 das=stage3 f=[12.0,95.0] p=1.00 gpu=3.0/15.8GB
[21:25:27] [train] ep=96 step=001/40 ce=0.2568 sc=0.7270 mi=0.0539 dn=0.0000 v13=0.0000 v15=0.1420 v16=0.0000 v17=0.0000 v18=0.0000 acc=1.0000 lr=1.96e-06 lambda=0.000 v18_lambda=0.000 gpu=3.0/15.8GB
[21:25:29] [train] ep=96 step=010/40 ce=0.2564 sc=0.7795 mi=0.0486 dn=0.0000 v13=0.0000 v15=0.1419 v16=0.0000 v17=0.0000 v18=0.0000 acc=1.0000 lr=1.79e-06 lambda=0.000 v18_lambda=0.000 gpu=3.0/15.8GB
[21:25:31] [train] ep=96 step=020/40 ce=0.2670 sc=0.8053 mi=0.0500 dn=0.0000 v13=0.0000 v15=0.1557 v16=0.0000 v17=0.0000 v18=0.0000 acc=1.0000 lr=1.61e-06 lambda=0.000 v18_lambda=0.000 gpu=3.0/15.8GB
[21:25:33] [train] ep=96 step=030/40 ce=0.2783 sc=0.7957 mi=0.0503 dn=0.0000 v13=0.0000 v15=0.1648 v16=0.0000 v17=0.0000 v18=0.0000 acc=0.9979 lr=1.44e-06 lambda=0.000 v18_lambda=0.000 gpu=3.0/15.8GB
[21:25:34] [train] ep=96 step=040/40 ce=0.2876 sc=0.8125 mi=0.0507 dn=0.0000 v13=0.0000 v15=0.1683 v16=0.0000 v17=0.0000 v18=0.0000 acc=0.9984 lr=1.27e-06 lambda=0.000 v18_lambda=0.000 gpu=3.0/15.8GB
[21:25:37] [ep_summary] ep=96/100 val_live=0.9877/0.9878 val_ema=0.9815/0.9817 test77_live=0.7914/0.7836 test77_diag_ema=0.8022/0.7960 v13=0.0000 v15=0.1683 v16=0.0000 v17=0.0000 v18=0.0000 das=stage3[12,95] p=1.00 ep_time=10.2s
[21:25:37] [train] epoch 97/100 steps=40 use_dann=0 das=stage3 f=[12.0,95.0] p=1.00 gpu=3.0/15.8GB
[21:25:37] [train] ep=97 step=001/40 ce=0.2560 sc=0.9039 mi=0.0515 dn=0.0000 v13=0.0000 v15=0.1414 v16=0.0000 v17=0.0000 v18=0.0000 acc=1.0000 lr=1.26e-06 lambda=0.000 v18_lambda=0.000 gpu=3.0/15.8GB
[21:25:39] [train] ep=97 step=010/40 ce=0.3012 sc=0.8440 mi=0.0530 dn=0.0000 v13=0.0000 v15=0.1981 v16=0.0000 v17=0.0000 v18=0.0000 acc=0.9938 lr=1.12e-06 lambda=0.000 v18_lambda=0.000 gpu=3.0/15.8GB
[21:25:41] [train] ep=97 step=020/40 ce=0.3123 sc=0.8562 mi=0.0523 dn=0.0000 v13=0.0000 v15=0.1865 v16=0.0000 v17=0.0000 v18=0.0000 acc=0.9938 lr=9.76e-07 lambda=0.000 v18_lambda=0.000 gpu=3.0/15.8GB
[21:25:43] [train] ep=97 step=030/40 ce=0.3066 sc=0.8225 mi=0.0519 dn=0.0000 v13=0.0000 v15=0.1846 v16=0.0000 v17=0.0000 v18=0.0000 acc=0.9958 lr=8.43e-07 lambda=0.000 v18_lambda=0.000 gpu=3.0/15.8GB
[21:25:44] [train] ep=97 step=040/40 ce=0.2957 sc=0.8106 mi=0.0524 dn=0.0000 v13=0.0000 v15=0.1749 v16=0.0000 v17=0.0000 v18=0.0000 acc=0.9969 lr=7.19e-07 lambda=0.000 v18_lambda=0.000 gpu=3.0/15.8GB
[21:25:47] [ep_summary] ep=97/100 val_live=0.9815/0.9817 val_ema=0.9815/0.9817 test77_live=0.7878/0.7792 test77_diag_ema=0.7986/0.7921 v13=0.0000 v15=0.1749 v16=0.0000 v17=0.0000 v18=0.0000 das=stage3[12,95] p=1.00 ep_time=10.0s
[21:25:47] [train] epoch 98/100 steps=40 use_dann=0 das=stage3 f=[12.0,95.0] p=1.00 gpu=3.0/15.8GB
[21:25:47] [train] ep=98 step=001/40 ce=0.2582 sc=0.5523 mi=0.0464 dn=0.0000 v13=0.0000 v15=0.1440 v16=0.0000 v17=0.0000 v18=0.0000 acc=1.0000 lr=7.07e-07 lambda=0.000 v18_lambda=0.000 gpu=3.0/15.8GB
[21:25:49] [train] ep=98 step=010/40 ce=0.2909 sc=0.7917 mi=0.0509 dn=0.0000 v13=0.0000 v15=0.1584 v16=0.0000 v17=0.0000 v18=0.0000 acc=1.0000 lr=6.05e-07 lambda=0.000 v18_lambda=0.000 gpu=3.0/15.8GB
[21:25:51] [train] ep=98 step=020/40 ce=0.2798 sc=0.7326 mi=0.0506 dn=0.0000 v13=0.0000 v15=0.1529 v16=0.0000 v17=0.0000 v18=0.0000 acc=1.0000 lr=5.01e-07 lambda=0.000 v18_lambda=0.000 gpu=3.0/15.8GB
[21:25:53] [train] ep=98 step=030/40 ce=0.2797 sc=0.7641 mi=0.0512 dn=0.0000 v13=0.0000 v15=0.1596 v16=0.0000 v17=0.0000 v18=0.0000 acc=1.0000 lr=4.07e-07 lambda=0.000 v18_lambda=0.000 gpu=3.0/15.8GB
[21:25:55] [train] ep=98 step=040/40 ce=0.3003 sc=0.7426 mi=0.0512 dn=0.0000 v13=0.0000 v15=0.1684 v16=0.0000 v17=0.0000 v18=0.0000 acc=0.9969 lr=3.22e-07 lambda=0.000 v18_lambda=0.000 gpu=3.0/15.8GB
[21:25:57] [ep_summary] ep=98/100 val_live=0.9815/0.9817 val_ema=0.9815/0.9817 test77_live=0.7878/0.7792 test77_diag_ema=0.7986/0.7918 v13=0.0000 v15=0.1684 v16=0.0000 v17=0.0000 v18=0.0000 das=stage3[12,95] p=1.00 ep_time=10.0s
[21:25:57] [train] epoch 99/100 steps=40 use_dann=0 das=stage3 f=[12.0,95.0] p=1.00 gpu=3.0/15.8GB
[21:25:57] [train] ep=99 step=001/40 ce=0.2572 sc=0.7258 mi=0.0489 dn=0.0000 v13=0.0000 v15=0.1415 v16=0.0000 v17=0.0000 v18=0.0000 acc=1.0000 lr=3.15e-07 lambda=0.000 v18_lambda=0.000 gpu=3.0/15.8GB
[21:25:59] [train] ep=99 step=010/40 ce=0.3510 sc=0.7259 mi=0.0529 dn=0.0000 v13=0.0000 v15=0.1970 v16=0.0000 v17=0.0000 v18=0.0000 acc=0.9938 lr=2.48e-07 lambda=0.000 v18_lambda=0.000 gpu=3.0/15.8GB
[21:26:01] [train] ep=99 step=020/40 ce=0.3044 sc=0.6910 mi=0.0525 dn=0.0000 v13=0.0000 v15=0.1848 v16=0.0000 v17=0.0000 v18=0.0000 acc=0.9969 lr=1.83e-07 lambda=0.000 v18_lambda=0.000 gpu=3.0/15.8GB
[21:26:03] [train] ep=99 step=030/40 ce=0.2885 sc=0.6732 mi=0.0530 dn=0.0000 v13=0.0000 v15=0.1746 v16=0.0000 v17=0.0000 v18=0.0000 acc=0.9979 lr=1.28e-07 lambda=0.000 v18_lambda=0.000 gpu=3.0/15.8GB
[21:26:05] [train] ep=99 step=040/40 ce=0.3051 sc=0.7150 mi=0.0534 dn=0.0000 v13=0.0000 v15=0.1815 v16=0.0000 v17=0.0000 v18=0.0000 acc=0.9953 lr=8.26e-08 lambda=0.000 v18_lambda=0.000 gpu=3.0/15.8GB
[21:26:08] [ep_summary] ep=99/100 val_live=0.9815/0.9817 val_ema=0.9815/0.9817 test77_live=0.7878/0.7792 test77_diag_ema=0.7914/0.7827 v13=0.0000 v15=0.1815 v16=0.0000 v17=0.0000 v18=0.0000 das=stage3[12,95] p=1.00 ep_time=10.4s
[21:26:08] [train] epoch 100/100 steps=40 use_dann=0 das=stage3 f=[12.0,95.0] p=1.00 gpu=3.0/15.8GB
[21:26:08] [train] ep=100 step=001/40 ce=0.2565 sc=0.6126 mi=0.0495 dn=0.0000 v13=0.0000 v15=0.1412 v16=0.0000 v17=0.0000 v18=0.0000 acc=1.0000 lr=7.87e-08 lambda=0.000 v18_lambda=0.000 gpu=3.0/15.8GB
[21:26:10] [train] ep=100 step=010/40 ce=0.2907 sc=0.7371 mi=0.0534 dn=0.0000 v13=0.0000 v15=0.1793 v16=0.0000 v17=0.0000 v18=0.0000 acc=1.0000 lr=4.72e-08 lambda=0.000 v18_lambda=0.000 gpu=3.0/15.8GB
[21:26:12] [train] ep=100 step=020/40 ce=0.2878 sc=0.7730 mi=0.0532 dn=0.0000 v13=0.0000 v15=0.1840 v16=0.0000 v17=0.0000 v18=0.0000 acc=1.0000 lr=2.17e-08 lambda=0.000 v18_lambda=0.000 gpu=3.0/15.8GB
[21:26:14] [train] ep=100 step=030/40 ce=0.2791 sc=0.7773 mi=0.0539 dn=0.0000 v13=0.0000 v15=0.1732 v16=0.0000 v17=0.0000 v18=0.0000 acc=1.0000 lr=5.95e-09 lambda=0.000 v18_lambda=0.000 gpu=3.0/15.8GB
[21:26:16] [train] ep=100 step=040/40 ce=0.3041 sc=0.7825 mi=0.0540 dn=0.0000 v13=0.0000 v15=0.1800 v16=0.0000 v17=0.0000 v18=0.0000 acc=0.9984 lr=4.92e-11 lambda=0.000 v18_lambda=0.000 gpu=3.0/15.8GB
[21:26:18] [pool] check ep=100/100 source_val_acc_ema=0.9815 threshold=0.90
[21:26:20] [pool] ep=100 ADDED src_val=0.9815/0.9817 dev77=0.7929/0.7832 final77=0.7914/0.7827
[21:26:20] [pool] running best ep=070 dev77_f1=0.8042 final77_f1=0.8239 (pool_size=7)
[21:26:20] [ep_summary] ep=100/100 val_live=0.9877/0.9878 val_ema=0.9815/0.9817 test77_live=0.7878/0.7792 test77_diag_ema=0.7914/0.7827 v13=0.0000 v15=0.1800 v16=0.0000 v17=0.0000 v18=0.0000 das=stage3[12,95] p=1.00 ep_time=12.0s
[21:26:20] [strict77_monitor] ep=100 best_source_epoch=66 source_val_ema=0.9877/0.9878 test77_ema_diag=0.8129/0.8089 sourcequalified_count=100 best_sourcequalified77_epoch=70 source_val_ema=0.9815/0.9817 test77_ema=0.8273/0.8239
[21:26:20] [pool] FINAL pool_size=7 best ep=070 dev77_f1=0.8042 final77_f1=0.8239 -> G:\zhanghe\Letter journal\EXPERIMENTSRESULT\REVISION_5090\A_V15\seed90954\checkpoints\best_pool_ema.pt
[21:26:20] [train] done best_sourceval_acc_ema=0.9877
[21:26:25] [eval] loaded vit_large_patch16_dinov3_lvd1689m_best_sourceval_ema.pt (sourceval)
[21:26:25] [eval] strict source-val selected by ema acc; heldout77_unused=140 final_test77=278 imgs, seed=42 dev_per_class=20
[21:26:27] [eval] 77GHz final-test acc=0.8129 f1=0.8089
[21:26:27] [eval] 77GHz final-test per-class={'Away': 0.9, 'Bend': 0.6666666666666666, 'Kneel': 0.6904761904761905, 'Pick': 0.925, 'SStep': 1.0, 'Sit': 0.6216216216216216, 'Towards': 0.875}
[21:26:28] [eval] val_all acc=0.9877 f1=0.9878
[21:26:28] [freq_scan:val10] f_virt=15GHz acc=0.9744 f1=0.9760
[21:26:29] [freq_scan:val10] f_virt=30GHz acc=0.9744 f1=0.9760
[21:26:29] [freq_scan:val10] f_virt=50GHz acc=0.9744 f1=0.9722
[21:26:30] [freq_scan:val10] f_virt=77GHz acc=0.9615 f1=0.9601
[21:26:31] [freq_scan:val10] f_virt=99GHz acc=0.9744 f1=0.9760
[21:26:31] [freq_scan:val10] f_virt=120GHz acc=0.9744 f1=0.9760
[21:26:32] [freq_scan:val10] f_virt=140GHz acc=0.9615 f1=0.9642
[21:26:33] [freq_scan:val24] f_virt=15GHz acc=0.9881 f1=0.9876
[21:26:34] [freq_scan:val24] f_virt=30GHz acc=0.9762 f1=0.9751
[21:26:34] [freq_scan:val24] f_virt=50GHz acc=0.9762 f1=0.9760
[21:26:35] [freq_scan:val24] f_virt=77GHz acc=0.9643 f1=0.9646
[21:26:36] [freq_scan:val24] f_virt=99GHz acc=0.9524 f1=0.9517
[21:26:36] [freq_scan:val24] f_virt=120GHz acc=0.9643 f1=0.9646
[21:26:37] [freq_scan:val24] f_virt=140GHz acc=0.9643 f1=0.9637
[21:26:37] [eval] saved eval_sourceval.json
[21:26:42] [eval] loaded vit_large_patch16_dinov3_lvd1689m_best_sourcequalified77_ema.pt (sourcequalified)
[21:26:42] [eval] source-qualified diagnostic selected (source-val ema acc >= 0.00, then best 77GHz ema macro-F1); heldout77_unused=140 final_test77=278 imgs, seed=42 dev_per_class=20
[21:26:44] [eval] 77GHz final-test acc=0.8273 f1=0.8239
[21:26:44] [eval] 77GHz final-test per-class={'Away': 0.9, 'Bend': 0.6410256410256411, 'Kneel': 0.7619047619047619, 'Pick': 0.9, 'SStep': 1.0, 'Sit': 0.6756756756756757, 'Towards': 0.9}
[21:26:45] [eval] val_all acc=0.9815 f1=0.9817
[21:26:46] [freq_scan:val10] f_virt=15GHz acc=0.9744 f1=0.9760
[21:26:46] [freq_scan:val10] f_virt=30GHz acc=0.9744 f1=0.9760
[21:26:47] [freq_scan:val10] f_virt=50GHz acc=0.9744 f1=0.9722
[21:26:47] [freq_scan:val10] f_virt=77GHz acc=0.9615 f1=0.9601
[21:26:48] [freq_scan:val10] f_virt=99GHz acc=0.9744 f1=0.9760
[21:26:49] [freq_scan:val10] f_virt=120GHz acc=0.9744 f1=0.9760
[21:26:49] [freq_scan:val10] f_virt=140GHz acc=0.9744 f1=0.9762
[21:26:50] [freq_scan:val24] f_virt=15GHz acc=0.9881 f1=0.9876
[21:26:51] [freq_scan:val24] f_virt=30GHz acc=0.9762 f1=0.9751
[21:26:51] [freq_scan:val24] f_virt=50GHz acc=0.9762 f1=0.9760
[21:26:52] [freq_scan:val24] f_virt=77GHz acc=0.9643 f1=0.9646
[21:26:53] [freq_scan:val24] f_virt=99GHz acc=0.9524 f1=0.9517
[21:26:54] [freq_scan:val24] f_virt=120GHz acc=0.9643 f1=0.9646
[21:26:54] [freq_scan:val24] f_virt=140GHz acc=0.9762 f1=0.9760
[21:26:54] [eval] saved eval_sourcequalified.json
