[16:15:09] run_dir=EXPERIMENTSRESULT\REVISION_5090\SUPP_ABLATION\SCHED_fixedfull_ACR\seed31415
[16:15:09] device=cuda
[16:15:09] backbone=vit_large_patch16_dinov3.lvd1689m
[16:15:09] env: manifest_dir=G:\zhanghe\Letter journal\tasks\known_people_unknown_freq\manifest dataset_root=G:\zhanghe\Letter journal use_dann=False selection=source_val_acc_ema adapter_mode=lora
[16:15:09] set_seed(31415)
[16:15:10] [fast_gpu] source cache 644 imgs (0.39GB) on cuda
[16:15:10] train_source=644 train_src_rows=10:302 24:342 source_steps/epoch=40 val_all=162 heldout77_unused=140 test77_final=278
[16:15:10] [test77_split] seed=42 dev_per_class=20
[16:15:18] trainable params=2444546 (encoder_lora+neck+head + miro_proj+v15_falsification+v13_residual_split+v13_grl_carrier_adv)
[16:15:18] logit_prior=[-1.9678890705108643, -1.913821816444397, -1.8427258729934692, -1.9678890705108643, -2.0133514404296875, -1.8929877281188965, -2.036881923675537]
[16:15:18] use_dann=False
[16:15:18] use_das=True
[16:15:18] das_mode=fixed_full initial_stage={'name': 'fixed_full', 'p': 1.0, 'f_low': 15.0, 'f_high': 140.0}
[16:15:18] aug_flags: USE_HFT=True USE_SPEC_AUGMENT=True
[16:15:18] adapter_mode=lora
[16:15:18] schedule: epochs=100 steps/epoch=40 imgs/step=16 total_steps=4000 total_imgs=64000 warmup_steps=120
[16:15:18] source_qualified_policy: val_acc_ema>=0.00 candidates are recorded; best candidate by 77GHz F1 is saved as diagnostic
[16:15:18] [pool] init threshold=0.90 period=10 selection=dev77_f1
[16:15:18] [train] epoch 1/100 steps=40 use_dann=0 das=fixed_full f=[15.0,140.0] p=1.00 gpu=3.0/3.0GB
[16:15:19] [train] ep=01 step=001/40 ce=8.2163 sc=3.0325 mi=1.0264 dn=0.0000 v13=0.0815 grl=3.6289 v15=0.0000 v15r=0.0000 v16=0.0000 v17=0.0000 v18=0.0000 acc=0.1875 lr=2.50e-06 lambda=0.000 grl_lambda=0.000 v18_lambda=0.000 gpu=3.0/11.8GB
[16:15:20] [train] ep=01 step=010/40 ce=8.1507 sc=2.7251 mi=1.0160 dn=0.0000 v13=0.0446 grl=3.4136 v15=0.0000 v15r=0.0000 v16=0.0000 v17=0.0000 v18=0.0000 acc=0.1187 lr=2.50e-05 lambda=0.000 grl_lambda=0.011 v18_lambda=0.000 gpu=3.0/11.8GB
[16:15:22] [train] ep=01 step=020/40 ce=7.9566 sc=2.7673 mi=0.9664 dn=0.0000 v13=0.0329 grl=3.2243 v15=0.0000 v15r=0.0000 v16=0.0000 v17=0.0000 v18=0.0000 acc=0.1531 lr=5.00e-05 lambda=0.000 grl_lambda=0.024 v18_lambda=0.000 gpu=3.0/11.8GB
[16:15:24] [train] ep=01 step=030/40 ce=7.8915 sc=2.7735 mi=0.8935 dn=0.0000 v13=0.0255 grl=3.0075 v15=0.0000 v15r=0.0000 v16=0.0000 v17=0.0000 v18=0.0000 acc=0.1688 lr=7.50e-05 lambda=0.000 grl_lambda=0.036 v18_lambda=0.000 gpu=3.0/11.8GB
[16:15:26] [train] ep=01 step=040/40 ce=7.7665 sc=2.7627 mi=0.8074 dn=0.0000 v13=0.0206 grl=2.7568 v15=0.0000 v15r=0.0000 v16=0.0000 v17=0.0000 v18=0.0000 acc=0.1891 lr=1.00e-04 lambda=0.000 grl_lambda=0.049 v18_lambda=0.000 gpu=3.0/11.8GB
[16:15:27] [ep_summary] ep=01/100 val_live=0.1481/0.0369 val_ema=0.0000/0.0000 test77_live=0.1978/0.0882 test77_diag_ema=0.0000/0.0000 v13=0.0206 grl=2.7568 v15=0.0000 v15r=0.0000 v16=0.0000 v17=0.0000 v18=0.0000 das=fixed_full[15,140] p=1.00 ep_time=9.1s
[16:15:27] [train] epoch 2/100 steps=40 use_dann=0 das=fixed_full f=[15.0,140.0] p=1.00 gpu=3.0/15.8GB
[16:15:27] [train] ep=02 step=001/40 ce=7.3540 sc=2.8304 mi=0.4529 dn=0.0000 v13=0.0024 grl=1.4586 v15=0.0000 v15r=0.0000 v16=0.0000 v17=0.0000 v18=0.0000 acc=0.3750 lr=1.02e-04 lambda=0.000 grl_lambda=0.050 v18_lambda=0.000 gpu=3.0/15.8GB
[16:15:29] [train] ep=02 step=010/40 ce=7.3074 sc=2.7553 mi=0.3742 dn=0.0000 v13=0.0037 grl=1.0420 v15=0.0000 v15r=0.0000 v16=0.0000 v17=0.0000 v18=0.0000 acc=0.3187 lr=1.25e-04 lambda=0.000 grl_lambda=0.061 v18_lambda=0.000 gpu=3.0/15.8GB
[16:15:31] [train] ep=02 step=020/40 ce=7.2663 sc=2.7163 mi=0.3201 dn=0.0000 v13=0.0033 grl=0.6681 v15=0.0000 v15r=0.0000 v16=0.0000 v17=0.0000 v18=0.0000 acc=0.2938 lr=1.50e-04 lambda=0.000 grl_lambda=0.074 v18_lambda=0.000 gpu=3.0/15.8GB
[16:15:33] [train] ep=02 step=030/40 ce=7.1812 sc=2.6875 mi=0.2808 dn=0.0000 v13=0.0030 grl=0.5603 v15=0.0000 v15r=0.0000 v16=0.0000 v17=0.0000 v18=0.0000 acc=0.3292 lr=1.75e-04 lambda=0.000 grl_lambda=0.086 v18_lambda=0.000 gpu=3.0/15.8GB
[16:15:34] [train] ep=02 step=040/40 ce=7.0592 sc=2.6358 mi=0.2571 dn=0.0000 v13=0.0028 grl=0.4890 v15=0.0000 v15r=0.0000 v16=0.0000 v17=0.0000 v18=0.0000 acc=0.3703 lr=2.00e-04 lambda=0.000 grl_lambda=0.098 v18_lambda=0.000 gpu=3.0/15.8GB
[16:15:36] [ep_summary] ep=02/100 val_live=0.5247/0.4974 val_ema=0.0000/0.0000 test77_live=0.2626/0.1304 test77_diag_ema=0.0000/0.0000 v13=0.0028 grl=0.4890 v15=0.0000 v15r=0.0000 v16=0.0000 v17=0.0000 v18=0.0000 das=fixed_full[15,140] p=1.00 ep_time=8.7s
[16:15:36] [train] epoch 3/100 steps=40 use_dann=0 das=fixed_full f=[15.0,140.0] p=1.00 gpu=3.0/15.8GB
[16:15:36] [train] ep=03 step=001/40 ce=6.6357 sc=2.9602 mi=0.1958 dn=0.0000 v13=0.0043 grl=0.4012 v15=0.0000 v15r=0.0000 v16=0.0000 v17=0.0000 v18=0.0000 acc=0.5000 lr=2.02e-04 lambda=0.000 grl_lambda=0.100 v18_lambda=0.000 gpu=3.0/15.8GB
[16:15:38] [train] ep=03 step=010/40 ce=6.0114 sc=2.3472 mi=0.1902 dn=0.0000 v13=0.0028 grl=0.4236 v15=0.0000 v15r=0.0000 v16=0.0000 v17=0.0000 v18=0.0000 acc=0.5500 lr=2.25e-04 lambda=0.000 grl_lambda=0.111 v18_lambda=0.000 gpu=3.0/15.8GB
[16:15:39] [train] ep=03 step=020/40 ce=5.6953 sc=2.2972 mi=0.1762 dn=0.0000 v13=0.0028 grl=0.3460 v15=0.0000 v15r=0.0000 v16=0.0000 v17=0.0000 v18=0.0000 acc=0.5938 lr=2.50e-04 lambda=0.000 grl_lambda=0.123 v18_lambda=0.000 gpu=3.0/15.8GB
[16:15:41] [train] ep=03 step=030/40 ce=5.1060 sc=2.1879 mi=0.1753 dn=0.0000 v13=0.0031 grl=0.3312 v15=0.0000 v15r=0.0000 v16=0.0000 v17=0.0000 v18=0.0000 acc=0.6542 lr=2.75e-04 lambda=0.000 grl_lambda=0.135 v18_lambda=0.000 gpu=3.0/15.8GB
[16:15:43] [train] ep=03 step=040/40 ce=4.8292 sc=2.1398 mi=0.1782 dn=0.0000 v13=0.0031 grl=0.3313 v15=0.0000 v15r=0.0000 v16=0.0000 v17=0.0000 v18=0.0000 acc=0.6719 lr=3.00e-04 lambda=0.000 grl_lambda=0.148 v18_lambda=0.000 gpu=3.0/15.8GB
[16:15:44] [ep_summary] ep=03/100 val_live=0.7037/0.6712 val_ema=0.0000/0.0000 test77_live=0.4784/0.3617 test77_diag_ema=0.0000/0.0000 v13=0.0031 grl=0.3313 v15=0.0000 v15r=0.0000 v16=0.0000 v17=0.0000 v18=0.0000 das=fixed_full[15,140] p=1.00 ep_time=8.6s
[16:15:44] [train] epoch 4/100 steps=40 use_dann=0 das=fixed_full f=[15.0,140.0] p=1.00 gpu=3.0/15.8GB
[16:15:45] [train] ep=04 step=001/40 ce=2.1654 sc=1.1853 mi=0.1948 dn=0.0000 v13=0.0019 grl=0.4052 v15=0.0000 v15r=0.0000 v16=0.0000 v17=0.0000 v18=0.0000 acc=0.9375 lr=3.00e-04 lambda=0.000 grl_lambda=0.149 v18_lambda=0.000 gpu=3.0/15.8GB
[16:15:46] [train] ep=04 step=010/40 ce=3.2550 sc=1.7325 mi=0.1794 dn=0.0000 v13=0.0028 grl=0.2855 v15=0.0000 v15r=0.0000 v16=0.0000 v17=0.0000 v18=0.0000 acc=0.8063 lr=3.00e-04 lambda=0.000 grl_lambda=0.160 v18_lambda=0.000 gpu=3.0/15.8GB
[16:15:48] [train] ep=04 step=020/40 ce=2.9643 sc=1.5721 mi=0.1669 dn=0.0000 v13=0.0024 grl=0.2820 v15=0.0000 v15r=0.0000 v16=0.0000 v17=0.0000 v18=0.0000 acc=0.8219 lr=3.00e-04 lambda=0.000 grl_lambda=0.172 v18_lambda=0.000 gpu=3.0/15.8GB
[16:15:50] [train] ep=04 step=030/40 ce=3.0207 sc=1.5352 mi=0.1547 dn=0.0000 v13=0.0022 grl=0.2717 v15=0.0000 v15r=0.0000 v16=0.0000 v17=0.0000 v18=0.0000 acc=0.8208 lr=3.00e-04 lambda=0.000 grl_lambda=0.184 v18_lambda=0.000 gpu=3.0/15.8GB
[16:15:52] [train] ep=04 step=040/40 ce=2.9429 sc=1.5608 mi=0.1456 dn=0.0000 v13=0.0021 grl=0.2795 v15=0.0000 v15r=0.0000 v16=0.0000 v17=0.0000 v18=0.0000 acc=0.8234 lr=3.00e-04 lambda=0.000 grl_lambda=0.196 v18_lambda=0.000 gpu=3.0/15.8GB
[16:15:53] [ep_summary] ep=04/100 val_live=0.7407/0.6969 val_ema=0.0000/0.0000 test77_live=0.5108/0.4173 test77_diag_ema=0.0000/0.0000 v13=0.0021 grl=0.2795 v15=0.0000 v15r=0.0000 v16=0.0000 v17=0.0000 v18=0.0000 das=fixed_full[15,140] p=1.00 ep_time=8.6s
[16:15:53] [train] epoch 5/100 steps=40 use_dann=0 das=fixed_full f=[15.0,140.0] p=1.00 gpu=3.0/15.8GB
[16:15:53] [train] ep=05 step=001/40 ce=1.4804 sc=1.1721 mi=0.1074 dn=0.0000 v13=0.0015 grl=0.3332 v15=0.0000 v15r=0.0000 v16=0.0000 v17=0.0000 v18=0.0000 acc=1.0000 lr=3.00e-04 lambda=0.000 grl_lambda=0.197 v18_lambda=0.000 gpu=3.0/15.8GB
[16:15:55] [train] ep=05 step=010/40 ce=2.2586 sc=1.4486 mi=0.1098 dn=0.0000 v13=0.0017 grl=0.2230 v15=0.0000 v15r=0.0000 v16=0.0000 v17=0.0000 v18=0.0000 acc=0.9000 lr=3.00e-04 lambda=0.000 grl_lambda=0.208 v18_lambda=0.000 gpu=3.0/15.8GB
[16:15:57] [train] ep=05 step=020/40 ce=2.3681 sc=1.3980 mi=0.1099 dn=0.0000 v13=0.0017 grl=0.2114 v15=0.0000 v15r=0.0000 v16=0.0000 v17=0.0000 v18=0.0000 acc=0.8812 lr=3.00e-04 lambda=0.000 grl_lambda=0.220 v18_lambda=0.000 gpu=3.0/15.8GB
[16:15:58] [train] ep=05 step=030/40 ce=2.5748 sc=1.4382 mi=0.1074 dn=0.0000 v13=0.0016 grl=0.2223 v15=0.0000 v15r=0.0000 v16=0.0000 v17=0.0000 v18=0.0000 acc=0.8646 lr=3.00e-04 lambda=0.000 grl_lambda=0.232 v18_lambda=0.000 gpu=3.0/15.8GB
[16:16:00] [train] ep=05 step=040/40 ce=2.5298 sc=1.4491 mi=0.1039 dn=0.0000 v13=0.0015 grl=0.2267 v15=0.0000 v15r=0.0000 v16=0.0000 v17=0.0000 v18=0.0000 acc=0.8609 lr=3.00e-04 lambda=0.000 grl_lambda=0.244 v18_lambda=0.000 gpu=3.0/15.8GB
[16:16:03] [ep_summary] ep=05/100 val_live=0.8210/0.8184 val_ema=0.1358/0.0548 test77_live=0.5719/0.4952 test77_diag_ema=0.1619/0.0766 v13=0.0015 grl=0.2267 v15=0.0000 v15r=0.0000 v16=0.0000 v17=0.0000 v18=0.0000 das=fixed_full[15,140] p=1.00 ep_time=10.1s
[16:16:03] [save] best_sourceval_ema val_acc_ema=0.1358 source_val_live=0.8210/0.8184 source_val_ema=0.1358/0.0548 ep=5
[16:16:03] [save] best_sourcequalified77_ema ep=5 source_val_live=0.8210/0.8184 source_val_ema=0.1358/0.0548 test77_ema=0.1619/0.0766
[16:16:03] [train] epoch 6/100 steps=40 use_dann=0 das=fixed_full f=[15.0,140.0] p=1.00 gpu=3.0/15.8GB
[16:16:03] [train] ep=06 step=001/40 ce=2.7091 sc=0.9473 mi=0.0938 dn=0.0000 v13=0.0015 grl=0.1462 v15=0.0000 v15r=0.0000 v16=0.0000 v17=0.0000 v18=0.0000 acc=0.8125 lr=3.00e-04 lambda=0.000 grl_lambda=0.245 v18_lambda=0.000 gpu=3.0/15.8GB
[16:16:05] [train] ep=06 step=010/40 ce=2.1578 sc=1.3042 mi=0.0908 dn=0.0000 v13=0.0014 grl=0.2445 v15=0.0000 v15r=0.0000 v16=0.0000 v17=0.0000 v18=0.0000 acc=0.8875 lr=3.00e-04 lambda=0.000 grl_lambda=0.255 v18_lambda=0.000 gpu=3.0/15.8GB
[16:16:07] [train] ep=06 step=020/40 ce=2.0777 sc=1.2399 mi=0.0881 dn=0.0000 v13=0.0014 grl=0.2399 v15=0.0000 v15r=0.0000 v16=0.0000 v17=0.0000 v18=0.0000 acc=0.8875 lr=3.00e-04 lambda=0.000 grl_lambda=0.267 v18_lambda=0.000 gpu=3.0/15.8GB
[16:16:09] [train] ep=06 step=030/40 ce=2.1243 sc=1.3197 mi=0.0876 dn=0.0000 v13=0.0013 grl=0.2326 v15=0.0000 v15r=0.0000 v16=0.0000 v17=0.0000 v18=0.0000 acc=0.8854 lr=2.99e-04 lambda=0.000 grl_lambda=0.279 v18_lambda=0.000 gpu=3.0/15.8GB
[16:16:10] [train] ep=06 step=040/40 ce=2.1355 sc=1.2963 mi=0.0867 dn=0.0000 v13=0.0014 grl=0.2363 v15=0.0000 v15r=0.0000 v16=0.0000 v17=0.0000 v18=0.0000 acc=0.8828 lr=2.99e-04 lambda=0.000 grl_lambda=0.290 v18_lambda=0.000 gpu=3.0/15.8GB
[16:16:13] [ep_summary] ep=06/100 val_live=0.8519/0.8387 val_ema=0.1481/0.0651 test77_live=0.5863/0.5543 test77_diag_ema=0.1691/0.0716 v13=0.0014 grl=0.2363 v15=0.0000 v15r=0.0000 v16=0.0000 v17=0.0000 v18=0.0000 das=fixed_full[15,140] p=1.00 ep_time=10.1s
[16:16:13] [save] best_sourceval_ema val_acc_ema=0.1481 source_val_live=0.8519/0.8387 source_val_ema=0.1481/0.0651 ep=6
[16:16:13] [train] epoch 7/100 steps=40 use_dann=0 das=fixed_full f=[15.0,140.0] p=1.00 gpu=3.0/15.8GB
[16:16:14] [train] ep=07 step=001/40 ce=1.2858 sc=1.0669 mi=0.0820 dn=0.0000 v13=0.0017 grl=0.2216 v15=0.0000 v15r=0.0000 v16=0.0000 v17=0.0000 v18=0.0000 acc=1.0000 lr=2.99e-04 lambda=0.000 grl_lambda=0.291 v18_lambda=0.000 gpu=3.0/15.8GB
[16:16:15] [train] ep=07 step=010/40 ce=1.6349 sc=1.2357 mi=0.0846 dn=0.0000 v13=0.0017 grl=0.2705 v15=0.0000 v15r=0.0000 v16=0.0000 v17=0.0000 v18=0.0000 acc=0.9250 lr=2.99e-04 lambda=0.000 grl_lambda=0.302 v18_lambda=0.000 gpu=3.0/15.8GB
[16:16:17] [train] ep=07 step=020/40 ce=1.7763 sc=1.1471 mi=0.0835 dn=0.0000 v13=0.0017 grl=0.2613 v15=0.0000 v15r=0.0000 v16=0.0000 v17=0.0000 v18=0.0000 acc=0.9062 lr=2.99e-04 lambda=0.000 grl_lambda=0.313 v18_lambda=0.000 gpu=3.0/15.8GB
[16:16:19] [train] ep=07 step=030/40 ce=1.6697 sc=1.1100 mi=0.0820 dn=0.0000 v13=0.0016 grl=0.2451 v15=0.0000 v15r=0.0000 v16=0.0000 v17=0.0000 v18=0.0000 acc=0.9125 lr=2.99e-04 lambda=0.000 grl_lambda=0.324 v18_lambda=0.000 gpu=3.0/15.8GB
[16:16:21] [train] ep=07 step=040/40 ce=1.6337 sc=1.0973 mi=0.0813 dn=0.0000 v13=0.0015 grl=0.2416 v15=0.0000 v15r=0.0000 v16=0.0000 v17=0.0000 v18=0.0000 acc=0.9125 lr=2.99e-04 lambda=0.000 grl_lambda=0.335 v18_lambda=0.000 gpu=3.0/15.8GB
[16:16:23] [ep_summary] ep=07/100 val_live=0.9136/0.9112 val_ema=0.1914/0.0994 test77_live=0.6547/0.6164 test77_diag_ema=0.1727/0.0714 v13=0.0015 grl=0.2416 v15=0.0000 v15r=0.0000 v16=0.0000 v17=0.0000 v18=0.0000 das=fixed_full[15,140] p=1.00 ep_time=10.1s
[16:16:23] [save] best_sourceval_ema val_acc_ema=0.1914 source_val_live=0.9136/0.9112 source_val_ema=0.1914/0.0994 ep=7
[16:16:23] [train] epoch 8/100 steps=40 use_dann=0 das=fixed_full f=[15.0,140.0] p=1.00 gpu=3.0/15.8GB
[16:16:24] [train] ep=08 step=001/40 ce=1.6457 sc=1.1642 mi=0.0826 dn=0.0000 v13=0.0013 grl=0.3704 v15=0.0000 v15r=0.0000 v16=0.0000 v17=0.0000 v18=0.0000 acc=0.9375 lr=2.99e-04 lambda=0.000 grl_lambda=0.336 v18_lambda=0.000 gpu=3.0/15.8GB
[16:16:26] [train] ep=08 step=010/40 ce=1.4096 sc=1.1596 mi=0.0814 dn=0.0000 v13=0.0011 grl=0.2640 v15=0.0000 v15r=0.0000 v16=0.0000 v17=0.0000 v18=0.0000 acc=0.9187 lr=2.99e-04 lambda=0.000 grl_lambda=0.346 v18_lambda=0.000 gpu=3.0/15.8GB
[16:16:28] [train] ep=08 step=020/40 ce=1.2724 sc=1.1126 mi=0.0813 dn=0.0000 v13=0.0012 grl=0.2587 v15=0.0000 v15r=0.0000 v16=0.0000 v17=0.0000 v18=0.0000 acc=0.9375 lr=2.98e-04 lambda=0.000 grl_lambda=0.357 v18_lambda=0.000 gpu=3.0/15.8GB
[16:16:30] [train] ep=08 step=030/40 ce=1.3154 sc=1.1575 mi=0.0794 dn=0.0000 v13=0.0012 grl=0.2489 v15=0.0000 v15r=0.0000 v16=0.0000 v17=0.0000 v18=0.0000 acc=0.9354 lr=2.98e-04 lambda=0.000 grl_lambda=0.368 v18_lambda=0.000 gpu=3.0/15.8GB
[16:16:32] [train] ep=08 step=040/40 ce=1.2380 sc=1.1347 mi=0.0784 dn=0.0000 v13=0.0012 grl=0.2474 v15=0.0000 v15r=0.0000 v16=0.0000 v17=0.0000 v18=0.0000 acc=0.9437 lr=2.98e-04 lambda=0.000 grl_lambda=0.379 v18_lambda=0.000 gpu=3.0/15.8GB
[16:16:35] [ep_summary] ep=08/100 val_live=0.8889/0.8865 val_ema=0.2037/0.1055 test77_live=0.7086/0.6883 test77_diag_ema=0.1655/0.0653 v13=0.0012 grl=0.2474 v15=0.0000 v15r=0.0000 v16=0.0000 v17=0.0000 v18=0.0000 das=fixed_full[15,140] p=1.00 ep_time=11.4s
[16:16:35] [save] best_sourceval_ema val_acc_ema=0.2037 source_val_live=0.8889/0.8865 source_val_ema=0.2037/0.1055 ep=8
[16:16:35] [train] epoch 9/100 steps=40 use_dann=0 das=fixed_full f=[15.0,140.0] p=1.00 gpu=3.0/15.8GB
[16:16:35] [train] ep=09 step=001/40 ce=1.8717 sc=1.3290 mi=0.0959 dn=0.0000 v13=0.0009 grl=0.3617 v15=0.0000 v15r=0.0000 v16=0.0000 v17=0.0000 v18=0.0000 acc=0.9375 lr=2.98e-04 lambda=0.000 grl_lambda=0.380 v18_lambda=0.000 gpu=3.0/15.8GB
[16:16:37] [train] ep=09 step=010/40 ce=0.9659 sc=1.1875 mi=0.0811 dn=0.0000 v13=0.0014 grl=0.3154 v15=0.0000 v15r=0.0000 v16=0.0000 v17=0.0000 v18=0.0000 acc=0.9688 lr=2.98e-04 lambda=0.000 grl_lambda=0.390 v18_lambda=0.000 gpu=3.0/15.8GB
[16:16:39] [train] ep=09 step=020/40 ce=1.1155 sc=1.0971 mi=0.0781 dn=0.0000 v13=0.0012 grl=0.3065 v15=0.0000 v15r=0.0000 v16=0.0000 v17=0.0000 v18=0.0000 acc=0.9563 lr=2.98e-04 lambda=0.000 grl_lambda=0.400 v18_lambda=0.000 gpu=3.0/15.8GB
[16:16:40] [train] ep=09 step=030/40 ce=1.3240 sc=1.1142 mi=0.0773 dn=0.0000 v13=0.0013 grl=0.3024 v15=0.0000 v15r=0.0000 v16=0.0000 v17=0.0000 v18=0.0000 acc=0.9354 lr=2.97e-04 lambda=0.000 grl_lambda=0.411 v18_lambda=0.000 gpu=3.0/15.8GB
[16:16:42] [train] ep=09 step=040/40 ce=1.2266 sc=1.1010 mi=0.0773 dn=0.0000 v13=0.0013 grl=0.3094 v15=0.0000 v15r=0.0000 v16=0.0000 v17=0.0000 v18=0.0000 acc=0.9422 lr=2.97e-04 lambda=0.000 grl_lambda=0.421 v18_lambda=0.000 gpu=3.0/15.8GB
[16:16:45] [ep_summary] ep=09/100 val_live=0.8827/0.8824 val_ema=0.2284/0.1299 test77_live=0.7806/0.7332 test77_diag_ema=0.1547/0.0591 v13=0.0013 grl=0.3094 v15=0.0000 v15r=0.0000 v16=0.0000 v17=0.0000 v18=0.0000 das=fixed_full[15,140] p=1.00 ep_time=10.1s
[16:16:45] [save] best_sourceval_ema val_acc_ema=0.2284 source_val_live=0.8827/0.8824 source_val_ema=0.2284/0.1299 ep=9
[16:16:45] [train] epoch 10/100 steps=40 use_dann=0 das=fixed_full f=[15.0,140.0] p=1.00 gpu=3.0/15.8GB
[16:16:45] [train] ep=10 step=001/40 ce=0.3626 sc=0.5303 mi=0.0751 dn=0.0000 v13=0.0016 grl=0.3304 v15=0.0000 v15r=0.0000 v16=0.0000 v17=0.0000 v18=0.0000 acc=1.0000 lr=2.97e-04 lambda=0.000 grl_lambda=0.422 v18_lambda=0.000 gpu=3.0/15.8GB
[16:16:47] [train] ep=10 step=010/40 ce=1.1467 sc=1.0618 mi=0.0777 dn=0.0000 v13=0.0012 grl=0.3048 v15=0.0000 v15r=0.0000 v16=0.0000 v17=0.0000 v18=0.0000 acc=0.9437 lr=2.97e-04 lambda=0.000 grl_lambda=0.431 v18_lambda=0.000 gpu=3.0/15.8GB
[16:16:49] [train] ep=10 step=020/40 ce=1.0064 sc=1.0652 mi=0.0755 dn=0.0000 v13=0.0011 grl=0.3253 v15=0.0000 v15r=0.0000 v16=0.0000 v17=0.0000 v18=0.0000 acc=0.9625 lr=2.97e-04 lambda=0.000 grl_lambda=0.441 v18_lambda=0.000 gpu=3.0/15.8GB
[16:16:52] [train] ep=10 step=030/40 ce=1.1166 sc=1.0380 mi=0.0767 dn=0.0000 v13=0.0012 grl=0.3402 v15=0.0000 v15r=0.0000 v16=0.0000 v17=0.0000 v18=0.0000 acc=0.9542 lr=2.96e-04 lambda=0.000 grl_lambda=0.451 v18_lambda=0.000 gpu=3.0/15.8GB
[16:16:54] [train] ep=10 step=040/40 ce=1.1447 sc=1.0157 mi=0.0766 dn=0.0000 v13=0.0012 grl=0.3430 v15=0.0000 v15r=0.0000 v16=0.0000 v17=0.0000 v18=0.0000 acc=0.9516 lr=2.96e-04 lambda=0.000 grl_lambda=0.461 v18_lambda=0.000 gpu=3.0/15.8GB
[16:16:57] [pool] check ep=010/100 source_val_acc_ema=0.2531 threshold=0.90
[16:16:57] [pool] ep=010 SKIP (source_val_acc_ema=0.2531 < 0.90)
[16:16:57] [ep_summary] ep=10/100 val_live=0.8889/0.8851 val_ema=0.2531/0.1577 test77_live=0.7230/0.6880 test77_diag_ema=0.1439/0.0464 v13=0.0012 grl=0.3430 v15=0.0000 v15r=0.0000 v16=0.0000 v17=0.0000 v18=0.0000 das=fixed_full[15,140] p=1.00 ep_time=11.7s
[16:16:57] [save] best_sourceval_ema val_acc_ema=0.2531 source_val_live=0.8889/0.8851 source_val_ema=0.2531/0.1577 ep=10
[16:16:57] [strict77_monitor] ep=10 best_source_epoch=10 source_val_ema=0.2531/0.1577 test77_ema_diag=0.1439/0.0464 sourcequalified_count=10 best_sourcequalified77_epoch=5 source_val_ema=0.1358/0.0548 test77_ema=0.1619/0.0766
[16:16:57] [train] epoch 11/100 steps=40 use_dann=0 das=fixed_full f=[15.0,140.0] p=1.00 gpu=3.0/15.8GB
[16:16:57] [train] ep=11 step=001/40 ce=1.4194 sc=0.7492 mi=0.0751 dn=0.0000 v13=0.0009 grl=0.3030 v15=0.0000 v15r=0.0000 v16=0.0000 v17=0.0000 v18=0.0000 acc=0.8750 lr=2.96e-04 lambda=0.000 grl_lambda=0.462 v18_lambda=0.000 gpu=3.0/15.8GB
[16:16:59] [train] ep=11 step=010/40 ce=1.1441 sc=0.9960 mi=0.0750 dn=0.0000 v13=0.0012 grl=0.3518 v15=0.0000 v15r=0.0000 v16=0.0000 v17=0.0000 v18=0.0000 acc=0.9563 lr=2.96e-04 lambda=0.000 grl_lambda=0.471 v18_lambda=0.000 gpu=3.0/15.8GB
[16:17:01] [train] ep=11 step=020/40 ce=0.9623 sc=0.9524 mi=0.0784 dn=0.0000 v13=0.0013 grl=0.3579 v15=0.0000 v15r=0.0000 v16=0.0000 v17=0.0000 v18=0.0000 acc=0.9688 lr=2.96e-04 lambda=0.000 grl_lambda=0.481 v18_lambda=0.000 gpu=3.0/15.8GB
[16:17:03] [train] ep=11 step=030/40 ce=0.9004 sc=0.9880 mi=0.0772 dn=0.0000 v13=0.0012 grl=0.3697 v15=0.0000 v15r=0.0000 v16=0.0000 v17=0.0000 v18=0.0000 acc=0.9708 lr=2.95e-04 lambda=0.000 grl_lambda=0.490 v18_lambda=0.000 gpu=3.0/15.8GB
[16:17:05] [train] ep=11 step=040/40 ce=0.8750 sc=1.0149 mi=0.0768 dn=0.0000 v13=0.0011 grl=0.3734 v15=0.0000 v15r=0.0000 v16=0.0000 v17=0.0000 v18=0.0000 acc=0.9719 lr=2.95e-04 lambda=0.000 grl_lambda=0.500 v18_lambda=0.000 gpu=3.0/15.8GB
[16:17:08] [ep_summary] ep=11/100 val_live=0.9012/0.9016 val_ema=0.3086/0.2414 test77_live=0.7698/0.7617 test77_diag_ema=0.1475/0.0508 v13=0.0011 grl=0.3734 v15=0.0000 v15r=0.0000 v16=0.0000 v17=0.0000 v18=0.0000 das=fixed_full[15,140] p=1.00 ep_time=10.8s
[16:17:08] [save] best_sourceval_ema val_acc_ema=0.3086 source_val_live=0.9012/0.9016 source_val_ema=0.3086/0.2414 ep=11
[16:17:08] [train] epoch 12/100 steps=40 use_dann=0 das=fixed_full f=[15.0,140.0] p=1.00 gpu=3.0/15.8GB
[16:17:08] [train] ep=12 step=001/40 ce=0.7541 sc=1.0134 mi=0.0660 dn=0.0000 v13=0.0012 grl=0.3277 v15=0.0000 v15r=0.0000 v16=0.0000 v17=0.0000 v18=0.0000 acc=0.9375 lr=2.95e-04 lambda=0.000 grl_lambda=0.501 v18_lambda=0.000 gpu=3.0/15.8GB
[16:17:10] [train] ep=12 step=010/40 ce=0.8203 sc=0.9666 mi=0.0777 dn=0.0000 v13=0.0012 grl=0.4575 v15=0.0000 v15r=0.0000 v16=0.0000 v17=0.0000 v18=0.0000 acc=0.9625 lr=2.95e-04 lambda=0.000 grl_lambda=0.509 v18_lambda=0.000 gpu=3.0/15.8GB
[16:17:12] [train] ep=12 step=020/40 ce=0.7128 sc=0.9641 mi=0.0770 dn=0.0000 v13=0.0011 grl=0.4201 v15=0.0000 v15r=0.0000 v16=0.0000 v17=0.0000 v18=0.0000 acc=0.9750 lr=2.94e-04 lambda=0.000 grl_lambda=0.518 v18_lambda=0.000 gpu=3.0/15.8GB
[16:17:14] [train] ep=12 step=030/40 ce=0.7693 sc=0.9880 mi=0.0781 dn=0.0000 v13=0.0012 grl=0.4110 v15=0.0000 v15r=0.0000 v16=0.0000 v17=0.0000 v18=0.0000 acc=0.9688 lr=2.94e-04 lambda=0.000 grl_lambda=0.527 v18_lambda=0.000 gpu=3.0/15.8GB
[16:17:16] [train] ep=12 step=040/40 ce=0.7804 sc=1.0002 mi=0.0786 dn=0.0000 v13=0.0011 grl=0.4317 v15=0.0000 v15r=0.0000 v16=0.0000 v17=0.0000 v18=0.0000 acc=0.9688 lr=2.94e-04 lambda=0.000 grl_lambda=0.536 v18_lambda=0.000 gpu=3.0/15.8GB
[16:17:19] [ep_summary] ep=12/100 val_live=0.9259/0.9258 val_ema=0.3457/0.2742 test77_live=0.7950/0.7879 test77_diag_ema=0.1727/0.0875 v13=0.0011 grl=0.4317 v15=0.0000 v15r=0.0000 v16=0.0000 v17=0.0000 v18=0.0000 das=fixed_full[15,140] p=1.00 ep_time=11.2s
[16:17:19] [save] best_sourceval_ema val_acc_ema=0.3457 source_val_live=0.9259/0.9258 source_val_ema=0.3457/0.2742 ep=12
[16:17:19] [save] best_sourcequalified77_ema ep=12 source_val_live=0.9259/0.9258 source_val_ema=0.3457/0.2742 test77_ema=0.1727/0.0875
[16:17:19] [train] epoch 13/100 steps=40 use_dann=0 das=fixed_full f=[15.0,140.0] p=1.00 gpu=3.0/15.8GB
[16:17:19] [train] ep=13 step=001/40 ce=0.3038 sc=1.0735 mi=0.0816 dn=0.0000 v13=0.0005 grl=0.2506 v15=0.0000 v15r=0.0000 v16=0.0000 v17=0.0000 v18=0.0000 acc=1.0000 lr=2.94e-04 lambda=0.000 grl_lambda=0.537 v18_lambda=0.000 gpu=3.0/15.8GB
[16:17:21] [train] ep=13 step=010/40 ce=0.7412 sc=0.9278 mi=0.0789 dn=0.0000 v13=0.0011 grl=0.3955 v15=0.0000 v15r=0.0000 v16=0.0000 v17=0.0000 v18=0.0000 acc=0.9688 lr=2.93e-04 lambda=0.000 grl_lambda=0.545 v18_lambda=0.000 gpu=3.0/15.8GB
[16:17:23] [train] ep=13 step=020/40 ce=0.6313 sc=0.9000 mi=0.0787 dn=0.0000 v13=0.0011 grl=0.4173 v15=0.0000 v15r=0.0000 v16=0.0000 v17=0.0000 v18=0.0000 acc=0.9812 lr=2.93e-04 lambda=0.000 grl_lambda=0.554 v18_lambda=0.000 gpu=3.0/15.8GB
[16:17:25] [train] ep=13 step=030/40 ce=0.6063 sc=0.8719 mi=0.0781 dn=0.0000 v13=0.0012 grl=0.3920 v15=0.0000 v15r=0.0000 v16=0.0000 v17=0.0000 v18=0.0000 acc=0.9833 lr=2.93e-04 lambda=0.000 grl_lambda=0.562 v18_lambda=0.000 gpu=3.0/15.8GB
[16:17:27] [train] ep=13 step=040/40 ce=0.6214 sc=0.8823 mi=0.0783 dn=0.0000 v13=0.0011 grl=0.3842 v15=0.0000 v15r=0.0000 v16=0.0000 v17=0.0000 v18=0.0000 acc=0.9812 lr=2.92e-04 lambda=0.000 grl_lambda=0.571 v18_lambda=0.000 gpu=3.0/15.8GB
[16:17:30] [ep_summary] ep=13/100 val_live=0.8889/0.8863 val_ema=0.4012/0.3383 test77_live=0.7986/0.7918 test77_diag_ema=0.2158/0.1356 v13=0.0011 grl=0.3842 v15=0.0000 v15r=0.0000 v16=0.0000 v17=0.0000 v18=0.0000 das=fixed_full[15,140] p=1.00 ep_time=10.7s
[16:17:30] [save] best_sourceval_ema val_acc_ema=0.4012 source_val_live=0.8889/0.8863 source_val_ema=0.4012/0.3383 ep=13
[16:17:30] [save] best_sourcequalified77_ema ep=13 source_val_live=0.8889/0.8863 source_val_ema=0.4012/0.3383 test77_ema=0.2158/0.1356
[16:17:30] [train] epoch 14/100 steps=40 use_dann=0 das=fixed_full f=[15.0,140.0] p=1.00 gpu=3.0/15.8GB
[16:17:30] [train] ep=14 step=001/40 ce=1.3910 sc=0.8702 mi=0.0952 dn=0.0000 v13=0.0015 grl=0.4337 v15=0.0000 v15r=0.0000 v16=0.0000 v17=0.0000 v18=0.0000 acc=0.9375 lr=2.92e-04 lambda=0.000 grl_lambda=0.572 v18_lambda=0.000 gpu=3.0/15.8GB
[16:17:32] [train] ep=14 step=010/40 ce=0.8790 sc=0.9939 mi=0.0843 dn=0.0000 v13=0.0011 grl=0.4097 v15=0.0000 v15r=0.0000 v16=0.0000 v17=0.0000 v18=0.0000 acc=0.9563 lr=2.92e-04 lambda=0.000 grl_lambda=0.579 v18_lambda=0.000 gpu=3.0/15.8GB
[16:17:33] [train] ep=14 step=020/40 ce=0.8019 sc=0.9657 mi=0.0802 dn=0.0000 v13=0.0011 grl=0.3839 v15=0.0000 v15r=0.0000 v16=0.0000 v17=0.0000 v18=0.0000 acc=0.9656 lr=2.91e-04 lambda=0.000 grl_lambda=0.587 v18_lambda=0.000 gpu=3.0/15.8GB
[16:17:35] [train] ep=14 step=030/40 ce=0.7311 sc=0.9715 mi=0.0795 dn=0.0000 v13=0.0011 grl=0.3707 v15=0.0000 v15r=0.0000 v16=0.0000 v17=0.0000 v18=0.0000 acc=0.9708 lr=2.91e-04 lambda=0.000 grl_lambda=0.596 v18_lambda=0.000 gpu=3.0/15.8GB
[16:17:37] [train] ep=14 step=040/40 ce=0.7118 sc=0.9475 mi=0.0780 dn=0.0000 v13=0.0011 grl=0.3506 v15=0.0000 v15r=0.0000 v16=0.0000 v17=0.0000 v18=0.0000 acc=0.9719 lr=2.91e-04 lambda=0.000 grl_lambda=0.604 v18_lambda=0.000 gpu=3.0/15.8GB
[16:17:40] [ep_summary] ep=14/100 val_live=0.9136/0.9130 val_ema=0.4321/0.3750 test77_live=0.7410/0.7223 test77_diag_ema=0.2446/0.1596 v13=0.0011 grl=0.3506 v15=0.0000 v15r=0.0000 v16=0.0000 v17=0.0000 v18=0.0000 das=fixed_full[15,140] p=1.00 ep_time=10.3s
[16:17:40] [save] best_sourceval_ema val_acc_ema=0.4321 source_val_live=0.9136/0.9130 source_val_ema=0.4321/0.3750 ep=14
[16:17:40] [save] best_sourcequalified77_ema ep=14 source_val_live=0.9136/0.9130 source_val_ema=0.4321/0.3750 test77_ema=0.2446/0.1596
[16:17:40] [train] epoch 15/100 steps=40 use_dann=0 das=fixed_full f=[15.0,140.0] p=1.00 gpu=3.0/15.8GB
[16:17:40] [train] ep=15 step=001/40 ce=0.5677 sc=0.6466 mi=0.0767 dn=0.0000 v13=0.0010 grl=0.3832 v15=0.0000 v15r=0.0000 v16=0.0000 v17=0.0000 v18=0.0000 acc=1.0000 lr=2.91e-04 lambda=0.000 grl_lambda=0.604 v18_lambda=0.000 gpu=3.0/15.8GB
[16:17:42] [train] ep=15 step=010/40 ce=0.5121 sc=0.7992 mi=0.0775 dn=0.0000 v13=0.0011 grl=0.3503 v15=0.0000 v15r=0.0000 v16=0.0000 v17=0.0000 v18=0.0000 acc=0.9938 lr=2.90e-04 lambda=0.000 grl_lambda=0.611 v18_lambda=0.000 gpu=3.0/15.8GB
[16:17:44] [train] ep=15 step=020/40 ce=0.7583 sc=0.8819 mi=0.0786 dn=0.0000 v13=0.0009 grl=0.3309 v15=0.0000 v15r=0.0000 v16=0.0000 v17=0.0000 v18=0.0000 acc=0.9781 lr=2.90e-04 lambda=0.000 grl_lambda=0.619 v18_lambda=0.000 gpu=3.0/15.8GB
[16:17:46] [train] ep=15 step=030/40 ce=0.8411 sc=0.9193 mi=0.0794 dn=0.0000 v13=0.0010 grl=0.3441 v15=0.0000 v15r=0.0000 v16=0.0000 v17=0.0000 v18=0.0000 acc=0.9750 lr=2.89e-04 lambda=0.000 grl_lambda=0.627 v18_lambda=0.000 gpu=3.0/15.8GB
[16:17:48] [train] ep=15 step=040/40 ce=0.7740 sc=0.9282 mi=0.0787 dn=0.0000 v13=0.0009 grl=0.3577 v15=0.0000 v15r=0.0000 v16=0.0000 v17=0.0000 v18=0.0000 acc=0.9781 lr=2.89e-04 lambda=0.000 grl_lambda=0.634 v18_lambda=0.000 gpu=3.0/15.8GB
[16:17:51] [ep_summary] ep=15/100 val_live=0.9259/0.9261 val_ema=0.5000/0.4259 test77_live=0.6978/0.6896 test77_diag_ema=0.2698/0.1780 v13=0.0009 grl=0.3577 v15=0.0000 v15r=0.0000 v16=0.0000 v17=0.0000 v18=0.0000 das=fixed_full[15,140] p=1.00 ep_time=10.7s
[16:17:51] [save] best_sourceval_ema val_acc_ema=0.5000 source_val_live=0.9259/0.9261 source_val_ema=0.5000/0.4259 ep=15
[16:17:51] [save] best_sourcequalified77_ema ep=15 source_val_live=0.9259/0.9261 source_val_ema=0.5000/0.4259 test77_ema=0.2698/0.1780
[16:17:51] [train] epoch 16/100 steps=40 use_dann=0 das=fixed_full f=[15.0,140.0] p=1.00 gpu=3.0/15.8GB
[16:17:51] [train] ep=16 step=001/40 ce=0.3322 sc=0.7141 mi=0.0861 dn=0.0000 v13=0.0008 grl=0.3824 v15=0.0000 v15r=0.0000 v16=0.0000 v17=0.0000 v18=0.0000 acc=1.0000 lr=2.89e-04 lambda=0.000 grl_lambda=0.635 v18_lambda=0.000 gpu=3.0/15.8GB
[16:17:53] [train] ep=16 step=010/40 ce=0.6090 sc=0.9397 mi=0.0806 dn=0.0000 v13=0.0009 grl=0.3725 v15=0.0000 v15r=0.0000 v16=0.0000 v17=0.0000 v18=0.0000 acc=0.9750 lr=2.88e-04 lambda=0.000 grl_lambda=0.642 v18_lambda=0.000 gpu=3.0/15.8GB
[16:17:55] [train] ep=16 step=020/40 ce=0.6135 sc=0.7834 mi=0.0774 dn=0.0000 v13=0.0008 grl=0.3400 v15=0.0000 v15r=0.0000 v16=0.0000 v17=0.0000 v18=0.0000 acc=0.9812 lr=2.88e-04 lambda=0.000 grl_lambda=0.649 v18_lambda=0.000 gpu=3.0/15.8GB
[16:17:57] [train] ep=16 step=030/40 ce=0.6045 sc=0.8764 mi=0.0779 dn=0.0000 v13=0.0009 grl=0.3511 v15=0.0000 v15r=0.0000 v16=0.0000 v17=0.0000 v18=0.0000 acc=0.9792 lr=2.87e-04 lambda=0.000 grl_lambda=0.656 v18_lambda=0.000 gpu=3.0/15.8GB
[16:17:59] [train] ep=16 step=040/40 ce=0.5955 sc=0.8705 mi=0.0777 dn=0.0000 v13=0.0008 grl=0.3436 v15=0.0000 v15r=0.0000 v16=0.0000 v17=0.0000 v18=0.0000 acc=0.9797 lr=2.87e-04 lambda=0.000 grl_lambda=0.663 v18_lambda=0.000 gpu=3.0/15.8GB
[16:18:02] [ep_summary] ep=16/100 val_live=0.9321/0.9332 val_ema=0.5062/0.4328 test77_live=0.7986/0.7806 test77_diag_ema=0.2950/0.1963 v13=0.0008 grl=0.3436 v15=0.0000 v15r=0.0000 v16=0.0000 v17=0.0000 v18=0.0000 das=fixed_full[15,140] p=1.00 ep_time=11.4s
[16:18:02] [save] best_sourceval_ema val_acc_ema=0.5062 source_val_live=0.9321/0.9332 source_val_ema=0.5062/0.4328 ep=16
[16:18:02] [save] best_sourcequalified77_ema ep=16 source_val_live=0.9321/0.9332 source_val_ema=0.5062/0.4328 test77_ema=0.2950/0.1963
[16:18:02] [train] epoch 17/100 steps=40 use_dann=0 das=fixed_full f=[15.0,140.0] p=1.00 gpu=3.0/15.8GB
[16:18:02] [train] ep=17 step=001/40 ce=0.2974 sc=1.0832 mi=0.0815 dn=0.0000 v13=0.0008 grl=0.4039 v15=0.0000 v15r=0.0000 v16=0.0000 v17=0.0000 v18=0.0000 acc=1.0000 lr=2.87e-04 lambda=0.000 grl_lambda=0.664 v18_lambda=0.000 gpu=3.0/15.8GB
[16:18:04] [train] ep=17 step=010/40 ce=0.6972 sc=0.9177 mi=0.0761 dn=0.0000 v13=0.0007 grl=0.3215 v15=0.0000 v15r=0.0000 v16=0.0000 v17=0.0000 v18=0.0000 acc=0.9750 lr=2.86e-04 lambda=0.000 grl_lambda=0.670 v18_lambda=0.000 gpu=3.0/15.8GB
[16:18:07] [train] ep=17 step=020/40 ce=0.6512 sc=0.8593 mi=0.0759 dn=0.0000 v13=0.0008 grl=0.3507 v15=0.0000 v15r=0.0000 v16=0.0000 v17=0.0000 v18=0.0000 acc=0.9750 lr=2.86e-04 lambda=0.000 grl_lambda=0.677 v18_lambda=0.000 gpu=3.0/15.8GB
[16:18:09] [train] ep=17 step=030/40 ce=0.6714 sc=0.9262 mi=0.0771 dn=0.0000 v13=0.0008 grl=0.3714 v15=0.0000 v15r=0.0000 v16=0.0000 v17=0.0000 v18=0.0000 acc=0.9708 lr=2.85e-04 lambda=0.000 grl_lambda=0.684 v18_lambda=0.000 gpu=3.0/15.8GB
[16:18:11] [train] ep=17 step=040/40 ce=0.7236 sc=0.9629 mi=0.0766 dn=0.0000 v13=0.0008 grl=0.3781 v15=0.0000 v15r=0.0000 v16=0.0000 v17=0.0000 v18=0.0000 acc=0.9688 lr=2.85e-04 lambda=0.000 grl_lambda=0.690 v18_lambda=0.000 gpu=3.0/15.8GB
[16:18:14] [ep_summary] ep=17/100 val_live=0.9506/0.9495 val_ema=0.5247/0.4482 test77_live=0.6691/0.6168 test77_diag_ema=0.3058/0.2025 v13=0.0008 grl=0.3781 v15=0.0000 v15r=0.0000 v16=0.0000 v17=0.0000 v18=0.0000 das=fixed_full[15,140] p=1.00 ep_time=11.6s
[16:18:14] [save] best_sourceval_ema val_acc_ema=0.5247 source_val_live=0.9506/0.9495 source_val_ema=0.5247/0.4482 ep=17
[16:18:14] [save] best_sourcequalified77_ema ep=17 source_val_live=0.9506/0.9495 source_val_ema=0.5247/0.4482 test77_ema=0.3058/0.2025
[16:18:14] [train] epoch 18/100 steps=40 use_dann=0 das=fixed_full f=[15.0,140.0] p=1.00 gpu=3.0/15.8GB
[16:18:14] [train] ep=18 step=001/40 ce=0.2937 sc=0.6040 mi=0.0672 dn=0.0000 v13=0.0017 grl=0.3155 v15=0.0000 v15r=0.0000 v16=0.0000 v17=0.0000 v18=0.0000 acc=1.0000 lr=2.85e-04 lambda=0.000 grl_lambda=0.691 v18_lambda=0.000 gpu=3.0/15.8GB
[16:18:16] [train] ep=18 step=010/40 ce=0.6894 sc=0.8899 mi=0.0798 dn=0.0000 v13=0.0010 grl=0.3972 v15=0.0000 v15r=0.0000 v16=0.0000 v17=0.0000 v18=0.0000 acc=0.9750 lr=2.84e-04 lambda=0.000 grl_lambda=0.697 v18_lambda=0.000 gpu=3.0/15.8GB
[16:18:18] [train] ep=18 step=020/40 ce=0.6174 sc=0.8724 mi=0.0768 dn=0.0000 v13=0.0009 grl=0.3617 v15=0.0000 v15r=0.0000 v16=0.0000 v17=0.0000 v18=0.0000 acc=0.9812 lr=2.84e-04 lambda=0.000 grl_lambda=0.703 v18_lambda=0.000 gpu=3.0/15.8GB
[16:18:20] [train] ep=18 step=030/40 ce=0.6185 sc=0.9546 mi=0.0770 dn=0.0000 v13=0.0009 grl=0.3699 v15=0.0000 v15r=0.0000 v16=0.0000 v17=0.0000 v18=0.0000 acc=0.9792 lr=2.83e-04 lambda=0.000 grl_lambda=0.710 v18_lambda=0.000 gpu=3.0/15.8GB
[16:18:22] [train] ep=18 step=040/40 ce=0.6286 sc=0.9507 mi=0.0756 dn=0.0000 v13=0.0009 grl=0.3701 v15=0.0000 v15r=0.0000 v16=0.0000 v17=0.0000 v18=0.0000 acc=0.9797 lr=2.83e-04 lambda=0.000 grl_lambda=0.716 v18_lambda=0.000 gpu=3.0/15.8GB
[16:18:25] [ep_summary] ep=18/100 val_live=0.9321/0.9323 val_ema=0.5309/0.4510 test77_live=0.7266/0.7083 test77_diag_ema=0.3381/0.2367 v13=0.0009 grl=0.3701 v15=0.0000 v15r=0.0000 v16=0.0000 v17=0.0000 v18=0.0000 das=fixed_full[15,140] p=1.00 ep_time=11.2s
[16:18:25] [save] best_sourceval_ema val_acc_ema=0.5309 source_val_live=0.9321/0.9323 source_val_ema=0.5309/0.4510 ep=18
[16:18:25] [save] best_sourcequalified77_ema ep=18 source_val_live=0.9321/0.9323 source_val_ema=0.5309/0.4510 test77_ema=0.3381/0.2367
[16:18:25] [train] epoch 19/100 steps=40 use_dann=0 das=fixed_full f=[15.0,140.0] p=1.00 gpu=3.0/15.8GB
[16:18:25] [train] ep=19 step=001/40 ce=0.6889 sc=0.6801 mi=0.0752 dn=0.0000 v13=0.0006 grl=0.3212 v15=0.0000 v15r=0.0000 v16=0.0000 v17=0.0000 v18=0.0000 acc=1.0000 lr=2.83e-04 lambda=0.000 grl_lambda=0.716 v18_lambda=0.000 gpu=3.0/15.8GB
[16:18:27] [train] ep=19 step=010/40 ce=0.5110 sc=0.7783 mi=0.0709 dn=0.0000 v13=0.0007 grl=0.3185 v15=0.0000 v15r=0.0000 v16=0.0000 v17=0.0000 v18=0.0000 acc=0.9812 lr=2.82e-04 lambda=0.000 grl_lambda=0.722 v18_lambda=0.000 gpu=3.0/15.8GB
[16:18:29] [train] ep=19 step=020/40 ce=0.5961 sc=0.8441 mi=0.0735 dn=0.0000 v13=0.0008 grl=0.3368 v15=0.0000 v15r=0.0000 v16=0.0000 v17=0.0000 v18=0.0000 acc=0.9781 lr=2.82e-04 lambda=0.000 grl_lambda=0.728 v18_lambda=0.000 gpu=3.0/15.8GB
[16:18:31] [train] ep=19 step=030/40 ce=0.5371 sc=0.8532 mi=0.0737 dn=0.0000 v13=0.0007 grl=0.3496 v15=0.0000 v15r=0.0000 v16=0.0000 v17=0.0000 v18=0.0000 acc=0.9812 lr=2.81e-04 lambda=0.000 grl_lambda=0.733 v18_lambda=0.000 gpu=3.0/15.8GB
[16:18:33] [train] ep=19 step=040/40 ce=0.5202 sc=0.8469 mi=0.0741 dn=0.0000 v13=0.0008 grl=0.3627 v15=0.0000 v15r=0.0000 v16=0.0000 v17=0.0000 v18=0.0000 acc=0.9828 lr=2.80e-04 lambda=0.000 grl_lambda=0.739 v18_lambda=0.000 gpu=3.0/15.8GB
[16:18:35] [ep_summary] ep=19/100 val_live=0.9506/0.9492 val_ema=0.5432/0.4716 test77_live=0.8273/0.8160 test77_diag_ema=0.3669/0.2574 v13=0.0008 grl=0.3627 v15=0.0000 v15r=0.0000 v16=0.0000 v17=0.0000 v18=0.0000 das=fixed_full[15,140] p=1.00 ep_time=10.1s
[16:18:35] [save] best_sourceval_ema val_acc_ema=0.5432 source_val_live=0.9506/0.9492 source_val_ema=0.5432/0.4716 ep=19
[16:18:35] [save] best_sourcequalified77_ema ep=19 source_val_live=0.9506/0.9492 source_val_ema=0.5432/0.4716 test77_ema=0.3669/0.2574
[16:18:35] [train] epoch 20/100 steps=40 use_dann=0 das=fixed_full f=[15.0,140.0] p=1.00 gpu=3.0/15.8GB
[16:18:36] [train] ep=20 step=001/40 ce=0.3912 sc=0.8659 mi=0.0691 dn=0.0000 v13=0.0005 grl=0.4137 v15=0.0000 v15r=0.0000 v16=0.0000 v17=0.0000 v18=0.0000 acc=1.0000 lr=2.80e-04 lambda=0.000 grl_lambda=0.740 v18_lambda=0.000 gpu=3.0/15.8GB
[16:18:37] [train] ep=20 step=010/40 ce=0.4269 sc=0.7858 mi=0.0744 dn=0.0000 v13=0.0008 grl=0.3583 v15=0.0000 v15r=0.0000 v16=0.0000 v17=0.0000 v18=0.0000 acc=0.9938 lr=2.80e-04 lambda=0.000 grl_lambda=0.745 v18_lambda=0.000 gpu=3.0/15.8GB
[16:18:39] [train] ep=20 step=020/40 ce=0.3698 sc=0.7555 mi=0.0752 dn=0.0000 v13=0.0008 grl=0.3697 v15=0.0000 v15r=0.0000 v16=0.0000 v17=0.0000 v18=0.0000 acc=0.9969 lr=2.79e-04 lambda=0.000 grl_lambda=0.750 v18_lambda=0.000 gpu=3.0/15.8GB
[16:18:41] [train] ep=20 step=030/40 ce=0.3837 sc=0.7574 mi=0.0771 dn=0.0000 v13=0.0008 grl=0.3887 v15=0.0000 v15r=0.0000 v16=0.0000 v17=0.0000 v18=0.0000 acc=0.9938 lr=2.79e-04 lambda=0.000 grl_lambda=0.756 v18_lambda=0.000 gpu=3.0/15.8GB
[16:18:43] [train] ep=20 step=040/40 ce=0.4085 sc=0.7903 mi=0.0770 dn=0.0000 v13=0.0008 grl=0.3823 v15=0.0000 v15r=0.0000 v16=0.0000 v17=0.0000 v18=0.0000 acc=0.9922 lr=2.78e-04 lambda=0.000 grl_lambda=0.761 v18_lambda=0.000 gpu=3.0/15.8GB
[16:18:45] [pool] check ep=020/100 source_val_acc_ema=0.5864 threshold=0.90
[16:18:45] [pool] ep=020 SKIP (source_val_acc_ema=0.5864 < 0.90)
[16:18:46] [ep_summary] ep=20/100 val_live=0.9444/0.9436 val_ema=0.5864/0.5274 test77_live=0.6799/0.6592 test77_diag_ema=0.3957/0.2827 v13=0.0008 grl=0.3823 v15=0.0000 v15r=0.0000 v16=0.0000 v17=0.0000 v18=0.0000 das=fixed_full[15,140] p=1.00 ep_time=10.2s
[16:18:46] [save] best_sourceval_ema val_acc_ema=0.5864 source_val_live=0.9444/0.9436 source_val_ema=0.5864/0.5274 ep=20
[16:18:46] [save] best_sourcequalified77_ema ep=20 source_val_live=0.9444/0.9436 source_val_ema=0.5864/0.5274 test77_ema=0.3957/0.2827
[16:18:46] [strict77_monitor] ep=20 best_source_epoch=20 source_val_ema=0.5864/0.5274 test77_ema_diag=0.3957/0.2827 sourcequalified_count=20 best_sourcequalified77_epoch=20 source_val_ema=0.5864/0.5274 test77_ema=0.3957/0.2827
[16:18:46] [train] epoch 21/100 steps=40 use_dann=0 das=fixed_full f=[15.0,140.0] p=1.00 gpu=3.0/15.8GB
[16:18:46] [train] ep=21 step=001/40 ce=0.2901 sc=1.0658 mi=0.0581 dn=0.0000 v13=0.0010 grl=0.2097 v15=0.0000 v15r=0.0000 v16=0.0000 v17=0.0000 v18=0.0000 acc=1.0000 lr=2.78e-04 lambda=0.000 grl_lambda=0.762 v18_lambda=0.000 gpu=3.0/15.8GB
[16:18:47] [train] ep=21 step=010/40 ce=0.3597 sc=0.8384 mi=0.0720 dn=0.0000 v13=0.0009 grl=0.2739 v15=0.0000 v15r=0.0000 v16=0.0000 v17=0.0000 v18=0.0000 acc=1.0000 lr=2.77e-04 lambda=0.000 grl_lambda=0.766 v18_lambda=0.000 gpu=3.0/15.8GB
[16:18:49] [train] ep=21 step=020/40 ce=0.4237 sc=0.8452 mi=0.0740 dn=0.0000 v13=0.0009 grl=0.3048 v15=0.0000 v15r=0.0000 v16=0.0000 v17=0.0000 v18=0.0000 acc=0.9938 lr=2.77e-04 lambda=0.000 grl_lambda=0.771 v18_lambda=0.000 gpu=3.0/15.8GB
[16:18:51] [train] ep=21 step=030/40 ce=0.4451 sc=0.7916 mi=0.0724 dn=0.0000 v13=0.0010 grl=0.2981 v15=0.0000 v15r=0.0000 v16=0.0000 v17=0.0000 v18=0.0000 acc=0.9917 lr=2.76e-04 lambda=0.000 grl_lambda=0.776 v18_lambda=0.000 gpu=3.0/15.8GB
[16:18:54] [train] ep=21 step=040/40 ce=0.4580 sc=0.8062 mi=0.0723 dn=0.0000 v13=0.0009 grl=0.3027 v15=0.0000 v15r=0.0000 v16=0.0000 v17=0.0000 v18=0.0000 acc=0.9891 lr=2.75e-04 lambda=0.000 grl_lambda=0.781 v18_lambda=0.000 gpu=3.0/15.8GB
[16:18:57] [ep_summary] ep=21/100 val_live=0.9444/0.9429 val_ema=0.5926/0.5388 test77_live=0.7122/0.7039 test77_diag_ema=0.4137/0.2963 v13=0.0009 grl=0.3027 v15=0.0000 v15r=0.0000 v16=0.0000 v17=0.0000 v18=0.0000 das=fixed_full[15,140] p=1.00 ep_time=10.9s
[16:18:57] [save] best_sourceval_ema val_acc_ema=0.5926 source_val_live=0.9444/0.9429 source_val_ema=0.5926/0.5388 ep=21
[16:18:57] [save] best_sourcequalified77_ema ep=21 source_val_live=0.9444/0.9429 source_val_ema=0.5926/0.5388 test77_ema=0.4137/0.2963
[16:18:57] [train] epoch 22/100 steps=40 use_dann=0 das=fixed_full f=[15.0,140.0] p=1.00 gpu=3.0/15.8GB
[16:18:57] [train] ep=22 step=001/40 ce=0.2877 sc=0.7738 mi=0.0676 dn=0.0000 v13=0.0008 grl=0.2487 v15=0.0000 v15r=0.0000 v16=0.0000 v17=0.0000 v18=0.0000 acc=1.0000 lr=2.75e-04 lambda=0.000 grl_lambda=0.782 v18_lambda=0.000 gpu=3.0/15.8GB
[16:18:59] [train] ep=22 step=010/40 ce=0.3331 sc=0.9515 mi=0.0702 dn=0.0000 v13=0.0008 grl=0.2901 v15=0.0000 v15r=0.0000 v16=0.0000 v17=0.0000 v18=0.0000 acc=1.0000 lr=2.75e-04 lambda=0.000 grl_lambda=0.786 v18_lambda=0.000 gpu=3.0/15.8GB
[16:19:01] [train] ep=22 step=020/40 ce=0.4377 sc=0.9401 mi=0.0690 dn=0.0000 v13=0.0009 grl=0.2828 v15=0.0000 v15r=0.0000 v16=0.0000 v17=0.0000 v18=0.0000 acc=0.9906 lr=2.74e-04 lambda=0.000 grl_lambda=0.791 v18_lambda=0.000 gpu=3.0/15.8GB
[16:19:03] [train] ep=22 step=030/40 ce=0.4864 sc=0.9330 mi=0.0690 dn=0.0000 v13=0.0009 grl=0.2828 v15=0.0000 v15r=0.0000 v16=0.0000 v17=0.0000 v18=0.0000 acc=0.9854 lr=2.73e-04 lambda=0.000 grl_lambda=0.796 v18_lambda=0.000 gpu=3.0/15.8GB
[16:19:05] [train] ep=22 step=040/40 ce=0.4633 sc=0.8753 mi=0.0685 dn=0.0000 v13=0.0009 grl=0.2839 v15=0.0000 v15r=0.0000 v16=0.0000 v17=0.0000 v18=0.0000 acc=0.9859 lr=2.73e-04 lambda=0.000 grl_lambda=0.800 v18_lambda=0.000 gpu=3.0/15.8GB
[16:19:08] [ep_summary] ep=22/100 val_live=0.9506/0.9500 val_ema=0.6111/0.5543 test77_live=0.6763/0.6504 test77_diag_ema=0.4209/0.2987 v13=0.0009 grl=0.2839 v15=0.0000 v15r=0.0000 v16=0.0000 v17=0.0000 v18=0.0000 das=fixed_full[15,140] p=1.00 ep_time=10.9s
[16:19:08] [save] best_sourceval_ema val_acc_ema=0.6111 source_val_live=0.9506/0.9500 source_val_ema=0.6111/0.5543 ep=22
[16:19:08] [save] best_sourcequalified77_ema ep=22 source_val_live=0.9506/0.9500 source_val_ema=0.6111/0.5543 test77_ema=0.4209/0.2987
[16:19:08] [train] epoch 23/100 steps=40 use_dann=0 das=fixed_full f=[15.0,140.0] p=1.00 gpu=3.0/15.8GB
[16:19:08] [train] ep=23 step=001/40 ce=0.2770 sc=0.8621 mi=0.0690 dn=0.0000 v13=0.0012 grl=0.2452 v15=0.0000 v15r=0.0000 v16=0.0000 v17=0.0000 v18=0.0000 acc=1.0000 lr=2.72e-04 lambda=0.000 grl_lambda=0.800 v18_lambda=0.000 gpu=3.0/15.8GB
[16:19:10] [train] ep=23 step=010/40 ce=0.3858 sc=0.9059 mi=0.0689 dn=0.0000 v13=0.0012 grl=0.2406 v15=0.0000 v15r=0.0000 v16=0.0000 v17=0.0000 v18=0.0000 acc=0.9875 lr=2.72e-04 lambda=0.000 grl_lambda=0.805 v18_lambda=0.000 gpu=3.0/15.8GB
[16:19:12] [train] ep=23 step=020/40 ce=0.3906 sc=0.8346 mi=0.0675 dn=0.0000 v13=0.0011 grl=0.2674 v15=0.0000 v15r=0.0000 v16=0.0000 v17=0.0000 v18=0.0000 acc=0.9906 lr=2.71e-04 lambda=0.000 grl_lambda=0.809 v18_lambda=0.000 gpu=3.0/15.8GB
[16:19:14] [train] ep=23 step=030/40 ce=0.4821 sc=0.9007 mi=0.0685 dn=0.0000 v13=0.0010 grl=0.2696 v15=0.0000 v15r=0.0000 v16=0.0000 v17=0.0000 v18=0.0000 acc=0.9854 lr=2.70e-04 lambda=0.000 grl_lambda=0.813 v18_lambda=0.000 gpu=3.0/15.8GB
[16:19:17] [train] ep=23 step=040/40 ce=0.4938 sc=0.9012 mi=0.0700 dn=0.0000 v13=0.0009 grl=0.2735 v15=0.0000 v15r=0.0000 v16=0.0000 v17=0.0000 v18=0.0000 acc=0.9859 lr=2.70e-04 lambda=0.000 grl_lambda=0.817 v18_lambda=0.000 gpu=3.0/15.8GB
[16:19:19] [ep_summary] ep=23/100 val_live=0.9506/0.9502 val_ema=0.6420/0.5946 test77_live=0.6547/0.6399 test77_diag_ema=0.4245/0.3068 v13=0.0009 grl=0.2735 v15=0.0000 v15r=0.0000 v16=0.0000 v17=0.0000 v18=0.0000 das=fixed_full[15,140] p=1.00 ep_time=11.8s
[16:19:19] [save] best_sourceval_ema val_acc_ema=0.6420 source_val_live=0.9506/0.9502 source_val_ema=0.6420/0.5946 ep=23
[16:19:19] [save] best_sourcequalified77_ema ep=23 source_val_live=0.9506/0.9502 source_val_ema=0.6420/0.5946 test77_ema=0.4245/0.3068
[16:19:20] [train] epoch 24/100 steps=40 use_dann=0 das=fixed_full f=[15.0,140.0] p=1.00 gpu=3.0/15.8GB
[16:19:20] [train] ep=24 step=001/40 ce=0.2854 sc=0.6803 mi=0.0780 dn=0.0000 v13=0.0010 grl=0.4210 v15=0.0000 v15r=0.0000 v16=0.0000 v17=0.0000 v18=0.0000 acc=1.0000 lr=2.70e-04 lambda=0.000 grl_lambda=0.818 v18_lambda=0.000 gpu=3.0/15.8GB
[16:19:21] [train] ep=24 step=010/40 ce=0.5360 sc=0.8002 mi=0.0686 dn=0.0000 v13=0.0008 grl=0.2493 v15=0.0000 v15r=0.0000 v16=0.0000 v17=0.0000 v18=0.0000 acc=0.9750 lr=2.69e-04 lambda=0.000 grl_lambda=0.821 v18_lambda=0.000 gpu=3.0/15.8GB
[16:19:23] [train] ep=24 step=020/40 ce=0.4543 sc=0.8226 mi=0.0679 dn=0.0000 v13=0.0007 grl=0.2768 v15=0.0000 v15r=0.0000 v16=0.0000 v17=0.0000 v18=0.0000 acc=0.9844 lr=2.68e-04 lambda=0.000 grl_lambda=0.825 v18_lambda=0.000 gpu=3.0/15.8GB
[16:19:25] [train] ep=24 step=030/40 ce=0.4418 sc=0.8496 mi=0.0700 dn=0.0000 v13=0.0007 grl=0.2879 v15=0.0000 v15r=0.0000 v16=0.0000 v17=0.0000 v18=0.0000 acc=0.9854 lr=2.67e-04 lambda=0.000 grl_lambda=0.829 v18_lambda=0.000 gpu=3.0/15.8GB
[16:19:27] [train] ep=24 step=040/40 ce=0.4399 sc=0.8394 mi=0.0697 dn=0.0000 v13=0.0008 grl=0.2871 v15=0.0000 v15r=0.0000 v16=0.0000 v17=0.0000 v18=0.0000 acc=0.9859 lr=2.67e-04 lambda=0.000 grl_lambda=0.833 v18_lambda=0.000 gpu=3.0/15.8GB
[16:19:30] [ep_summary] ep=24/100 val_live=0.9444/0.9444 val_ema=0.6728/0.6333 test77_live=0.6403/0.6062 test77_diag_ema=0.4424/0.3272 v13=0.0008 grl=0.2871 v15=0.0000 v15r=0.0000 v16=0.0000 v17=0.0000 v18=0.0000 das=fixed_full[15,140] p=1.00 ep_time=10.4s
[16:19:30] [save] best_sourceval_ema val_acc_ema=0.6728 source_val_live=0.9444/0.9444 source_val_ema=0.6728/0.6333 ep=24
[16:19:30] [save] best_sourcequalified77_ema ep=24 source_val_live=0.9444/0.9444 source_val_ema=0.6728/0.6333 test77_ema=0.4424/0.3272
[16:19:30] [train] epoch 25/100 steps=40 use_dann=0 das=fixed_full f=[15.0,140.0] p=1.00 gpu=3.0/15.8GB
[16:19:30] [train] ep=25 step=001/40 ce=1.0360 sc=0.7859 mi=0.0752 dn=0.0000 v13=0.0024 grl=0.2314 v15=0.0000 v15r=0.0000 v16=0.0000 v17=0.0000 v18=0.0000 acc=0.9375 lr=2.67e-04 lambda=0.000 grl_lambda=0.834 v18_lambda=0.000 gpu=3.0/15.8GB
[16:19:32] [train] ep=25 step=010/40 ce=0.4325 sc=0.8187 mi=0.0701 dn=0.0000 v13=0.0009 grl=0.2544 v15=0.0000 v15r=0.0000 v16=0.0000 v17=0.0000 v18=0.0000 acc=0.9938 lr=2.66e-04 lambda=0.000 grl_lambda=0.837 v18_lambda=0.000 gpu=3.0/15.8GB
[16:19:34] [train] ep=25 step=020/40 ce=0.4496 sc=0.8273 mi=0.0696 dn=0.0000 v13=0.0009 grl=0.2832 v15=0.0000 v15r=0.0000 v16=0.0000 v17=0.0000 v18=0.0000 acc=0.9906 lr=2.65e-04 lambda=0.000 grl_lambda=0.841 v18_lambda=0.000 gpu=3.0/15.8GB
[16:19:36] [train] ep=25 step=030/40 ce=0.4416 sc=0.8267 mi=0.0691 dn=0.0000 v13=0.0009 grl=0.3024 v15=0.0000 v15r=0.0000 v16=0.0000 v17=0.0000 v18=0.0000 acc=0.9896 lr=2.64e-04 lambda=0.000 grl_lambda=0.844 v18_lambda=0.000 gpu=3.0/15.8GB
[16:19:38] [train] ep=25 step=040/40 ce=0.4328 sc=0.8001 mi=0.0698 dn=0.0000 v13=0.0008 grl=0.3146 v15=0.0000 v15r=0.0000 v16=0.0000 v17=0.0000 v18=0.0000 acc=0.9906 lr=2.64e-04 lambda=0.000 grl_lambda=0.848 v18_lambda=0.000 gpu=3.0/15.8GB
[16:19:41] [ep_summary] ep=25/100 val_live=0.9321/0.9333 val_ema=0.7037/0.6689 test77_live=0.7230/0.7094 test77_diag_ema=0.4604/0.3544 v13=0.0008 grl=0.3146 v15=0.0000 v15r=0.0000 v16=0.0000 v17=0.0000 v18=0.0000 das=fixed_full[15,140] p=1.00 ep_time=10.7s
[16:19:41] [save] best_sourceval_ema val_acc_ema=0.7037 source_val_live=0.9321/0.9333 source_val_ema=0.7037/0.6689 ep=25
[16:19:41] [save] best_sourcequalified77_ema ep=25 source_val_live=0.9321/0.9333 source_val_ema=0.7037/0.6689 test77_ema=0.4604/0.3544
[16:19:41] [train] epoch 26/100 steps=40 use_dann=0 das=fixed_full f=[15.0,140.0] p=1.00 gpu=3.0/15.8GB
[16:19:41] [train] ep=26 step=001/40 ce=0.2839 sc=1.0117 mi=0.0653 dn=0.0000 v13=0.0005 grl=0.2716 v15=0.0000 v15r=0.0000 v16=0.0000 v17=0.0000 v18=0.0000 acc=1.0000 lr=2.64e-04 lambda=0.000 grl_lambda=0.848 v18_lambda=0.000 gpu=3.0/15.8GB
[16:19:43] [train] ep=26 step=010/40 ce=0.4886 sc=0.8347 mi=0.0712 dn=0.0000 v13=0.0008 grl=0.3024 v15=0.0000 v15r=0.0000 v16=0.0000 v17=0.0000 v18=0.0000 acc=0.9875 lr=2.63e-04 lambda=0.000 grl_lambda=0.851 v18_lambda=0.000 gpu=3.0/15.8GB
[16:19:45] [train] ep=26 step=020/40 ce=0.4163 sc=0.8048 mi=0.0707 dn=0.0000 v13=0.0009 grl=0.2915 v15=0.0000 v15r=0.0000 v16=0.0000 v17=0.0000 v18=0.0000 acc=0.9906 lr=2.62e-04 lambda=0.000 grl_lambda=0.855 v18_lambda=0.000 gpu=3.0/15.8GB
[16:19:47] [train] ep=26 step=030/40 ce=0.3909 sc=0.8094 mi=0.0693 dn=0.0000 v13=0.0009 grl=0.2979 v15=0.0000 v15r=0.0000 v16=0.0000 v17=0.0000 v18=0.0000 acc=0.9938 lr=2.61e-04 lambda=0.000 grl_lambda=0.858 v18_lambda=0.000 gpu=3.0/15.8GB
[16:19:49] [train] ep=26 step=040/40 ce=0.3615 sc=0.8009 mi=0.0685 dn=0.0000 v13=0.0009 grl=0.2960 v15=0.0000 v15r=0.0000 v16=0.0000 v17=0.0000 v18=0.0000 acc=0.9953 lr=2.60e-04 lambda=0.000 grl_lambda=0.861 v18_lambda=0.000 gpu=3.0/15.8GB
[16:19:52] [ep_summary] ep=26/100 val_live=0.9383/0.9403 val_ema=0.7407/0.7198 test77_live=0.7302/0.7210 test77_diag_ema=0.4640/0.3624 v13=0.0009 grl=0.2960 v15=0.0000 v15r=0.0000 v16=0.0000 v17=0.0000 v18=0.0000 das=fixed_full[15,140] p=1.00 ep_time=11.4s
[16:19:52] [save] best_sourceval_ema val_acc_ema=0.7407 source_val_live=0.9383/0.9403 source_val_ema=0.7407/0.7198 ep=26
[16:19:52] [save] best_sourcequalified77_ema ep=26 source_val_live=0.9383/0.9403 source_val_ema=0.7407/0.7198 test77_ema=0.4640/0.3624
[16:19:52] [train] epoch 27/100 steps=40 use_dann=0 das=fixed_full f=[15.0,140.0] p=1.00 gpu=3.0/15.8GB
[16:19:52] [train] ep=27 step=001/40 ce=0.2686 sc=0.6429 mi=0.0769 dn=0.0000 v13=0.0014 grl=0.3840 v15=0.0000 v15r=0.0000 v16=0.0000 v17=0.0000 v18=0.0000 acc=1.0000 lr=2.60e-04 lambda=0.000 grl_lambda=0.862 v18_lambda=0.000 gpu=3.0/15.8GB
[16:19:54] [train] ep=27 step=010/40 ce=0.3228 sc=0.7310 mi=0.0668 dn=0.0000 v13=0.0009 grl=0.2742 v15=0.0000 v15r=0.0000 v16=0.0000 v17=0.0000 v18=0.0000 acc=1.0000 lr=2.60e-04 lambda=0.000 grl_lambda=0.865 v18_lambda=0.000 gpu=3.0/15.8GB
[16:19:56] [train] ep=27 step=020/40 ce=0.3465 sc=0.7496 mi=0.0700 dn=0.0000 v13=0.0011 grl=0.3016 v15=0.0000 v15r=0.0000 v16=0.0000 v17=0.0000 v18=0.0000 acc=0.9969 lr=2.59e-04 lambda=0.000 grl_lambda=0.868 v18_lambda=0.000 gpu=3.0/15.8GB
[16:19:58] [train] ep=27 step=030/40 ce=0.3762 sc=0.7845 mi=0.0689 dn=0.0000 v13=0.0010 grl=0.3017 v15=0.0000 v15r=0.0000 v16=0.0000 v17=0.0000 v18=0.0000 acc=0.9938 lr=2.58e-04 lambda=0.000 grl_lambda=0.871 v18_lambda=0.000 gpu=3.0/15.8GB
[16:20:00] [train] ep=27 step=040/40 ce=0.4014 sc=0.7976 mi=0.0687 dn=0.0000 v13=0.0009 grl=0.2959 v15=0.0000 v15r=0.0000 v16=0.0000 v17=0.0000 v18=0.0000 acc=0.9906 lr=2.57e-04 lambda=0.000 grl_lambda=0.874 v18_lambda=0.000 gpu=3.0/15.8GB
[16:20:03] [ep_summary] ep=27/100 val_live=0.9753/0.9759 val_ema=0.7346/0.7173 test77_live=0.7518/0.7454 test77_diag_ema=0.4568/0.3548 v13=0.0009 grl=0.2959 v15=0.0000 v15r=0.0000 v16=0.0000 v17=0.0000 v18=0.0000 das=fixed_full[15,140] p=1.00 ep_time=10.4s
[16:20:03] [train] epoch 28/100 steps=40 use_dann=0 das=fixed_full f=[15.0,140.0] p=1.00 gpu=3.0/15.8GB
[16:20:03] [train] ep=28 step=001/40 ce=0.3031 sc=0.8608 mi=0.0797 dn=0.0000 v13=0.0009 grl=0.3385 v15=0.0000 v15r=0.0000 v16=0.0000 v17=0.0000 v18=0.0000 acc=1.0000 lr=2.57e-04 lambda=0.000 grl_lambda=0.874 v18_lambda=0.000 gpu=3.0/15.8GB
[16:20:04] [train] ep=28 step=010/40 ce=0.4855 sc=0.8083 mi=0.0753 dn=0.0000 v13=0.0008 grl=0.3247 v15=0.0000 v15r=0.0000 v16=0.0000 v17=0.0000 v18=0.0000 acc=0.9875 lr=2.56e-04 lambda=0.000 grl_lambda=0.877 v18_lambda=0.000 gpu=3.0/15.8GB
[16:20:06] [train] ep=28 step=020/40 ce=0.4494 sc=0.8129 mi=0.0720 dn=0.0000 v13=0.0008 grl=0.3066 v15=0.0000 v15r=0.0000 v16=0.0000 v17=0.0000 v18=0.0000 acc=0.9875 lr=2.55e-04 lambda=0.000 grl_lambda=0.880 v18_lambda=0.000 gpu=3.0/15.8GB
[16:20:08] [train] ep=28 step=030/40 ce=0.4318 sc=0.7685 mi=0.0707 dn=0.0000 v13=0.0008 grl=0.3074 v15=0.0000 v15r=0.0000 v16=0.0000 v17=0.0000 v18=0.0000 acc=0.9896 lr=2.54e-04 lambda=0.000 grl_lambda=0.882 v18_lambda=0.000 gpu=3.0/15.8GB
[16:20:10] [train] ep=28 step=040/40 ce=0.4455 sc=0.8084 mi=0.0702 dn=0.0000 v13=0.0008 grl=0.3058 v15=0.0000 v15r=0.0000 v16=0.0000 v17=0.0000 v18=0.0000 acc=0.9875 lr=2.54e-04 lambda=0.000 grl_lambda=0.885 v18_lambda=0.000 gpu=3.0/15.8GB
[16:20:13] [ep_summary] ep=28/100 val_live=0.9321/0.9300 val_ema=0.7531/0.7365 test77_live=0.6079/0.5853 test77_diag_ema=0.4784/0.3798 v13=0.0008 grl=0.3058 v15=0.0000 v15r=0.0000 v16=0.0000 v17=0.0000 v18=0.0000 das=fixed_full[15,140] p=1.00 ep_time=10.4s
[16:20:13] [save] best_sourceval_ema val_acc_ema=0.7531 source_val_live=0.9321/0.9300 source_val_ema=0.7531/0.7365 ep=28
[16:20:13] [save] best_sourcequalified77_ema ep=28 source_val_live=0.9321/0.9300 source_val_ema=0.7531/0.7365 test77_ema=0.4784/0.3798
[16:20:13] [train] epoch 29/100 steps=40 use_dann=0 das=fixed_full f=[15.0,140.0] p=1.00 gpu=3.0/15.8GB
[16:20:13] [train] ep=29 step=001/40 ce=1.2900 sc=1.5795 mi=0.0611 dn=0.0000 v13=0.0007 grl=0.1630 v15=0.0000 v15r=0.0000 v16=0.0000 v17=0.0000 v18=0.0000 acc=0.9375 lr=2.53e-04 lambda=0.000 grl_lambda=0.885 v18_lambda=0.000 gpu=3.0/15.8GB
[16:20:15] [train] ep=29 step=010/40 ce=0.4240 sc=0.8560 mi=0.0645 dn=0.0000 v13=0.0008 grl=0.2407 v15=0.0000 v15r=0.0000 v16=0.0000 v17=0.0000 v18=0.0000 acc=0.9938 lr=2.53e-04 lambda=0.000 grl_lambda=0.888 v18_lambda=0.000 gpu=3.0/15.8GB
[16:20:17] [train] ep=29 step=020/40 ce=0.4683 sc=0.8634 mi=0.0661 dn=0.0000 v13=0.0008 grl=0.2485 v15=0.0000 v15r=0.0000 v16=0.0000 v17=0.0000 v18=0.0000 acc=0.9875 lr=2.52e-04 lambda=0.000 grl_lambda=0.890 v18_lambda=0.000 gpu=3.0/15.8GB
[16:20:19] [train] ep=29 step=030/40 ce=0.4151 sc=0.8861 mi=0.0678 dn=0.0000 v13=0.0008 grl=0.2707 v15=0.0000 v15r=0.0000 v16=0.0000 v17=0.0000 v18=0.0000 acc=0.9917 lr=2.51e-04 lambda=0.000 grl_lambda=0.893 v18_lambda=0.000 gpu=3.0/15.8GB
[16:20:20] [train] ep=29 step=040/40 ce=0.4259 sc=0.8488 mi=0.0683 dn=0.0000 v13=0.0007 grl=0.2828 v15=0.0000 v15r=0.0000 v16=0.0000 v17=0.0000 v18=0.0000 acc=0.9891 lr=2.50e-04 lambda=0.000 grl_lambda=0.895 v18_lambda=0.000 gpu=3.0/15.8GB
[16:20:23] [ep_summary] ep=29/100 val_live=0.9321/0.9322 val_ema=0.7654/0.7513 test77_live=0.7842/0.7747 test77_diag_ema=0.4820/0.3869 v13=0.0007 grl=0.2828 v15=0.0000 v15r=0.0000 v16=0.0000 v17=0.0000 v18=0.0000 das=fixed_full[15,140] p=1.00 ep_time=10.1s
[16:20:23] [save] best_sourceval_ema val_acc_ema=0.7654 source_val_live=0.9321/0.9322 source_val_ema=0.7654/0.7513 ep=29
[16:20:23] [save] best_sourcequalified77_ema ep=29 source_val_live=0.9321/0.9322 source_val_ema=0.7654/0.7513 test77_ema=0.4820/0.3869
[16:20:23] [train] epoch 30/100 steps=40 use_dann=0 das=fixed_full f=[15.0,140.0] p=1.00 gpu=3.0/15.8GB
[16:20:23] [train] ep=30 step=001/40 ce=0.2802 sc=0.8601 mi=0.0620 dn=0.0000 v13=0.0005 grl=0.3286 v15=0.0000 v15r=0.0000 v16=0.0000 v17=0.0000 v18=0.0000 acc=1.0000 lr=2.50e-04 lambda=0.000 grl_lambda=0.896 v18_lambda=0.000 gpu=3.0/15.8GB
[16:20:25] [train] ep=30 step=010/40 ce=0.3332 sc=0.7873 mi=0.0679 dn=0.0000 v13=0.0006 grl=0.2949 v15=0.0000 v15r=0.0000 v16=0.0000 v17=0.0000 v18=0.0000 acc=0.9938 lr=2.49e-04 lambda=0.000 grl_lambda=0.898 v18_lambda=0.000 gpu=3.0/15.8GB
[16:20:27] [train] ep=30 step=020/40 ce=0.5207 sc=0.9542 mi=0.0663 dn=0.0000 v13=0.0007 grl=0.2889 v15=0.0000 v15r=0.0000 v16=0.0000 v17=0.0000 v18=0.0000 acc=0.9781 lr=2.48e-04 lambda=0.000 grl_lambda=0.900 v18_lambda=0.000 gpu=3.0/15.8GB
[16:20:29] [train] ep=30 step=030/40 ce=0.4641 sc=0.9383 mi=0.0660 dn=0.0000 v13=0.0007 grl=0.2945 v15=0.0000 v15r=0.0000 v16=0.0000 v17=0.0000 v18=0.0000 acc=0.9854 lr=2.47e-04 lambda=0.000 grl_lambda=0.903 v18_lambda=0.000 gpu=3.0/15.8GB
[16:20:31] [train] ep=30 step=040/40 ce=0.4334 sc=0.9013 mi=0.0660 dn=0.0000 v13=0.0007 grl=0.2939 v15=0.0000 v15r=0.0000 v16=0.0000 v17=0.0000 v18=0.0000 acc=0.9891 lr=2.46e-04 lambda=0.000 grl_lambda=0.905 v18_lambda=0.000 gpu=3.0/15.8GB
[16:20:33] [pool] check ep=030/100 source_val_acc_ema=0.7778 threshold=0.90
[16:20:33] [pool] ep=030 SKIP (source_val_acc_ema=0.7778 < 0.90)
[16:20:33] [ep_summary] ep=30/100 val_live=0.9444/0.9450 val_ema=0.7778/0.7686 test77_live=0.7482/0.7368 test77_diag_ema=0.4928/0.4061 v13=0.0007 grl=0.2939 v15=0.0000 v15r=0.0000 v16=0.0000 v17=0.0000 v18=0.0000 das=fixed_full[15,140] p=1.00 ep_time=10.1s
[16:20:33] [save] best_sourceval_ema val_acc_ema=0.7778 source_val_live=0.9444/0.9450 source_val_ema=0.7778/0.7686 ep=30
[16:20:33] [save] best_sourcequalified77_ema ep=30 source_val_live=0.9444/0.9450 source_val_ema=0.7778/0.7686 test77_ema=0.4928/0.4061
[16:20:33] [strict77_monitor] ep=30 best_source_epoch=30 source_val_ema=0.7778/0.7686 test77_ema_diag=0.4928/0.4061 sourcequalified_count=30 best_sourcequalified77_epoch=30 source_val_ema=0.7778/0.7686 test77_ema=0.4928/0.4061
[16:20:33] [train] epoch 31/100 steps=40 use_dann=0 das=fixed_full f=[15.0,140.0] p=1.00 gpu=3.0/15.8GB
[16:20:34] [train] ep=31 step=001/40 ce=0.3071 sc=0.2761 mi=0.0776 dn=0.0000 v13=0.0002 grl=0.4347 v15=0.0000 v15r=0.0000 v16=0.0000 v17=0.0000 v18=0.0000 acc=1.0000 lr=2.46e-04 lambda=0.000 grl_lambda=0.905 v18_lambda=0.000 gpu=3.0/15.8GB
[16:20:35] [train] ep=31 step=010/40 ce=0.3229 sc=0.7346 mi=0.0655 dn=0.0000 v13=0.0006 grl=0.2944 v15=0.0000 v15r=0.0000 v16=0.0000 v17=0.0000 v18=0.0000 acc=0.9938 lr=2.45e-04 lambda=0.000 grl_lambda=0.907 v18_lambda=0.000 gpu=3.0/15.8GB
[16:20:37] [train] ep=31 step=020/40 ce=0.3100 sc=0.7500 mi=0.0653 dn=0.0000 v13=0.0006 grl=0.3155 v15=0.0000 v15r=0.0000 v16=0.0000 v17=0.0000 v18=0.0000 acc=0.9969 lr=2.44e-04 lambda=0.000 grl_lambda=0.909 v18_lambda=0.000 gpu=3.0/15.8GB
[16:20:39] [train] ep=31 step=030/40 ce=0.3248 sc=0.7768 mi=0.0655 dn=0.0000 v13=0.0006 grl=0.3041 v15=0.0000 v15r=0.0000 v16=0.0000 v17=0.0000 v18=0.0000 acc=0.9958 lr=2.43e-04 lambda=0.000 grl_lambda=0.911 v18_lambda=0.000 gpu=3.0/15.8GB
[16:20:41] [train] ep=31 step=040/40 ce=0.3155 sc=0.7647 mi=0.0660 dn=0.0000 v13=0.0007 grl=0.2961 v15=0.0000 v15r=0.0000 v16=0.0000 v17=0.0000 v18=0.0000 acc=0.9969 lr=2.43e-04 lambda=0.000 grl_lambda=0.914 v18_lambda=0.000 gpu=3.0/15.8GB
[16:20:43] [ep_summary] ep=31/100 val_live=0.9506/0.9510 val_ema=0.8272/0.8243 test77_live=0.7842/0.7748 test77_diag_ema=0.5072/0.4225 v13=0.0007 grl=0.2961 v15=0.0000 v15r=0.0000 v16=0.0000 v17=0.0000 v18=0.0000 das=fixed_full[15,140] p=1.00 ep_time=10.1s
[16:20:43] [save] best_sourceval_ema val_acc_ema=0.8272 source_val_live=0.9506/0.9510 source_val_ema=0.8272/0.8243 ep=31
[16:20:44] [save] best_sourcequalified77_ema ep=31 source_val_live=0.9506/0.9510 source_val_ema=0.8272/0.8243 test77_ema=0.5072/0.4225
[16:20:44] [train] epoch 32/100 steps=40 use_dann=0 das=fixed_full f=[15.0,140.0] p=1.00 gpu=3.0/15.8GB
[16:20:44] [train] ep=32 step=001/40 ce=0.2679 sc=0.6160 mi=0.0660 dn=0.0000 v13=0.0009 grl=0.1147 v15=0.0000 v15r=0.0000 v16=0.0000 v17=0.0000 v18=0.0000 acc=1.0000 lr=2.42e-04 lambda=0.000 grl_lambda=0.914 v18_lambda=0.000 gpu=3.0/15.8GB
[16:20:45] [train] ep=32 step=010/40 ce=0.3309 sc=0.8229 mi=0.0693 dn=0.0000 v13=0.0007 grl=0.2519 v15=0.0000 v15r=0.0000 v16=0.0000 v17=0.0000 v18=0.0000 acc=1.0000 lr=2.42e-04 lambda=0.000 grl_lambda=0.916 v18_lambda=0.000 gpu=3.0/15.8GB
[16:20:47] [train] ep=32 step=020/40 ce=0.3037 sc=0.7353 mi=0.0688 dn=0.0000 v13=0.0007 grl=0.2620 v15=0.0000 v15r=0.0000 v16=0.0000 v17=0.0000 v18=0.0000 acc=1.0000 lr=2.41e-04 lambda=0.000 grl_lambda=0.918 v18_lambda=0.000 gpu=3.0/15.8GB
[16:20:49] [train] ep=32 step=030/40 ce=0.3224 sc=0.7173 mi=0.0696 dn=0.0000 v13=0.0007 grl=0.2689 v15=0.0000 v15r=0.0000 v16=0.0000 v17=0.0000 v18=0.0000 acc=0.9979 lr=2.40e-04 lambda=0.000 grl_lambda=0.920 v18_lambda=0.000 gpu=3.0/15.8GB
[16:20:51] [train] ep=32 step=040/40 ce=0.4150 sc=0.7844 mi=0.0685 dn=0.0000 v13=0.0007 grl=0.2574 v15=0.0000 v15r=0.0000 v16=0.0000 v17=0.0000 v18=0.0000 acc=0.9906 lr=2.39e-04 lambda=0.000 grl_lambda=0.921 v18_lambda=0.000 gpu=3.0/15.8GB
[16:20:54] [ep_summary] ep=32/100 val_live=0.9259/0.9266 val_ema=0.8457/0.8444 test77_live=0.7878/0.7806 test77_diag_ema=0.5252/0.4429 v13=0.0007 grl=0.2574 v15=0.0000 v15r=0.0000 v16=0.0000 v17=0.0000 v18=0.0000 das=fixed_full[15,140] p=1.00 ep_time=10.1s
[16:20:54] [save] best_sourceval_ema val_acc_ema=0.8457 source_val_live=0.9259/0.9266 source_val_ema=0.8457/0.8444 ep=32
[16:20:54] [save] best_sourcequalified77_ema ep=32 source_val_live=0.9259/0.9266 source_val_ema=0.8457/0.8444 test77_ema=0.5252/0.4429
[16:20:54] [train] epoch 33/100 steps=40 use_dann=0 das=fixed_full f=[15.0,140.0] p=1.00 gpu=3.0/15.8GB
[16:20:54] [train] ep=33 step=001/40 ce=0.9836 sc=1.0637 mi=0.0796 dn=0.0000 v13=0.0006 grl=0.2836 v15=0.0000 v15r=0.0000 v16=0.0000 v17=0.0000 v18=0.0000 acc=0.9375 lr=2.39e-04 lambda=0.000 grl_lambda=0.922 v18_lambda=0.000 gpu=3.0/15.8GB
[16:20:56] [train] ep=33 step=010/40 ce=0.5055 sc=0.8798 mi=0.0682 dn=0.0000 v13=0.0009 grl=0.2785 v15=0.0000 v15r=0.0000 v16=0.0000 v17=0.0000 v18=0.0000 acc=0.9875 lr=2.38e-04 lambda=0.000 grl_lambda=0.923 v18_lambda=0.000 gpu=3.0/15.8GB
[16:20:57] [train] ep=33 step=020/40 ce=0.4209 sc=0.8139 mi=0.0674 dn=0.0000 v13=0.0008 grl=0.2895 v15=0.0000 v15r=0.0000 v16=0.0000 v17=0.0000 v18=0.0000 acc=0.9938 lr=2.37e-04 lambda=0.000 grl_lambda=0.925 v18_lambda=0.000 gpu=3.0/15.8GB
[16:20:59] [train] ep=33 step=030/40 ce=0.4228 sc=0.8265 mi=0.0658 dn=0.0000 v13=0.0008 grl=0.2845 v15=0.0000 v15r=0.0000 v16=0.0000 v17=0.0000 v18=0.0000 acc=0.9917 lr=2.36e-04 lambda=0.000 grl_lambda=0.927 v18_lambda=0.000 gpu=3.0/15.8GB
[16:21:01] [train] ep=33 step=040/40 ce=0.4048 sc=0.8247 mi=0.0655 dn=0.0000 v13=0.0008 grl=0.2858 v15=0.0000 v15r=0.0000 v16=0.0000 v17=0.0000 v18=0.0000 acc=0.9922 lr=2.35e-04 lambda=0.000 grl_lambda=0.929 v18_lambda=0.000 gpu=3.0/15.8GB
[16:21:04] [ep_summary] ep=33/100 val_live=0.9383/0.9401 val_ema=0.8704/0.8691 test77_live=0.7698/0.7557 test77_diag_ema=0.5432/0.4608 v13=0.0008 grl=0.2858 v15=0.0000 v15r=0.0000 v16=0.0000 v17=0.0000 v18=0.0000 das=fixed_full[15,140] p=1.00 ep_time=10.1s
[16:21:04] [save] best_sourceval_ema val_acc_ema=0.8704 source_val_live=0.9383/0.9401 source_val_ema=0.8704/0.8691 ep=33
[16:21:04] [save] best_sourcequalified77_ema ep=33 source_val_live=0.9383/0.9401 source_val_ema=0.8704/0.8691 test77_ema=0.5432/0.4608
[16:21:04] [train] epoch 34/100 steps=40 use_dann=0 das=fixed_full f=[15.0,140.0] p=1.00 gpu=3.0/15.8GB
[16:21:04] [train] ep=34 step=001/40 ce=0.7352 sc=0.7024 mi=0.0650 dn=0.0000 v13=0.0004 grl=0.2532 v15=0.0000 v15r=0.0000 v16=0.0000 v17=0.0000 v18=0.0000 acc=0.9375 lr=2.35e-04 lambda=0.000 grl_lambda=0.929 v18_lambda=0.000 gpu=3.0/15.8GB
[16:21:06] [train] ep=34 step=010/40 ce=0.3261 sc=0.9459 mi=0.0679 dn=0.0000 v13=0.0008 grl=0.2928 v15=0.0000 v15r=0.0000 v16=0.0000 v17=0.0000 v18=0.0000 acc=0.9938 lr=2.34e-04 lambda=0.000 grl_lambda=0.930 v18_lambda=0.000 gpu=3.0/15.8GB
[16:21:08] [train] ep=34 step=020/40 ce=0.3485 sc=0.8670 mi=0.0659 dn=0.0000 v13=0.0008 grl=0.2916 v15=0.0000 v15r=0.0000 v16=0.0000 v17=0.0000 v18=0.0000 acc=0.9906 lr=2.33e-04 lambda=0.000 grl_lambda=0.932 v18_lambda=0.000 gpu=3.0/15.8GB
[16:21:09] [train] ep=34 step=030/40 ce=0.3239 sc=0.8328 mi=0.0660 dn=0.0000 v13=0.0008 grl=0.2925 v15=0.0000 v15r=0.0000 v16=0.0000 v17=0.0000 v18=0.0000 acc=0.9938 lr=2.32e-04 lambda=0.000 grl_lambda=0.934 v18_lambda=0.000 gpu=3.0/15.8GB
[16:21:11] [train] ep=34 step=040/40 ce=0.3093 sc=0.8168 mi=0.0662 dn=0.0000 v13=0.0007 grl=0.2999 v15=0.0000 v15r=0.0000 v16=0.0000 v17=0.0000 v18=0.0000 acc=0.9953 lr=2.31e-04 lambda=0.000 grl_lambda=0.935 v18_lambda=0.000 gpu=3.0/15.8GB
[16:21:14] [ep_summary] ep=34/100 val_live=0.9383/0.9399 val_ema=0.9012/0.9013 test77_live=0.7590/0.7480 test77_diag_ema=0.5468/0.4647 v13=0.0007 grl=0.2999 v15=0.0000 v15r=0.0000 v16=0.0000 v17=0.0000 v18=0.0000 das=fixed_full[15,140] p=1.00 ep_time=10.1s
[16:21:14] [save] best_sourceval_ema val_acc_ema=0.9012 source_val_live=0.9383/0.9399 source_val_ema=0.9012/0.9013 ep=34
[16:21:14] [save] best_sourcequalified77_ema ep=34 source_val_live=0.9383/0.9399 source_val_ema=0.9012/0.9013 test77_ema=0.5468/0.4647
[16:21:14] [train] epoch 35/100 steps=40 use_dann=0 das=fixed_full f=[15.0,140.0] p=1.00 gpu=3.0/15.8GB
[16:21:14] [train] ep=35 step=001/40 ce=1.5373 sc=1.1593 mi=0.0640 dn=0.0000 v13=0.0005 grl=0.2618 v15=0.0000 v15r=0.0000 v16=0.0000 v17=0.0000 v18=0.0000 acc=0.8750 lr=2.31e-04 lambda=0.000 grl_lambda=0.935 v18_lambda=0.000 gpu=3.0/15.8GB
[16:21:16] [train] ep=35 step=010/40 ce=0.4892 sc=0.7736 mi=0.0648 dn=0.0000 v13=0.0007 grl=0.2435 v15=0.0000 v15r=0.0000 v16=0.0000 v17=0.0000 v18=0.0000 acc=0.9812 lr=2.30e-04 lambda=0.000 grl_lambda=0.937 v18_lambda=0.000 gpu=3.0/15.8GB
[16:21:18] [train] ep=35 step=020/40 ce=0.5013 sc=0.8368 mi=0.0656 dn=0.0000 v13=0.0008 grl=0.2383 v15=0.0000 v15r=0.0000 v16=0.0000 v17=0.0000 v18=0.0000 acc=0.9812 lr=2.29e-04 lambda=0.000 grl_lambda=0.938 v18_lambda=0.000 gpu=3.0/15.8GB
[16:21:20] [train] ep=35 step=030/40 ce=0.4951 sc=0.8162 mi=0.0671 dn=0.0000 v13=0.0008 grl=0.2476 v15=0.0000 v15r=0.0000 v16=0.0000 v17=0.0000 v18=0.0000 acc=0.9812 lr=2.28e-04 lambda=0.000 grl_lambda=0.940 v18_lambda=0.000 gpu=3.0/15.8GB
[16:21:21] [train] ep=35 step=040/40 ce=0.4795 sc=0.8328 mi=0.0670 dn=0.0000 v13=0.0008 grl=0.2517 v15=0.0000 v15r=0.0000 v16=0.0000 v17=0.0000 v18=0.0000 acc=0.9844 lr=2.27e-04 lambda=0.000 grl_lambda=0.941 v18_lambda=0.000 gpu=3.0/15.8GB
[16:21:24] [ep_summary] ep=35/100 val_live=0.9321/0.9337 val_ema=0.9136/0.9140 test77_live=0.8201/0.8139 test77_diag_ema=0.5576/0.4771 v13=0.0008 grl=0.2517 v15=0.0000 v15r=0.0000 v16=0.0000 v17=0.0000 v18=0.0000 das=fixed_full[15,140] p=1.00 ep_time=10.1s
[16:21:24] [save] best_sourceval_ema val_acc_ema=0.9136 source_val_live=0.9321/0.9337 source_val_ema=0.9136/0.9140 ep=35
[16:21:24] [save] best_sourcequalified77_ema ep=35 source_val_live=0.9321/0.9337 source_val_ema=0.9136/0.9140 test77_ema=0.5576/0.4771
[16:21:24] [train] epoch 36/100 steps=40 use_dann=0 das=fixed_full f=[15.0,140.0] p=1.00 gpu=3.0/15.8GB
[16:21:25] [train] ep=36 step=001/40 ce=0.2774 sc=0.8793 mi=0.0659 dn=0.0000 v13=0.0012 grl=0.3175 v15=0.0000 v15r=0.0000 v16=0.0000 v17=0.0000 v18=0.0000 acc=1.0000 lr=2.26e-04 lambda=0.000 grl_lambda=0.941 v18_lambda=0.000 gpu=3.0/15.8GB
[16:21:26] [train] ep=36 step=010/40 ce=0.7061 sc=0.8681 mi=0.0672 dn=0.0000 v13=0.0009 grl=0.2490 v15=0.0000 v15r=0.0000 v16=0.0000 v17=0.0000 v18=0.0000 acc=0.9625 lr=2.25e-04 lambda=0.000 grl_lambda=0.943 v18_lambda=0.000 gpu=3.0/15.8GB
[16:21:28] [train] ep=36 step=020/40 ce=0.6549 sc=0.8535 mi=0.0662 dn=0.0000 v13=0.0009 grl=0.2691 v15=0.0000 v15r=0.0000 v16=0.0000 v17=0.0000 v18=0.0000 acc=0.9719 lr=2.24e-04 lambda=0.000 grl_lambda=0.944 v18_lambda=0.000 gpu=3.0/15.8GB
[16:21:30] [train] ep=36 step=030/40 ce=0.6119 sc=0.8487 mi=0.0650 dn=0.0000 v13=0.0009 grl=0.2727 v15=0.0000 v15r=0.0000 v16=0.0000 v17=0.0000 v18=0.0000 acc=0.9750 lr=2.23e-04 lambda=0.000 grl_lambda=0.945 v18_lambda=0.000 gpu=3.0/15.8GB
[16:21:32] [train] ep=36 step=040/40 ce=0.5758 sc=0.8243 mi=0.0659 dn=0.0000 v13=0.0008 grl=0.2798 v15=0.0000 v15r=0.0000 v16=0.0000 v17=0.0000 v18=0.0000 acc=0.9797 lr=2.22e-04 lambda=0.000 grl_lambda=0.947 v18_lambda=0.000 gpu=3.0/15.8GB
[16:21:34] [ep_summary] ep=36/100 val_live=0.9568/0.9568 val_ema=0.9198/0.9200 test77_live=0.5719/0.5463 test77_diag_ema=0.5576/0.4750 v13=0.0008 grl=0.2798 v15=0.0000 v15r=0.0000 v16=0.0000 v17=0.0000 v18=0.0000 das=fixed_full[15,140] p=1.00 ep_time=10.1s
[16:21:34] [save] best_sourceval_ema val_acc_ema=0.9198 source_val_live=0.9568/0.9568 source_val_ema=0.9198/0.9200 ep=36
[16:21:34] [train] epoch 37/100 steps=40 use_dann=0 das=fixed_full f=[15.0,140.0] p=1.00 gpu=3.0/15.8GB
[16:21:35] [train] ep=37 step=001/40 ce=0.2676 sc=0.7448 mi=0.0757 dn=0.0000 v13=0.0006 grl=0.2649 v15=0.0000 v15r=0.0000 v16=0.0000 v17=0.0000 v18=0.0000 acc=1.0000 lr=2.22e-04 lambda=0.000 grl_lambda=0.947 v18_lambda=0.000 gpu=3.0/15.8GB
[16:21:36] [train] ep=37 step=010/40 ce=0.3473 sc=0.8008 mi=0.0651 dn=0.0000 v13=0.0007 grl=0.2300 v15=0.0000 v15r=0.0000 v16=0.0000 v17=0.0000 v18=0.0000 acc=0.9938 lr=2.21e-04 lambda=0.000 grl_lambda=0.948 v18_lambda=0.000 gpu=3.0/15.8GB
[16:21:38] [train] ep=37 step=020/40 ce=0.3605 sc=0.8355 mi=0.0661 dn=0.0000 v13=0.0007 grl=0.2457 v15=0.0000 v15r=0.0000 v16=0.0000 v17=0.0000 v18=0.0000 acc=0.9938 lr=2.20e-04 lambda=0.000 grl_lambda=0.949 v18_lambda=0.000 gpu=3.0/15.8GB
[16:21:40] [train] ep=37 step=030/40 ce=0.3789 sc=0.8382 mi=0.0654 dn=0.0000 v13=0.0007 grl=0.2518 v15=0.0000 v15r=0.0000 v16=0.0000 v17=0.0000 v18=0.0000 acc=0.9917 lr=2.19e-04 lambda=0.000 grl_lambda=0.950 v18_lambda=0.000 gpu=3.0/15.8GB
[16:21:42] [train] ep=37 step=040/40 ce=0.3578 sc=0.8374 mi=0.0659 dn=0.0000 v13=0.0007 grl=0.2605 v15=0.0000 v15r=0.0000 v16=0.0000 v17=0.0000 v18=0.0000 acc=0.9938 lr=2.18e-04 lambda=0.000 grl_lambda=0.952 v18_lambda=0.000 gpu=3.0/15.8GB
[16:21:45] [ep_summary] ep=37/100 val_live=0.9506/0.9499 val_ema=0.9259/0.9258 test77_live=0.6115/0.5932 test77_diag_ema=0.5755/0.5000 v13=0.0007 grl=0.2605 v15=0.0000 v15r=0.0000 v16=0.0000 v17=0.0000 v18=0.0000 das=fixed_full[15,140] p=1.00 ep_time=10.1s
[16:21:45] [save] best_sourceval_ema val_acc_ema=0.9259 source_val_live=0.9506/0.9499 source_val_ema=0.9259/0.9258 ep=37
[16:21:45] [save] best_sourcequalified77_ema ep=37 source_val_live=0.9506/0.9499 source_val_ema=0.9259/0.9258 test77_ema=0.5755/0.5000
[16:21:45] [train] epoch 38/100 steps=40 use_dann=0 das=fixed_full f=[15.0,140.0] p=1.00 gpu=3.0/15.8GB
[16:21:45] [train] ep=38 step=001/40 ce=0.2640 sc=0.4415 mi=0.0683 dn=0.0000 v13=0.0007 grl=0.2691 v15=0.0000 v15r=0.0000 v16=0.0000 v17=0.0000 v18=0.0000 acc=1.0000 lr=2.18e-04 lambda=0.000 grl_lambda=0.952 v18_lambda=0.000 gpu=3.0/15.8GB
[16:21:46] [train] ep=38 step=010/40 ce=0.2660 sc=0.7563 mi=0.0628 dn=0.0000 v13=0.0007 grl=0.2728 v15=0.0000 v15r=0.0000 v16=0.0000 v17=0.0000 v18=0.0000 acc=1.0000 lr=2.17e-04 lambda=0.000 grl_lambda=0.953 v18_lambda=0.000 gpu=3.0/15.8GB
[16:21:48] [train] ep=38 step=020/40 ce=0.2846 sc=0.7718 mi=0.0637 dn=0.0000 v13=0.0007 grl=0.2682 v15=0.0000 v15r=0.0000 v16=0.0000 v17=0.0000 v18=0.0000 acc=0.9969 lr=2.16e-04 lambda=0.000 grl_lambda=0.954 v18_lambda=0.000 gpu=3.0/15.8GB
[16:21:50] [train] ep=38 step=030/40 ce=0.2987 sc=0.7403 mi=0.0645 dn=0.0000 v13=0.0006 grl=0.2775 v15=0.0000 v15r=0.0000 v16=0.0000 v17=0.0000 v18=0.0000 acc=0.9958 lr=2.15e-04 lambda=0.000 grl_lambda=0.955 v18_lambda=0.000 gpu=3.0/15.8GB
[16:21:52] [train] ep=38 step=040/40 ce=0.2980 sc=0.7401 mi=0.0657 dn=0.0000 v13=0.0007 grl=0.2847 v15=0.0000 v15r=0.0000 v16=0.0000 v17=0.0000 v18=0.0000 acc=0.9969 lr=2.14e-04 lambda=0.000 grl_lambda=0.956 v18_lambda=0.000 gpu=3.0/15.8GB
[16:21:55] [ep_summary] ep=38/100 val_live=0.9506/0.9499 val_ema=0.9321/0.9315 test77_live=0.6187/0.5912 test77_diag_ema=0.5755/0.4965 v13=0.0007 grl=0.2847 v15=0.0000 v15r=0.0000 v16=0.0000 v17=0.0000 v18=0.0000 das=fixed_full[15,140] p=1.00 ep_time=10.1s
[16:21:55] [save] best_sourceval_ema val_acc_ema=0.9321 source_val_live=0.9506/0.9499 source_val_ema=0.9321/0.9315 ep=38
[16:21:55] [train] epoch 39/100 steps=40 use_dann=0 das=fixed_full f=[15.0,140.0] p=1.00 gpu=3.0/15.8GB
[16:21:55] [train] ep=39 step=001/40 ce=0.2663 sc=0.7883 mi=0.0574 dn=0.0000 v13=0.0010 grl=0.2417 v15=0.0000 v15r=0.0000 v16=0.0000 v17=0.0000 v18=0.0000 acc=1.0000 lr=2.14e-04 lambda=0.000 grl_lambda=0.956 v18_lambda=0.000 gpu=3.0/15.8GB
[16:21:57] [train] ep=39 step=010/40 ce=0.2650 sc=0.8080 mi=0.0660 dn=0.0000 v13=0.0007 grl=0.3029 v15=0.0000 v15r=0.0000 v16=0.0000 v17=0.0000 v18=0.0000 acc=1.0000 lr=2.13e-04 lambda=0.000 grl_lambda=0.957 v18_lambda=0.000 gpu=3.0/15.8GB
[16:21:58] [train] ep=39 step=020/40 ce=0.2649 sc=0.7496 mi=0.0660 dn=0.0000 v13=0.0007 grl=0.3176 v15=0.0000 v15r=0.0000 v16=0.0000 v17=0.0000 v18=0.0000 acc=1.0000 lr=2.11e-04 lambda=0.000 grl_lambda=0.958 v18_lambda=0.000 gpu=3.0/15.8GB
[16:22:00] [train] ep=39 step=030/40 ce=0.3592 sc=0.7919 mi=0.0656 dn=0.0000 v13=0.0007 grl=0.2954 v15=0.0000 v15r=0.0000 v16=0.0000 v17=0.0000 v18=0.0000 acc=0.9938 lr=2.10e-04 lambda=0.000 grl_lambda=0.959 v18_lambda=0.000 gpu=3.0/15.8GB
[16:22:02] [train] ep=39 step=040/40 ce=0.3366 sc=0.7792 mi=0.0647 dn=0.0000 v13=0.0007 grl=0.2855 v15=0.0000 v15r=0.0000 v16=0.0000 v17=0.0000 v18=0.0000 acc=0.9953 lr=2.09e-04 lambda=0.000 grl_lambda=0.960 v18_lambda=0.000 gpu=3.0/15.8GB
[16:22:05] [ep_summary] ep=39/100 val_live=0.9444/0.9430 val_ema=0.9321/0.9315 test77_live=0.6151/0.5888 test77_diag_ema=0.5791/0.5023 v13=0.0007 grl=0.2855 v15=0.0000 v15r=0.0000 v16=0.0000 v17=0.0000 v18=0.0000 das=fixed_full[15,140] p=1.00 ep_time=10.1s
[16:22:05] [save] best_sourcequalified77_ema ep=39 source_val_live=0.9444/0.9430 source_val_ema=0.9321/0.9315 test77_ema=0.5791/0.5023
[16:22:05] [train] epoch 40/100 steps=40 use_dann=0 das=fixed_full f=[15.0,140.0] p=1.00 gpu=3.0/15.8GB
[16:22:05] [train] ep=40 step=001/40 ce=0.2634 sc=0.9966 mi=0.0710 dn=0.0000 v13=0.0007 grl=0.4034 v15=0.0000 v15r=0.0000 v16=0.0000 v17=0.0000 v18=0.0000 acc=1.0000 lr=2.09e-04 lambda=0.000 grl_lambda=0.960 v18_lambda=0.000 gpu=3.0/15.8GB
[16:22:07] [train] ep=40 step=010/40 ce=0.3026 sc=0.8088 mi=0.0703 dn=0.0000 v13=0.0007 grl=0.3248 v15=0.0000 v15r=0.0000 v16=0.0000 v17=0.0000 v18=0.0000 acc=1.0000 lr=2.08e-04 lambda=0.000 grl_lambda=0.961 v18_lambda=0.000 gpu=3.0/15.8GB
[16:22:09] [train] ep=40 step=020/40 ce=0.2851 sc=0.7680 mi=0.0688 dn=0.0000 v13=0.0007 grl=0.3078 v15=0.0000 v15r=0.0000 v16=0.0000 v17=0.0000 v18=0.0000 acc=1.0000 lr=2.07e-04 lambda=0.000 grl_lambda=0.962 v18_lambda=0.000 gpu=3.0/15.8GB
[16:22:10] [train] ep=40 step=030/40 ce=0.2990 sc=0.7843 mi=0.0678 dn=0.0000 v13=0.0006 grl=0.2878 v15=0.0000 v15r=0.0000 v16=0.0000 v17=0.0000 v18=0.0000 acc=0.9979 lr=2.06e-04 lambda=0.000 grl_lambda=0.963 v18_lambda=0.000 gpu=3.0/15.8GB
[16:22:12] [train] ep=40 step=040/40 ce=0.2934 sc=0.7915 mi=0.0677 dn=0.0000 v13=0.0007 grl=0.2837 v15=0.0000 v15r=0.0000 v16=0.0000 v17=0.0000 v18=0.0000 acc=0.9984 lr=2.05e-04 lambda=0.000 grl_lambda=0.964 v18_lambda=0.000 gpu=3.0/15.8GB
[16:22:15] [pool] check ep=040/100 source_val_acc_ema=0.9321 threshold=0.90
[16:22:16] [pool] ep=040 ADDED src_val=0.9321/0.9315 dev77=0.5286/0.4634 final77=0.6007/0.5322
[16:22:16] [pool] running best ep=040 dev77_f1=0.4634 final77_f1=0.5322 (pool_size=1)
[16:22:16] [ep_summary] ep=40/100 val_live=0.9444/0.9435 val_ema=0.9321/0.9315 test77_live=0.5935/0.5638 test77_diag_ema=0.6007/0.5322 v13=0.0007 grl=0.2837 v15=0.0000 v15r=0.0000 v16=0.0000 v17=0.0000 v18=0.0000 das=fixed_full[15,140] p=1.00 ep_time=11.5s
[16:22:16] [save] best_sourcequalified77_ema ep=40 source_val_live=0.9444/0.9435 source_val_ema=0.9321/0.9315 test77_ema=0.6007/0.5322
[16:22:16] [strict77_monitor] ep=40 best_source_epoch=38 source_val_ema=0.9321/0.9315 test77_ema_diag=0.5755/0.4965 sourcequalified_count=40 best_sourcequalified77_epoch=40 source_val_ema=0.9321/0.9315 test77_ema=0.6007/0.5322
[16:22:16] [train] epoch 41/100 steps=40 use_dann=0 das=fixed_full f=[15.0,140.0] p=1.00 gpu=3.0/15.8GB
[16:22:17] [train] ep=41 step=001/40 ce=0.3043 sc=0.7808 mi=0.0678 dn=0.0000 v13=0.0004 grl=0.3681 v15=0.0000 v15r=0.0000 v16=0.0000 v17=0.0000 v18=0.0000 acc=1.0000 lr=2.05e-04 lambda=0.000 grl_lambda=0.964 v18_lambda=0.000 gpu=3.0/15.8GB
[16:22:18] [train] ep=41 step=010/40 ce=0.2670 sc=0.9152 mi=0.0664 dn=0.0000 v13=0.0004 grl=0.2921 v15=0.0000 v15r=0.0000 v16=0.0000 v17=0.0000 v18=0.0000 acc=1.0000 lr=2.04e-04 lambda=0.000 grl_lambda=0.965 v18_lambda=0.000 gpu=3.0/15.8GB
[16:22:20] [train] ep=41 step=020/40 ce=0.3278 sc=0.8264 mi=0.0675 dn=0.0000 v13=0.0005 grl=0.2951 v15=0.0000 v15r=0.0000 v16=0.0000 v17=0.0000 v18=0.0000 acc=0.9969 lr=2.02e-04 lambda=0.000 grl_lambda=0.966 v18_lambda=0.000 gpu=3.0/15.8GB
[16:22:22] [train] ep=41 step=030/40 ce=0.3129 sc=0.8435 mi=0.0674 dn=0.0000 v13=0.0005 grl=0.3025 v15=0.0000 v15r=0.0000 v16=0.0000 v17=0.0000 v18=0.0000 acc=0.9979 lr=2.01e-04 lambda=0.000 grl_lambda=0.967 v18_lambda=0.000 gpu=3.0/15.8GB
[16:22:24] [train] ep=41 step=040/40 ce=0.3220 sc=0.8057 mi=0.0663 dn=0.0000 v13=0.0005 grl=0.2930 v15=0.0000 v15r=0.0000 v16=0.0000 v17=0.0000 v18=0.0000 acc=0.9969 lr=2.00e-04 lambda=0.000 grl_lambda=0.967 v18_lambda=0.000 gpu=3.0/15.8GB
[16:22:26] [ep_summary] ep=41/100 val_live=0.9136/0.9146 val_ema=0.9321/0.9315 test77_live=0.6187/0.5960 test77_diag_ema=0.6079/0.5429 v13=0.0005 grl=0.2930 v15=0.0000 v15r=0.0000 v16=0.0000 v17=0.0000 v18=0.0000 das=fixed_full[15,140] p=1.00 ep_time=10.1s
[16:22:27] [save] best_sourcequalified77_ema ep=41 source_val_live=0.9136/0.9146 source_val_ema=0.9321/0.9315 test77_ema=0.6079/0.5429
[16:22:27] [train] epoch 42/100 steps=40 use_dann=0 das=fixed_full f=[15.0,140.0] p=1.00 gpu=3.0/15.8GB
[16:22:27] [train] ep=42 step=001/40 ce=0.9903 sc=1.3580 mi=0.0786 dn=0.0000 v13=0.0004 grl=0.4133 v15=0.0000 v15r=0.0000 v16=0.0000 v17=0.0000 v18=0.0000 acc=0.9375 lr=2.00e-04 lambda=0.000 grl_lambda=0.967 v18_lambda=0.000 gpu=3.0/15.8GB
[16:22:29] [train] ep=42 step=010/40 ce=0.3863 sc=0.8488 mi=0.0641 dn=0.0000 v13=0.0006 grl=0.2602 v15=0.0000 v15r=0.0000 v16=0.0000 v17=0.0000 v18=0.0000 acc=0.9875 lr=1.99e-04 lambda=0.000 grl_lambda=0.968 v18_lambda=0.000 gpu=3.0/15.8GB
[16:22:31] [train] ep=42 step=020/40 ce=0.3406 sc=0.8200 mi=0.0655 dn=0.0000 v13=0.0006 grl=0.2825 v15=0.0000 v15r=0.0000 v16=0.0000 v17=0.0000 v18=0.0000 acc=0.9938 lr=1.98e-04 lambda=0.000 grl_lambda=0.969 v18_lambda=0.000 gpu=3.0/15.8GB
[16:22:33] [train] ep=42 step=030/40 ce=0.3327 sc=0.8266 mi=0.0638 dn=0.0000 v13=0.0006 grl=0.2873 v15=0.0000 v15r=0.0000 v16=0.0000 v17=0.0000 v18=0.0000 acc=0.9958 lr=1.97e-04 lambda=0.000 grl_lambda=0.970 v18_lambda=0.000 gpu=3.0/15.8GB
[16:22:35] [train] ep=42 step=040/40 ce=0.3419 sc=0.8084 mi=0.0650 dn=0.0000 v13=0.0006 grl=0.2911 v15=0.0000 v15r=0.0000 v16=0.0000 v17=0.0000 v18=0.0000 acc=0.9938 lr=1.96e-04 lambda=0.000 grl_lambda=0.970 v18_lambda=0.000 gpu=3.0/15.8GB
[16:22:38] [ep_summary] ep=42/100 val_live=0.9506/0.9499 val_ema=0.9383/0.9376 test77_live=0.6511/0.6239 test77_diag_ema=0.6223/0.5606 v13=0.0006 grl=0.2911 v15=0.0000 v15r=0.0000 v16=0.0000 v17=0.0000 v18=0.0000 das=fixed_full[15,140] p=1.00 ep_time=11.5s
[16:22:38] [save] best_sourceval_ema val_acc_ema=0.9383 source_val_live=0.9506/0.9499 source_val_ema=0.9383/0.9376 ep=42
[16:22:38] [save] best_sourcequalified77_ema ep=42 source_val_live=0.9506/0.9499 source_val_ema=0.9383/0.9376 test77_ema=0.6223/0.5606
[16:22:38] [train] epoch 43/100 steps=40 use_dann=0 das=fixed_full f=[15.0,140.0] p=1.00 gpu=3.0/15.8GB
[16:22:38] [train] ep=43 step=001/40 ce=0.2614 sc=1.0516 mi=0.0619 dn=0.0000 v13=0.0007 grl=0.2915 v15=0.0000 v15r=0.0000 v16=0.0000 v17=0.0000 v18=0.0000 acc=1.0000 lr=1.95e-04 lambda=0.000 grl_lambda=0.970 v18_lambda=0.000 gpu=3.0/15.8GB
[16:22:40] [train] ep=43 step=010/40 ce=0.3876 sc=0.7924 mi=0.0629 dn=0.0000 v13=0.0007 grl=0.2664 v15=0.0000 v15r=0.0000 v16=0.0000 v17=0.0000 v18=0.0000 acc=0.9938 lr=1.94e-04 lambda=0.000 grl_lambda=0.971 v18_lambda=0.000 gpu=3.0/15.8GB
[16:22:42] [train] ep=43 step=020/40 ce=0.3389 sc=0.8217 mi=0.0645 dn=0.0000 v13=0.0006 grl=0.2538 v15=0.0000 v15r=0.0000 v16=0.0000 v17=0.0000 v18=0.0000 acc=0.9969 lr=1.93e-04 lambda=0.000 grl_lambda=0.972 v18_lambda=0.000 gpu=3.0/15.8GB
[16:22:44] [train] ep=43 step=030/40 ce=0.3198 sc=0.8415 mi=0.0656 dn=0.0000 v13=0.0007 grl=0.2725 v15=0.0000 v15r=0.0000 v16=0.0000 v17=0.0000 v18=0.0000 acc=0.9979 lr=1.92e-04 lambda=0.000 grl_lambda=0.972 v18_lambda=0.000 gpu=3.0/15.8GB
[16:22:47] [train] ep=43 step=040/40 ce=0.3124 sc=0.8216 mi=0.0658 dn=0.0000 v13=0.0007 grl=0.2813 v15=0.0000 v15r=0.0000 v16=0.0000 v17=0.0000 v18=0.0000 acc=0.9984 lr=1.91e-04 lambda=0.000 grl_lambda=0.973 v18_lambda=0.000 gpu=3.0/15.8GB
[16:22:49] [ep_summary] ep=43/100 val_live=0.9444/0.9436 val_ema=0.9383/0.9376 test77_live=0.6115/0.5757 test77_diag_ema=0.6403/0.5841 v13=0.0007 grl=0.2813 v15=0.0000 v15r=0.0000 v16=0.0000 v17=0.0000 v18=0.0000 das=fixed_full[15,140] p=1.00 ep_time=11.3s
[16:22:49] [save] best_sourcequalified77_ema ep=43 source_val_live=0.9444/0.9436 source_val_ema=0.9383/0.9376 test77_ema=0.6403/0.5841
[16:22:49] [train] epoch 44/100 steps=40 use_dann=0 das=fixed_full f=[15.0,140.0] p=1.00 gpu=3.0/15.8GB
[16:22:50] [train] ep=44 step=001/40 ce=0.2794 sc=0.4354 mi=0.0594 dn=0.0000 v13=0.0008 grl=0.2376 v15=0.0000 v15r=0.0000 v16=0.0000 v17=0.0000 v18=0.0000 acc=1.0000 lr=1.91e-04 lambda=0.000 grl_lambda=0.973 v18_lambda=0.000 gpu=3.0/15.8GB
[16:22:51] [train] ep=44 step=010/40 ce=0.3212 sc=0.7061 mi=0.0659 dn=0.0000 v13=0.0006 grl=0.2811 v15=0.0000 v15r=0.0000 v16=0.0000 v17=0.0000 v18=0.0000 acc=0.9938 lr=1.90e-04 lambda=0.000 grl_lambda=0.974 v18_lambda=0.000 gpu=3.0/15.8GB
[16:22:53] [train] ep=44 step=020/40 ce=0.2933 sc=0.7086 mi=0.0641 dn=0.0000 v13=0.0007 grl=0.2699 v15=0.0000 v15r=0.0000 v16=0.0000 v17=0.0000 v18=0.0000 acc=0.9969 lr=1.89e-04 lambda=0.000 grl_lambda=0.974 v18_lambda=0.000 gpu=3.0/15.8GB
[16:22:55] [train] ep=44 step=030/40 ce=0.2915 sc=0.7363 mi=0.0649 dn=0.0000 v13=0.0007 grl=0.2730 v15=0.0000 v15r=0.0000 v16=0.0000 v17=0.0000 v18=0.0000 acc=0.9979 lr=1.87e-04 lambda=0.000 grl_lambda=0.975 v18_lambda=0.000 gpu=3.0/15.8GB
[16:22:57] [train] ep=44 step=040/40 ce=0.3121 sc=0.7375 mi=0.0644 dn=0.0000 v13=0.0007 grl=0.2742 v15=0.0000 v15r=0.0000 v16=0.0000 v17=0.0000 v18=0.0000 acc=0.9969 lr=1.86e-04 lambda=0.000 grl_lambda=0.976 v18_lambda=0.000 gpu=3.0/15.8GB
[16:23:00] [ep_summary] ep=44/100 val_live=0.9506/0.9510 val_ema=0.9383/0.9376 test77_live=0.6331/0.5898 test77_diag_ema=0.6367/0.5781 v13=0.0007 grl=0.2742 v15=0.0000 v15r=0.0000 v16=0.0000 v17=0.0000 v18=0.0000 das=fixed_full[15,140] p=1.00 ep_time=10.7s
[16:23:00] [train] epoch 45/100 steps=40 use_dann=0 das=fixed_full f=[15.0,140.0] p=1.00 gpu=3.0/15.8GB
[16:23:00] [train] ep=45 step=001/40 ce=0.3119 sc=0.6256 mi=0.0593 dn=0.0000 v13=0.0003 grl=0.2991 v15=0.0000 v15r=0.0000 v16=0.0000 v17=0.0000 v18=0.0000 acc=1.0000 lr=1.86e-04 lambda=0.000 grl_lambda=0.976 v18_lambda=0.000 gpu=3.0/15.8GB
[16:23:02] [train] ep=45 step=010/40 ce=0.3201 sc=0.8422 mi=0.0641 dn=0.0000 v13=0.0006 grl=0.2824 v15=0.0000 v15r=0.0000 v16=0.0000 v17=0.0000 v18=0.0000 acc=0.9938 lr=1.85e-04 lambda=0.000 grl_lambda=0.976 v18_lambda=0.000 gpu=3.0/15.8GB
[16:23:04] [train] ep=45 step=020/40 ce=0.3194 sc=0.7546 mi=0.0649 dn=0.0000 v13=0.0006 grl=0.2836 v15=0.0000 v15r=0.0000 v16=0.0000 v17=0.0000 v18=0.0000 acc=0.9938 lr=1.84e-04 lambda=0.000 grl_lambda=0.977 v18_lambda=0.000 gpu=3.0/15.8GB
[16:23:07] [train] ep=45 step=030/40 ce=0.3164 sc=0.7674 mi=0.0647 dn=0.0000 v13=0.0006 grl=0.2840 v15=0.0000 v15r=0.0000 v16=0.0000 v17=0.0000 v18=0.0000 acc=0.9938 lr=1.83e-04 lambda=0.000 grl_lambda=0.977 v18_lambda=0.000 gpu=3.0/15.8GB
[16:23:09] [train] ep=45 step=040/40 ce=0.3453 sc=0.7958 mi=0.0651 dn=0.0000 v13=0.0006 grl=0.2989 v15=0.0000 v15r=0.0000 v16=0.0000 v17=0.0000 v18=0.0000 acc=0.9922 lr=1.81e-04 lambda=0.000 grl_lambda=0.978 v18_lambda=0.000 gpu=3.0/15.8GB
[16:23:12] [ep_summary] ep=45/100 val_live=0.9444/0.9428 val_ema=0.9383/0.9376 test77_live=0.6906/0.6681 test77_diag_ema=0.6367/0.5773 v13=0.0006 grl=0.2989 v15=0.0000 v15r=0.0000 v16=0.0000 v17=0.0000 v18=0.0000 das=fixed_full[15,140] p=1.00 ep_time=11.5s
[16:23:12] [train] epoch 46/100 steps=40 use_dann=0 das=fixed_full f=[15.0,140.0] p=1.00 gpu=3.0/15.8GB
[16:23:12] [train] ep=46 step=001/40 ce=0.2601 sc=0.7522 mi=0.0719 dn=0.0000 v13=0.0006 grl=0.3275 v15=0.0000 v15r=0.0000 v16=0.0000 v17=0.0000 v18=0.0000 acc=1.0000 lr=1.81e-04 lambda=0.000 grl_lambda=0.978 v18_lambda=0.000 gpu=3.0/15.8GB
[16:23:13] [train] ep=46 step=010/40 ce=0.3504 sc=0.7726 mi=0.0676 dn=0.0000 v13=0.0005 grl=0.3361 v15=0.0000 v15r=0.0000 v16=0.0000 v17=0.0000 v18=0.0000 acc=0.9938 lr=1.80e-04 lambda=0.000 grl_lambda=0.979 v18_lambda=0.000 gpu=3.0/15.8GB
[16:23:16] [train] ep=46 step=020/40 ce=0.3349 sc=0.7538 mi=0.0665 dn=0.0000 v13=0.0005 grl=0.3139 v15=0.0000 v15r=0.0000 v16=0.0000 v17=0.0000 v18=0.0000 acc=0.9969 lr=1.79e-04 lambda=0.000 grl_lambda=0.979 v18_lambda=0.000 gpu=3.0/15.8GB
[16:23:18] [train] ep=46 step=030/40 ce=0.3301 sc=0.7541 mi=0.0665 dn=0.0000 v13=0.0006 grl=0.3077 v15=0.0000 v15r=0.0000 v16=0.0000 v17=0.0000 v18=0.0000 acc=0.9979 lr=1.78e-04 lambda=0.000 grl_lambda=0.980 v18_lambda=0.000 gpu=3.0/15.8GB
[16:23:20] [train] ep=46 step=040/40 ce=0.3195 sc=0.7507 mi=0.0665 dn=0.0000 v13=0.0006 grl=0.3118 v15=0.0000 v15r=0.0000 v16=0.0000 v17=0.0000 v18=0.0000 acc=0.9984 lr=1.77e-04 lambda=0.000 grl_lambda=0.980 v18_lambda=0.000 gpu=3.0/15.8GB
[16:23:23] [ep_summary] ep=46/100 val_live=0.9259/0.9257 val_ema=0.9383/0.9376 test77_live=0.7086/0.6905 test77_diag_ema=0.6295/0.5699 v13=0.0006 grl=0.3118 v15=0.0000 v15r=0.0000 v16=0.0000 v17=0.0000 v18=0.0000 das=fixed_full[15,140] p=1.00 ep_time=11.2s
[16:23:23] [train] epoch 47/100 steps=40 use_dann=0 das=fixed_full f=[15.0,140.0] p=1.00 gpu=3.0/15.8GB
[16:23:23] [train] ep=47 step=001/40 ce=0.2614 sc=1.0037 mi=0.0723 dn=0.0000 v13=0.0008 grl=0.2065 v15=0.0000 v15r=0.0000 v16=0.0000 v17=0.0000 v18=0.0000 acc=1.0000 lr=1.77e-04 lambda=0.000 grl_lambda=0.980 v18_lambda=0.000 gpu=3.0/15.8GB
[16:23:25] [train] ep=47 step=010/40 ce=0.3357 sc=0.7745 mi=0.0693 dn=0.0000 v13=0.0006 grl=0.3000 v15=0.0000 v15r=0.0000 v16=0.0000 v17=0.0000 v18=0.0000 acc=0.9938 lr=1.76e-04 lambda=0.000 grl_lambda=0.981 v18_lambda=0.000 gpu=3.0/15.8GB
[16:23:26] [train] ep=47 step=020/40 ce=0.3200 sc=0.7539 mi=0.0655 dn=0.0000 v13=0.0006 grl=0.2975 v15=0.0000 v15r=0.0000 v16=0.0000 v17=0.0000 v18=0.0000 acc=0.9969 lr=1.74e-04 lambda=0.000 grl_lambda=0.981 v18_lambda=0.000 gpu=3.0/15.8GB
[16:23:28] [train] ep=47 step=030/40 ce=0.3012 sc=0.7414 mi=0.0658 dn=0.0000 v13=0.0007 grl=0.2946 v15=0.0000 v15r=0.0000 v16=0.0000 v17=0.0000 v18=0.0000 acc=0.9979 lr=1.73e-04 lambda=0.000 grl_lambda=0.981 v18_lambda=0.000 gpu=3.0/15.8GB
[16:23:31] [train] ep=47 step=040/40 ce=0.3647 sc=0.8034 mi=0.0661 dn=0.0000 v13=0.0007 grl=0.2939 v15=0.0000 v15r=0.0000 v16=0.0000 v17=0.0000 v18=0.0000 acc=0.9938 lr=1.72e-04 lambda=0.000 grl_lambda=0.982 v18_lambda=0.000 gpu=3.0/15.8GB
[16:23:33] [ep_summary] ep=47/100 val_live=0.9444/0.9446 val_ema=0.9383/0.9376 test77_live=0.7014/0.6798 test77_diag_ema=0.6403/0.5863 v13=0.0007 grl=0.2939 v15=0.0000 v15r=0.0000 v16=0.0000 v17=0.0000 v18=0.0000 das=fixed_full[15,140] p=1.00 ep_time=10.6s
[16:23:33] [save] best_sourcequalified77_ema ep=47 source_val_live=0.9444/0.9446 source_val_ema=0.9383/0.9376 test77_ema=0.6403/0.5863
[16:23:33] [train] epoch 48/100 steps=40 use_dann=0 das=fixed_full f=[15.0,140.0] p=1.00 gpu=3.0/15.8GB
[16:23:34] [train] ep=48 step=001/40 ce=0.7056 sc=0.9291 mi=0.0645 dn=0.0000 v13=0.0007 grl=0.3979 v15=0.0000 v15r=0.0000 v16=0.0000 v17=0.0000 v18=0.0000 acc=0.9375 lr=1.72e-04 lambda=0.000 grl_lambda=0.982 v18_lambda=0.000 gpu=3.0/15.8GB
[16:23:35] [train] ep=48 step=010/40 ce=0.3525 sc=0.8514 mi=0.0636 dn=0.0000 v13=0.0007 grl=0.2830 v15=0.0000 v15r=0.0000 v16=0.0000 v17=0.0000 v18=0.0000 acc=0.9938 lr=1.71e-04 lambda=0.000 grl_lambda=0.982 v18_lambda=0.000 gpu=3.0/15.8GB
[16:23:37] [train] ep=48 step=020/40 ce=0.3385 sc=0.8822 mi=0.0634 dn=0.0000 v13=0.0007 grl=0.2815 v15=0.0000 v15r=0.0000 v16=0.0000 v17=0.0000 v18=0.0000 acc=0.9938 lr=1.69e-04 lambda=0.000 grl_lambda=0.983 v18_lambda=0.000 gpu=3.0/15.8GB
[16:23:40] [train] ep=48 step=030/40 ce=0.3430 sc=0.8395 mi=0.0650 dn=0.0000 v13=0.0007 grl=0.2793 v15=0.0000 v15r=0.0000 v16=0.0000 v17=0.0000 v18=0.0000 acc=0.9958 lr=1.68e-04 lambda=0.000 grl_lambda=0.983 v18_lambda=0.000 gpu=3.0/15.8GB
[16:23:42] [train] ep=48 step=040/40 ce=0.3518 sc=0.8456 mi=0.0659 dn=0.0000 v13=0.0007 grl=0.2846 v15=0.0000 v15r=0.0000 v16=0.0000 v17=0.0000 v18=0.0000 acc=0.9953 lr=1.67e-04 lambda=0.000 grl_lambda=0.984 v18_lambda=0.000 gpu=3.0/15.8GB
[16:23:44] [ep_summary] ep=48/100 val_live=0.9198/0.9184 val_ema=0.9444/0.9433 test77_live=0.6043/0.5838 test77_diag_ema=0.6475/0.5996 v13=0.0007 grl=0.2846 v15=0.0000 v15r=0.0000 v16=0.0000 v17=0.0000 v18=0.0000 das=fixed_full[15,140] p=1.00 ep_time=11.1s
[16:23:45] [save] best_sourceval_ema val_acc_ema=0.9444 source_val_live=0.9198/0.9184 source_val_ema=0.9444/0.9433 ep=48
[16:23:45] [save] best_sourcequalified77_ema ep=48 source_val_live=0.9198/0.9184 source_val_ema=0.9444/0.9433 test77_ema=0.6475/0.5996
[16:23:45] [train] epoch 49/100 steps=40 use_dann=0 das=fixed_full f=[15.0,140.0] p=1.00 gpu=3.0/15.8GB
[16:23:45] [train] ep=49 step=001/40 ce=0.2603 sc=0.4336 mi=0.0657 dn=0.0000 v13=0.0005 grl=0.3393 v15=0.0000 v15r=0.0000 v16=0.0000 v17=0.0000 v18=0.0000 acc=1.0000 lr=1.67e-04 lambda=0.000 grl_lambda=0.984 v18_lambda=0.000 gpu=3.0/15.8GB
[16:23:46] [train] ep=49 step=010/40 ce=0.2617 sc=0.7265 mi=0.0636 dn=0.0000 v13=0.0007 grl=0.2689 v15=0.0000 v15r=0.0000 v16=0.0000 v17=0.0000 v18=0.0000 acc=1.0000 lr=1.66e-04 lambda=0.000 grl_lambda=0.984 v18_lambda=0.000 gpu=3.0/15.8GB
[16:23:48] [train] ep=49 step=020/40 ce=0.2625 sc=0.7608 mi=0.0653 dn=0.0000 v13=0.0008 grl=0.2693 v15=0.0000 v15r=0.0000 v16=0.0000 v17=0.0000 v18=0.0000 acc=1.0000 lr=1.65e-04 lambda=0.000 grl_lambda=0.984 v18_lambda=0.000 gpu=3.0/15.8GB
[16:23:50] [train] ep=49 step=030/40 ce=0.3009 sc=0.7697 mi=0.0656 dn=0.0000 v13=0.0007 grl=0.2712 v15=0.0000 v15r=0.0000 v16=0.0000 v17=0.0000 v18=0.0000 acc=0.9979 lr=1.63e-04 lambda=0.000 grl_lambda=0.985 v18_lambda=0.000 gpu=3.0/15.8GB
[16:23:52] [train] ep=49 step=040/40 ce=0.3076 sc=0.7608 mi=0.0654 dn=0.0000 v13=0.0007 grl=0.2774 v15=0.0000 v15r=0.0000 v16=0.0000 v17=0.0000 v18=0.0000 acc=0.9969 lr=1.62e-04 lambda=0.000 grl_lambda=0.985 v18_lambda=0.000 gpu=3.0/15.8GB
[16:23:55] [ep_summary] ep=49/100 val_live=0.9506/0.9500 val_ema=0.9444/0.9433 test77_live=0.6367/0.6200 test77_diag_ema=0.6475/0.5983 v13=0.0007 grl=0.2774 v15=0.0000 v15r=0.0000 v16=0.0000 v17=0.0000 v18=0.0000 das=fixed_full[15,140] p=1.00 ep_time=10.6s
[16:23:55] [train] epoch 50/100 steps=40 use_dann=0 das=fixed_full f=[15.0,140.0] p=1.00 gpu=3.0/15.8GB
[16:23:55] [train] ep=50 step=001/40 ce=0.2574 sc=0.6314 mi=0.0675 dn=0.0000 v13=0.0009 grl=0.2837 v15=0.0000 v15r=0.0000 v16=0.0000 v17=0.0000 v18=0.0000 acc=1.0000 lr=1.62e-04 lambda=0.000 grl_lambda=0.985 v18_lambda=0.000 gpu=3.0/15.8GB
[16:23:57] [train] ep=50 step=010/40 ce=0.2646 sc=0.6900 mi=0.0656 dn=0.0000 v13=0.0007 grl=0.2497 v15=0.0000 v15r=0.0000 v16=0.0000 v17=0.0000 v18=0.0000 acc=1.0000 lr=1.61e-04 lambda=0.000 grl_lambda=0.986 v18_lambda=0.000 gpu=3.0/15.8GB
[16:23:59] [train] ep=50 step=020/40 ce=0.3286 sc=0.6997 mi=0.0682 dn=0.0000 v13=0.0007 grl=0.2737 v15=0.0000 v15r=0.0000 v16=0.0000 v17=0.0000 v18=0.0000 acc=0.9938 lr=1.60e-04 lambda=0.000 grl_lambda=0.986 v18_lambda=0.000 gpu=3.0/15.8GB
[16:24:01] [train] ep=50 step=030/40 ce=0.3058 sc=0.7249 mi=0.0676 dn=0.0000 v13=0.0006 grl=0.2811 v15=0.0000 v15r=0.0000 v16=0.0000 v17=0.0000 v18=0.0000 acc=0.9958 lr=1.59e-04 lambda=0.000 grl_lambda=0.986 v18_lambda=0.000 gpu=3.0/15.8GB
[16:24:03] [train] ep=50 step=040/40 ce=0.2986 sc=0.7168 mi=0.0670 dn=0.0000 v13=0.0006 grl=0.2902 v15=0.0000 v15r=0.0000 v16=0.0000 v17=0.0000 v18=0.0000 acc=0.9969 lr=1.57e-04 lambda=0.000 grl_lambda=0.987 v18_lambda=0.000 gpu=3.0/15.8GB
[16:24:05] [pool] check ep=050/100 source_val_acc_ema=0.9444 threshold=0.90
[16:24:07] [pool] ep=050 ADDED src_val=0.9444/0.9433 dev77=0.6000/0.5373 final77=0.6547/0.6083
[16:24:07] [pool] running best ep=050 dev77_f1=0.5373 final77_f1=0.6083 (pool_size=2)
[16:24:07] [ep_summary] ep=50/100 val_live=0.9321/0.9333 val_ema=0.9444/0.9433 test77_live=0.6583/0.6487 test77_diag_ema=0.6547/0.6083 v13=0.0006 grl=0.2902 v15=0.0000 v15r=0.0000 v16=0.0000 v17=0.0000 v18=0.0000 das=fixed_full[15,140] p=1.00 ep_time=11.7s
[16:24:07] [save] best_sourcequalified77_ema ep=50 source_val_live=0.9321/0.9333 source_val_ema=0.9444/0.9433 test77_ema=0.6547/0.6083
[16:24:07] [strict77_monitor] ep=50 best_source_epoch=48 source_val_ema=0.9444/0.9433 test77_ema_diag=0.6475/0.5996 sourcequalified_count=50 best_sourcequalified77_epoch=50 source_val_ema=0.9444/0.9433 test77_ema=0.6547/0.6083
[16:24:07] [train] epoch 51/100 steps=40 use_dann=0 das=fixed_full f=[15.0,140.0] p=1.00 gpu=3.0/15.8GB
[16:24:07] [train] ep=51 step=001/40 ce=0.2623 sc=0.4339 mi=0.0877 dn=0.0000 v13=0.0006 grl=0.3259 v15=0.0000 v15r=0.0000 v16=0.0000 v17=0.0000 v18=0.0000 acc=1.0000 lr=1.57e-04 lambda=0.000 grl_lambda=0.987 v18_lambda=0.000 gpu=3.0/15.8GB
[16:24:09] [train] ep=51 step=010/40 ce=0.2894 sc=0.8175 mi=0.0673 dn=0.0000 v13=0.0006 grl=0.3114 v15=0.0000 v15r=0.0000 v16=0.0000 v17=0.0000 v18=0.0000 acc=1.0000 lr=1.56e-04 lambda=0.000 grl_lambda=0.987 v18_lambda=0.000 gpu=3.0/15.8GB
[16:24:11] [train] ep=51 step=020/40 ce=0.2757 sc=0.8447 mi=0.0667 dn=0.0000 v13=0.0006 grl=0.3015 v15=0.0000 v15r=0.0000 v16=0.0000 v17=0.0000 v18=0.0000 acc=1.0000 lr=1.55e-04 lambda=0.000 grl_lambda=0.987 v18_lambda=0.000 gpu=3.0/15.8GB
[16:24:13] [train] ep=51 step=030/40 ce=0.2721 sc=0.8231 mi=0.0668 dn=0.0000 v13=0.0006 grl=0.2952 v15=0.0000 v15r=0.0000 v16=0.0000 v17=0.0000 v18=0.0000 acc=1.0000 lr=1.54e-04 lambda=0.000 grl_lambda=0.988 v18_lambda=0.000 gpu=3.0/15.8GB
[16:24:15] [train] ep=51 step=040/40 ce=0.2773 sc=0.8215 mi=0.0662 dn=0.0000 v13=0.0006 grl=0.2893 v15=0.0000 v15r=0.0000 v16=0.0000 v17=0.0000 v18=0.0000 acc=1.0000 lr=1.53e-04 lambda=0.000 grl_lambda=0.988 v18_lambda=0.000 gpu=3.0/15.8GB
[16:24:18] [ep_summary] ep=51/100 val_live=0.9321/0.9315 val_ema=0.9444/0.9433 test77_live=0.6475/0.6388 test77_diag_ema=0.6547/0.6122 v13=0.0006 grl=0.2893 v15=0.0000 v15r=0.0000 v16=0.0000 v17=0.0000 v18=0.0000 das=fixed_full[15,140] p=1.00 ep_time=11.3s
[16:24:18] [save] best_sourcequalified77_ema ep=51 source_val_live=0.9321/0.9315 source_val_ema=0.9444/0.9433 test77_ema=0.6547/0.6122
[16:24:18] [train] epoch 52/100 steps=40 use_dann=0 das=fixed_full f=[15.0,140.0] p=1.00 gpu=3.0/15.8GB
[16:24:19] [train] ep=52 step=001/40 ce=0.4284 sc=0.6297 mi=0.0757 dn=0.0000 v13=0.0005 grl=0.3246 v15=0.0000 v15r=0.0000 v16=0.0000 v17=0.0000 v18=0.0000 acc=1.0000 lr=1.52e-04 lambda=0.000 grl_lambda=0.988 v18_lambda=0.000 gpu=3.0/15.8GB
[16:24:20] [train] ep=52 step=010/40 ce=0.3541 sc=0.7604 mi=0.0677 dn=0.0000 v13=0.0007 grl=0.3282 v15=0.0000 v15r=0.0000 v16=0.0000 v17=0.0000 v18=0.0000 acc=0.9938 lr=1.51e-04 lambda=0.000 grl_lambda=0.988 v18_lambda=0.000 gpu=3.0/15.8GB
[16:24:22] [train] ep=52 step=020/40 ce=0.3100 sc=0.7782 mi=0.0661 dn=0.0000 v13=0.0007 grl=0.3083 v15=0.0000 v15r=0.0000 v16=0.0000 v17=0.0000 v18=0.0000 acc=0.9969 lr=1.50e-04 lambda=0.000 grl_lambda=0.988 v18_lambda=0.000 gpu=3.0/15.8GB
[16:24:24] [train] ep=52 step=030/40 ce=0.3312 sc=0.7766 mi=0.0657 dn=0.0000 v13=0.0007 grl=0.3117 v15=0.0000 v15r=0.0000 v16=0.0000 v17=0.0000 v18=0.0000 acc=0.9938 lr=1.49e-04 lambda=0.000 grl_lambda=0.989 v18_lambda=0.000 gpu=3.0/15.8GB
[16:24:26] [train] ep=52 step=040/40 ce=0.3488 sc=0.8094 mi=0.0648 dn=0.0000 v13=0.0007 grl=0.2945 v15=0.0000 v15r=0.0000 v16=0.0000 v17=0.0000 v18=0.0000 acc=0.9938 lr=1.48e-04 lambda=0.000 grl_lambda=0.989 v18_lambda=0.000 gpu=3.0/15.8GB
[16:24:28] [ep_summary] ep=52/100 val_live=0.9198/0.9198 val_ema=0.9444/0.9433 test77_live=0.7302/0.7063 test77_diag_ema=0.6583/0.6144 v13=0.0007 grl=0.2945 v15=0.0000 v15r=0.0000 v16=0.0000 v17=0.0000 v18=0.0000 das=fixed_full[15,140] p=1.00 ep_time=10.1s
[16:24:28] [save] best_sourcequalified77_ema ep=52 source_val_live=0.9198/0.9198 source_val_ema=0.9444/0.9433 test77_ema=0.6583/0.6144
[16:24:28] [train] epoch 53/100 steps=40 use_dann=0 das=fixed_full f=[15.0,140.0] p=1.00 gpu=3.0/15.8GB
[16:24:29] [train] ep=53 step=001/40 ce=0.2637 sc=0.7301 mi=0.0642 dn=0.0000 v13=0.0005 grl=0.3618 v15=0.0000 v15r=0.0000 v16=0.0000 v17=0.0000 v18=0.0000 acc=1.0000 lr=1.48e-04 lambda=0.000 grl_lambda=0.989 v18_lambda=0.000 gpu=3.0/15.8GB
[16:24:30] [train] ep=53 step=010/40 ce=0.2909 sc=0.9380 mi=0.0677 dn=0.0000 v13=0.0007 grl=0.2936 v15=0.0000 v15r=0.0000 v16=0.0000 v17=0.0000 v18=0.0000 acc=1.0000 lr=1.46e-04 lambda=0.000 grl_lambda=0.989 v18_lambda=0.000 gpu=3.0/15.8GB
[16:24:32] [train] ep=53 step=020/40 ce=0.3247 sc=0.8734 mi=0.0649 dn=0.0000 v13=0.0006 grl=0.2873 v15=0.0000 v15r=0.0000 v16=0.0000 v17=0.0000 v18=0.0000 acc=0.9969 lr=1.45e-04 lambda=0.000 grl_lambda=0.990 v18_lambda=0.000 gpu=3.0/15.8GB
[16:24:34] [train] ep=53 step=030/40 ce=0.3288 sc=0.8632 mi=0.0658 dn=0.0000 v13=0.0006 grl=0.2942 v15=0.0000 v15r=0.0000 v16=0.0000 v17=0.0000 v18=0.0000 acc=0.9958 lr=1.44e-04 lambda=0.000 grl_lambda=0.990 v18_lambda=0.000 gpu=3.0/15.8GB
[16:24:36] [train] ep=53 step=040/40 ce=0.3227 sc=0.8323 mi=0.0649 dn=0.0000 v13=0.0006 grl=0.2821 v15=0.0000 v15r=0.0000 v16=0.0000 v17=0.0000 v18=0.0000 acc=0.9953 lr=1.43e-04 lambda=0.000 grl_lambda=0.990 v18_lambda=0.000 gpu=3.0/15.8GB
[16:24:39] [ep_summary] ep=53/100 val_live=0.9136/0.9122 val_ema=0.9444/0.9436 test77_live=0.6906/0.6610 test77_diag_ema=0.6583/0.6143 v13=0.0006 grl=0.2821 v15=0.0000 v15r=0.0000 v16=0.0000 v17=0.0000 v18=0.0000 das=fixed_full[15,140] p=1.00 ep_time=10.2s
[16:24:39] [train] epoch 54/100 steps=40 use_dann=0 das=fixed_full f=[15.0,140.0] p=1.00 gpu=3.0/15.8GB
[16:24:39] [train] ep=54 step=001/40 ce=0.2618 sc=0.7909 mi=0.0541 dn=0.0000 v13=0.0006 grl=0.3393 v15=0.0000 v15r=0.0000 v16=0.0000 v17=0.0000 v18=0.0000 acc=1.0000 lr=1.43e-04 lambda=0.000 grl_lambda=0.990 v18_lambda=0.000 gpu=3.0/15.8GB
[16:24:40] [train] ep=54 step=010/40 ce=0.3777 sc=0.8392 mi=0.0646 dn=0.0000 v13=0.0008 grl=0.2396 v15=0.0000 v15r=0.0000 v16=0.0000 v17=0.0000 v18=0.0000 acc=0.9875 lr=1.42e-04 lambda=0.000 grl_lambda=0.990 v18_lambda=0.000 gpu=3.0/15.8GB
[16:24:42] [train] ep=54 step=020/40 ce=0.3202 sc=0.8104 mi=0.0618 dn=0.0000 v13=0.0007 grl=0.2600 v15=0.0000 v15r=0.0000 v16=0.0000 v17=0.0000 v18=0.0000 acc=0.9938 lr=1.40e-04 lambda=0.000 grl_lambda=0.991 v18_lambda=0.000 gpu=3.0/15.8GB
[16:24:44] [train] ep=54 step=030/40 ce=0.3047 sc=0.8236 mi=0.0620 dn=0.0000 v13=0.0007 grl=0.2664 v15=0.0000 v15r=0.0000 v16=0.0000 v17=0.0000 v18=0.0000 acc=0.9958 lr=1.39e-04 lambda=0.000 grl_lambda=0.991 v18_lambda=0.000 gpu=3.0/15.8GB
[16:24:46] [train] ep=54 step=040/40 ce=0.2949 sc=0.7958 mi=0.0630 dn=0.0000 v13=0.0007 grl=0.2702 v15=0.0000 v15r=0.0000 v16=0.0000 v17=0.0000 v18=0.0000 acc=0.9969 lr=1.38e-04 lambda=0.000 grl_lambda=0.991 v18_lambda=0.000 gpu=3.0/15.8GB
[16:24:49] [ep_summary] ep=54/100 val_live=0.9568/0.9567 val_ema=0.9444/0.9436 test77_live=0.6763/0.6602 test77_diag_ema=0.6583/0.6142 v13=0.0007 grl=0.2702 v15=0.0000 v15r=0.0000 v16=0.0000 v17=0.0000 v18=0.0000 das=fixed_full[15,140] p=1.00 ep_time=10.1s
[16:24:49] [train] epoch 55/100 steps=40 use_dann=0 das=fixed_full f=[15.0,140.0] p=1.00 gpu=3.0/15.8GB
[16:24:49] [train] ep=55 step=001/40 ce=0.2608 sc=0.6463 mi=0.0669 dn=0.0000 v13=0.0003 grl=0.3305 v15=0.0000 v15r=0.0000 v16=0.0000 v17=0.0000 v18=0.0000 acc=1.0000 lr=1.38e-04 lambda=0.000 grl_lambda=0.991 v18_lambda=0.000 gpu=3.0/15.8GB
[16:24:51] [train] ep=55 step=010/40 ce=0.3619 sc=0.8271 mi=0.0642 dn=0.0000 v13=0.0005 grl=0.3147 v15=0.0000 v15r=0.0000 v16=0.0000 v17=0.0000 v18=0.0000 acc=0.9938 lr=1.37e-04 lambda=0.000 grl_lambda=0.991 v18_lambda=0.000 gpu=3.0/15.8GB
[16:24:53] [train] ep=55 step=020/40 ce=0.3654 sc=0.7671 mi=0.0645 dn=0.0000 v13=0.0007 grl=0.2966 v15=0.0000 v15r=0.0000 v16=0.0000 v17=0.0000 v18=0.0000 acc=0.9938 lr=1.36e-04 lambda=0.000 grl_lambda=0.991 v18_lambda=0.000 gpu=3.0/15.8GB
[16:24:54] [train] ep=55 step=030/40 ce=0.3500 sc=0.7421 mi=0.0649 dn=0.0000 v13=0.0007 grl=0.2844 v15=0.0000 v15r=0.0000 v16=0.0000 v17=0.0000 v18=0.0000 acc=0.9938 lr=1.34e-04 lambda=0.000 grl_lambda=0.992 v18_lambda=0.000 gpu=3.0/15.8GB
[16:24:56] [train] ep=55 step=040/40 ce=0.3294 sc=0.7224 mi=0.0650 dn=0.0000 v13=0.0007 grl=0.2792 v15=0.0000 v15r=0.0000 v16=0.0000 v17=0.0000 v18=0.0000 acc=0.9953 lr=1.33e-04 lambda=0.000 grl_lambda=0.992 v18_lambda=0.000 gpu=3.0/15.8GB
[16:24:59] [ep_summary] ep=55/100 val_live=0.9568/0.9574 val_ema=0.9444/0.9436 test77_live=0.7014/0.6944 test77_diag_ema=0.6691/0.6270 v13=0.0007 grl=0.2792 v15=0.0000 v15r=0.0000 v16=0.0000 v17=0.0000 v18=0.0000 das=fixed_full[15,140] p=1.00 ep_time=10.3s
[16:24:59] [save] best_sourcequalified77_ema ep=55 source_val_live=0.9568/0.9574 source_val_ema=0.9444/0.9436 test77_ema=0.6691/0.6270
[16:24:59] [train] epoch 56/100 steps=40 use_dann=0 das=fixed_full f=[15.0,140.0] p=1.00 gpu=3.0/15.8GB
[16:24:59] [train] ep=56 step=001/40 ce=0.2596 sc=0.7291 mi=0.0688 dn=0.0000 v13=0.0004 grl=0.3158 v15=0.0000 v15r=0.0000 v16=0.0000 v17=0.0000 v18=0.0000 acc=1.0000 lr=1.33e-04 lambda=0.000 grl_lambda=0.992 v18_lambda=0.000 gpu=3.0/15.8GB
[16:25:01] [train] ep=56 step=010/40 ce=0.3688 sc=0.7994 mi=0.0660 dn=0.0000 v13=0.0007 grl=0.2964 v15=0.0000 v15r=0.0000 v16=0.0000 v17=0.0000 v18=0.0000 acc=0.9875 lr=1.32e-04 lambda=0.000 grl_lambda=0.992 v18_lambda=0.000 gpu=3.0/15.8GB
[16:25:03] [train] ep=56 step=020/40 ce=0.3470 sc=0.7948 mi=0.0638 dn=0.0000 v13=0.0006 grl=0.2901 v15=0.0000 v15r=0.0000 v16=0.0000 v17=0.0000 v18=0.0000 acc=0.9906 lr=1.31e-04 lambda=0.000 grl_lambda=0.992 v18_lambda=0.000 gpu=3.0/15.8GB
[16:25:05] [train] ep=56 step=030/40 ce=0.3277 sc=0.7656 mi=0.0638 dn=0.0000 v13=0.0006 grl=0.2903 v15=0.0000 v15r=0.0000 v16=0.0000 v17=0.0000 v18=0.0000 acc=0.9938 lr=1.30e-04 lambda=0.000 grl_lambda=0.992 v18_lambda=0.000 gpu=3.0/15.8GB
[16:25:07] [train] ep=56 step=040/40 ce=0.3166 sc=0.7876 mi=0.0637 dn=0.0000 v13=0.0006 grl=0.2910 v15=0.0000 v15r=0.0000 v16=0.0000 v17=0.0000 v18=0.0000 acc=0.9953 lr=1.28e-04 lambda=0.000 grl_lambda=0.993 v18_lambda=0.000 gpu=3.0/15.8GB
[16:25:10] [ep_summary] ep=56/100 val_live=0.9630/0.9627 val_ema=0.9444/0.9436 test77_live=0.7122/0.7019 test77_diag_ema=0.6727/0.6335 v13=0.0006 grl=0.2910 v15=0.0000 v15r=0.0000 v16=0.0000 v17=0.0000 v18=0.0000 das=fixed_full[15,140] p=1.00 ep_time=10.7s
[16:25:10] [save] best_sourcequalified77_ema ep=56 source_val_live=0.9630/0.9627 source_val_ema=0.9444/0.9436 test77_ema=0.6727/0.6335
[16:25:10] [train] epoch 57/100 steps=40 use_dann=0 das=fixed_full f=[15.0,140.0] p=1.00 gpu=3.0/15.8GB
[16:25:10] [train] ep=57 step=001/40 ce=0.2600 sc=0.8820 mi=0.0554 dn=0.0000 v13=0.0006 grl=0.3551 v15=0.0000 v15r=0.0000 v16=0.0000 v17=0.0000 v18=0.0000 acc=1.0000 lr=1.28e-04 lambda=0.000 grl_lambda=0.993 v18_lambda=0.000 gpu=3.0/15.8GB
[16:25:12] [train] ep=57 step=010/40 ce=0.3647 sc=0.8896 mi=0.0653 dn=0.0000 v13=0.0007 grl=0.2920 v15=0.0000 v15r=0.0000 v16=0.0000 v17=0.0000 v18=0.0000 acc=0.9938 lr=1.27e-04 lambda=0.000 grl_lambda=0.993 v18_lambda=0.000 gpu=3.0/15.8GB
[16:25:14] [train] ep=57 step=020/40 ce=0.3438 sc=0.8687 mi=0.0647 dn=0.0000 v13=0.0006 grl=0.2750 v15=0.0000 v15r=0.0000 v16=0.0000 v17=0.0000 v18=0.0000 acc=0.9969 lr=1.26e-04 lambda=0.000 grl_lambda=0.993 v18_lambda=0.000 gpu=3.0/15.8GB
[16:25:16] [train] ep=57 step=030/40 ce=0.3444 sc=0.8125 mi=0.0643 dn=0.0000 v13=0.0006 grl=0.2739 v15=0.0000 v15r=0.0000 v16=0.0000 v17=0.0000 v18=0.0000 acc=0.9958 lr=1.25e-04 lambda=0.000 grl_lambda=0.993 v18_lambda=0.000 gpu=3.0/15.8GB
[16:25:18] [train] ep=57 step=040/40 ce=0.3532 sc=0.7999 mi=0.0648 dn=0.0000 v13=0.0006 grl=0.2696 v15=0.0000 v15r=0.0000 v16=0.0000 v17=0.0000 v18=0.0000 acc=0.9938 lr=1.24e-04 lambda=0.000 grl_lambda=0.993 v18_lambda=0.000 gpu=3.0/15.8GB
[16:25:21] [ep_summary] ep=57/100 val_live=0.9630/0.9626 val_ema=0.9444/0.9436 test77_live=0.7266/0.7131 test77_diag_ema=0.6727/0.6335 v13=0.0006 grl=0.2696 v15=0.0000 v15r=0.0000 v16=0.0000 v17=0.0000 v18=0.0000 das=fixed_full[15,140] p=1.00 ep_time=11.2s
[16:25:21] [train] epoch 58/100 steps=40 use_dann=0 das=fixed_full f=[15.0,140.0] p=1.00 gpu=3.0/15.8GB
[16:25:21] [train] ep=58 step=001/40 ce=0.2582 sc=0.5988 mi=0.0605 dn=0.0000 v13=0.0006 grl=0.2301 v15=0.0000 v15r=0.0000 v16=0.0000 v17=0.0000 v18=0.0000 acc=1.0000 lr=1.23e-04 lambda=0.000 grl_lambda=0.993 v18_lambda=0.000 gpu=3.0/15.8GB
[16:25:23] [train] ep=58 step=010/40 ce=0.3115 sc=0.8136 mi=0.0593 dn=0.0000 v13=0.0005 grl=0.2476 v15=0.0000 v15r=0.0000 v16=0.0000 v17=0.0000 v18=0.0000 acc=1.0000 lr=1.22e-04 lambda=0.000 grl_lambda=0.993 v18_lambda=0.000 gpu=3.0/15.8GB
[16:25:25] [train] ep=58 step=020/40 ce=0.3422 sc=0.8384 mi=0.0629 dn=0.0000 v13=0.0005 grl=0.2659 v15=0.0000 v15r=0.0000 v16=0.0000 v17=0.0000 v18=0.0000 acc=0.9969 lr=1.21e-04 lambda=0.000 grl_lambda=0.994 v18_lambda=0.000 gpu=3.0/15.8GB
[16:25:28] [train] ep=58 step=030/40 ce=0.3372 sc=0.8282 mi=0.0641 dn=0.0000 v13=0.0005 grl=0.2678 v15=0.0000 v15r=0.0000 v16=0.0000 v17=0.0000 v18=0.0000 acc=0.9958 lr=1.20e-04 lambda=0.000 grl_lambda=0.994 v18_lambda=0.000 gpu=3.0/15.8GB
[16:25:30] [train] ep=58 step=040/40 ce=0.3365 sc=0.8189 mi=0.0642 dn=0.0000 v13=0.0005 grl=0.2709 v15=0.0000 v15r=0.0000 v16=0.0000 v17=0.0000 v18=0.0000 acc=0.9953 lr=1.19e-04 lambda=0.000 grl_lambda=0.994 v18_lambda=0.000 gpu=3.0/15.8GB
[16:25:33] [ep_summary] ep=58/100 val_live=0.9506/0.9509 val_ema=0.9444/0.9436 test77_live=0.7122/0.6973 test77_diag_ema=0.6727/0.6335 v13=0.0005 grl=0.2709 v15=0.0000 v15r=0.0000 v16=0.0000 v17=0.0000 v18=0.0000 das=fixed_full[15,140] p=1.00 ep_time=11.6s
[16:25:33] [train] epoch 59/100 steps=40 use_dann=0 das=fixed_full f=[15.0,140.0] p=1.00 gpu=3.0/15.8GB
[16:25:33] [train] ep=59 step=001/40 ce=0.2591 sc=1.3169 mi=0.0635 dn=0.0000 v13=0.0005 grl=0.2863 v15=0.0000 v15r=0.0000 v16=0.0000 v17=0.0000 v18=0.0000 acc=1.0000 lr=1.19e-04 lambda=0.000 grl_lambda=0.994 v18_lambda=0.000 gpu=3.0/15.8GB
[16:25:34] [train] ep=59 step=010/40 ce=0.2600 sc=0.7578 mi=0.0605 dn=0.0000 v13=0.0006 grl=0.2387 v15=0.0000 v15r=0.0000 v16=0.0000 v17=0.0000 v18=0.0000 acc=1.0000 lr=1.18e-04 lambda=0.000 grl_lambda=0.994 v18_lambda=0.000 gpu=3.0/15.8GB
[16:25:36] [train] ep=59 step=020/40 ce=0.2668 sc=0.8007 mi=0.0630 dn=0.0000 v13=0.0006 grl=0.2667 v15=0.0000 v15r=0.0000 v16=0.0000 v17=0.0000 v18=0.0000 acc=1.0000 lr=1.16e-04 lambda=0.000 grl_lambda=0.994 v18_lambda=0.000 gpu=3.0/15.8GB
[16:25:38] [train] ep=59 step=030/40 ce=0.2850 sc=0.7936 mi=0.0639 dn=0.0000 v13=0.0006 grl=0.2763 v15=0.0000 v15r=0.0000 v16=0.0000 v17=0.0000 v18=0.0000 acc=0.9979 lr=1.15e-04 lambda=0.000 grl_lambda=0.994 v18_lambda=0.000 gpu=3.0/15.8GB
[16:25:40] [train] ep=59 step=040/40 ce=0.3216 sc=0.7860 mi=0.0650 dn=0.0000 v13=0.0006 grl=0.2819 v15=0.0000 v15r=0.0000 v16=0.0000 v17=0.0000 v18=0.0000 acc=0.9953 lr=1.14e-04 lambda=0.000 grl_lambda=0.995 v18_lambda=0.000 gpu=3.0/15.8GB
[16:25:43] [ep_summary] ep=59/100 val_live=0.9506/0.9510 val_ema=0.9506/0.9503 test77_live=0.6799/0.6708 test77_diag_ema=0.6763/0.6381 v13=0.0006 grl=0.2819 v15=0.0000 v15r=0.0000 v16=0.0000 v17=0.0000 v18=0.0000 das=fixed_full[15,140] p=1.00 ep_time=10.2s
[16:25:43] [save] best_sourceval_ema val_acc_ema=0.9506 source_val_live=0.9506/0.9510 source_val_ema=0.9506/0.9503 ep=59
[16:25:43] [save] best_sourcequalified77_ema ep=59 source_val_live=0.9506/0.9510 source_val_ema=0.9506/0.9503 test77_ema=0.6763/0.6381
[16:25:43] [train] epoch 60/100 steps=40 use_dann=0 das=fixed_full f=[15.0,140.0] p=1.00 gpu=3.0/15.8GB
[16:25:43] [train] ep=60 step=001/40 ce=0.2602 sc=0.6310 mi=0.0724 dn=0.0000 v13=0.0008 grl=0.3438 v15=0.0000 v15r=0.0000 v16=0.0000 v17=0.0000 v18=0.0000 acc=1.0000 lr=1.14e-04 lambda=0.000 grl_lambda=0.995 v18_lambda=0.000 gpu=3.0/15.8GB
[16:25:45] [train] ep=60 step=010/40 ce=0.2634 sc=0.7051 mi=0.0679 dn=0.0000 v13=0.0006 grl=0.3262 v15=0.0000 v15r=0.0000 v16=0.0000 v17=0.0000 v18=0.0000 acc=1.0000 lr=1.13e-04 lambda=0.000 grl_lambda=0.995 v18_lambda=0.000 gpu=3.0/15.8GB
[16:25:47] [train] ep=60 step=020/40 ce=0.3195 sc=0.7588 mi=0.0675 dn=0.0000 v13=0.0006 grl=0.3171 v15=0.0000 v15r=0.0000 v16=0.0000 v17=0.0000 v18=0.0000 acc=0.9938 lr=1.12e-04 lambda=0.000 grl_lambda=0.995 v18_lambda=0.000 gpu=3.0/15.8GB
[16:25:49] [train] ep=60 step=030/40 ce=0.3107 sc=0.7392 mi=0.0676 dn=0.0000 v13=0.0006 grl=0.2989 v15=0.0000 v15r=0.0000 v16=0.0000 v17=0.0000 v18=0.0000 acc=0.9958 lr=1.11e-04 lambda=0.000 grl_lambda=0.995 v18_lambda=0.000 gpu=3.0/15.8GB
[16:25:51] [train] ep=60 step=040/40 ce=0.2995 sc=0.7447 mi=0.0668 dn=0.0000 v13=0.0006 grl=0.2975 v15=0.0000 v15r=0.0000 v16=0.0000 v17=0.0000 v18=0.0000 acc=0.9969 lr=1.09e-04 lambda=0.000 grl_lambda=0.995 v18_lambda=0.000 gpu=3.0/15.8GB
[16:25:54] [pool] check ep=060/100 source_val_acc_ema=0.9506 threshold=0.90
[16:25:55] [pool] ep=060 ADDED src_val=0.9506/0.9503 dev77=0.6357/0.5973 final77=0.6871/0.6527
[16:25:55] [pool] running best ep=060 dev77_f1=0.5973 final77_f1=0.6527 (pool_size=3)
[16:25:55] [ep_summary] ep=60/100 val_live=0.9691/0.9688 val_ema=0.9506/0.9503 test77_live=0.7266/0.7116 test77_diag_ema=0.6871/0.6527 v13=0.0006 grl=0.2975 v15=0.0000 v15r=0.0000 v16=0.0000 v17=0.0000 v18=0.0000 das=fixed_full[15,140] p=1.00 ep_time=12.3s
[16:25:55] [save] best_sourcequalified77_ema ep=60 source_val_live=0.9691/0.9688 source_val_ema=0.9506/0.9503 test77_ema=0.6871/0.6527
[16:25:55] [strict77_monitor] ep=60 best_source_epoch=59 source_val_ema=0.9506/0.9503 test77_ema_diag=0.6763/0.6381 sourcequalified_count=60 best_sourcequalified77_epoch=60 source_val_ema=0.9506/0.9503 test77_ema=0.6871/0.6527
[16:25:55] [train] epoch 61/100 steps=40 use_dann=0 das=fixed_full f=[15.0,140.0] p=1.00 gpu=3.0/15.8GB
[16:25:55] [train] ep=61 step=001/40 ce=0.2595 sc=0.8630 mi=0.0617 dn=0.0000 v13=0.0004 grl=0.3880 v15=0.0000 v15r=0.0000 v16=0.0000 v17=0.0000 v18=0.0000 acc=1.0000 lr=1.09e-04 lambda=0.000 grl_lambda=0.995 v18_lambda=0.000 gpu=3.0/15.8GB
[16:25:57] [train] ep=61 step=010/40 ce=0.3004 sc=0.8161 mi=0.0645 dn=0.0000 v13=0.0005 grl=0.3027 v15=0.0000 v15r=0.0000 v16=0.0000 v17=0.0000 v18=0.0000 acc=0.9938 lr=1.08e-04 lambda=0.000 grl_lambda=0.995 v18_lambda=0.000 gpu=3.0/15.8GB
[16:25:59] [train] ep=61 step=020/40 ce=0.2855 sc=0.8149 mi=0.0646 dn=0.0000 v13=0.0005 grl=0.2972 v15=0.0000 v15r=0.0000 v16=0.0000 v17=0.0000 v18=0.0000 acc=0.9969 lr=1.07e-04 lambda=0.000 grl_lambda=0.995 v18_lambda=0.000 gpu=3.0/15.8GB
[16:26:01] [train] ep=61 step=030/40 ce=0.3084 sc=0.7996 mi=0.0652 dn=0.0000 v13=0.0005 grl=0.2868 v15=0.0000 v15r=0.0000 v16=0.0000 v17=0.0000 v18=0.0000 acc=0.9958 lr=1.06e-04 lambda=0.000 grl_lambda=0.995 v18_lambda=0.000 gpu=3.0/15.8GB
[16:26:03] [train] ep=61 step=040/40 ce=0.2969 sc=0.7644 mi=0.0649 dn=0.0000 v13=0.0006 grl=0.2863 v15=0.0000 v15r=0.0000 v16=0.0000 v17=0.0000 v18=0.0000 acc=0.9969 lr=1.05e-04 lambda=0.000 grl_lambda=0.996 v18_lambda=0.000 gpu=3.0/15.8GB
[16:26:06] [ep_summary] ep=61/100 val_live=0.9383/0.9394 val_ema=0.9506/0.9503 test77_live=0.7086/0.7035 test77_diag_ema=0.6906/0.6561 v13=0.0006 grl=0.2863 v15=0.0000 v15r=0.0000 v16=0.0000 v17=0.0000 v18=0.0000 das=fixed_full[15,140] p=1.00 ep_time=10.5s
[16:26:06] [save] best_sourcequalified77_ema ep=61 source_val_live=0.9383/0.9394 source_val_ema=0.9506/0.9503 test77_ema=0.6906/0.6561
[16:26:06] [train] epoch 62/100 steps=40 use_dann=0 das=fixed_full f=[15.0,140.0] p=1.00 gpu=3.0/15.8GB
[16:26:06] [train] ep=62 step=001/40 ce=0.2583 sc=0.9619 mi=0.0562 dn=0.0000 v13=0.0007 grl=0.1086 v15=0.0000 v15r=0.0000 v16=0.0000 v17=0.0000 v18=0.0000 acc=1.0000 lr=1.05e-04 lambda=0.000 grl_lambda=0.996 v18_lambda=0.000 gpu=3.0/15.8GB
[16:26:08] [train] ep=62 step=010/40 ce=0.2648 sc=0.7400 mi=0.0676 dn=0.0000 v13=0.0006 grl=0.2569 v15=0.0000 v15r=0.0000 v16=0.0000 v17=0.0000 v18=0.0000 acc=1.0000 lr=1.04e-04 lambda=0.000 grl_lambda=0.996 v18_lambda=0.000 gpu=3.0/15.8GB
[16:26:10] [train] ep=62 step=020/40 ce=0.2736 sc=0.7937 mi=0.0676 dn=0.0000 v13=0.0005 grl=0.2846 v15=0.0000 v15r=0.0000 v16=0.0000 v17=0.0000 v18=0.0000 acc=1.0000 lr=1.02e-04 lambda=0.000 grl_lambda=0.996 v18_lambda=0.000 gpu=3.0/15.8GB
[16:26:12] [train] ep=62 step=030/40 ce=0.2695 sc=0.7629 mi=0.0678 dn=0.0000 v13=0.0005 grl=0.2965 v15=0.0000 v15r=0.0000 v16=0.0000 v17=0.0000 v18=0.0000 acc=1.0000 lr=1.01e-04 lambda=0.000 grl_lambda=0.996 v18_lambda=0.000 gpu=3.0/15.8GB
[16:26:13] [train] ep=62 step=040/40 ce=0.2683 sc=0.7454 mi=0.0674 dn=0.0000 v13=0.0005 grl=0.2840 v15=0.0000 v15r=0.0000 v16=0.0000 v17=0.0000 v18=0.0000 acc=1.0000 lr=1.00e-04 lambda=0.000 grl_lambda=0.996 v18_lambda=0.000 gpu=3.0/15.8GB
[16:26:16] [ep_summary] ep=62/100 val_live=0.9568/0.9577 val_ema=0.9506/0.9503 test77_live=0.7086/0.7020 test77_diag_ema=0.6942/0.6603 v13=0.0005 grl=0.2840 v15=0.0000 v15r=0.0000 v16=0.0000 v17=0.0000 v18=0.0000 das=fixed_full[15,140] p=1.00 ep_time=10.5s
[16:26:16] [save] best_sourcequalified77_ema ep=62 source_val_live=0.9568/0.9577 source_val_ema=0.9506/0.9503 test77_ema=0.6942/0.6603
[16:26:16] [train] epoch 63/100 steps=40 use_dann=0 das=fixed_full f=[15.0,140.0] p=1.00 gpu=3.0/15.8GB
[16:26:17] [train] ep=63 step=001/40 ce=0.2606 sc=0.5921 mi=0.0813 dn=0.0000 v13=0.0008 grl=0.3239 v15=0.0000 v15r=0.0000 v16=0.0000 v17=0.0000 v18=0.0000 acc=1.0000 lr=1.00e-04 lambda=0.000 grl_lambda=0.996 v18_lambda=0.000 gpu=3.0/15.8GB
[16:26:18] [train] ep=63 step=010/40 ce=0.4231 sc=0.8647 mi=0.0643 dn=0.0000 v13=0.0006 grl=0.2401 v15=0.0000 v15r=0.0000 v16=0.0000 v17=0.0000 v18=0.0000 acc=0.9938 lr=9.89e-05 lambda=0.000 grl_lambda=0.996 v18_lambda=0.000 gpu=3.0/15.8GB
[16:26:20] [train] ep=63 step=020/40 ce=0.3418 sc=0.8086 mi=0.0646 dn=0.0000 v13=0.0006 grl=0.2757 v15=0.0000 v15r=0.0000 v16=0.0000 v17=0.0000 v18=0.0000 acc=0.9969 lr=9.78e-05 lambda=0.000 grl_lambda=0.996 v18_lambda=0.000 gpu=3.0/15.8GB
[16:26:22] [train] ep=63 step=030/40 ce=0.3492 sc=0.8121 mi=0.0648 dn=0.0000 v13=0.0006 grl=0.2727 v15=0.0000 v15r=0.0000 v16=0.0000 v17=0.0000 v18=0.0000 acc=0.9958 lr=9.67e-05 lambda=0.000 grl_lambda=0.996 v18_lambda=0.000 gpu=3.0/15.8GB
[16:26:24] [train] ep=63 step=040/40 ce=0.3290 sc=0.8155 mi=0.0644 dn=0.0000 v13=0.0006 grl=0.2627 v15=0.0000 v15r=0.0000 v16=0.0000 v17=0.0000 v18=0.0000 acc=0.9969 lr=9.55e-05 lambda=0.000 grl_lambda=0.996 v18_lambda=0.000 gpu=3.0/15.8GB
[16:26:26] [ep_summary] ep=63/100 val_live=0.9506/0.9502 val_ema=0.9506/0.9503 test77_live=0.6763/0.6703 test77_diag_ema=0.7050/0.6729 v13=0.0006 grl=0.2627 v15=0.0000 v15r=0.0000 v16=0.0000 v17=0.0000 v18=0.0000 das=fixed_full[15,140] p=1.00 ep_time=10.1s
[16:26:26] [save] best_sourcequalified77_ema ep=63 source_val_live=0.9506/0.9502 source_val_ema=0.9506/0.9503 test77_ema=0.7050/0.6729
[16:26:26] [train] epoch 64/100 steps=40 use_dann=0 das=fixed_full f=[15.0,140.0] p=1.00 gpu=3.0/15.8GB
[16:26:27] [train] ep=64 step=001/40 ce=1.6876 sc=2.1064 mi=0.0736 dn=0.0000 v13=0.0006 grl=0.2511 v15=0.0000 v15r=0.0000 v16=0.0000 v17=0.0000 v18=0.0000 acc=0.8750 lr=9.54e-05 lambda=0.000 grl_lambda=0.996 v18_lambda=0.000 gpu=3.0/15.8GB
[16:26:28] [train] ep=64 step=010/40 ce=0.4391 sc=0.8763 mi=0.0664 dn=0.0000 v13=0.0005 grl=0.2740 v15=0.0000 v15r=0.0000 v16=0.0000 v17=0.0000 v18=0.0000 acc=0.9812 lr=9.44e-05 lambda=0.000 grl_lambda=0.996 v18_lambda=0.000 gpu=3.0/15.8GB
[16:26:30] [train] ep=64 step=020/40 ce=0.3503 sc=0.8047 mi=0.0653 dn=0.0000 v13=0.0005 grl=0.2722 v15=0.0000 v15r=0.0000 v16=0.0000 v17=0.0000 v18=0.0000 acc=0.9906 lr=9.33e-05 lambda=0.000 grl_lambda=0.997 v18_lambda=0.000 gpu=3.0/15.8GB
[16:26:32] [train] ep=64 step=030/40 ce=0.3449 sc=0.7810 mi=0.0658 dn=0.0000 v13=0.0005 grl=0.2760 v15=0.0000 v15r=0.0000 v16=0.0000 v17=0.0000 v18=0.0000 acc=0.9917 lr=9.21e-05 lambda=0.000 grl_lambda=0.997 v18_lambda=0.000 gpu=3.0/15.8GB
[16:26:34] [train] ep=64 step=040/40 ce=0.3371 sc=0.7745 mi=0.0660 dn=0.0000 v13=0.0005 grl=0.2806 v15=0.0000 v15r=0.0000 v16=0.0000 v17=0.0000 v18=0.0000 acc=0.9922 lr=9.10e-05 lambda=0.000 grl_lambda=0.997 v18_lambda=0.000 gpu=3.0/15.8GB
[16:26:37] [ep_summary] ep=64/100 val_live=0.9568/0.9560 val_ema=0.9506/0.9503 test77_live=0.6942/0.6831 test77_diag_ema=0.7086/0.6770 v13=0.0005 grl=0.2806 v15=0.0000 v15r=0.0000 v16=0.0000 v17=0.0000 v18=0.0000 das=fixed_full[15,140] p=1.00 ep_time=10.1s
[16:26:37] [save] best_sourcequalified77_ema ep=64 source_val_live=0.9568/0.9560 source_val_ema=0.9506/0.9503 test77_ema=0.7086/0.6770
[16:26:37] [train] epoch 65/100 steps=40 use_dann=0 das=fixed_full f=[15.0,140.0] p=1.00 gpu=3.0/15.8GB
[16:26:37] [train] ep=65 step=001/40 ce=0.2594 sc=0.6384 mi=0.0581 dn=0.0000 v13=0.0003 grl=0.2244 v15=0.0000 v15r=0.0000 v16=0.0000 v17=0.0000 v18=0.0000 acc=1.0000 lr=9.09e-05 lambda=0.000 grl_lambda=0.997 v18_lambda=0.000 gpu=3.0/15.8GB
[16:26:38] [train] ep=65 step=010/40 ce=0.2591 sc=0.9378 mi=0.0656 dn=0.0000 v13=0.0005 grl=0.2518 v15=0.0000 v15r=0.0000 v16=0.0000 v17=0.0000 v18=0.0000 acc=1.0000 lr=8.99e-05 lambda=0.000 grl_lambda=0.997 v18_lambda=0.000 gpu=3.0/15.8GB
[16:26:40] [train] ep=65 step=020/40 ce=0.2647 sc=0.8324 mi=0.0671 dn=0.0000 v13=0.0005 grl=0.2895 v15=0.0000 v15r=0.0000 v16=0.0000 v17=0.0000 v18=0.0000 acc=1.0000 lr=8.88e-05 lambda=0.000 grl_lambda=0.997 v18_lambda=0.000 gpu=3.0/15.8GB
[16:26:42] [train] ep=65 step=030/40 ce=0.2765 sc=0.7858 mi=0.0670 dn=0.0000 v13=0.0006 grl=0.2809 v15=0.0000 v15r=0.0000 v16=0.0000 v17=0.0000 v18=0.0000 acc=0.9979 lr=8.77e-05 lambda=0.000 grl_lambda=0.997 v18_lambda=0.000 gpu=3.0/15.8GB
[16:26:44] [train] ep=65 step=040/40 ce=0.2766 sc=0.7733 mi=0.0678 dn=0.0000 v13=0.0006 grl=0.2906 v15=0.0000 v15r=0.0000 v16=0.0000 v17=0.0000 v18=0.0000 acc=0.9984 lr=8.66e-05 lambda=0.000 grl_lambda=0.997 v18_lambda=0.000 gpu=3.0/15.8GB
[16:26:47] [ep_summary] ep=65/100 val_live=0.9506/0.9499 val_ema=0.9506/0.9503 test77_live=0.6727/0.6658 test77_diag_ema=0.7086/0.6770 v13=0.0006 grl=0.2906 v15=0.0000 v15r=0.0000 v16=0.0000 v17=0.0000 v18=0.0000 das=fixed_full[15,140] p=1.00 ep_time=10.1s
[16:26:47] [train] epoch 66/100 steps=40 use_dann=0 das=fixed_full f=[15.0,140.0] p=1.00 gpu=3.0/15.8GB
[16:26:47] [train] ep=66 step=001/40 ce=0.2682 sc=0.8812 mi=0.0730 dn=0.0000 v13=0.0004 grl=0.2133 v15=0.0000 v15r=0.0000 v16=0.0000 v17=0.0000 v18=0.0000 acc=1.0000 lr=8.65e-05 lambda=0.000 grl_lambda=0.997 v18_lambda=0.000 gpu=3.0/15.8GB
[16:26:49] [train] ep=66 step=010/40 ce=0.2958 sc=0.9115 mi=0.0681 dn=0.0000 v13=0.0006 grl=0.2870 v15=0.0000 v15r=0.0000 v16=0.0000 v17=0.0000 v18=0.0000 acc=0.9938 lr=8.55e-05 lambda=0.000 grl_lambda=0.997 v18_lambda=0.000 gpu=3.0/15.8GB
[16:26:50] [train] ep=66 step=020/40 ce=0.2785 sc=0.9065 mi=0.0657 dn=0.0000 v13=0.0005 grl=0.2659 v15=0.0000 v15r=0.0000 v16=0.0000 v17=0.0000 v18=0.0000 acc=0.9969 lr=8.44e-05 lambda=0.000 grl_lambda=0.997 v18_lambda=0.000 gpu=3.0/15.8GB
[16:26:52] [train] ep=66 step=030/40 ce=0.3023 sc=0.8527 mi=0.0668 dn=0.0000 v13=0.0006 grl=0.2784 v15=0.0000 v15r=0.0000 v16=0.0000 v17=0.0000 v18=0.0000 acc=0.9958 lr=8.33e-05 lambda=0.000 grl_lambda=0.997 v18_lambda=0.000 gpu=3.0/15.8GB
[16:26:54] [train] ep=66 step=040/40 ce=0.2913 sc=0.8336 mi=0.0665 dn=0.0000 v13=0.0005 grl=0.2800 v15=0.0000 v15r=0.0000 v16=0.0000 v17=0.0000 v18=0.0000 acc=0.9969 lr=8.22e-05 lambda=0.000 grl_lambda=0.997 v18_lambda=0.000 gpu=3.0/15.8GB
[16:26:57] [ep_summary] ep=66/100 val_live=0.9506/0.9514 val_ema=0.9506/0.9503 test77_live=0.7410/0.7318 test77_diag_ema=0.7050/0.6744 v13=0.0005 grl=0.2800 v15=0.0000 v15r=0.0000 v16=0.0000 v17=0.0000 v18=0.0000 das=fixed_full[15,140] p=1.00 ep_time=10.1s
[16:26:57] [train] epoch 67/100 steps=40 use_dann=0 das=fixed_full f=[15.0,140.0] p=1.00 gpu=3.0/15.8GB
[16:26:57] [train] ep=67 step=001/40 ce=0.2584 sc=0.6168 mi=0.0706 dn=0.0000 v13=0.0004 grl=0.2268 v15=0.0000 v15r=0.0000 v16=0.0000 v17=0.0000 v18=0.0000 acc=1.0000 lr=8.21e-05 lambda=0.000 grl_lambda=0.997 v18_lambda=0.000 gpu=3.0/15.8GB
[16:26:59] [train] ep=67 step=010/40 ce=0.3815 sc=0.8309 mi=0.0663 dn=0.0000 v13=0.0004 grl=0.2441 v15=0.0000 v15r=0.0000 v16=0.0000 v17=0.0000 v18=0.0000 acc=0.9938 lr=8.11e-05 lambda=0.000 grl_lambda=0.997 v18_lambda=0.000 gpu=3.0/15.8GB
[16:27:00] [train] ep=67 step=020/40 ce=0.3203 sc=0.7185 mi=0.0654 dn=0.0000 v13=0.0005 grl=0.2484 v15=0.0000 v15r=0.0000 v16=0.0000 v17=0.0000 v18=0.0000 acc=0.9969 lr=8.01e-05 lambda=0.000 grl_lambda=0.997 v18_lambda=0.000 gpu=3.0/15.8GB
[16:27:02] [train] ep=67 step=030/40 ce=0.3108 sc=0.7121 mi=0.0657 dn=0.0000 v13=0.0005 grl=0.2740 v15=0.0000 v15r=0.0000 v16=0.0000 v17=0.0000 v18=0.0000 acc=0.9979 lr=7.90e-05 lambda=0.000 grl_lambda=0.997 v18_lambda=0.000 gpu=3.0/15.8GB
[16:27:04] [train] ep=67 step=040/40 ce=0.3193 sc=0.7470 mi=0.0649 dn=0.0000 v13=0.0005 grl=0.2705 v15=0.0000 v15r=0.0000 v16=0.0000 v17=0.0000 v18=0.0000 acc=0.9969 lr=7.79e-05 lambda=0.000 grl_lambda=0.998 v18_lambda=0.000 gpu=3.0/15.8GB
[16:27:07] [ep_summary] ep=67/100 val_live=0.9444/0.9446 val_ema=0.9506/0.9503 test77_live=0.7338/0.7248 test77_diag_ema=0.7050/0.6744 v13=0.0005 grl=0.2705 v15=0.0000 v15r=0.0000 v16=0.0000 v17=0.0000 v18=0.0000 das=fixed_full[15,140] p=1.00 ep_time=10.1s
[16:27:07] [train] epoch 68/100 steps=40 use_dann=0 das=fixed_full f=[15.0,140.0] p=1.00 gpu=3.0/15.8GB
[16:27:07] [train] ep=68 step=001/40 ce=0.3252 sc=0.7539 mi=0.0761 dn=0.0000 v13=0.0008 grl=0.2987 v15=0.0000 v15r=0.0000 v16=0.0000 v17=0.0000 v18=0.0000 acc=1.0000 lr=7.78e-05 lambda=0.000 grl_lambda=0.998 v18_lambda=0.000 gpu=3.0/15.8GB
[16:27:09] [train] ep=68 step=010/40 ce=0.2650 sc=0.6630 mi=0.0724 dn=0.0000 v13=0.0005 grl=0.3010 v15=0.0000 v15r=0.0000 v16=0.0000 v17=0.0000 v18=0.0000 acc=1.0000 lr=7.69e-05 lambda=0.000 grl_lambda=0.998 v18_lambda=0.000 gpu=3.0/15.8GB
[16:27:11] [train] ep=68 step=020/40 ce=0.2618 sc=0.7658 mi=0.0677 dn=0.0000 v13=0.0006 grl=0.2951 v15=0.0000 v15r=0.0000 v16=0.0000 v17=0.0000 v18=0.0000 acc=1.0000 lr=7.58e-05 lambda=0.000 grl_lambda=0.998 v18_lambda=0.000 gpu=3.0/15.8GB
[16:27:12] [train] ep=68 step=030/40 ce=0.2977 sc=0.7883 mi=0.0677 dn=0.0000 v13=0.0006 grl=0.2966 v15=0.0000 v15r=0.0000 v16=0.0000 v17=0.0000 v18=0.0000 acc=0.9979 lr=7.48e-05 lambda=0.000 grl_lambda=0.998 v18_lambda=0.000 gpu=3.0/15.8GB
[16:27:14] [train] ep=68 step=040/40 ce=0.2886 sc=0.8100 mi=0.0679 dn=0.0000 v13=0.0005 grl=0.2982 v15=0.0000 v15r=0.0000 v16=0.0000 v17=0.0000 v18=0.0000 acc=0.9984 lr=7.37e-05 lambda=0.000 grl_lambda=0.998 v18_lambda=0.000 gpu=3.0/15.8GB
[16:27:17] [ep_summary] ep=68/100 val_live=0.9444/0.9446 val_ema=0.9506/0.9503 test77_live=0.7410/0.7292 test77_diag_ema=0.7050/0.6744 v13=0.0005 grl=0.2982 v15=0.0000 v15r=0.0000 v16=0.0000 v17=0.0000 v18=0.0000 das=fixed_full[15,140] p=1.00 ep_time=10.2s
[16:27:17] [train] epoch 69/100 steps=40 use_dann=0 das=fixed_full f=[15.0,140.0] p=1.00 gpu=3.0/15.8GB
[16:27:17] [train] ep=69 step=001/40 ce=0.2589 sc=0.8607 mi=0.0576 dn=0.0000 v13=0.0007 grl=0.3296 v15=0.0000 v15r=0.0000 v16=0.0000 v17=0.0000 v18=0.0000 acc=1.0000 lr=7.36e-05 lambda=0.000 grl_lambda=0.998 v18_lambda=0.000 gpu=3.0/15.8GB
[16:27:19] [train] ep=69 step=010/40 ce=0.2624 sc=0.5994 mi=0.0659 dn=0.0000 v13=0.0006 grl=0.2755 v15=0.0000 v15r=0.0000 v16=0.0000 v17=0.0000 v18=0.0000 acc=1.0000 lr=7.27e-05 lambda=0.000 grl_lambda=0.998 v18_lambda=0.000 gpu=3.0/15.8GB
[16:27:21] [train] ep=69 step=020/40 ce=0.2603 sc=0.6445 mi=0.0652 dn=0.0000 v13=0.0006 grl=0.2636 v15=0.0000 v15r=0.0000 v16=0.0000 v17=0.0000 v18=0.0000 acc=1.0000 lr=7.16e-05 lambda=0.000 grl_lambda=0.998 v18_lambda=0.000 gpu=3.0/15.8GB
[16:27:23] [train] ep=69 step=030/40 ce=0.2596 sc=0.7087 mi=0.0670 dn=0.0000 v13=0.0005 grl=0.2753 v15=0.0000 v15r=0.0000 v16=0.0000 v17=0.0000 v18=0.0000 acc=1.0000 lr=7.06e-05 lambda=0.000 grl_lambda=0.998 v18_lambda=0.000 gpu=3.0/15.8GB
[16:27:24] [train] ep=69 step=040/40 ce=0.2615 sc=0.6766 mi=0.0665 dn=0.0000 v13=0.0005 grl=0.2723 v15=0.0000 v15r=0.0000 v16=0.0000 v17=0.0000 v18=0.0000 acc=1.0000 lr=6.96e-05 lambda=0.000 grl_lambda=0.998 v18_lambda=0.000 gpu=3.0/15.8GB
[16:27:27] [ep_summary] ep=69/100 val_live=0.9444/0.9446 val_ema=0.9444/0.9440 test77_live=0.7338/0.7171 test77_diag_ema=0.7122/0.6820 v13=0.0005 grl=0.2723 v15=0.0000 v15r=0.0000 v16=0.0000 v17=0.0000 v18=0.0000 das=fixed_full[15,140] p=1.00 ep_time=10.1s
[16:27:27] [save] best_sourcequalified77_ema ep=69 source_val_live=0.9444/0.9446 source_val_ema=0.9444/0.9440 test77_ema=0.7122/0.6820
[16:27:27] [train] epoch 70/100 steps=40 use_dann=0 das=fixed_full f=[15.0,140.0] p=1.00 gpu=3.0/15.8GB
[16:27:27] [train] ep=70 step=001/40 ce=0.2599 sc=0.7635 mi=0.0771 dn=0.0000 v13=0.0005 grl=0.2305 v15=0.0000 v15r=0.0000 v16=0.0000 v17=0.0000 v18=0.0000 acc=1.0000 lr=6.95e-05 lambda=0.000 grl_lambda=0.998 v18_lambda=0.000 gpu=3.0/15.8GB
[16:27:29] [train] ep=70 step=010/40 ce=0.3153 sc=0.8791 mi=0.0663 dn=0.0000 v13=0.0006 grl=0.2645 v15=0.0000 v15r=0.0000 v16=0.0000 v17=0.0000 v18=0.0000 acc=0.9938 lr=6.85e-05 lambda=0.000 grl_lambda=0.998 v18_lambda=0.000 gpu=3.0/15.8GB
[16:27:31] [train] ep=70 step=020/40 ce=0.2903 sc=0.8648 mi=0.0655 dn=0.0000 v13=0.0006 grl=0.2817 v15=0.0000 v15r=0.0000 v16=0.0000 v17=0.0000 v18=0.0000 acc=0.9969 lr=6.75e-05 lambda=0.000 grl_lambda=0.998 v18_lambda=0.000 gpu=3.0/15.8GB
[16:27:33] [train] ep=70 step=030/40 ce=0.3174 sc=0.8575 mi=0.0650 dn=0.0000 v13=0.0005 grl=0.2708 v15=0.0000 v15r=0.0000 v16=0.0000 v17=0.0000 v18=0.0000 acc=0.9938 lr=6.65e-05 lambda=0.000 grl_lambda=0.998 v18_lambda=0.000 gpu=3.0/15.8GB
[16:27:35] [train] ep=70 step=040/40 ce=0.3051 sc=0.8103 mi=0.0649 dn=0.0000 v13=0.0005 grl=0.2709 v15=0.0000 v15r=0.0000 v16=0.0000 v17=0.0000 v18=0.0000 acc=0.9953 lr=6.55e-05 lambda=0.000 grl_lambda=0.998 v18_lambda=0.000 gpu=3.0/15.8GB
[16:27:37] [pool] check ep=070/100 source_val_acc_ema=0.9506 threshold=0.90
[16:27:39] [pool] ep=070 ADDED src_val=0.9506/0.9499 dev77=0.6429/0.6191 final77=0.7194/0.6893
[16:27:39] [pool] running best ep=070 dev77_f1=0.6191 final77_f1=0.6893 (pool_size=4)
[16:27:39] [ep_summary] ep=70/100 val_live=0.9383/0.9392 val_ema=0.9506/0.9499 test77_live=0.7194/0.7036 test77_diag_ema=0.7194/0.6893 v13=0.0005 grl=0.2709 v15=0.0000 v15r=0.0000 v16=0.0000 v17=0.0000 v18=0.0000 das=fixed_full[15,140] p=1.00 ep_time=11.4s
[16:27:39] [save] best_sourcequalified77_ema ep=70 source_val_live=0.9383/0.9392 source_val_ema=0.9506/0.9499 test77_ema=0.7194/0.6893
[16:27:39] [strict77_monitor] ep=70 best_source_epoch=59 source_val_ema=0.9506/0.9503 test77_ema_diag=0.6763/0.6381 sourcequalified_count=70 best_sourcequalified77_epoch=70 source_val_ema=0.9506/0.9499 test77_ema=0.7194/0.6893
[16:27:39] [train] epoch 71/100 steps=40 use_dann=0 das=fixed_full f=[15.0,140.0] p=1.00 gpu=3.0/15.8GB
[16:27:39] [train] ep=71 step=001/40 ce=0.2572 sc=0.9663 mi=0.0653 dn=0.0000 v13=0.0005 grl=0.2143 v15=0.0000 v15r=0.0000 v16=0.0000 v17=0.0000 v18=0.0000 acc=1.0000 lr=6.54e-05 lambda=0.000 grl_lambda=0.998 v18_lambda=0.000 gpu=3.0/15.8GB
[16:27:41] [train] ep=71 step=010/40 ce=0.2586 sc=0.6518 mi=0.0660 dn=0.0000 v13=0.0004 grl=0.2819 v15=0.0000 v15r=0.0000 v16=0.0000 v17=0.0000 v18=0.0000 acc=1.0000 lr=6.45e-05 lambda=0.000 grl_lambda=0.998 v18_lambda=0.000 gpu=3.0/15.8GB
[16:27:42] [train] ep=71 step=020/40 ce=0.3013 sc=0.7840 mi=0.0661 dn=0.0000 v13=0.0005 grl=0.2660 v15=0.0000 v15r=0.0000 v16=0.0000 v17=0.0000 v18=0.0000 acc=0.9969 lr=6.35e-05 lambda=0.000 grl_lambda=0.998 v18_lambda=0.000 gpu=3.0/15.8GB
[16:27:44] [train] ep=71 step=030/40 ce=0.2870 sc=0.7898 mi=0.0664 dn=0.0000 v13=0.0005 grl=0.2656 v15=0.0000 v15r=0.0000 v16=0.0000 v17=0.0000 v18=0.0000 acc=0.9979 lr=6.25e-05 lambda=0.000 grl_lambda=0.998 v18_lambda=0.000 gpu=3.0/15.8GB
[16:27:46] [train] ep=71 step=040/40 ce=0.2800 sc=0.7721 mi=0.0662 dn=0.0000 v13=0.0005 grl=0.2643 v15=0.0000 v15r=0.0000 v16=0.0000 v17=0.0000 v18=0.0000 acc=0.9984 lr=6.15e-05 lambda=0.000 grl_lambda=0.998 v18_lambda=0.000 gpu=3.0/15.8GB
[16:27:49] [ep_summary] ep=71/100 val_live=0.9321/0.9326 val_ema=0.9506/0.9499 test77_live=0.7158/0.6995 test77_diag_ema=0.7194/0.6907 v13=0.0005 grl=0.2643 v15=0.0000 v15r=0.0000 v16=0.0000 v17=0.0000 v18=0.0000 das=fixed_full[15,140] p=1.00 ep_time=10.1s
[16:27:49] [save] best_sourcequalified77_ema ep=71 source_val_live=0.9321/0.9326 source_val_ema=0.9506/0.9499 test77_ema=0.7194/0.6907
[16:27:49] [train] epoch 72/100 steps=40 use_dann=0 das=fixed_full f=[15.0,140.0] p=1.00 gpu=3.0/15.8GB
[16:27:49] [train] ep=72 step=001/40 ce=0.2609 sc=0.7475 mi=0.0491 dn=0.0000 v13=0.0005 grl=0.2064 v15=0.0000 v15r=0.0000 v16=0.0000 v17=0.0000 v18=0.0000 acc=1.0000 lr=6.14e-05 lambda=0.000 grl_lambda=0.998 v18_lambda=0.000 gpu=3.0/15.8GB
[16:27:51] [train] ep=72 step=010/40 ce=0.2588 sc=0.8658 mi=0.0671 dn=0.0000 v13=0.0006 grl=0.2585 v15=0.0000 v15r=0.0000 v16=0.0000 v17=0.0000 v18=0.0000 acc=1.0000 lr=6.06e-05 lambda=0.000 grl_lambda=0.998 v18_lambda=0.000 gpu=3.0/15.8GB
[16:27:53] [train] ep=72 step=020/40 ce=0.2584 sc=0.7992 mi=0.0686 dn=0.0000 v13=0.0005 grl=0.2710 v15=0.0000 v15r=0.0000 v16=0.0000 v17=0.0000 v18=0.0000 acc=1.0000 lr=5.96e-05 lambda=0.000 grl_lambda=0.998 v18_lambda=0.000 gpu=3.0/15.8GB
[16:27:54] [train] ep=72 step=030/40 ce=0.2591 sc=0.7839 mi=0.0686 dn=0.0000 v13=0.0005 grl=0.2620 v15=0.0000 v15r=0.0000 v16=0.0000 v17=0.0000 v18=0.0000 acc=1.0000 lr=5.86e-05 lambda=0.000 grl_lambda=0.998 v18_lambda=0.000 gpu=3.0/15.8GB
[16:27:56] [train] ep=72 step=040/40 ce=0.2589 sc=0.7522 mi=0.0683 dn=0.0000 v13=0.0005 grl=0.2645 v15=0.0000 v15r=0.0000 v16=0.0000 v17=0.0000 v18=0.0000 acc=1.0000 lr=5.77e-05 lambda=0.000 grl_lambda=0.999 v18_lambda=0.000 gpu=3.0/15.8GB
[16:27:59] [ep_summary] ep=72/100 val_live=0.9383/0.9392 val_ema=0.9506/0.9499 test77_live=0.7266/0.7090 test77_diag_ema=0.7230/0.6943 v13=0.0005 grl=0.2645 v15=0.0000 v15r=0.0000 v16=0.0000 v17=0.0000 v18=0.0000 das=fixed_full[15,140] p=1.00 ep_time=10.1s
[16:27:59] [save] best_sourcequalified77_ema ep=72 source_val_live=0.9383/0.9392 source_val_ema=0.9506/0.9499 test77_ema=0.7230/0.6943
[16:27:59] [train] epoch 73/100 steps=40 use_dann=0 das=fixed_full f=[15.0,140.0] p=1.00 gpu=3.0/15.8GB
[16:27:59] [train] ep=73 step=001/40 ce=0.2585 sc=0.6294 mi=0.0581 dn=0.0000 v13=0.0003 grl=0.2224 v15=0.0000 v15r=0.0000 v16=0.0000 v17=0.0000 v18=0.0000 acc=1.0000 lr=5.76e-05 lambda=0.000 grl_lambda=0.999 v18_lambda=0.000 gpu=3.0/15.8GB
[16:28:01] [train] ep=73 step=010/40 ce=0.2593 sc=0.6863 mi=0.0646 dn=0.0000 v13=0.0005 grl=0.2484 v15=0.0000 v15r=0.0000 v16=0.0000 v17=0.0000 v18=0.0000 acc=1.0000 lr=5.67e-05 lambda=0.000 grl_lambda=0.999 v18_lambda=0.000 gpu=3.0/15.8GB
[16:28:03] [train] ep=73 step=020/40 ce=0.2703 sc=0.7530 mi=0.0652 dn=0.0000 v13=0.0005 grl=0.2613 v15=0.0000 v15r=0.0000 v16=0.0000 v17=0.0000 v18=0.0000 acc=1.0000 lr=5.58e-05 lambda=0.000 grl_lambda=0.999 v18_lambda=0.000 gpu=3.0/15.8GB
[16:28:05] [train] ep=73 step=030/40 ce=0.2662 sc=0.7396 mi=0.0650 dn=0.0000 v13=0.0005 grl=0.2772 v15=0.0000 v15r=0.0000 v16=0.0000 v17=0.0000 v18=0.0000 acc=1.0000 lr=5.48e-05 lambda=0.000 grl_lambda=0.999 v18_lambda=0.000 gpu=3.0/15.8GB
[16:28:06] [train] ep=73 step=040/40 ce=0.2713 sc=0.7081 mi=0.0649 dn=0.0000 v13=0.0005 grl=0.2812 v15=0.0000 v15r=0.0000 v16=0.0000 v17=0.0000 v18=0.0000 acc=1.0000 lr=5.39e-05 lambda=0.000 grl_lambda=0.999 v18_lambda=0.000 gpu=3.0/15.8GB
[16:28:09] [ep_summary] ep=73/100 val_live=0.9444/0.9446 val_ema=0.9506/0.9499 test77_live=0.7230/0.7018 test77_diag_ema=0.7194/0.6903 v13=0.0005 grl=0.2812 v15=0.0000 v15r=0.0000 v16=0.0000 v17=0.0000 v18=0.0000 das=fixed_full[15,140] p=1.00 ep_time=10.1s
[16:28:09] [train] epoch 74/100 steps=40 use_dann=0 das=fixed_full f=[15.0,140.0] p=1.00 gpu=3.0/15.8GB
[16:28:09] [train] ep=74 step=001/40 ce=0.2616 sc=1.3209 mi=0.0744 dn=0.0000 v13=0.0008 grl=0.2478 v15=0.0000 v15r=0.0000 v16=0.0000 v17=0.0000 v18=0.0000 acc=1.0000 lr=5.38e-05 lambda=0.000 grl_lambda=0.999 v18_lambda=0.000 gpu=3.0/15.8GB
[16:28:11] [train] ep=74 step=010/40 ce=0.2599 sc=0.8939 mi=0.0648 dn=0.0000 v13=0.0005 grl=0.2871 v15=0.0000 v15r=0.0000 v16=0.0000 v17=0.0000 v18=0.0000 acc=1.0000 lr=5.30e-05 lambda=0.000 grl_lambda=0.999 v18_lambda=0.000 gpu=3.0/15.8GB
[16:28:13] [train] ep=74 step=020/40 ce=0.2604 sc=0.8263 mi=0.0658 dn=0.0000 v13=0.0005 grl=0.3034 v15=0.0000 v15r=0.0000 v16=0.0000 v17=0.0000 v18=0.0000 acc=1.0000 lr=5.20e-05 lambda=0.000 grl_lambda=0.999 v18_lambda=0.000 gpu=3.0/15.8GB
[16:28:15] [train] ep=74 step=030/40 ce=0.2857 sc=0.7996 mi=0.0653 dn=0.0000 v13=0.0005 grl=0.3092 v15=0.0000 v15r=0.0000 v16=0.0000 v17=0.0000 v18=0.0000 acc=0.9979 lr=5.11e-05 lambda=0.000 grl_lambda=0.999 v18_lambda=0.000 gpu=3.0/15.8GB
[16:28:16] [train] ep=74 step=040/40 ce=0.3083 sc=0.8184 mi=0.0663 dn=0.0000 v13=0.0005 grl=0.3075 v15=0.0000 v15r=0.0000 v16=0.0000 v17=0.0000 v18=0.0000 acc=0.9969 lr=5.02e-05 lambda=0.000 grl_lambda=0.999 v18_lambda=0.000 gpu=3.0/15.8GB
[16:28:19] [ep_summary] ep=74/100 val_live=0.9444/0.9446 val_ema=0.9506/0.9499 test77_live=0.7158/0.7025 test77_diag_ema=0.7230/0.6965 v13=0.0005 grl=0.3075 v15=0.0000 v15r=0.0000 v16=0.0000 v17=0.0000 v18=0.0000 das=fixed_full[15,140] p=1.00 ep_time=10.1s
[16:28:19] [save] best_sourcequalified77_ema ep=74 source_val_live=0.9444/0.9446 source_val_ema=0.9506/0.9499 test77_ema=0.7230/0.6965
[16:28:19] [train] epoch 75/100 steps=40 use_dann=0 das=fixed_full f=[15.0,140.0] p=1.00 gpu=3.0/15.8GB
[16:28:20] [train] ep=75 step=001/40 ce=0.2584 sc=0.8639 mi=0.0634 dn=0.0000 v13=0.0003 grl=0.2770 v15=0.0000 v15r=0.0000 v16=0.0000 v17=0.0000 v18=0.0000 acc=1.0000 lr=5.01e-05 lambda=0.000 grl_lambda=0.999 v18_lambda=0.000 gpu=3.0/15.8GB
[16:28:22] [train] ep=75 step=010/40 ce=0.3063 sc=0.7397 mi=0.0633 dn=0.0000 v13=0.0005 grl=0.2805 v15=0.0000 v15r=0.0000 v16=0.0000 v17=0.0000 v18=0.0000 acc=0.9938 lr=4.93e-05 lambda=0.000 grl_lambda=0.999 v18_lambda=0.000 gpu=3.0/15.8GB
[16:28:24] [train] ep=75 step=020/40 ce=0.3188 sc=0.7628 mi=0.0636 dn=0.0000 v13=0.0005 grl=0.2827 v15=0.0000 v15r=0.0000 v16=0.0000 v17=0.0000 v18=0.0000 acc=0.9938 lr=4.84e-05 lambda=0.000 grl_lambda=0.999 v18_lambda=0.000 gpu=3.0/15.8GB
[16:28:26] [train] ep=75 step=030/40 ce=0.3033 sc=0.7791 mi=0.0638 dn=0.0000 v13=0.0005 grl=0.2756 v15=0.0000 v15r=0.0000 v16=0.0000 v17=0.0000 v18=0.0000 acc=0.9958 lr=4.75e-05 lambda=0.000 grl_lambda=0.999 v18_lambda=0.000 gpu=3.0/15.8GB
[16:28:28] [train] ep=75 step=040/40 ce=0.3212 sc=0.8072 mi=0.0641 dn=0.0000 v13=0.0005 grl=0.2742 v15=0.0000 v15r=0.0000 v16=0.0000 v17=0.0000 v18=0.0000 acc=0.9953 lr=4.66e-05 lambda=0.000 grl_lambda=0.999 v18_lambda=0.000 gpu=3.0/15.8GB
[16:28:30] [ep_summary] ep=75/100 val_live=0.9444/0.9434 val_ema=0.9506/0.9499 test77_live=0.7158/0.7005 test77_diag_ema=0.7266/0.7003 v13=0.0005 grl=0.2742 v15=0.0000 v15r=0.0000 v16=0.0000 v17=0.0000 v18=0.0000 das=fixed_full[15,140] p=1.00 ep_time=11.1s
[16:28:30] [save] best_sourcequalified77_ema ep=75 source_val_live=0.9444/0.9434 source_val_ema=0.9506/0.9499 test77_ema=0.7266/0.7003
[16:28:30] [train] epoch 76/100 steps=40 use_dann=0 das=fixed_full f=[15.0,140.0] p=1.00 gpu=3.0/15.8GB
[16:28:31] [train] ep=76 step=001/40 ce=0.2575 sc=0.5691 mi=0.0643 dn=0.0000 v13=0.0005 grl=0.2859 v15=0.0000 v15r=0.0000 v16=0.0000 v17=0.0000 v18=0.0000 acc=1.0000 lr=4.65e-05 lambda=0.000 grl_lambda=0.999 v18_lambda=0.000 gpu=3.0/15.8GB
[16:28:32] [train] ep=76 step=010/40 ce=0.2584 sc=0.6413 mi=0.0684 dn=0.0000 v13=0.0005 grl=0.3075 v15=0.0000 v15r=0.0000 v16=0.0000 v17=0.0000 v18=0.0000 acc=1.0000 lr=4.58e-05 lambda=0.000 grl_lambda=0.999 v18_lambda=0.000 gpu=3.0/15.8GB
[16:28:34] [train] ep=76 step=020/40 ce=0.2585 sc=0.6922 mi=0.0669 dn=0.0000 v13=0.0005 grl=0.2944 v15=0.0000 v15r=0.0000 v16=0.0000 v17=0.0000 v18=0.0000 acc=1.0000 lr=4.49e-05 lambda=0.000 grl_lambda=0.999 v18_lambda=0.000 gpu=3.0/15.8GB
[16:28:36] [train] ep=76 step=030/40 ce=0.2606 sc=0.6985 mi=0.0666 dn=0.0000 v13=0.0005 grl=0.3004 v15=0.0000 v15r=0.0000 v16=0.0000 v17=0.0000 v18=0.0000 acc=1.0000 lr=4.40e-05 lambda=0.000 grl_lambda=0.999 v18_lambda=0.000 gpu=3.0/15.8GB
[16:28:38] [train] ep=76 step=040/40 ce=0.2600 sc=0.7140 mi=0.0660 dn=0.0000 v13=0.0005 grl=0.2960 v15=0.0000 v15r=0.0000 v16=0.0000 v17=0.0000 v18=0.0000 acc=1.0000 lr=4.32e-05 lambda=0.000 grl_lambda=0.999 v18_lambda=0.000 gpu=3.0/15.8GB
[16:28:41] [ep_summary] ep=76/100 val_live=0.9383/0.9380 val_ema=0.9506/0.9499 test77_live=0.7122/0.7011 test77_diag_ema=0.7230/0.6969 v13=0.0005 grl=0.2960 v15=0.0000 v15r=0.0000 v16=0.0000 v17=0.0000 v18=0.0000 das=fixed_full[15,140] p=1.00 ep_time=10.2s
[16:28:41] [train] epoch 77/100 steps=40 use_dann=0 das=fixed_full f=[15.0,140.0] p=1.00 gpu=3.0/15.8GB
[16:28:41] [train] ep=77 step=001/40 ce=0.2568 sc=0.6299 mi=0.0739 dn=0.0000 v13=0.0005 grl=0.2752 v15=0.0000 v15r=0.0000 v16=0.0000 v17=0.0000 v18=0.0000 acc=1.0000 lr=4.31e-05 lambda=0.000 grl_lambda=0.999 v18_lambda=0.000 gpu=3.0/15.8GB
[16:28:43] [train] ep=77 step=010/40 ce=0.2713 sc=0.6458 mi=0.0650 dn=0.0000 v13=0.0005 grl=0.2732 v15=0.0000 v15r=0.0000 v16=0.0000 v17=0.0000 v18=0.0000 acc=1.0000 lr=4.23e-05 lambda=0.000 grl_lambda=0.999 v18_lambda=0.000 gpu=3.0/15.8GB
[16:28:45] [train] ep=77 step=020/40 ce=0.2649 sc=0.6617 mi=0.0647 dn=0.0000 v13=0.0005 grl=0.2779 v15=0.0000 v15r=0.0000 v16=0.0000 v17=0.0000 v18=0.0000 acc=1.0000 lr=4.15e-05 lambda=0.000 grl_lambda=0.999 v18_lambda=0.000 gpu=3.0/15.8GB
[16:28:47] [train] ep=77 step=030/40 ce=0.2663 sc=0.6958 mi=0.0645 dn=0.0000 v13=0.0005 grl=0.2765 v15=0.0000 v15r=0.0000 v16=0.0000 v17=0.0000 v18=0.0000 acc=1.0000 lr=4.06e-05 lambda=0.000 grl_lambda=0.999 v18_lambda=0.000 gpu=3.0/15.8GB
[16:28:49] [train] ep=77 step=040/40 ce=0.2647 sc=0.7394 mi=0.0648 dn=0.0000 v13=0.0005 grl=0.2780 v15=0.0000 v15r=0.0000 v16=0.0000 v17=0.0000 v18=0.0000 acc=1.0000 lr=3.98e-05 lambda=0.000 grl_lambda=0.999 v18_lambda=0.000 gpu=3.0/15.8GB
[16:28:52] [ep_summary] ep=77/100 val_live=0.9444/0.9434 val_ema=0.9506/0.9499 test77_live=0.7050/0.6950 test77_diag_ema=0.7230/0.6969 v13=0.0005 grl=0.2780 v15=0.0000 v15r=0.0000 v16=0.0000 v17=0.0000 v18=0.0000 das=fixed_full[15,140] p=1.00 ep_time=11.5s
[16:28:52] [train] epoch 78/100 steps=40 use_dann=0 das=fixed_full f=[15.0,140.0] p=1.00 gpu=3.0/15.8GB
[16:28:52] [train] ep=78 step=001/40 ce=0.2583 sc=1.0829 mi=0.0635 dn=0.0000 v13=0.0005 grl=0.2495 v15=0.0000 v15r=0.0000 v16=0.0000 v17=0.0000 v18=0.0000 acc=1.0000 lr=3.97e-05 lambda=0.000 grl_lambda=0.999 v18_lambda=0.000 gpu=3.0/15.8GB
[16:28:54] [train] ep=78 step=010/40 ce=0.2587 sc=0.7080 mi=0.0644 dn=0.0000 v13=0.0004 grl=0.2779 v15=0.0000 v15r=0.0000 v16=0.0000 v17=0.0000 v18=0.0000 acc=1.0000 lr=3.90e-05 lambda=0.000 grl_lambda=0.999 v18_lambda=0.000 gpu=3.0/15.8GB
[16:28:56] [train] ep=78 step=020/40 ce=0.2666 sc=0.7139 mi=0.0633 dn=0.0000 v13=0.0005 grl=0.2627 v15=0.0000 v15r=0.0000 v16=0.0000 v17=0.0000 v18=0.0000 acc=1.0000 lr=3.82e-05 lambda=0.000 grl_lambda=0.999 v18_lambda=0.000 gpu=3.0/15.8GB
[16:28:58] [train] ep=78 step=030/40 ce=0.2641 sc=0.7562 mi=0.0643 dn=0.0000 v13=0.0005 grl=0.2757 v15=0.0000 v15r=0.0000 v16=0.0000 v17=0.0000 v18=0.0000 acc=1.0000 lr=3.74e-05 lambda=0.000 grl_lambda=0.999 v18_lambda=0.000 gpu=3.0/15.8GB
[16:29:01] [train] ep=78 step=040/40 ce=0.2641 sc=0.7417 mi=0.0650 dn=0.0000 v13=0.0005 grl=0.2724 v15=0.0000 v15r=0.0000 v16=0.0000 v17=0.0000 v18=0.0000 acc=1.0000 lr=3.66e-05 lambda=0.000 grl_lambda=0.999 v18_lambda=0.000 gpu=3.0/15.8GB
[16:29:03] [ep_summary] ep=78/100 val_live=0.9444/0.9434 val_ema=0.9506/0.9499 test77_live=0.7194/0.7090 test77_diag_ema=0.7266/0.7007 v13=0.0005 grl=0.2724 v15=0.0000 v15r=0.0000 v16=0.0000 v17=0.0000 v18=0.0000 das=fixed_full[15,140] p=1.00 ep_time=11.3s
[16:29:03] [save] best_sourcequalified77_ema ep=78 source_val_live=0.9444/0.9434 source_val_ema=0.9506/0.9499 test77_ema=0.7266/0.7007
[16:29:03] [train] epoch 79/100 steps=40 use_dann=0 das=fixed_full f=[15.0,140.0] p=1.00 gpu=3.0/15.8GB
[16:29:04] [train] ep=79 step=001/40 ce=0.2564 sc=0.6514 mi=0.0715 dn=0.0000 v13=0.0007 grl=0.3110 v15=0.0000 v15r=0.0000 v16=0.0000 v17=0.0000 v18=0.0000 acc=1.0000 lr=3.65e-05 lambda=0.000 grl_lambda=0.999 v18_lambda=0.000 gpu=3.0/15.8GB
[16:29:06] [train] ep=79 step=010/40 ce=0.3428 sc=0.8855 mi=0.0632 dn=0.0000 v13=0.0006 grl=0.2996 v15=0.0000 v15r=0.0000 v16=0.0000 v17=0.0000 v18=0.0000 acc=0.9938 lr=3.58e-05 lambda=0.000 grl_lambda=0.999 v18_lambda=0.000 gpu=3.0/15.8GB
[16:29:08] [train] ep=79 step=020/40 ce=0.3024 sc=0.8891 mi=0.0644 dn=0.0000 v13=0.0005 grl=0.3102 v15=0.0000 v15r=0.0000 v16=0.0000 v17=0.0000 v18=0.0000 acc=0.9969 lr=3.50e-05 lambda=0.000 grl_lambda=0.999 v18_lambda=0.000 gpu=3.0/15.8GB
[16:29:10] [train] ep=79 step=030/40 ce=0.2875 sc=0.8080 mi=0.0638 dn=0.0000 v13=0.0005 grl=0.3143 v15=0.0000 v15r=0.0000 v16=0.0000 v17=0.0000 v18=0.0000 acc=0.9979 lr=3.42e-05 lambda=0.000 grl_lambda=0.999 v18_lambda=0.000 gpu=3.0/15.8GB
[16:29:12] [train] ep=79 step=040/40 ce=0.2802 sc=0.8132 mi=0.0647 dn=0.0000 v13=0.0005 grl=0.3154 v15=0.0000 v15r=0.0000 v16=0.0000 v17=0.0000 v18=0.0000 acc=0.9984 lr=3.35e-05 lambda=0.000 grl_lambda=0.999 v18_lambda=0.000 gpu=3.0/15.8GB
[16:29:15] [ep_summary] ep=79/100 val_live=0.9444/0.9434 val_ema=0.9506/0.9499 test77_live=0.7194/0.7098 test77_diag_ema=0.7194/0.6961 v13=0.0005 grl=0.3154 v15=0.0000 v15r=0.0000 v16=0.0000 v17=0.0000 v18=0.0000 das=fixed_full[15,140] p=1.00 ep_time=11.8s
[16:29:15] [train] epoch 80/100 steps=40 use_dann=0 das=fixed_full f=[15.0,140.0] p=1.00 gpu=3.0/15.8GB
[16:29:16] [train] ep=80 step=001/40 ce=0.2581 sc=0.4180 mi=0.0535 dn=0.0000 v13=0.0008 grl=0.2416 v15=0.0000 v15r=0.0000 v16=0.0000 v17=0.0000 v18=0.0000 acc=1.0000 lr=3.34e-05 lambda=0.000 grl_lambda=0.999 v18_lambda=0.000 gpu=3.0/15.8GB
[16:29:17] [train] ep=80 step=010/40 ce=0.2673 sc=0.7101 mi=0.0648 dn=0.0000 v13=0.0005 grl=0.2754 v15=0.0000 v15r=0.0000 v16=0.0000 v17=0.0000 v18=0.0000 acc=1.0000 lr=3.27e-05 lambda=0.000 grl_lambda=0.999 v18_lambda=0.000 gpu=3.0/15.8GB
[16:29:19] [train] ep=80 step=020/40 ce=0.2661 sc=0.7597 mi=0.0645 dn=0.0000 v13=0.0005 grl=0.2549 v15=0.0000 v15r=0.0000 v16=0.0000 v17=0.0000 v18=0.0000 acc=1.0000 lr=3.19e-05 lambda=0.000 grl_lambda=0.999 v18_lambda=0.000 gpu=3.0/15.8GB
[16:29:21] [train] ep=80 step=030/40 ce=0.2636 sc=0.7512 mi=0.0658 dn=0.0000 v13=0.0005 grl=0.2678 v15=0.0000 v15r=0.0000 v16=0.0000 v17=0.0000 v18=0.0000 acc=1.0000 lr=3.12e-05 lambda=0.000 grl_lambda=0.999 v18_lambda=0.000 gpu=3.0/15.8GB
[16:29:23] [train] ep=80 step=040/40 ce=0.2636 sc=0.7640 mi=0.0657 dn=0.0000 v13=0.0005 grl=0.2628 v15=0.0000 v15r=0.0000 v16=0.0000 v17=0.0000 v18=0.0000 acc=1.0000 lr=3.05e-05 lambda=0.000 grl_lambda=0.999 v18_lambda=0.000 gpu=3.0/15.8GB
[16:29:26] [pool] check ep=080/100 source_val_acc_ema=0.9506 threshold=0.90
[16:29:27] [pool] ep=080 ADDED src_val=0.9506/0.9499 dev77=0.6500/0.6247 final77=0.7230/0.6999
[16:29:27] [pool] running best ep=080 dev77_f1=0.6247 final77_f1=0.6999 (pool_size=5)
[16:29:28] [ep_summary] ep=80/100 val_live=0.9444/0.9434 val_ema=0.9506/0.9499 test77_live=0.7158/0.7063 test77_diag_ema=0.7230/0.6999 v13=0.0005 grl=0.2628 v15=0.0000 v15r=0.0000 v16=0.0000 v17=0.0000 v18=0.0000 das=fixed_full[15,140] p=1.00 ep_time=12.2s
[16:29:28] [strict77_monitor] ep=80 best_source_epoch=59 source_val_ema=0.9506/0.9503 test77_ema_diag=0.6763/0.6381 sourcequalified_count=80 best_sourcequalified77_epoch=78 source_val_ema=0.9506/0.9499 test77_ema=0.7266/0.7007
[16:29:28] [train] epoch 81/100 steps=40 use_dann=0 das=fixed_full f=[15.0,140.0] p=1.00 gpu=3.0/15.8GB
[16:29:28] [train] ep=81 step=001/40 ce=0.2567 sc=0.8497 mi=0.0643 dn=0.0000 v13=0.0006 grl=0.3671 v15=0.0000 v15r=0.0000 v16=0.0000 v17=0.0000 v18=0.0000 acc=1.0000 lr=3.04e-05 lambda=0.000 grl_lambda=0.999 v18_lambda=0.000 gpu=3.0/15.8GB
[16:29:29] [train] ep=81 step=010/40 ce=0.2665 sc=0.8965 mi=0.0637 dn=0.0000 v13=0.0005 grl=0.2717 v15=0.0000 v15r=0.0000 v16=0.0000 v17=0.0000 v18=0.0000 acc=1.0000 lr=2.97e-05 lambda=0.000 grl_lambda=0.999 v18_lambda=0.000 gpu=3.0/15.8GB
[16:29:32] [train] ep=81 step=020/40 ce=0.2740 sc=0.8120 mi=0.0646 dn=0.0000 v13=0.0005 grl=0.2645 v15=0.0000 v15r=0.0000 v16=0.0000 v17=0.0000 v18=0.0000 acc=1.0000 lr=2.90e-05 lambda=0.000 grl_lambda=0.999 v18_lambda=0.000 gpu=3.0/15.8GB
[16:29:34] [train] ep=81 step=030/40 ce=0.2702 sc=0.8105 mi=0.0649 dn=0.0000 v13=0.0005 grl=0.2724 v15=0.0000 v15r=0.0000 v16=0.0000 v17=0.0000 v18=0.0000 acc=1.0000 lr=2.83e-05 lambda=0.000 grl_lambda=0.999 v18_lambda=0.000 gpu=3.0/15.8GB
[16:29:36] [train] ep=81 step=040/40 ce=0.2682 sc=0.8240 mi=0.0653 dn=0.0000 v13=0.0005 grl=0.2656 v15=0.0000 v15r=0.0000 v16=0.0000 v17=0.0000 v18=0.0000 acc=1.0000 lr=2.76e-05 lambda=0.000 grl_lambda=0.999 v18_lambda=0.000 gpu=3.0/15.8GB
[16:29:39] [ep_summary] ep=81/100 val_live=0.9506/0.9499 val_ema=0.9506/0.9499 test77_live=0.7230/0.7166 test77_diag_ema=0.7230/0.6999 v13=0.0005 grl=0.2656 v15=0.0000 v15r=0.0000 v16=0.0000 v17=0.0000 v18=0.0000 das=fixed_full[15,140] p=1.00 ep_time=11.4s
[16:29:39] [train] epoch 82/100 steps=40 use_dann=0 das=fixed_full f=[15.0,140.0] p=1.00 gpu=3.0/15.8GB
[16:29:39] [train] ep=82 step=001/40 ce=0.2571 sc=0.8493 mi=0.0663 dn=0.0000 v13=0.0006 grl=0.4273 v15=0.0000 v15r=0.0000 v16=0.0000 v17=0.0000 v18=0.0000 acc=1.0000 lr=2.75e-05 lambda=0.000 grl_lambda=0.999 v18_lambda=0.000 gpu=3.0/15.8GB
[16:29:41] [train] ep=82 step=010/40 ce=0.3263 sc=0.8274 mi=0.0669 dn=0.0000 v13=0.0005 grl=0.2948 v15=0.0000 v15r=0.0000 v16=0.0000 v17=0.0000 v18=0.0000 acc=0.9938 lr=2.69e-05 lambda=0.000 grl_lambda=0.999 v18_lambda=0.000 gpu=3.0/15.8GB
[16:29:43] [train] ep=82 step=020/40 ce=0.2942 sc=0.7658 mi=0.0671 dn=0.0000 v13=0.0005 grl=0.2920 v15=0.0000 v15r=0.0000 v16=0.0000 v17=0.0000 v18=0.0000 acc=0.9969 lr=2.62e-05 lambda=0.000 grl_lambda=0.999 v18_lambda=0.000 gpu=3.0/15.8GB
[16:29:45] [train] ep=82 step=030/40 ce=0.2822 sc=0.7859 mi=0.0665 dn=0.0000 v13=0.0005 grl=0.2883 v15=0.0000 v15r=0.0000 v16=0.0000 v17=0.0000 v18=0.0000 acc=0.9979 lr=2.55e-05 lambda=0.000 grl_lambda=0.999 v18_lambda=0.000 gpu=3.0/15.8GB
[16:29:47] [train] ep=82 step=040/40 ce=0.2804 sc=0.7595 mi=0.0656 dn=0.0000 v13=0.0005 grl=0.2820 v15=0.0000 v15r=0.0000 v16=0.0000 v17=0.0000 v18=0.0000 acc=0.9984 lr=2.48e-05 lambda=0.000 grl_lambda=0.999 v18_lambda=0.000 gpu=3.0/15.8GB
[16:29:50] [ep_summary] ep=82/100 val_live=0.9444/0.9434 val_ema=0.9506/0.9499 test77_live=0.7230/0.7202 test77_diag_ema=0.7230/0.6999 v13=0.0005 grl=0.2820 v15=0.0000 v15r=0.0000 v16=0.0000 v17=0.0000 v18=0.0000 das=fixed_full[15,140] p=1.00 ep_time=10.7s
[16:29:50] [train] epoch 83/100 steps=40 use_dann=0 das=fixed_full f=[15.0,140.0] p=1.00 gpu=3.0/15.8GB
[16:29:50] [train] ep=83 step=001/40 ce=0.2570 sc=0.7133 mi=0.0640 dn=0.0000 v13=0.0005 grl=0.2146 v15=0.0000 v15r=0.0000 v16=0.0000 v17=0.0000 v18=0.0000 acc=1.0000 lr=2.48e-05 lambda=0.000 grl_lambda=0.999 v18_lambda=0.000 gpu=3.0/15.8GB
[16:29:52] [train] ep=83 step=010/40 ce=0.3457 sc=0.8050 mi=0.0670 dn=0.0000 v13=0.0005 grl=0.2909 v15=0.0000 v15r=0.0000 v16=0.0000 v17=0.0000 v18=0.0000 acc=0.9938 lr=2.42e-05 lambda=0.000 grl_lambda=0.999 v18_lambda=0.000 gpu=3.0/15.8GB
[16:29:54] [train] ep=83 step=020/40 ce=0.3073 sc=0.7750 mi=0.0656 dn=0.0000 v13=0.0004 grl=0.2835 v15=0.0000 v15r=0.0000 v16=0.0000 v17=0.0000 v18=0.0000 acc=0.9969 lr=2.35e-05 lambda=0.000 grl_lambda=0.999 v18_lambda=0.000 gpu=3.0/15.8GB
[16:29:56] [train] ep=83 step=030/40 ce=0.2989 sc=0.7556 mi=0.0653 dn=0.0000 v13=0.0005 grl=0.2877 v15=0.0000 v15r=0.0000 v16=0.0000 v17=0.0000 v18=0.0000 acc=0.9979 lr=2.29e-05 lambda=0.000 grl_lambda=0.999 v18_lambda=0.000 gpu=3.0/15.8GB
[16:29:58] [train] ep=83 step=040/40 ce=0.3184 sc=0.7536 mi=0.0642 dn=0.0000 v13=0.0005 grl=0.2825 v15=0.0000 v15r=0.0000 v16=0.0000 v17=0.0000 v18=0.0000 acc=0.9953 lr=2.22e-05 lambda=0.000 grl_lambda=1.000 v18_lambda=0.000 gpu=3.0/15.8GB
[16:30:01] [ep_summary] ep=83/100 val_live=0.9444/0.9434 val_ema=0.9506/0.9499 test77_live=0.7158/0.7123 test77_diag_ema=0.7230/0.6999 v13=0.0005 grl=0.2825 v15=0.0000 v15r=0.0000 v16=0.0000 v17=0.0000 v18=0.0000 das=fixed_full[15,140] p=1.00 ep_time=11.6s
[16:30:01] [train] epoch 84/100 steps=40 use_dann=0 das=fixed_full f=[15.0,140.0] p=1.00 gpu=3.0/15.8GB
[16:30:01] [train] ep=84 step=001/40 ce=0.2597 sc=0.8045 mi=0.0703 dn=0.0000 v13=0.0006 grl=0.5228 v15=0.0000 v15r=0.0000 v16=0.0000 v17=0.0000 v18=0.0000 acc=1.0000 lr=2.22e-05 lambda=0.000 grl_lambda=1.000 v18_lambda=0.000 gpu=3.0/15.8GB
[16:30:03] [train] ep=84 step=010/40 ce=0.3115 sc=0.8092 mi=0.0638 dn=0.0000 v13=0.0005 grl=0.2885 v15=0.0000 v15r=0.0000 v16=0.0000 v17=0.0000 v18=0.0000 acc=0.9938 lr=2.16e-05 lambda=0.000 grl_lambda=1.000 v18_lambda=0.000 gpu=3.0/15.8GB
[16:30:05] [train] ep=84 step=020/40 ce=0.3101 sc=0.8316 mi=0.0637 dn=0.0000 v13=0.0005 grl=0.2665 v15=0.0000 v15r=0.0000 v16=0.0000 v17=0.0000 v18=0.0000 acc=0.9938 lr=2.10e-05 lambda=0.000 grl_lambda=1.000 v18_lambda=0.000 gpu=3.0/15.8GB
[16:30:07] [train] ep=84 step=030/40 ce=0.3071 sc=0.8055 mi=0.0641 dn=0.0000 v13=0.0005 grl=0.2787 v15=0.0000 v15r=0.0000 v16=0.0000 v17=0.0000 v18=0.0000 acc=0.9938 lr=2.04e-05 lambda=0.000 grl_lambda=1.000 v18_lambda=0.000 gpu=3.0/15.8GB
[16:30:10] [train] ep=84 step=040/40 ce=0.3366 sc=0.8261 mi=0.0645 dn=0.0000 v13=0.0005 grl=0.2747 v15=0.0000 v15r=0.0000 v16=0.0000 v17=0.0000 v18=0.0000 acc=0.9922 lr=1.98e-05 lambda=0.000 grl_lambda=1.000 v18_lambda=0.000 gpu=3.0/15.8GB
[16:30:12] [ep_summary] ep=84/100 val_live=0.9444/0.9434 val_ema=0.9506/0.9499 test77_live=0.7122/0.7087 test77_diag_ema=0.7194/0.6975 v13=0.0005 grl=0.2747 v15=0.0000 v15r=0.0000 v16=0.0000 v17=0.0000 v18=0.0000 das=fixed_full[15,140] p=1.00 ep_time=11.1s
[16:30:12] [train] epoch 85/100 steps=40 use_dann=0 das=fixed_full f=[15.0,140.0] p=1.00 gpu=3.0/15.8GB
[16:30:13] [train] ep=85 step=001/40 ce=0.2587 sc=1.1696 mi=0.0687 dn=0.0000 v13=0.0009 grl=0.2863 v15=0.0000 v15r=0.0000 v16=0.0000 v17=0.0000 v18=0.0000 acc=1.0000 lr=1.97e-05 lambda=0.000 grl_lambda=1.000 v18_lambda=0.000 gpu=3.0/15.8GB
[16:30:14] [train] ep=85 step=010/40 ce=0.3942 sc=0.9544 mi=0.0664 dn=0.0000 v13=0.0005 grl=0.2968 v15=0.0000 v15r=0.0000 v16=0.0000 v17=0.0000 v18=0.0000 acc=0.9875 lr=1.92e-05 lambda=0.000 grl_lambda=1.000 v18_lambda=0.000 gpu=3.0/15.8GB
[16:30:16] [train] ep=85 step=020/40 ce=0.3263 sc=0.8566 mi=0.0657 dn=0.0000 v13=0.0004 grl=0.2892 v15=0.0000 v15r=0.0000 v16=0.0000 v17=0.0000 v18=0.0000 acc=0.9938 lr=1.86e-05 lambda=0.000 grl_lambda=1.000 v18_lambda=0.000 gpu=3.0/15.8GB
[16:30:18] [train] ep=85 step=030/40 ce=0.3035 sc=0.8348 mi=0.0654 dn=0.0000 v13=0.0004 grl=0.2772 v15=0.0000 v15r=0.0000 v16=0.0000 v17=0.0000 v18=0.0000 acc=0.9958 lr=1.80e-05 lambda=0.000 grl_lambda=1.000 v18_lambda=0.000 gpu=3.0/15.8GB
[16:30:20] [train] ep=85 step=040/40 ce=0.3089 sc=0.8404 mi=0.0649 dn=0.0000 v13=0.0004 grl=0.2789 v15=0.0000 v15r=0.0000 v16=0.0000 v17=0.0000 v18=0.0000 acc=0.9953 lr=1.74e-05 lambda=0.000 grl_lambda=1.000 v18_lambda=0.000 gpu=3.0/15.8GB
[16:30:22] [ep_summary] ep=85/100 val_live=0.9444/0.9434 val_ema=0.9506/0.9499 test77_live=0.7086/0.7061 test77_diag_ema=0.7194/0.6984 v13=0.0004 grl=0.2789 v15=0.0000 v15r=0.0000 v16=0.0000 v17=0.0000 v18=0.0000 das=fixed_full[15,140] p=1.00 ep_time=10.2s
[16:30:22] [train] epoch 86/100 steps=40 use_dann=0 das=fixed_full f=[15.0,140.0] p=1.00 gpu=3.0/15.8GB
[16:30:23] [train] ep=86 step=001/40 ce=0.2613 sc=0.6301 mi=0.0733 dn=0.0000 v13=0.0005 grl=0.3031 v15=0.0000 v15r=0.0000 v16=0.0000 v17=0.0000 v18=0.0000 acc=1.0000 lr=1.74e-05 lambda=0.000 grl_lambda=1.000 v18_lambda=0.000 gpu=3.0/15.8GB
[16:30:24] [train] ep=86 step=010/40 ce=0.2587 sc=0.7157 mi=0.0659 dn=0.0000 v13=0.0005 grl=0.2955 v15=0.0000 v15r=0.0000 v16=0.0000 v17=0.0000 v18=0.0000 acc=1.0000 lr=1.68e-05 lambda=0.000 grl_lambda=1.000 v18_lambda=0.000 gpu=3.0/15.8GB
[16:30:26] [train] ep=86 step=020/40 ce=0.2583 sc=0.6619 mi=0.0659 dn=0.0000 v13=0.0005 grl=0.2923 v15=0.0000 v15r=0.0000 v16=0.0000 v17=0.0000 v18=0.0000 acc=1.0000 lr=1.63e-05 lambda=0.000 grl_lambda=1.000 v18_lambda=0.000 gpu=3.0/15.8GB
[16:30:28] [train] ep=86 step=030/40 ce=0.2787 sc=0.7032 mi=0.0657 dn=0.0000 v13=0.0005 grl=0.2861 v15=0.0000 v15r=0.0000 v16=0.0000 v17=0.0000 v18=0.0000 acc=0.9979 lr=1.57e-05 lambda=0.000 grl_lambda=1.000 v18_lambda=0.000 gpu=3.0/15.8GB
[16:30:30] [train] ep=86 step=040/40 ce=0.2736 sc=0.7182 mi=0.0650 dn=0.0000 v13=0.0005 grl=0.2838 v15=0.0000 v15r=0.0000 v16=0.0000 v17=0.0000 v18=0.0000 acc=0.9984 lr=1.52e-05 lambda=0.000 grl_lambda=1.000 v18_lambda=0.000 gpu=3.0/15.8GB
[16:30:33] [ep_summary] ep=86/100 val_live=0.9444/0.9434 val_ema=0.9506/0.9499 test77_live=0.7050/0.7021 test77_diag_ema=0.7230/0.7019 v13=0.0005 grl=0.2838 v15=0.0000 v15r=0.0000 v16=0.0000 v17=0.0000 v18=0.0000 das=fixed_full[15,140] p=1.00 ep_time=10.2s
[16:30:33] [save] best_sourcequalified77_ema ep=86 source_val_live=0.9444/0.9434 source_val_ema=0.9506/0.9499 test77_ema=0.7230/0.7019
[16:30:33] [train] epoch 87/100 steps=40 use_dann=0 das=fixed_full f=[15.0,140.0] p=1.00 gpu=3.0/15.8GB
[16:30:33] [train] ep=87 step=001/40 ce=0.2573 sc=0.6008 mi=0.0595 dn=0.0000 v13=0.0009 grl=0.2395 v15=0.0000 v15r=0.0000 v16=0.0000 v17=0.0000 v18=0.0000 acc=1.0000 lr=1.52e-05 lambda=0.000 grl_lambda=1.000 v18_lambda=0.000 gpu=3.0/15.8GB
[16:30:35] [train] ep=87 step=010/40 ce=0.3309 sc=0.7886 mi=0.0602 dn=0.0000 v13=0.0005 grl=0.2960 v15=0.0000 v15r=0.0000 v16=0.0000 v17=0.0000 v18=0.0000 acc=0.9938 lr=1.47e-05 lambda=0.000 grl_lambda=1.000 v18_lambda=0.000 gpu=3.0/15.8GB
[16:30:36] [train] ep=87 step=020/40 ce=0.3787 sc=0.8192 mi=0.0638 dn=0.0000 v13=0.0005 grl=0.2876 v15=0.0000 v15r=0.0000 v16=0.0000 v17=0.0000 v18=0.0000 acc=0.9906 lr=1.42e-05 lambda=0.000 grl_lambda=1.000 v18_lambda=0.000 gpu=3.0/15.8GB
[16:30:38] [train] ep=87 step=030/40 ce=0.3457 sc=0.8033 mi=0.0630 dn=0.0000 v13=0.0004 grl=0.2873 v15=0.0000 v15r=0.0000 v16=0.0000 v17=0.0000 v18=0.0000 acc=0.9938 lr=1.37e-05 lambda=0.000 grl_lambda=1.000 v18_lambda=0.000 gpu=3.0/15.8GB
[16:30:40] [train] ep=87 step=040/40 ce=0.3237 sc=0.7984 mi=0.0636 dn=0.0000 v13=0.0005 grl=0.2902 v15=0.0000 v15r=0.0000 v16=0.0000 v17=0.0000 v18=0.0000 acc=0.9953 lr=1.31e-05 lambda=0.000 grl_lambda=1.000 v18_lambda=0.000 gpu=3.0/15.8GB
[16:30:43] [ep_summary] ep=87/100 val_live=0.9444/0.9434 val_ema=0.9506/0.9499 test77_live=0.7122/0.7102 test77_diag_ema=0.7194/0.6984 v13=0.0005 grl=0.2902 v15=0.0000 v15r=0.0000 v16=0.0000 v17=0.0000 v18=0.0000 das=fixed_full[15,140] p=1.00 ep_time=10.1s
[16:30:43] [train] epoch 88/100 steps=40 use_dann=0 das=fixed_full f=[15.0,140.0] p=1.00 gpu=3.0/15.8GB
[16:30:43] [train] ep=88 step=001/40 ce=0.2573 sc=0.4209 mi=0.0729 dn=0.0000 v13=0.0005 grl=0.2528 v15=0.0000 v15r=0.0000 v16=0.0000 v17=0.0000 v18=0.0000 acc=1.0000 lr=1.31e-05 lambda=0.000 grl_lambda=1.000 v18_lambda=0.000 gpu=3.0/15.8GB
[16:30:45] [train] ep=88 step=010/40 ce=0.2612 sc=0.7692 mi=0.0669 dn=0.0000 v13=0.0004 grl=0.2787 v15=0.0000 v15r=0.0000 v16=0.0000 v17=0.0000 v18=0.0000 acc=1.0000 lr=1.27e-05 lambda=0.000 grl_lambda=1.000 v18_lambda=0.000 gpu=3.0/15.8GB
[16:30:47] [train] ep=88 step=020/40 ce=0.2926 sc=0.7979 mi=0.0666 dn=0.0000 v13=0.0005 grl=0.2679 v15=0.0000 v15r=0.0000 v16=0.0000 v17=0.0000 v18=0.0000 acc=0.9969 lr=1.22e-05 lambda=0.000 grl_lambda=1.000 v18_lambda=0.000 gpu=3.0/15.8GB
[16:30:48] [train] ep=88 step=030/40 ce=0.3089 sc=0.8275 mi=0.0669 dn=0.0000 v13=0.0004 grl=0.2919 v15=0.0000 v15r=0.0000 v16=0.0000 v17=0.0000 v18=0.0000 acc=0.9958 lr=1.17e-05 lambda=0.000 grl_lambda=1.000 v18_lambda=0.000 gpu=3.0/15.8GB
[16:30:51] [train] ep=88 step=040/40 ce=0.2968 sc=0.8346 mi=0.0664 dn=0.0000 v13=0.0004 grl=0.2882 v15=0.0000 v15r=0.0000 v16=0.0000 v17=0.0000 v18=0.0000 acc=0.9969 lr=1.12e-05 lambda=0.000 grl_lambda=1.000 v18_lambda=0.000 gpu=3.0/15.8GB
[16:30:53] [ep_summary] ep=88/100 val_live=0.9444/0.9434 val_ema=0.9506/0.9499 test77_live=0.7122/0.7104 test77_diag_ema=0.7194/0.6982 v13=0.0004 grl=0.2882 v15=0.0000 v15r=0.0000 v16=0.0000 v17=0.0000 v18=0.0000 das=fixed_full[15,140] p=1.00 ep_time=10.5s
[16:30:53] [train] epoch 89/100 steps=40 use_dann=0 das=fixed_full f=[15.0,140.0] p=1.00 gpu=3.0/15.8GB
[16:30:54] [train] ep=89 step=001/40 ce=0.2578 sc=0.8227 mi=0.0659 dn=0.0000 v13=0.0008 grl=0.1896 v15=0.0000 v15r=0.0000 v16=0.0000 v17=0.0000 v18=0.0000 acc=1.0000 lr=1.12e-05 lambda=0.000 grl_lambda=1.000 v18_lambda=0.000 gpu=3.0/15.8GB
[16:30:55] [train] ep=89 step=010/40 ce=0.2610 sc=0.7445 mi=0.0627 dn=0.0000 v13=0.0006 grl=0.2671 v15=0.0000 v15r=0.0000 v16=0.0000 v17=0.0000 v18=0.0000 acc=1.0000 lr=1.08e-05 lambda=0.000 grl_lambda=1.000 v18_lambda=0.000 gpu=3.0/15.8GB
[16:30:57] [train] ep=89 step=020/40 ce=0.2591 sc=0.6951 mi=0.0641 dn=0.0000 v13=0.0006 grl=0.2685 v15=0.0000 v15r=0.0000 v16=0.0000 v17=0.0000 v18=0.0000 acc=1.0000 lr=1.03e-05 lambda=0.000 grl_lambda=1.000 v18_lambda=0.000 gpu=3.0/15.8GB
[16:30:59] [train] ep=89 step=030/40 ce=0.2590 sc=0.7504 mi=0.0644 dn=0.0000 v13=0.0005 grl=0.2706 v15=0.0000 v15r=0.0000 v16=0.0000 v17=0.0000 v18=0.0000 acc=1.0000 lr=9.89e-06 lambda=0.000 grl_lambda=1.000 v18_lambda=0.000 gpu=3.0/15.8GB
[16:31:02] [train] ep=89 step=040/40 ce=0.2585 sc=0.7879 mi=0.0648 dn=0.0000 v13=0.0005 grl=0.2793 v15=0.0000 v15r=0.0000 v16=0.0000 v17=0.0000 v18=0.0000 acc=1.0000 lr=9.46e-06 lambda=0.000 grl_lambda=1.000 v18_lambda=0.000 gpu=3.0/15.8GB
[16:31:04] [ep_summary] ep=89/100 val_live=0.9444/0.9434 val_ema=0.9506/0.9499 test77_live=0.7086/0.7071 test77_diag_ema=0.7158/0.6958 v13=0.0005 grl=0.2793 v15=0.0000 v15r=0.0000 v16=0.0000 v17=0.0000 v18=0.0000 das=fixed_full[15,140] p=1.00 ep_time=11.0s
[16:31:04] [train] epoch 90/100 steps=40 use_dann=0 das=fixed_full f=[15.0,140.0] p=1.00 gpu=3.0/15.8GB
[16:31:05] [train] ep=90 step=001/40 ce=0.2577 sc=0.5560 mi=0.0590 dn=0.0000 v13=0.0003 grl=0.3590 v15=0.0000 v15r=0.0000 v16=0.0000 v17=0.0000 v18=0.0000 acc=1.0000 lr=9.42e-06 lambda=0.000 grl_lambda=1.000 v18_lambda=0.000 gpu=3.0/15.8GB
[16:31:07] [train] ep=90 step=010/40 ce=0.2585 sc=0.6625 mi=0.0678 dn=0.0000 v13=0.0004 grl=0.3017 v15=0.0000 v15r=0.0000 v16=0.0000 v17=0.0000 v18=0.0000 acc=1.0000 lr=9.04e-06 lambda=0.000 grl_lambda=1.000 v18_lambda=0.000 gpu=3.0/15.8GB
[16:31:09] [train] ep=90 step=020/40 ce=0.2630 sc=0.7493 mi=0.0678 dn=0.0000 v13=0.0004 grl=0.3208 v15=0.0000 v15r=0.0000 v16=0.0000 v17=0.0000 v18=0.0000 acc=1.0000 lr=8.63e-06 lambda=0.000 grl_lambda=1.000 v18_lambda=0.000 gpu=3.0/15.8GB
[16:31:11] [train] ep=90 step=030/40 ce=0.2614 sc=0.7191 mi=0.0654 dn=0.0000 v13=0.0004 grl=0.3017 v15=0.0000 v15r=0.0000 v16=0.0000 v17=0.0000 v18=0.0000 acc=1.0000 lr=8.23e-06 lambda=0.000 grl_lambda=1.000 v18_lambda=0.000 gpu=3.0/15.8GB
[16:31:13] [train] ep=90 step=040/40 ce=0.2809 sc=0.7480 mi=0.0645 dn=0.0000 v13=0.0004 grl=0.3044 v15=0.0000 v15r=0.0000 v16=0.0000 v17=0.0000 v18=0.0000 acc=0.9984 lr=7.84e-06 lambda=0.000 grl_lambda=1.000 v18_lambda=0.000 gpu=3.0/15.8GB
[16:31:16] [pool] check ep=090/100 source_val_acc_ema=0.9506 threshold=0.90
[16:31:17] [pool] ep=090 ADDED src_val=0.9506/0.9499 dev77=0.6500/0.6288 final77=0.7122/0.6923
[16:31:17] [pool] running best ep=090 dev77_f1=0.6288 final77_f1=0.6923 (pool_size=6)
[16:31:17] [ep_summary] ep=90/100 val_live=0.9444/0.9434 val_ema=0.9506/0.9499 test77_live=0.7050/0.7036 test77_diag_ema=0.7122/0.6923 v13=0.0004 grl=0.3044 v15=0.0000 v15r=0.0000 v16=0.0000 v17=0.0000 v18=0.0000 das=fixed_full[15,140] p=1.00 ep_time=13.0s
[16:31:17] [strict77_monitor] ep=90 best_source_epoch=59 source_val_ema=0.9506/0.9503 test77_ema_diag=0.6763/0.6381 sourcequalified_count=90 best_sourcequalified77_epoch=86 source_val_ema=0.9506/0.9499 test77_ema=0.7230/0.7019
[16:31:17] [train] epoch 91/100 steps=40 use_dann=0 das=fixed_full f=[15.0,140.0] p=1.00 gpu=3.0/15.8GB
[16:31:18] [train] ep=91 step=001/40 ce=0.2578 sc=1.1904 mi=0.0730 dn=0.0000 v13=0.0002 grl=0.3012 v15=0.0000 v15r=0.0000 v16=0.0000 v17=0.0000 v18=0.0000 acc=1.0000 lr=7.80e-06 lambda=0.000 grl_lambda=1.000 v18_lambda=0.000 gpu=3.0/15.8GB
[16:31:19] [train] ep=91 step=010/40 ce=0.3499 sc=0.8438 mi=0.0681 dn=0.0000 v13=0.0005 grl=0.2781 v15=0.0000 v15r=0.0000 v16=0.0000 v17=0.0000 v18=0.0000 acc=0.9938 lr=7.45e-06 lambda=0.000 grl_lambda=1.000 v18_lambda=0.000 gpu=3.0/15.8GB
[16:31:21] [train] ep=91 step=020/40 ce=0.3120 sc=0.7913 mi=0.0656 dn=0.0000 v13=0.0005 grl=0.2693 v15=0.0000 v15r=0.0000 v16=0.0000 v17=0.0000 v18=0.0000 acc=0.9969 lr=7.08e-06 lambda=0.000 grl_lambda=1.000 v18_lambda=0.000 gpu=3.0/15.8GB
[16:31:24] [train] ep=91 step=030/40 ce=0.3265 sc=0.8019 mi=0.0652 dn=0.0000 v13=0.0005 grl=0.2787 v15=0.0000 v15r=0.0000 v16=0.0000 v17=0.0000 v18=0.0000 acc=0.9958 lr=6.72e-06 lambda=0.000 grl_lambda=1.000 v18_lambda=0.000 gpu=3.0/15.8GB
[16:31:26] [train] ep=91 step=040/40 ce=0.3092 sc=0.7899 mi=0.0649 dn=0.0000 v13=0.0005 grl=0.2829 v15=0.0000 v15r=0.0000 v16=0.0000 v17=0.0000 v18=0.0000 acc=0.9969 lr=6.36e-06 lambda=0.000 grl_lambda=1.000 v18_lambda=0.000 gpu=3.0/15.8GB
[16:31:28] [ep_summary] ep=91/100 val_live=0.9444/0.9434 val_ema=0.9506/0.9499 test77_live=0.7086/0.7072 test77_diag_ema=0.7194/0.6996 v13=0.0005 grl=0.2829 v15=0.0000 v15r=0.0000 v16=0.0000 v17=0.0000 v18=0.0000 das=fixed_full[15,140] p=1.00 ep_time=11.1s
[16:31:28] [train] epoch 92/100 steps=40 use_dann=0 das=fixed_full f=[15.0,140.0] p=1.00 gpu=3.0/15.8GB
[16:31:29] [train] ep=92 step=001/40 ce=0.2636 sc=0.7922 mi=0.0615 dn=0.0000 v13=0.0006 grl=0.1454 v15=0.0000 v15r=0.0000 v16=0.0000 v17=0.0000 v18=0.0000 acc=1.0000 lr=6.33e-06 lambda=0.000 grl_lambda=1.000 v18_lambda=0.000 gpu=3.0/15.8GB
[16:31:31] [train] ep=92 step=010/40 ce=0.2581 sc=0.8474 mi=0.0622 dn=0.0000 v13=0.0005 grl=0.2599 v15=0.0000 v15r=0.0000 v16=0.0000 v17=0.0000 v18=0.0000 acc=1.0000 lr=6.02e-06 lambda=0.000 grl_lambda=1.000 v18_lambda=0.000 gpu=3.0/15.8GB
[16:31:33] [train] ep=92 step=020/40 ce=0.2599 sc=0.8279 mi=0.0654 dn=0.0000 v13=0.0005 grl=0.2567 v15=0.0000 v15r=0.0000 v16=0.0000 v17=0.0000 v18=0.0000 acc=1.0000 lr=5.68e-06 lambda=0.000 grl_lambda=1.000 v18_lambda=0.000 gpu=3.0/15.8GB
[16:31:35] [train] ep=92 step=030/40 ce=0.2593 sc=0.7968 mi=0.0646 dn=0.0000 v13=0.0005 grl=0.2687 v15=0.0000 v15r=0.0000 v16=0.0000 v17=0.0000 v18=0.0000 acc=1.0000 lr=5.35e-06 lambda=0.000 grl_lambda=1.000 v18_lambda=0.000 gpu=3.0/15.8GB
[16:31:37] [train] ep=92 step=040/40 ce=0.2762 sc=0.8078 mi=0.0656 dn=0.0000 v13=0.0005 grl=0.2835 v15=0.0000 v15r=0.0000 v16=0.0000 v17=0.0000 v18=0.0000 acc=0.9984 lr=5.04e-06 lambda=0.000 grl_lambda=1.000 v18_lambda=0.000 gpu=3.0/15.8GB
[16:31:40] [ep_summary] ep=92/100 val_live=0.9444/0.9434 val_ema=0.9506/0.9499 test77_live=0.7050/0.7032 test77_diag_ema=0.7230/0.7034 v13=0.0005 grl=0.2835 v15=0.0000 v15r=0.0000 v16=0.0000 v17=0.0000 v18=0.0000 das=fixed_full[15,140] p=1.00 ep_time=11.4s
[16:31:40] [save] best_sourcequalified77_ema ep=92 source_val_live=0.9444/0.9434 source_val_ema=0.9506/0.9499 test77_ema=0.7230/0.7034
[16:31:40] [train] epoch 93/100 steps=40 use_dann=0 das=fixed_full f=[15.0,140.0] p=1.00 gpu=3.0/15.8GB
[16:31:40] [train] ep=93 step=001/40 ce=0.2570 sc=1.0159 mi=0.0625 dn=0.0000 v13=0.0004 grl=0.4060 v15=0.0000 v15r=0.0000 v16=0.0000 v17=0.0000 v18=0.0000 acc=1.0000 lr=5.01e-06 lambda=0.000 grl_lambda=1.000 v18_lambda=0.000 gpu=3.0/15.8GB
[16:31:42] [train] ep=93 step=010/40 ce=0.2711 sc=0.7043 mi=0.0615 dn=0.0000 v13=0.0005 grl=0.2572 v15=0.0000 v15r=0.0000 v16=0.0000 v17=0.0000 v18=0.0000 acc=1.0000 lr=4.73e-06 lambda=0.000 grl_lambda=1.000 v18_lambda=0.000 gpu=3.0/15.8GB
[16:31:44] [train] ep=93 step=020/40 ce=0.3351 sc=0.8226 mi=0.0619 dn=0.0000 v13=0.0005 grl=0.2734 v15=0.0000 v15r=0.0000 v16=0.0000 v17=0.0000 v18=0.0000 acc=0.9938 lr=4.43e-06 lambda=0.000 grl_lambda=1.000 v18_lambda=0.000 gpu=3.0/15.8GB
[16:31:45] [train] ep=93 step=030/40 ce=0.3100 sc=0.8028 mi=0.0620 dn=0.0000 v13=0.0005 grl=0.2756 v15=0.0000 v15r=0.0000 v16=0.0000 v17=0.0000 v18=0.0000 acc=0.9958 lr=4.14e-06 lambda=0.000 grl_lambda=1.000 v18_lambda=0.000 gpu=3.0/15.8GB
[16:31:47] [train] ep=93 step=040/40 ce=0.2969 sc=0.7917 mi=0.0627 dn=0.0000 v13=0.0005 grl=0.2775 v15=0.0000 v15r=0.0000 v16=0.0000 v17=0.0000 v18=0.0000 acc=0.9969 lr=3.87e-06 lambda=0.000 grl_lambda=1.000 v18_lambda=0.000 gpu=3.0/15.8GB
[16:31:50] [ep_summary] ep=93/100 val_live=0.9444/0.9434 val_ema=0.9506/0.9499 test77_live=0.7086/0.7064 test77_diag_ema=0.7230/0.7034 v13=0.0005 grl=0.2775 v15=0.0000 v15r=0.0000 v16=0.0000 v17=0.0000 v18=0.0000 das=fixed_full[15,140] p=1.00 ep_time=10.1s
[16:31:50] [train] epoch 94/100 steps=40 use_dann=0 das=fixed_full f=[15.0,140.0] p=1.00 gpu=3.0/15.8GB
[16:31:50] [train] ep=94 step=001/40 ce=0.2580 sc=0.6497 mi=0.0708 dn=0.0000 v13=0.0006 grl=0.1687 v15=0.0000 v15r=0.0000 v16=0.0000 v17=0.0000 v18=0.0000 acc=1.0000 lr=3.84e-06 lambda=0.000 grl_lambda=1.000 v18_lambda=0.000 gpu=3.0/15.8GB
[16:31:52] [train] ep=94 step=010/40 ce=0.2577 sc=0.7425 mi=0.0677 dn=0.0000 v13=0.0005 grl=0.2873 v15=0.0000 v15r=0.0000 v16=0.0000 v17=0.0000 v18=0.0000 acc=1.0000 lr=3.60e-06 lambda=0.000 grl_lambda=1.000 v18_lambda=0.000 gpu=3.0/15.8GB
[16:31:54] [train] ep=94 step=020/40 ce=0.2581 sc=0.7440 mi=0.0654 dn=0.0000 v13=0.0004 grl=0.2946 v15=0.0000 v15r=0.0000 v16=0.0000 v17=0.0000 v18=0.0000 acc=1.0000 lr=3.34e-06 lambda=0.000 grl_lambda=1.000 v18_lambda=0.000 gpu=3.0/15.8GB
[16:31:56] [train] ep=94 step=030/40 ce=0.2640 sc=0.7086 mi=0.0656 dn=0.0000 v13=0.0004 grl=0.2929 v15=0.0000 v15r=0.0000 v16=0.0000 v17=0.0000 v18=0.0000 acc=1.0000 lr=3.09e-06 lambda=0.000 grl_lambda=1.000 v18_lambda=0.000 gpu=3.0/15.8GB
[16:31:57] [train] ep=94 step=040/40 ce=0.2625 sc=0.7136 mi=0.0657 dn=0.0000 v13=0.0004 grl=0.2915 v15=0.0000 v15r=0.0000 v16=0.0000 v17=0.0000 v18=0.0000 acc=1.0000 lr=2.85e-06 lambda=0.000 grl_lambda=1.000 v18_lambda=0.000 gpu=3.0/15.8GB
[16:32:00] [ep_summary] ep=94/100 val_live=0.9444/0.9434 val_ema=0.9506/0.9499 test77_live=0.7122/0.7101 test77_diag_ema=0.7230/0.7034 v13=0.0004 grl=0.2915 v15=0.0000 v15r=0.0000 v16=0.0000 v17=0.0000 v18=0.0000 das=fixed_full[15,140] p=1.00 ep_time=10.2s
[16:32:00] [train] epoch 95/100 steps=40 use_dann=0 das=fixed_full f=[15.0,140.0] p=1.00 gpu=3.0/15.8GB
[16:32:01] [train] ep=95 step=001/40 ce=0.2578 sc=0.6323 mi=0.0656 dn=0.0000 v13=0.0004 grl=0.2434 v15=0.0000 v15r=0.0000 v16=0.0000 v17=0.0000 v18=0.0000 acc=1.0000 lr=2.82e-06 lambda=0.000 grl_lambda=1.000 v18_lambda=0.000 gpu=3.0/15.8GB
[16:32:02] [train] ep=95 step=010/40 ce=0.2571 sc=0.7165 mi=0.0642 dn=0.0000 v13=0.0005 grl=0.2719 v15=0.0000 v15r=0.0000 v16=0.0000 v17=0.0000 v18=0.0000 acc=1.0000 lr=2.62e-06 lambda=0.000 grl_lambda=1.000 v18_lambda=0.000 gpu=3.0/15.8GB
[16:32:04] [train] ep=95 step=020/40 ce=0.2657 sc=0.7204 mi=0.0653 dn=0.0000 v13=0.0005 grl=0.2878 v15=0.0000 v15r=0.0000 v16=0.0000 v17=0.0000 v18=0.0000 acc=1.0000 lr=2.40e-06 lambda=0.000 grl_lambda=1.000 v18_lambda=0.000 gpu=3.0/15.8GB
[16:32:06] [train] ep=95 step=030/40 ce=0.2737 sc=0.7492 mi=0.0659 dn=0.0000 v13=0.0005 grl=0.2956 v15=0.0000 v15r=0.0000 v16=0.0000 v17=0.0000 v18=0.0000 acc=1.0000 lr=2.18e-06 lambda=0.000 grl_lambda=1.000 v18_lambda=0.000 gpu=3.0/15.8GB
[16:32:08] [train] ep=95 step=040/40 ce=0.2697 sc=0.7532 mi=0.0654 dn=0.0000 v13=0.0005 grl=0.2957 v15=0.0000 v15r=0.0000 v16=0.0000 v17=0.0000 v18=0.0000 acc=1.0000 lr=1.98e-06 lambda=0.000 grl_lambda=1.000 v18_lambda=0.000 gpu=3.0/15.8GB
[16:32:11] [ep_summary] ep=95/100 val_live=0.9444/0.9434 val_ema=0.9506/0.9499 test77_live=0.7050/0.7024 test77_diag_ema=0.7230/0.7034 v13=0.0005 grl=0.2957 v15=0.0000 v15r=0.0000 v16=0.0000 v17=0.0000 v18=0.0000 das=fixed_full[15,140] p=1.00 ep_time=10.7s
[16:32:11] [train] epoch 96/100 steps=40 use_dann=0 das=fixed_full f=[15.0,140.0] p=1.00 gpu=3.0/15.8GB
[16:32:11] [train] ep=96 step=001/40 ce=0.2567 sc=0.8240 mi=0.0514 dn=0.0000 v13=0.0003 grl=0.2906 v15=0.0000 v15r=0.0000 v16=0.0000 v17=0.0000 v18=0.0000 acc=1.0000 lr=1.96e-06 lambda=0.000 grl_lambda=1.000 v18_lambda=0.000 gpu=3.0/15.8GB
[16:32:13] [train] ep=96 step=010/40 ce=0.2575 sc=0.6441 mi=0.0637 dn=0.0000 v13=0.0004 grl=0.2297 v15=0.0000 v15r=0.0000 v16=0.0000 v17=0.0000 v18=0.0000 acc=1.0000 lr=1.79e-06 lambda=0.000 grl_lambda=1.000 v18_lambda=0.000 gpu=3.0/15.8GB
[16:32:15] [train] ep=96 step=020/40 ce=0.2993 sc=0.6782 mi=0.0655 dn=0.0000 v13=0.0004 grl=0.2397 v15=0.0000 v15r=0.0000 v16=0.0000 v17=0.0000 v18=0.0000 acc=0.9969 lr=1.61e-06 lambda=0.000 grl_lambda=1.000 v18_lambda=0.000 gpu=3.0/15.8GB
[16:32:17] [train] ep=96 step=030/40 ce=0.2854 sc=0.7128 mi=0.0672 dn=0.0000 v13=0.0005 grl=0.2608 v15=0.0000 v15r=0.0000 v16=0.0000 v17=0.0000 v18=0.0000 acc=0.9979 lr=1.44e-06 lambda=0.000 grl_lambda=1.000 v18_lambda=0.000 gpu=3.0/15.8GB
[16:32:18] [train] ep=96 step=040/40 ce=0.2820 sc=0.7327 mi=0.0658 dn=0.0000 v13=0.0004 grl=0.2585 v15=0.0000 v15r=0.0000 v16=0.0000 v17=0.0000 v18=0.0000 acc=0.9984 lr=1.27e-06 lambda=0.000 grl_lambda=1.000 v18_lambda=0.000 gpu=3.0/15.8GB
[16:32:21] [ep_summary] ep=96/100 val_live=0.9444/0.9434 val_ema=0.9506/0.9499 test77_live=0.7014/0.6983 test77_diag_ema=0.7230/0.7034 v13=0.0004 grl=0.2585 v15=0.0000 v15r=0.0000 v16=0.0000 v17=0.0000 v18=0.0000 das=fixed_full[15,140] p=1.00 ep_time=10.2s
[16:32:21] [train] epoch 97/100 steps=40 use_dann=0 das=fixed_full f=[15.0,140.0] p=1.00 gpu=3.0/15.8GB
[16:32:21] [train] ep=97 step=001/40 ce=0.2581 sc=0.6234 mi=0.0679 dn=0.0000 v13=0.0005 grl=0.2960 v15=0.0000 v15r=0.0000 v16=0.0000 v17=0.0000 v18=0.0000 acc=1.0000 lr=1.26e-06 lambda=0.000 grl_lambda=1.000 v18_lambda=0.000 gpu=3.0/15.8GB
[16:32:23] [train] ep=97 step=010/40 ce=0.2581 sc=0.8174 mi=0.0659 dn=0.0000 v13=0.0005 grl=0.3207 v15=0.0000 v15r=0.0000 v16=0.0000 v17=0.0000 v18=0.0000 acc=1.0000 lr=1.12e-06 lambda=0.000 grl_lambda=1.000 v18_lambda=0.000 gpu=3.0/15.8GB
[16:32:25] [train] ep=97 step=020/40 ce=0.2814 sc=0.7402 mi=0.0661 dn=0.0000 v13=0.0005 grl=0.3040 v15=0.0000 v15r=0.0000 v16=0.0000 v17=0.0000 v18=0.0000 acc=0.9969 lr=9.76e-07 lambda=0.000 grl_lambda=1.000 v18_lambda=0.000 gpu=3.0/15.8GB
[16:32:27] [train] ep=97 step=030/40 ce=0.2736 sc=0.7580 mi=0.0655 dn=0.0000 v13=0.0004 grl=0.2972 v15=0.0000 v15r=0.0000 v16=0.0000 v17=0.0000 v18=0.0000 acc=0.9979 lr=8.43e-07 lambda=0.000 grl_lambda=1.000 v18_lambda=0.000 gpu=3.0/15.8GB
[16:32:29] [train] ep=97 step=040/40 ce=0.2699 sc=0.7526 mi=0.0649 dn=0.0000 v13=0.0004 grl=0.3021 v15=0.0000 v15r=0.0000 v16=0.0000 v17=0.0000 v18=0.0000 acc=0.9984 lr=7.19e-07 lambda=0.000 grl_lambda=1.000 v18_lambda=0.000 gpu=3.0/15.8GB
[16:32:31] [ep_summary] ep=97/100 val_live=0.9444/0.9434 val_ema=0.9506/0.9499 test77_live=0.7050/0.7024 test77_diag_ema=0.7266/0.7090 v13=0.0004 grl=0.3021 v15=0.0000 v15r=0.0000 v16=0.0000 v17=0.0000 v18=0.0000 das=fixed_full[15,140] p=1.00 ep_time=10.1s
[16:32:31] [save] best_sourcequalified77_ema ep=97 source_val_live=0.9444/0.9434 source_val_ema=0.9506/0.9499 test77_ema=0.7266/0.7090
[16:32:31] [train] epoch 98/100 steps=40 use_dann=0 das=fixed_full f=[15.0,140.0] p=1.00 gpu=3.0/15.8GB
[16:32:32] [train] ep=98 step=001/40 ce=0.2572 sc=0.6460 mi=0.0666 dn=0.0000 v13=0.0006 grl=0.3820 v15=0.0000 v15r=0.0000 v16=0.0000 v17=0.0000 v18=0.0000 acc=1.0000 lr=7.07e-07 lambda=0.000 grl_lambda=1.000 v18_lambda=0.000 gpu=3.0/15.8GB
[16:32:33] [train] ep=98 step=010/40 ce=0.2575 sc=0.6601 mi=0.0628 dn=0.0000 v13=0.0005 grl=0.2700 v15=0.0000 v15r=0.0000 v16=0.0000 v17=0.0000 v18=0.0000 acc=1.0000 lr=6.05e-07 lambda=0.000 grl_lambda=1.000 v18_lambda=0.000 gpu=3.0/15.8GB
[16:32:35] [train] ep=98 step=020/40 ce=0.2698 sc=0.7630 mi=0.0638 dn=0.0000 v13=0.0005 grl=0.2771 v15=0.0000 v15r=0.0000 v16=0.0000 v17=0.0000 v18=0.0000 acc=1.0000 lr=5.01e-07 lambda=0.000 grl_lambda=1.000 v18_lambda=0.000 gpu=3.0/15.8GB
[16:32:37] [train] ep=98 step=030/40 ce=0.2658 sc=0.7827 mi=0.0651 dn=0.0000 v13=0.0005 grl=0.2791 v15=0.0000 v15r=0.0000 v16=0.0000 v17=0.0000 v18=0.0000 acc=1.0000 lr=4.07e-07 lambda=0.000 grl_lambda=1.000 v18_lambda=0.000 gpu=3.0/15.8GB
[16:32:39] [train] ep=98 step=040/40 ce=0.2637 sc=0.7886 mi=0.0663 dn=0.0000 v13=0.0005 grl=0.2864 v15=0.0000 v15r=0.0000 v16=0.0000 v17=0.0000 v18=0.0000 acc=1.0000 lr=3.22e-07 lambda=0.000 grl_lambda=1.000 v18_lambda=0.000 gpu=3.0/15.8GB
[16:32:41] [ep_summary] ep=98/100 val_live=0.9444/0.9434 val_ema=0.9506/0.9499 test77_live=0.7014/0.6983 test77_diag_ema=0.7338/0.7219 v13=0.0005 grl=0.2864 v15=0.0000 v15r=0.0000 v16=0.0000 v17=0.0000 v18=0.0000 das=fixed_full[15,140] p=1.00 ep_time=10.1s
[16:32:42] [save] best_sourcequalified77_ema ep=98 source_val_live=0.9444/0.9434 source_val_ema=0.9506/0.9499 test77_ema=0.7338/0.7219
[16:32:42] [train] epoch 99/100 steps=40 use_dann=0 das=fixed_full f=[15.0,140.0] p=1.00 gpu=3.0/15.8GB
[16:32:42] [train] ep=99 step=001/40 ce=0.2574 sc=0.9135 mi=0.0624 dn=0.0000 v13=0.0003 grl=0.2943 v15=0.0000 v15r=0.0000 v16=0.0000 v17=0.0000 v18=0.0000 acc=1.0000 lr=3.15e-07 lambda=0.000 grl_lambda=1.000 v18_lambda=0.000 gpu=3.0/15.8GB
[16:32:43] [train] ep=99 step=010/40 ce=0.2728 sc=0.8394 mi=0.0657 dn=0.0000 v13=0.0005 grl=0.3211 v15=0.0000 v15r=0.0000 v16=0.0000 v17=0.0000 v18=0.0000 acc=1.0000 lr=2.48e-07 lambda=0.000 grl_lambda=1.000 v18_lambda=0.000 gpu=3.0/15.8GB
[16:32:45] [train] ep=99 step=020/40 ce=0.2935 sc=0.7989 mi=0.0656 dn=0.0000 v13=0.0005 grl=0.3163 v15=0.0000 v15r=0.0000 v16=0.0000 v17=0.0000 v18=0.0000 acc=0.9969 lr=1.83e-07 lambda=0.000 grl_lambda=1.000 v18_lambda=0.000 gpu=3.0/15.8GB
[16:32:47] [train] ep=99 step=030/40 ce=0.2815 sc=0.8051 mi=0.0651 dn=0.0000 v13=0.0005 grl=0.2990 v15=0.0000 v15r=0.0000 v16=0.0000 v17=0.0000 v18=0.0000 acc=0.9979 lr=1.28e-07 lambda=0.000 grl_lambda=1.000 v18_lambda=0.000 gpu=3.0/15.8GB
[16:32:49] [train] ep=99 step=040/40 ce=0.2958 sc=0.8233 mi=0.0650 dn=0.0000 v13=0.0005 grl=0.2987 v15=0.0000 v15r=0.0000 v16=0.0000 v17=0.0000 v18=0.0000 acc=0.9969 lr=8.26e-08 lambda=0.000 grl_lambda=1.000 v18_lambda=0.000 gpu=3.0/15.8GB
[16:32:52] [ep_summary] ep=99/100 val_live=0.9444/0.9434 val_ema=0.9506/0.9499 test77_live=0.7050/0.7024 test77_diag_ema=0.7302/0.7169 v13=0.0005 grl=0.2987 v15=0.0000 v15r=0.0000 v16=0.0000 v17=0.0000 v18=0.0000 das=fixed_full[15,140] p=1.00 ep_time=10.1s
[16:32:52] [train] epoch 100/100 steps=40 use_dann=0 das=fixed_full f=[15.0,140.0] p=1.00 gpu=3.0/15.8GB
[16:32:52] [train] ep=100 step=001/40 ce=0.2573 sc=1.0489 mi=0.0657 dn=0.0000 v13=0.0005 grl=0.1990 v15=0.0000 v15r=0.0000 v16=0.0000 v17=0.0000 v18=0.0000 acc=1.0000 lr=7.87e-08 lambda=0.000 grl_lambda=1.000 v18_lambda=0.000 gpu=3.0/15.8GB
[16:32:54] [train] ep=100 step=010/40 ce=0.2574 sc=0.7380 mi=0.0678 dn=0.0000 v13=0.0005 grl=0.2960 v15=0.0000 v15r=0.0000 v16=0.0000 v17=0.0000 v18=0.0000 acc=1.0000 lr=4.72e-08 lambda=0.000 grl_lambda=1.000 v18_lambda=0.000 gpu=3.0/15.8GB
[16:32:55] [train] ep=100 step=020/40 ce=0.2667 sc=0.7548 mi=0.0670 dn=0.0000 v13=0.0004 grl=0.3017 v15=0.0000 v15r=0.0000 v16=0.0000 v17=0.0000 v18=0.0000 acc=1.0000 lr=2.17e-08 lambda=0.000 grl_lambda=1.000 v18_lambda=0.000 gpu=3.0/15.8GB
[16:32:57] [train] ep=100 step=030/40 ce=0.2909 sc=0.7988 mi=0.0661 dn=0.0000 v13=0.0004 grl=0.2977 v15=0.0000 v15r=0.0000 v16=0.0000 v17=0.0000 v18=0.0000 acc=0.9979 lr=5.95e-09 lambda=0.000 grl_lambda=1.000 v18_lambda=0.000 gpu=3.0/15.8GB
[16:32:59] [train] ep=100 step=040/40 ce=0.2827 sc=0.7900 mi=0.0657 dn=0.0000 v13=0.0004 grl=0.2977 v15=0.0000 v15r=0.0000 v16=0.0000 v17=0.0000 v18=0.0000 acc=0.9984 lr=4.92e-11 lambda=0.000 grl_lambda=1.000 v18_lambda=0.000 gpu=3.0/15.8GB
[16:33:02] [pool] check ep=100/100 source_val_acc_ema=0.9506 threshold=0.90
[16:33:03] [pool] ep=100 ADDED src_val=0.9506/0.9499 dev77=0.6571/0.6394 final77=0.7374/0.7272
[16:33:03] [pool] running best ep=100 dev77_f1=0.6394 final77_f1=0.7272 (pool_size=7)
[16:33:03] [ep_summary] ep=100/100 val_live=0.9444/0.9434 val_ema=0.9506/0.9499 test77_live=0.7014/0.6982 test77_diag_ema=0.7374/0.7272 v13=0.0004 grl=0.2977 v15=0.0000 v15r=0.0000 v16=0.0000 v17=0.0000 v18=0.0000 das=fixed_full[15,140] p=1.00 ep_time=11.5s
[16:33:03] [save] best_sourcequalified77_ema ep=100 source_val_live=0.9444/0.9434 source_val_ema=0.9506/0.9499 test77_ema=0.7374/0.7272
[16:33:03] [strict77_monitor] ep=100 best_source_epoch=59 source_val_ema=0.9506/0.9503 test77_ema_diag=0.6763/0.6381 sourcequalified_count=100 best_sourcequalified77_epoch=100 source_val_ema=0.9506/0.9499 test77_ema=0.7374/0.7272
[16:33:03] [pool] FINAL pool_size=7 best ep=100 dev77_f1=0.6394 final77_f1=0.7272 -> EXPERIMENTSRESULT\REVISION_5090\SUPP_ABLATION\SCHED_fixedfull_ACR\seed31415\checkpoints\best_pool_ema.pt
[16:33:03] [train] done best_sourceval_acc_ema=0.9506
[16:33:08] [eval] loaded vit_large_patch16_dinov3_lvd1689m_best_sourceval_ema.pt (sourceval)
[16:33:08] [eval] strict source-val selected by ema acc; heldout77_unused=140 final_test77=278 imgs, seed=42 dev_per_class=20
[16:33:10] [eval] 77GHz final-test acc=0.6763 f1=0.6382
[16:33:10] [eval] 77GHz final-test per-class={'Away': 0.05, 'Bend': 0.7692307692307693, 'Kneel': 0.7857142857142857, 'Pick': 0.85, 'SStep': 1.0, 'Sit': 0.4594594594594595, 'Towards': 0.8}
[16:33:11] [eval] val_all acc=0.9506 f1=0.9503
[16:33:12] [freq_scan:val10] f_virt=15GHz acc=0.9615 f1=0.9601
[16:33:12] [freq_scan:val10] f_virt=30GHz acc=0.9744 f1=0.9760
[16:33:13] [freq_scan:val10] f_virt=50GHz acc=0.9744 f1=0.9760
[16:33:14] [freq_scan:val10] f_virt=77GHz acc=0.9744 f1=0.9760
[16:33:14] [freq_scan:val10] f_virt=99GHz acc=0.9615 f1=0.9642
[16:33:15] [freq_scan:val10] f_virt=120GHz acc=0.9487 f1=0.9519
[16:33:16] [freq_scan:val10] f_virt=140GHz acc=0.9231 f1=0.9273
[16:33:16] [freq_scan:val24] f_virt=15GHz acc=0.9762 f1=0.9757
[16:33:17] [freq_scan:val24] f_virt=30GHz acc=0.9643 f1=0.9627
[16:33:18] [freq_scan:val24] f_virt=50GHz acc=0.9762 f1=0.9751
[16:33:19] [freq_scan:val24] f_virt=77GHz acc=0.9762 f1=0.9751
[16:33:19] [freq_scan:val24] f_virt=99GHz acc=0.9762 f1=0.9751
[16:33:20] [freq_scan:val24] f_virt=120GHz acc=0.9762 f1=0.9751
[16:33:21] [freq_scan:val24] f_virt=140GHz acc=0.9643 f1=0.9631
[16:33:21] [eval] saved eval_sourceval.json
[16:33:25] [eval] loaded vit_large_patch16_dinov3_lvd1689m_best_sourcequalified77_ema.pt (sourcequalified)
[16:33:25] [eval] source-qualified diagnostic selected (source-val ema acc >= 0.00, then best 77GHz ema macro-F1); heldout77_unused=140 final_test77=278 imgs, seed=42 dev_per_class=20
[16:33:27] [eval] 77GHz final-test acc=0.7338 f1=0.7244
[16:33:27] [eval] 77GHz final-test per-class={'Away': 0.2, 'Bend': 0.6666666666666666, 'Kneel': 0.8095238095238095, 'Pick': 0.975, 'SStep': 0.975, 'Sit': 0.8918918918918919, 'Towards': 0.625}
[16:33:28] [eval] val_all acc=0.9506 f1=0.9499
[16:33:29] [freq_scan:val10] f_virt=15GHz acc=0.9744 f1=0.9760
[16:33:30] [freq_scan:val10] f_virt=30GHz acc=0.9744 f1=0.9760
[16:33:30] [freq_scan:val10] f_virt=50GHz acc=0.9744 f1=0.9760
[16:33:31] [freq_scan:val10] f_virt=77GHz acc=0.9744 f1=0.9760
[16:33:31] [freq_scan:val10] f_virt=99GHz acc=0.9744 f1=0.9760
[16:33:32] [freq_scan:val10] f_virt=120GHz acc=0.9744 f1=0.9760
[16:33:33] [freq_scan:val10] f_virt=140GHz acc=0.9615 f1=0.9615
[16:33:34] [freq_scan:val24] f_virt=15GHz acc=0.9881 f1=0.9876
[16:33:34] [freq_scan:val24] f_virt=30GHz acc=0.9881 f1=0.9876
[16:33:35] [freq_scan:val24] f_virt=50GHz acc=0.9881 f1=0.9876
[16:33:36] [freq_scan:val24] f_virt=77GHz acc=0.9881 f1=0.9876
[16:33:36] [freq_scan:val24] f_virt=99GHz acc=0.9881 f1=0.9876
[16:33:37] [freq_scan:val24] f_virt=120GHz acc=0.9881 f1=0.9876
[16:33:38] [freq_scan:val24] f_virt=140GHz acc=0.9643 f1=0.9631
[16:33:38] [eval] saved eval_sourcequalified.json
